AREA_NM,AREA_CD,ROAD_TRAFFIC_IDX,ROAD_TRAFFIC_SPD,ROAD_TRAFFIC_TIME,PRK_CNT,PRK_CAPACITY,PRK_CUR_CNT,SUB_STN_CNT,BUS_STN_CNT,EVENT_CNT,ACDNT_CNT,SUB_ACML_GTON_PPLTN_MIN,SUB_ACML_GTON_PPLTN_MAX,SUB_ACML_GTOFF_PPLTN_MIN,SUB_ACML_GTOFF_PPLTN_MAX,SUB_30WTHN_GTON_PPLTN_MIN,SUB_30WTHN_GTON_PPLTN_MAX,SUB_30WTHN_GTOFF_PPLTN_MIN,SUB_30WTHN_GTOFF_PPLTN_MAX,SUB_10WTHN_GTON_PPLTN_MIN,SUB_10WTHN_GTON_PPLTN_MAX,SUB_10WTHN_GTOFF_PPLTN_MIN,SUB_10WTHN_GTOFF_PPLTN_MAX,SUB_5WTHN_GTON_PPLTN_MIN,SUB_5WTHN_GTON_PPLTN_MAX,SUB_5WTHN_GTOFF_PPLTN_MIN,SUB_5WTHN_GTOFF_PPLTN_MAX,SUB_STN_TIME,BUS_ACML_GTON_PPLTN_MIN,BUS_ACML_GTON_PPLTN_MAX,BUS_ACML_GTOFF_PPLTN_MIN,BUS_ACML_GTOFF_PPLTN_MAX,BUS_30WTHN_GTON_PPLTN_MIN,BUS_30WTHN_GTON_PPLTN_MAX,BUS_30WTHN_GTOFF_PPLTN_MIN,BUS_30WTHN_GTOFF_PPLTN_MAX,BUS_10WTHN_GTON_PPLTN_MIN,BUS_10WTHN_GTON_PPLTN_MAX,BUS_10WTHN_GTOFF_PPLTN_MIN,BUS_10WTHN_GTOFF_PPLTN_MAX,BUS_5WTHN_GTON_PPLTN_MIN,BUS_5WTHN_GTON_PPLTN_MAX,BUS_5WTHN_GTOFF_PPLTN_MIN,BUS_5WTHN_GTOFF_PPLTN_MAX,BUS_STN_TIME,COLLECTED_AT
강남 MICE 관광특구,POI001,서행,23.0,2026-10-07 00:05,3,4428.0,,2,5,0,0,,,,,,,,,,,,,,,,,,,,,,,,,,,,,,,,,,,2026-10-07 00:07
동대문 관광특구,POI002,서행,20.0,2026-10-07 00:05,47,8302.0,1061.0,6,20,4,0,,,,,,,,,,,,,,,,,,,,,,,,,,,,,,,,,,,2026-10-07 00:07
명동 관광특구,POI003,서행,20.0,2026-10-07 00:05,93,12070.0,6.0,9,46,3,1,,,,,,,,,,,,,,,,,,,,,,,,,,,,,,,,,,,2026-10-07 00:07
이태원 관광특구,POI004,원활,27.0,2026-10-07 00:05,8,853.0,,3,14,0,0,,,,,,,,,,,,,,,,,,,,,,,,,,,,,,,,,,,2026-10-07 00:07
잠실 관광특구,POI005,원활,26.0,2026-10-07 00:05,37,11997.0,61.0,6,42,6,0,,,,,,,,,,,,,,,,,,,,,,,,,,,,,,,,,,,2026-10-07 00:07
종로·청계 관광특구,POI006,서행,18.0,2026-10-07 00:05,48,2496.0,72.0,7,34,0,0,,,,,,,,,,,,,,,,,,,,,,,,,,,,,,,,,,,2026-10-07 00:07
홍대 관광특구,POI007,서행,17.0,2026-10-07 00:05,51,3098.0,,6,52,0,0,,,,,,,,,,,,,,,,,,,,,,,,,,,,,,,,,,,2026-10-07 00:07
경복궁,POI008,서행,24.0,2026-10-07 00:05,2,267.0,,1,10,0,0,,,,,,,,,,,,,,,,,,,,,,,,,,,,,,,,,,,2026-10-07 00:07
광화문·덕수궁,POI009,서행,22.0,2026-10-07 00:05,29,7988.0,137.0,3,32,5,1,,,,,,,,,,,,,,,,,,,,,,,,,,,,,,,,,,,2026-10-07 00:07
보신각,POI010,서행,18.0,2026-10-07 00:05,14,2572.0,14.0,1,8,0,0,,,,,,,,,,,,,,,,,,,,,,,,,,,,,,,,,,,2026-10-07 00:07
서울 암사동 유적,POI011,원활,28.0,2026-10-07 00:05,1,108.0,,0,3,0,0,,,,,,,,,,,,,,,,,,,,,,,,,,,,,,,,,,,2026-10-07 00:07
창덕궁·종묘,POI012,서행,21.0,2026-10-07 00:05,16,3155.0,281.0,0,14,1,0,,,,,,,,,,,,,,,,,,,,,,,,,,,,,,,,,,,2026-10-07 00:07
가산디지털단지역,POI013,원활,26.0,2026-10-07 00:05,20,8291.0,,1,51,0,0,,,,,,,,,,,,,,,,,,,,,,,,,,,,,,,,,,,2026-10-07 00:07
강남역,POI014,서행,20.0,2026-10-07 00:05,95,7876.0,,4,43,0,0,,,,,,,,,,,,,,,,,,,,,,,,,,,,,,,,,,,2026-10-07 00:07
건대입구역,POI015,서행,23.0,2026-10-07 00:05,23,6603.0,,2,8,1,0,,,,,,,,,,,,,,,,,,,,,,,,,,,,,,,,,,,2026-10-07 00:07
고덕역,POI016,원활,29.0,2026-10-07 00:05,15,1615.0,,1,4,0,0,,,,,,,,,,,,,,,,,,,,,,,,,,,,,,,,,,,2026-10-07 00:07
고속터미널역,POI017,원활,30.0,2026-10-07 00:05,3,4291.0,,3,8,0,0,,,,,,,,,,,,,,,,,,,,,,,,,,,,,,,,,,,2026-10-07 00:07
교대역,POI018,서행,22.0,2026-10-07 00:05,14,760.0,,2,10,0,0,,,,,,,,,,,,,,,,,,,,,,,,,,,,,,,,,,,2026-10-07 00:07
구로디지털단지역,POI019,서행,21.0,2026-10-07 00:05,20,6911.0,,1,28,0,0,,,,,,,,,,,,,,,,,,,,,,,,,,,,,,,,,,,2026-10-07 00:07
구로역,POI020,원활,30.0,2026-10-07 00:05,3,1047.0,,0,4,0,0,,,,,,,,,,,,,,,,,,,,,,,,,,,,,,,,,,,2026-10-07 00:07
군자역,POI021,서행,23.0,2026-10-07 00:05,11,573.0,,2,10,0,0,,,,,,,,,,,,,,,,,,,,,,,,,,,,,,,,,,,2026-10-07 00:07
대림역,POI023,서행,21.0,2026-10-07 00:05,4,221.0,,2,22,0,0,,,,,,,,,,,,,,,,,,,,,,,,,,,,,,,,,,,2026-10-07 00:07
동대문역,POI024,서행,17.0,2026-10-07 00:05,17,892.0,0.0,2,5,0,0,,,,,,,,,,,,,,,,,,,,,,,,,,,,,,,,,,,2026-10-07 00:07
뚝섬역,POI025,원활,32.0,2026-10-07 00:05,9,767.0,,1,4,1,0,,,,,,,,,,,,,,,,,,,,,,,,,,,,,,,,,,,2026-10-07 00:07
미아사거리역,POI026,서행,20.0,2026-10-07 00:05,11,1409.0,,1,23,0,0,,,,,,,,,,,,,,,,,,,,,,,,,,,,,,,,,,,2026-10-07 00:07
발산역,POI027,서행,21.0,2026-10-07 00:05,13,2880.0,,1,22,0,0,,,,,,,,,,,,,,,,,,,,,,,,,,,,,,,,,,,2026-10-07 00:07
사당역,POI029,서행,23.0,2026-10-07 00:05,13,520.0,,2,16,1,0,,,,,,,,,,,,,,,,,,,,,,,,,,,,,,,,,,,2026-10-07 00:07
삼각지역,POI030,원활,30.0,2026-10-07 00:05,0,,,2,5,0,0,,,,,,,,,,,,,,,,,,,,,,,,,,,,,,,,,,,2026-10-07 00:07
서울대입구역,POI031,서행,21.0,2026-10-07 00:05,2,52.0,,1,12,0,0,,,,,,,,,,,,,,,,,,,,,,,,,,,,,,,,,,,2026-10-07 00:07
서울식물원·마곡나루역,POI032,서행,20.0,2026-10-07 00:05,2,2651.0,,2,15,2,0,,,,,,,,,,,,,,,,,,,,,,,,,,,,,,,,,,,2026-10-07 00:07
서울역,POI033,서행,24.0,2026-10-07 00:05,23,3968.0,0.0,6,22,1,0,,,,,,,,,,,,,,,,,,,,,,,,,,,,,,,,,,,2026-10-07 00:07
선릉역,POI034,서행,19.0,2026-10-07 00:05,94,11160.0,26.0,4,12,0,0,,,,,,,,,,,,,,,,,,,,,,,,,,,,,,,,,,,2026-10-07 00:07
성신여대입구역,POI035,서행,20.0,2026-10-07 00:05,2,38.0,,2,8,0,0,,,,,,,,,,,,,,,,,,,,,,,,,,,,,,,,,,,2026-10-07 00:07
수유역,POI036,서행,19.0,2026-10-07 00:05,8,802.0,,1,27,0,0,,,,,,,,,,,,,,,,,,,,,,,,,,,,,,,,,,,2026-10-07 00:07
신논현역·논현역,POI037,서행,24.0,2026-10-07 00:05,32,1053.0,,4,11,0,0,,,,,,,,,,,,,,,,,,,,,,,,,,,,,,,,,,,2026-10-07 00:07
신도림역,POI038,원활,32.0,2026-10-07 00:05,1,1644.0,,1,1,0,0,,,,,,,,,,,,,,,,,,,,,,,,,,,,,,,,,,,2026-10-07 00:07
신림역,POI039,서행,18.0,2026-10-07 00:05,2,282.0,,2,14,0,0,,,,,,,,,,,,,,,,,,,,,,,,,,,,,,,,,,,2026-10-07 00:07
신촌·이대역,POI040,서행,21.0,2026-10-07 00:05,25,1943.0,67.0,1,31,0,0,,,,,,,,,,,,,,,,,,,,,,,,,,,,,,,,,,,2026-10-07 00:07
양재역,POI041,원활,29.0,2026-10-07 00:05,16,1881.0,,2,18,0,0,,,,,,,,,,,,,,,,,,,,,,,,,,,,,,,,,,,2026-10-07 00:07
역삼역,POI042,서행,19.0,2026-10-07 00:05,47,7473.0,1.0,1,9,0,0,,,,,,,,,,,,,,,,,,,,,,,,,,,,,,,,,,,2026-10-07 00:07
연신내역,POI043,서행,24.0,2026-10-07 00:05,5,208.0,,3,9,0,0,,,,,,,,,,,,,,,,,,,,,,,,,,,,,,,,,,,2026-10-07 00:07
오목교역·목동운동장,POI044,원활,30.0,2026-10-07 00:05,14,5304.0,,1,25,0,0,,,,,,,,,,,,,,,,,,,,,,,,,,,,,,,,,,,2026-10-07 00:07
왕십리역,POI045,서행,21.0,2026-10-07 00:05,4,1478.0,,4,18,0,0,,,,,,,,,,,,,,,,,,,,,,,,,,,,,,,,,,,2026-10-07 00:07
용산역,POI046,원활,25.0,2026-10-07 00:05,11,5014.0,109.0,1,25,0,0,,,,,,,,,,,,,,,,,,,,,,,,,,,,,,,,,,,2026-10-07 00:07
이태원역,POI047,서행,23.0,2026-10-07 00:05,4,66.0,,1,9,0,0,,,,,,,,,,,,,,,,,,,,,,,,,,,,,,,,,,,2026-10-07 00:07
장지역,POI048,서행,23.0,2026-10-07 00:05,4,10611.0,,1,18,0,0,,,,,,,,,,,,,,,,,,,,,,,,,,,,,,,,,,,2026-10-07 00:07
장한평역,POI049,원활,26.0,2026-10-07 00:05,15,847.0,,1,11,0,0,,,,,,,,,,,,,,,,,,,,,,,,,,,,,,,,,,,2026-10-07 00:07
천호역,POI050,서행,23.0,2026-10-07 00:05,14,3331.0,,2,9,0,0,,,,,,,,,,,,,,,,,,,,,,,,,,,,,,,,,,,2026-10-07 00:07
총신대입구(이수)역,POI051,서행,20.0,2026-10-07 00:05,7,533.0,,2,15,0,0,,,,,,,,,,,,,,,,,,,,,,,,,,,,,,,,,,,2026-10-07 00:07
충정로역,POI052,원활,29.0,2026-10-07 00:05,5,834.0,,2,15,0,0,,,,,,,,,,,,,,,,,,,,,,,,,,,,,,,,,,,2026-10-07 00:07
합정역,POI053,서행,24.0,2026-10-07 00:05,6,207.0,,2,27,0,0,,,,,,,,,,,,,,,,,,,,,,,,,,,,,,,,,,,2026-10-07 00:07
혜화역,POI054,서행,21.0,2026-10-07 00:05,24,955.0,,1,11,2,0,,,,,,,,,,,,,,,,,,,,,,,,,,,,,,,,,,,2026-10-07 00:07
홍대입구역(2호선),POI055,서행,16.0,2026-10-07 00:05,16,1196.0,,3,12,0,0,,,,,,,,,,,,,,,,,,,,,,,,,,,,,,,,,,,2026-10-07 00:07
회기역,POI056,서행,24.0,2026-10-07 00:05,21,408.0,,1,21,0,0,,,,,,,,,,,,,,,,,,,,,,,,,,,,,,,,,,,2026-10-07 00:07
가락시장,POI058,원활,29.0,2026-10-07 00:05,4,2884.0,,2,12,0,0,,,,,,,,,,,,,,,,,,,,,,,,,,,,,,,,,,,2026-10-07 00:07
가로수길,POI059,원활,30.0,2026-10-07 00:05,51,2767.0,52.0,3,9,0,0,,,,,,,,,,,,,,,,,,,,,,,,,,,,,,,,,,,2026-10-07 00:07
광장(전통)시장,POI060,서행,18.0,2026-10-07 00:05,7,103.0,4.0,1,7,0,0,,,,,,,,,,,,,,,,,,,,,,,,,,,,,,,,,,,2026-10-07 00:07
김포공항,POI061,원활,31.0,2026-10-07 00:05,6,16594.0,,3,21,0,0,,,,,,,,,,,,,,,,,,,,,,,,,,,,,,,,,,,2026-10-07 00:07
노량진,POI063,원활,26.0,2026-10-07 00:05,11,1218.0,,2,17,1,0,,,,,,,,,,,,,,,,,,,,,,,,,,,,,,,,,,,2026-10-07 00:07
덕수궁길·정동길,POI064,서행,20.0,2026-10-07 00:05,10,620.0,,3,10,0,0,,,,,,,,,,,,,,,,,,,,,,,,,,,,,,,,,,,2026-10-07 00:07
북촌한옥마을,POI066,서행,24.0,2026-10-07 00:05,16,1756.0,,1,49,5,0,,,,,,,,,,,,,,,,,,,,,,,,,,,,,,,,,,,2026-10-07 00:07
서촌,POI067,서행,22.0,2026-10-07 00:05,9,308.0,,0,25,0,0,,,,,,,,,,,,,,,,,,,,,,,,,,,,,,,,,,,2026-10-07 00:07
성수카페거리,POI068,서행,22.0,2026-10-07 00:05,28,2824.0,,2,23,1,0,,,,,,,,,,,,,,,,,,,,,,,,,,,,,,,,,,,2026-10-07 00:07
쌍문역,POI070,서행,22.0,2026-10-07 00:05,8,345.0,,1,17,0,0,,,,,,,,,,,,,,,,,,,,,,,,,,,,,,,,,,,2026-10-07 00:07
압구정로데오거리,POI071,서행,22.0,2026-10-07 00:05,55,1976.0,2.0,1,11,1,0,,,,,,,,,,,,,,,,,,,,,,,,,,,,,,,,,,,2026-10-07 00:07
여의도,POI072,원활,27.0,2026-10-07 00:05,116,24820.0,210.0,7,58,2,0,,,,,,,,,,,,,,,,,,,,,,,,,,,,,,,,,,,2026-10-07 00:07
연남동,POI073,서행,22.0,2026-10-07 00:05,45,132.0,,0,19,0,0,,,,,,,,,,,,,,,,,,,,,,,,,,,,,,,,,,,2026-10-07 00:07
영등포 타임스퀘어,POI074,서행,20.0,2026-10-07 00:05,10,1195.0,43.0,0,16,1,0,,,,,,,,,,,,,,,,,,,,,,,,,,,,,,,,,,,2026-10-07 00:07
용리단길,POI076,원활,26.0,2026-10-07 00:05,0,,,3,5,0,0,,,,,,,,,,,,,,,,,,,,,,,,,,,,,,,,,,,2026-10-07 00:07
이태원 앤틱가구거리,POI077,원활,26.0,2026-10-07 00:05,4,51.0,,1,13,0,0,,,,,,,,,,,,,,,,,,,,,,,,,,,,,,,,,,,2026-10-07 00:07
인사동,POI078,서행,19.0,2026-10-07 00:05,21,2465.0,1.0,2,19,3,0,,,,,,,,,,,,,,,,,,,,,,,,,,,,,,,,,,,2026-10-07 00:07
창동 신경제 중심지,POI079,서행,22.0,2026-10-07 00:05,46,4927.0,9.0,3,39,5,0,,,,,,,,,,,,,,,,,,,,,,,,,,,,,,,,,,,2026-10-07 00:07
청담동 명품거리,POI080,서행,22.0,2026-10-07 00:05,16,910.0,,1,6,0,0,,,,,,,,,,,,,,,,,,,,,,,,,,,,,,,,,,,2026-10-07 00:07
청량리 제기동 일대 전통시장,POI081,서행,22.0,2026-10-07 00:05,12,2214.0,,2,21,0,0,,,,,,,,,,,,,,,,,,,,,,,,,,,,,,,,,,,2026-10-07 00:07
해방촌·경리단길,POI082,원활,36.0,2026-10-07 00:05,4,273.0,,0,26,0,0,,,,,,,,,,,,,,,,,,,,,,,,,,,,,,,,,,,2026-10-07 00:07
DDP(동대문디자인플라자),POI083,서행,22.0,2026-10-07 00:05,9,2596.0,1045.0,3,7,3,0,,,,,,,,,,,,,,,,,,,,,,,,,,,,,,,,,,,2026-10-07 00:07
DMC(디지털미디어시티),POI084,원활,25.0,2026-10-07 00:05,25,9176.0,,4,44,0,0,,,,,,,,,,,,,,,,,,,,,,,,,,,,,,,,,,,2026-10-07 00:07
강서한강공원,POI085,원활,60.0,2026-10-07 00:05,2,106.0,0.0,0,0,0,0,,,,,,,,,,,,,,,,,,,,,,,,,,,,,,,,,,,2026-10-07 00:07
고척돔,POI086,원활,36.0,2026-10-07 00:05,0,,,0,2,3,0,,,,,,,,,,,,,,,,,,,,,,,,,,,,,,,,,,,2026-10-07 00:07
광나루한강공원,POI087,원활,66.0,2026-10-07 00:05,4,718.0,153.0,0,0,0,0,,,,,,,,,,,,,,,,,,,,,,,,,,,,,,,,,,,2026-10-07 00:07
광화문광장,POI088,원활,27.0,2026-10-07 00:05,3,2932.0,137.0,2,8,1,0,,,,,,,,,,,,,,,,,,,,,,,,,,,,,,,,,,,2026-10-07 00:07
국립중앙박물관·용산가족공원,POI089,원활,37.0,2026-10-07 00:05,4,931.0,,1,3,1,0,,,,,,,,,,,,,,,,,,,,,,,,,,,,,,,,,,,2026-10-07 00:07
난지한강공원,POI090,원활,65.0,2026-10-07 00:05,4,1240.0,0.0,0,4,0,0,,,,,,,,,,,,,,,,,,,,,,,,,,,,,,,,,,,2026-10-07 00:07
남산공원,POI091,원활,36.0,2026-10-07 00:05,33,2148.0,22.0,4,22,2,0,,,,,,,,,,,,,,,,,,,,,,,,,,,,,,,,,,,2026-10-07 00:07
노들섬,POI092,원활,43.0,2026-10-07 00:05,1,99.0,,0,2,2,0,,,,,,,,,,,,,,,,,,,,,,,,,,,,,,,,,,,2026-10-07 00:07
뚝섬한강공원,POI093,원활,61.0,2026-10-07 00:05,8,1342.0,196.0,1,1,1,0,,,,,,,,,,,,,,,,,,,,,,,,,,,,,,,,,,,2026-10-07 00:07
망원한강공원,POI094,원활,41.0,2026-10-07 00:05,2,458.0,0.0,2,5,0,0,,,,,,,,,,,,,,,,,,,,,,,,,,,,,,,,,,,2026-10-07 00:07
반포한강공원,POI095,원활,51.0,2026-10-07 00:05,9,1483.0,9.0,0,2,0,0,,,,,,,,,,,,,,,,,,,,,,,,,,,,,,,,,,,2026-10-07 00:07
북서울꿈의숲,POI096,원활,26.0,2026-10-07 00:05,3,549.0,,0,14,0,0,,,,,,,,,,,,,,,,,,,,,,,,,,,,,,,,,,,2026-10-07 00:07
서리풀공원·몽마르뜨공원,POI098,원활,29.0,2026-10-07 00:05,0,,,4,7,0,0,,,,,,,,,,,,,,,,,,,,,,,,,,,,,,,,,,,2026-10-07 00:07
서울대공원,POI100,원활,33.0,2026-10-07 00:05,0,,,0,0,0,0,,,,,,,,,,,,,,,,,,,,,,,,,,,,,,,,,,,2026-10-07 00:07
서울숲공원,POI101,원활,42.0,2026-10-07 00:05,2,996.0,,1,9,0,0,,,,,,,,,,,,,,,,,,,,,,,,,,,,,,,,,,,2026-10-07 00:07
아차산,POI102,원활,33.0,2026-10-07 00:05,0,,,0,3,0,0,,,,,,,,,,,,,,,,,,,,,,,,,,,,,,,,,,,2026-10-07 00:07
양화한강공원,POI103,원활,49.0,2026-10-07 00:05,6,1002.0,58.0,0,2,0,0,,,,,,,,,,,,,,,,,,,,,,,,,,,,,,,,,,,2026-10-07 00:07
어린이대공원,POI104,원활,25.0,2026-10-07 00:05,4,945.0,,2,9,0,0,,,,,,,,,,,,,,,,,,,,,,,,,,,,,,,,,,,2026-10-07 00:07
여의도한강공원,POI105,원활,42.0,2026-10-07 00:05,6,2866.0,132.0,1,3,0,0,,,,,,,,,,,,,,,,,,,,,,,,,,,,,,,,,,,2026-10-07 00:07
월드컵공원,POI106,원활,39.0,2026-10-07 00:05,9,3537.0,,4,27,0,0,,,,,,,,,,,,,,,,,,,,,,,,,,,,,,,,,,,2026-10-07 00:07
응봉산,POI107,원활,27.0,2026-10-07 00:05,3,88.0,,0,24,0,0,,,,,,,,,,,,,,,,,,,,,,,,,,,,,,,,,,,2026-10-07 00:07
이촌한강공원,POI108,원활,50.0,2026-10-07 00:05,2,514.0,0.0,0,2,0,0,,,,,,,,,,,,,,,,,,,,,,,,,,,,,,,,,,,2026-10-07 00:07
잠실종합운동장,POI109,원활,31.0,2026-10-07 00:05,1,876.0,,1,2,0,0,,,,,,,,,,,,,,,,,,,,,,,,,,,,,,,,,,,2026-10-07 00:07
잠실한강공원,POI110,원활,49.0,2026-10-07 00:05,4,1326.0,88.0,1,2,0,0,,,,,,,,,,,,,,,,,,,,,,,,,,,,,,,,,,,2026-10-07 00:07
잠원한강공원,POI111,원활,57.0,2026-10-07 00:05,3,1540.0,0.0,0,2,0,0,,,,,,,,,,,,,,,,,,,,,,,,,,,,,,,,,,,2026-10-07 00:07
청계산,POI112,원활,63.0,2026-10-07 00:05,0,,,0,4,0,0,,,,,,,,,,,,,,,,,,,,,,,,,,,,,,,,,,,2026-10-07 00:07
북창동 먹자골목,POI114,서행,18.0,2026-10-07 00:05,20,552.0,0.0,0,10,0,0,,,,,,,,,,,,,,,,,,,,,,,,,,,,,,,,,,,2026-10-07 00:07
남대문시장,POI115,서행,23.0,2026-10-07 00:05,16,1456.0,4.0,1,6,0,0,,,,,,,,,,,,,,,,,,,,,,,,,,,,,,,,,,,2026-10-07 00:07
익선동,POI116,서행,16.0,2026-10-07 00:05,10,187.0,1.0,3,9,1,0,,,,,,,,,,,,,,,,,,,,,,,,,,,,,,,,,,,2026-10-07 00:07
신정네거리역,POI117,서행,22.0,2026-10-07 00:05,3,119.0,,1,9,0,0,,,,,,,,,,,,,,,,,,,,,,,,,,,,,,,,,,,2026-10-07 00:07
잠실새내역,POI118,서행,19.0,2026-10-07 00:05,31,1541.0,,1,10,0,0,,,,,,,,,,,,,,,,,,,,,,,,,,,,,,,,,,,2026-10-07 00:07
잠실역,POI119,원활,25.0,2026-10-07 00:05,5,6749.0,61.0,2,18,0,0,,,,,,,,,,,,,,,,,,,,,,,,,,,,,,,,,,,2026-10-07 00:07
잠실롯데타워·석촌호수,POI120,서행,24.0,2026-10-07 00:05,33,9281.0,61.0,3,0,2,0,,,,,,,,,,,,,,,,,,,,,,,,,,,,,,,,,,,2026-10-07 00:07
송리단길·호수단길,POI121,서행,24.0,2026-10-07 00:05,21,878.0,,3,12,0,0,,,,,,,,,,,,,,,,,,,,,,,,,,,,,,,,,,,2026-10-07 00:07
신촌 스타광장,POI122,서행,16.0,2026-10-07 00:05,4,235.0,,1,4,0,0,,,,,,,,,,,,,,,,,,,,,,,,,,,,,,,,,,,2026-10-07 00:07
보라매공원,POI123,정체,14.0,2026-10-07 00:05,1,78.0,,2,4,0,0,,,,,,,,,,,,,,,,,,,,,,,,,,,,,,,,,,,2026-10-07 00:07
서대문독립공원,POI124,원활,30.0,2026-10-07 00:05,2,150.0,,1,14,0,0,,,,,,,,,,,,,,,,,,,,,,,,,,,,,,,,,,,2026-10-07 00:07
안양천,POI125,원활,51.0,2026-10-07 00:05,1,294.0,,0,1,0,0,,,,,,,,,,,,,,,,,,,,,,,,,,,,,,,,,,,2026-10-07 00:07
여의서로,POI126,원활,35.0,2026-10-07 00:05,2,168.0,38.0,0,0,0,0,,,,,,,,,,,,,,,,,,,,,,,,,,,,,,,,,,,2026-10-07 00:07
올림픽공원,POI127,원활,29.0,2026-10-07 00:05,4,2716.0,,4,16,4,0,,,,,,,,,,,,,,,,,,,,,,,,,,,,,,,,,,,2026-10-07 00:07
홍제폭포,POI128,원활,31.0,2026-10-07 00:05,0,,,0,0,0,0,,,,,,,,,,,,,,,,,,,,,,,,,,,,,,,,,,,2026-10-07 00:07
송현녹지광장,POI129,서행,22.0,2026-10-07 00:05,4,1546.0,,1,22,5,0,,,,,,,,,,,,,,,,,,,,,,,,,,,,,,,,,,,2026-10-07 00:07
시의회 앞,POI130,서행,22.0,2026-10-07 00:05,9,1723.0,,3,19,3,0,,,,,,,,,,,,,,,,,,,,,,,,,,,,,,,,,,,2026-10-07 00:07
강남 MICE 관광특구,POI001,서행,22.0,2026-10-07 02:05,3,4428.0,,2,5,0,0,,,,,,,,,,,,,,,,,,,,,,,,,,,,,,,,,,,2026-10-07 02:09
동대문 관광특구,POI002,서행,19.0,2026-10-07 02:05,47,8302.0,851.0,6,20,4,0,,,,,,,,,,,,,,,,,,,,,,,,,,,,,,,,,,,2026-10-07 02:09
명동 관광특구,POI003,서행,21.0,2026-10-07 02:05,93,12070.0,6.0,9,46,3,1,,,,,,,,,,,,,,,,,,,,,,,,,,,,,,,,,,,2026-10-07 02:09
이태원 관광특구,POI004,원활,26.0,2026-10-07 02:05,8,853.0,,3,14,0,0,,,,,,,,,,,,,,,,,,,,,,,,,,,,,,,,,,,2026-10-07 02:09
잠실 관광특구,POI005,원활,28.0,2026-10-07 02:05,37,11997.0,57.0,6,42,6,0,,,,,,,,,,,,,,,,,,,,,,,,,,,,,,,,,,,2026-10-07 02:09
종로·청계 관광특구,POI006,서행,21.0,2026-10-07 02:05,48,2496.0,72.0,7,34,0,0,,,,,,,,,,,,,,,,,,,,,,,,,,,,,,,,,,,2026-10-07 02:09
홍대 관광특구,POI007,서행,17.0,2026-10-07 02:05,51,3098.0,,6,52,0,0,,,,,,,,,,,,,,,,,,,,,,,,,,,,,,,,,,,2026-10-07 02:09
경복궁,POI008,원활,26.0,2026-10-07 02:05,2,267.0,,1,10,0,0,,,,,,,,,,,,,,,,,,,,,,,,,,,,,,,,,,,2026-10-07 02:09
광화문·덕수궁,POI009,서행,23.0,2026-10-07 02:05,29,7988.0,119.0,3,32,5,1,,,,,,,,,,,,,,,,,,,,,,,,,,,,,,,,,,,2026-10-07 02:09
보신각,POI010,서행,18.0,2026-10-07 02:05,14,2572.0,14.0,1,8,0,0,,,,,,,,,,,,,,,,,,,,,,,,,,,,,,,,,,,2026-10-07 02:09
서울 암사동 유적,POI011,원활,28.0,2026-10-07 02:05,1,108.0,,0,3,0,0,,,,,,,,,,,,,,,,,,,,,,,,,,,,,,,,,,,2026-10-07 02:09
창덕궁·종묘,POI012,서행,21.0,2026-10-07 02:05,16,3155.0,269.0,0,14,1,0,,,,,,,,,,,,,,,,,,,,,,,,,,,,,,,,,,,2026-10-07 02:09
가산디지털단지역,POI013,원활,28.0,2026-10-07 02:05,20,8291.0,,1,51,0,0,,,,,,,,,,,,,,,,,,,,,,,,,,,,,,,,,,,2026-10-07 02:09
강남역,POI014,서행,21.0,2026-10-07 02:05,95,7876.0,,4,43,0,0,,,,,,,,,,,,,,,,,,,,,,,,,,,,,,,,,,,2026-10-07 02:09
건대입구역,POI015,서행,23.0,2026-10-07 02:05,23,6603.0,,2,8,1,0,,,,,,,,,,,,,,,,,,,,,,,,,,,,,,,,,,,2026-10-07 02:09
고덕역,POI016,원활,28.0,2026-10-07 02:05,15,1615.0,,1,4,0,0,,,,,,,,,,,,,,,,,,,,,,,,,,,,,,,,,,,2026-10-07 02:09
고속터미널역,POI017,원활,38.0,2026-10-07 02:05,3,4291.0,,3,8,0,0,,,,,,,,,,,,,,,,,,,,,,,,,,,,,,,,,,,2026-10-07 02:09
교대역,POI018,서행,22.0,2026-10-07 02:05,14,760.0,,2,10,0,0,,,,,,,,,,,,,,,,,,,,,,,,,,,,,,,,,,,2026-10-07 02:09
구로디지털단지역,POI019,서행,22.0,2026-10-07 02:05,20,6911.0,,1,28,0,0,,,,,,,,,,,,,,,,,,,,,,,,,,,,,,,,,,,2026-10-07 02:09
구로역,POI020,원활,30.0,2026-10-07 02:05,3,1047.0,,0,4,0,0,,,,,,,,,,,,,,,,,,,,,,,,,,,,,,,,,,,2026-10-07 02:09
군자역,POI021,서행,24.0,2026-10-07 02:05,11,573.0,,2,10,0,0,,,,,,,,,,,,,,,,,,,,,,,,,,,,,,,,,,,2026-10-07 02:09
대림역,POI023,서행,21.0,2026-10-07 02:05,4,221.0,,2,22,0,0,,,,,,,,,,,,,,,,,,,,,,,,,,,,,,,,,,,2026-10-07 02:09
동대문역,POI024,서행,20.0,2026-10-07 02:05,17,892.0,0.0,2,5,0,0,,,,,,,,,,,,,,,,,,,,,,,,,,,,,,,,,,,2026-10-07 02:09
뚝섬역,POI025,서행,19.0,2026-10-07 02:05,9,767.0,,1,4,1,0,,,,,,,,,,,,,,,,,,,,,,,,,,,,,,,,,,,2026-10-07 02:09
미아사거리역,POI026,서행,19.0,2026-10-07 02:05,11,1409.0,,1,23,0,0,,,,,,,,,,,,,,,,,,,,,,,,,,,,,,,,,,,2026-10-07 02:09
발산역,POI027,서행,20.0,2026-10-07 02:05,13,2880.0,,1,22,0,0,,,,,,,,,,,,,,,,,,,,,,,,,,,,,,,,,,,2026-10-07 02:09
사당역,POI029,원활,26.0,2026-10-07 02:05,13,520.0,,2,16,1,0,,,,,,,,,,,,,,,,,,,,,,,,,,,,,,,,,,,2026-10-07 02:09
삼각지역,POI030,원활,35.0,2026-10-07 02:05,0,,,2,5,0,0,,,,,,,,,,,,,,,,,,,,,,,,,,,,,,,,,,,2026-10-07 02:09
서울대입구역,POI031,서행,24.0,2026-10-07 02:05,2,52.0,,1,12,0,0,,,,,,,,,,,,,,,,,,,,,,,,,,,,,,,,,,,2026-10-07 02:09
서울식물원·마곡나루역,POI032,서행,19.0,2026-10-07 02:05,2,2651.0,,2,15,2,0,,,,,,,,,,,,,,,,,,,,,,,,,,,,,,,,,,,2026-10-07 02:09
서울역,POI033,원활,26.0,2026-10-07 02:05,23,3968.0,0.0,6,22,1,0,,,,,,,,,,,,,,,,,,,,,,,,,,,,,,,,,,,2026-10-07 02:09
선릉역,POI034,서행,20.0,2026-10-07 02:05,94,11160.0,25.0,4,12,0,0,,,,,,,,,,,,,,,,,,,,,,,,,,,,,,,,,,,2026-10-07 02:09
성신여대입구역,POI035,원활,25.0,2026-10-07 02:05,2,38.0,,2,8,0,0,,,,,,,,,,,,,,,,,,,,,,,,,,,,,,,,,,,2026-10-07 02:09
수유역,POI036,서행,19.0,2026-10-07 02:05,8,802.0,,1,27,0,0,,,,,,,,,,,,,,,,,,,,,,,,,,,,,,,,,,,2026-10-07 02:09
신논현역·논현역,POI037,서행,21.0,2026-10-07 02:05,32,1053.0,,4,11,0,0,,,,,,,,,,,,,,,,,,,,,,,,,,,,,,,,,,,2026-10-07 02:09
신도림역,POI038,원활,29.0,2026-10-07 02:05,1,1644.0,,1,1,0,0,,,,,,,,,,,,,,,,,,,,,,,,,,,,,,,,,,,2026-10-07 02:09
신림역,POI039,서행,19.0,2026-10-07 02:05,2,282.0,,2,14,0,0,,,,,,,,,,,,,,,,,,,,,,,,,,,,,,,,,,,2026-10-07 02:09
신촌·이대역,POI040,서행,22.0,2026-10-07 02:05,25,1943.0,62.0,1,31,0,0,,,,,,,,,,,,,,,,,,,,,,,,,,,,,,,,,,,2026-10-07 02:09
양재역,POI041,원활,31.0,2026-10-07 02:05,16,1881.0,,2,18,0,0,,,,,,,,,,,,,,,,,,,,,,,,,,,,,,,,,,,2026-10-07 02:09
역삼역,POI042,서행,22.0,2026-10-07 02:05,47,7473.0,1.0,1,9,0,0,,,,,,,,,,,,,,,,,,,,,,,,,,,,,,,,,,,2026-10-07 02:09
연신내역,POI043,원활,26.0,2026-10-07 02:05,5,208.0,,3,9,0,0,,,,,,,,,,,,,,,,,,,,,,,,,,,,,,,,,,,2026-10-07 02:09
오목교역·목동운동장,POI044,원활,33.0,2026-10-07 02:05,14,5304.0,,1,25,0,0,,,,,,,,,,,,,,,,,,,,,,,,,,,,,,,,,,,2026-10-07 02:09
왕십리역,POI045,서행,23.0,2026-10-07 02:05,4,1478.0,,4,18,0,0,,,,,,,,,,,,,,,,,,,,,,,,,,,,,,,,,,,2026-10-07 02:09
용산역,POI046,원활,28.0,2026-10-07 02:05,11,5014.0,0.0,1,25,0,0,,,,,,,,,,,,,,,,,,,,,,,,,,,,,,,,,,,2026-10-07 02:09
이태원역,POI047,서행,18.0,2026-10-07 02:05,4,66.0,,1,9,0,0,,,,,,,,,,,,,,,,,,,,,,,,,,,,,,,,,,,2026-10-07 02:09
장지역,POI048,원활,25.0,2026-10-07 02:05,4,10611.0,,1,18,0,0,,,,,,,,,,,,,,,,,,,,,,,,,,,,,,,,,,,2026-10-07 02:09
장한평역,POI049,원활,28.0,2026-10-07 02:05,15,847.0,,1,11,0,0,,,,,,,,,,,,,,,,,,,,,,,,,,,,,,,,,,,2026-10-07 02:09
천호역,POI050,서행,24.0,2026-10-07 02:05,14,3331.0,,2,9,0,0,,,,,,,,,,,,,,,,,,,,,,,,,,,,,,,,,,,2026-10-07 02:09
총신대입구(이수)역,POI051,서행,21.0,2026-10-07 02:05,7,533.0,,2,15,0,0,,,,,,,,,,,,,,,,,,,,,,,,,,,,,,,,,,,2026-10-07 02:09
충정로역,POI052,원활,32.0,2026-10-07 02:05,5,834.0,,2,15,0,0,,,,,,,,,,,,,,,,,,,,,,,,,,,,,,,,,,,2026-10-07 02:09
합정역,POI053,원활,25.0,2026-10-07 02:05,6,207.0,,2,27,0,0,,,,,,,,,,,,,,,,,,,,,,,,,,,,,,,,,,,2026-10-07 02:09
혜화역,POI054,서행,20.0,2026-10-07 02:05,24,955.0,,1,11,2,0,,,,,,,,,,,,,,,,,,,,,,,,,,,,,,,,,,,2026-10-07 02:09
홍대입구역(2호선),POI055,서행,19.0,2026-10-07 02:05,16,1196.0,,3,12,0,0,,,,,,,,,,,,,,,,,,,,,,,,,,,,,,,,,,,2026-10-07 02:09
회기역,POI056,서행,24.0,2026-10-07 02:05,21,408.0,,1,21,0,0,,,,,,,,,,,,,,,,,,,,,,,,,,,,,,,,,,,2026-10-07 02:09
가락시장,POI058,원활,30.0,2026-10-07 02:05,4,2884.0,,2,12,0,0,,,,,,,,,,,,,,,,,,,,,,,,,,,,,,,,,,,2026-10-07 02:09
가로수길,POI059,원활,29.0,2026-10-07 02:05,51,2767.0,37.0,3,9,0,0,,,,,,,,,,,,,,,,,,,,,,,,,,,,,,,,,,,2026-10-07 02:09
광장(전통)시장,POI060,서행,22.0,2026-10-07 02:05,7,103.0,4.0,1,7,0,0,,,,,,,,,,,,,,,,,,,,,,,,,,,,,,,,,,,2026-10-07 02:09
김포공항,POI061,원활,34.0,2026-10-07 02:05,6,16594.0,,3,21,0,0,,,,,,,,,,,,,,,,,,,,,,,,,,,,,,,,,,,2026-10-07 02:09
노량진,POI063,원활,28.0,2026-10-07 02:05,11,1218.0,,2,17,1,0,,,,,,,,,,,,,,,,,,,,,,,,,,,,,,,,,,,2026-10-07 02:09
덕수궁길·정동길,POI064,원활,25.0,2026-10-07 02:05,10,620.0,,3,10,0,0,,,,,,,,,,,,,,,,,,,,,,,,,,,,,,,,,,,2026-10-07 02:09
북촌한옥마을,POI066,원활,25.0,2026-10-07 02:05,16,1756.0,,1,49,5,0,,,,,,,,,,,,,,,,,,,,,,,,,,,,,,,,,,,2026-10-07 02:09
서촌,POI067,서행,20.0,2026-10-07 02:05,9,308.0,,0,25,0,0,,,,,,,,,,,,,,,,,,,,,,,,,,,,,,,,,,,2026-10-07 02:09
성수카페거리,POI068,서행,20.0,2026-10-07 02:05,28,2824.0,,2,23,1,0,,,,,,,,,,,,,,,,,,,,,,,,,,,,,,,,,,,2026-10-07 02:09
쌍문역,POI070,원활,25.0,2026-10-07 02:05,8,345.0,,1,17,0,0,,,,,,,,,,,,,,,,,,,,,,,,,,,,,,,,,,,2026-10-07 02:09
압구정로데오거리,POI071,원활,25.0,2026-10-07 02:05,55,1976.0,2.0,1,11,1,0,,,,,,,,,,,,,,,,,,,,,,,,,,,,,,,,,,,2026-10-07 02:09
여의도,POI072,원활,29.0,2026-10-07 02:05,116,24820.0,145.0,7,58,2,0,,,,,,,,,,,,,,,,,,,,,,,,,,,,,,,,,,,2026-10-07 02:09
연남동,POI073,서행,23.0,2026-10-07 02:05,45,132.0,,0,19,0,0,,,,,,,,,,,,,,,,,,,,,,,,,,,,,,,,,,,2026-10-07 02:09
영등포 타임스퀘어,POI074,서행,22.0,2026-10-07 02:05,10,1195.0,39.0,0,16,1,0,,,,,,,,,,,,,,,,,,,,,,,,,,,,,,,,,,,2026-10-07 02:09
용리단길,POI076,원활,33.0,2026-10-07 02:05,0,,,3,5,0,0,,,,,,,,,,,,,,,,,,,,,,,,,,,,,,,,,,,2026-10-07 02:09
이태원 앤틱가구거리,POI077,원활,27.0,2026-10-07 02:05,4,51.0,,1,13,0,0,,,,,,,,,,,,,,,,,,,,,,,,,,,,,,,,,,,2026-10-07 02:09
인사동,POI078,서행,21.0,2026-10-07 02:05,21,2465.0,1.0,2,19,3,0,,,,,,,,,,,,,,,,,,,,,,,,,,,,,,,,,,,2026-10-07 02:09
창동 신경제 중심지,POI079,서행,23.0,2026-10-07 02:05,46,4927.0,10.0,3,39,5,0,,,,,,,,,,,,,,,,,,,,,,,,,,,,,,,,,,,2026-10-07 02:09
청담동 명품거리,POI080,서행,24.0,2026-10-07 02:05,16,910.0,,1,6,0,0,,,,,,,,,,,,,,,,,,,,,,,,,,,,,,,,,,,2026-10-07 02:09
청량리 제기동 일대 전통시장,POI081,서행,24.0,2026-10-07 02:05,12,2214.0,,2,21,0,0,,,,,,,,,,,,,,,,,,,,,,,,,,,,,,,,,,,2026-10-07 02:09
해방촌·경리단길,POI082,원활,37.0,2026-10-07 02:05,4,273.0,,0,26,0,0,,,,,,,,,,,,,,,,,,,,,,,,,,,,,,,,,,,2026-10-07 02:09
DDP(동대문디자인플라자),POI083,서행,19.0,2026-10-07 02:05,9,2596.0,835.0,3,7,3,0,,,,,,,,,,,,,,,,,,,,,,,,,,,,,,,,,,,2026-10-07 02:09
DMC(디지털미디어시티),POI084,원활,26.0,2026-10-07 02:05,25,9176.0,,4,44,0,0,,,,,,,,,,,,,,,,,,,,,,,,,,,,,,,,,,,2026-10-07 02:09
강서한강공원,POI085,원활,60.0,2026-10-07 02:05,2,106.0,0.0,0,0,0,0,,,,,,,,,,,,,,,,,,,,,,,,,,,,,,,,,,,2026-10-07 02:09
고척돔,POI086,원활,34.0,2026-10-07 02:05,0,,,0,2,3,0,,,,,,,,,,,,,,,,,,,,,,,,,,,,,,,,,,,2026-10-07 02:09
광나루한강공원,POI087,원활,67.0,2026-10-07 02:05,4,718.0,138.0,0,0,0,0,,,,,,,,,,,,,,,,,,,,,,,,,,,,,,,,,,,2026-10-07 02:09
광화문광장,POI088,원활,28.0,2026-10-07 02:05,3,2932.0,119.0,2,8,1,0,,,,,,,,,,,,,,,,,,,,,,,,,,,,,,,,,,,2026-10-07 02:09
국립중앙박물관·용산가족공원,POI089,원활,42.0,2026-10-07 02:05,4,931.0,,1,3,1,0,,,,,,,,,,,,,,,,,,,,,,,,,,,,,,,,,,,2026-10-07 02:09
난지한강공원,POI090,원활,65.0,2026-10-07 02:05,4,1240.0,0.0,0,4,0,0,,,,,,,,,,,,,,,,,,,,,,,,,,,,,,,,,,,2026-10-07 02:09
남산공원,POI091,원활,35.0,2026-10-07 02:05,33,2148.0,22.0,4,22,2,0,,,,,,,,,,,,,,,,,,,,,,,,,,,,,,,,,,,2026-10-07 02:09
노들섬,POI092,원활,53.0,2026-10-07 02:05,1,99.0,,0,2,2,0,,,,,,,,,,,,,,,,,,,,,,,,,,,,,,,,,,,2026-10-07 02:09
뚝섬한강공원,POI093,원활,63.0,2026-10-07 02:05,8,1342.0,140.0,1,1,1,0,,,,,,,,,,,,,,,,,,,,,,,,,,,,,,,,,,,2026-10-07 02:09
망원한강공원,POI094,원활,42.0,2026-10-07 02:05,2,458.0,0.0,2,5,0,0,,,,,,,,,,,,,,,,,,,,,,,,,,,,,,,,,,,2026-10-07 02:09
반포한강공원,POI095,원활,55.0,2026-10-07 02:05,9,1483.0,9.0,0,2,0,0,,,,,,,,,,,,,,,,,,,,,,,,,,,,,,,,,,,2026-10-07 02:09
북서울꿈의숲,POI096,원활,25.0,2026-10-07 02:05,3,549.0,,0,14,0,0,,,,,,,,,,,,,,,,,,,,,,,,,,,,,,,,,,,2026-10-07 02:09
서리풀공원·몽마르뜨공원,POI098,원활,34.0,2026-10-07 02:05,0,,,4,7,0,0,,,,,,,,,,,,,,,,,,,,,,,,,,,,,,,,,,,2026-10-07 02:09
서울대공원,POI100,원활,33.0,2026-10-07 02:05,0,,,0,0,0,0,,,,,,,,,,,,,,,,,,,,,,,,,,,,,,,,,,,2026-10-07 02:09
서울숲공원,POI101,원활,44.0,2026-10-07 02:05,2,996.0,,1,9,0,0,,,,,,,,,,,,,,,,,,,,,,,,,,,,,,,,,,,2026-10-07 02:09
아차산,POI102,원활,34.0,2026-10-07 02:05,0,,,0,3,0,0,,,,,,,,,,,,,,,,,,,,,,,,,,,,,,,,,,,2026-10-07 02:09
양화한강공원,POI103,원활,48.0,2026-10-07 02:05,6,1002.0,43.0,0,2,0,0,,,,,,,,,,,,,,,,,,,,,,,,,,,,,,,,,,,2026-10-07 02:09
어린이대공원,POI104,원활,26.0,2026-10-07 02:05,4,945.0,,2,9,0,0,,,,,,,,,,,,,,,,,,,,,,,,,,,,,,,,,,,2026-10-07 02:09
여의도한강공원,POI105,원활,42.0,2026-10-07 02:05,6,2866.0,67.0,1,3,0,0,,,,,,,,,,,,,,,,,,,,,,,,,,,,,,,,,,,2026-10-07 02:09
월드컵공원,POI106,원활,38.0,2026-10-07 02:05,9,3537.0,,4,27,0,0,,,,,,,,,,,,,,,,,,,,,,,,,,,,,,,,,,,2026-10-07 02:09
응봉산,POI107,원활,28.0,2026-10-07 02:05,3,88.0,,0,24,0,0,,,,,,,,,,,,,,,,,,,,,,,,,,,,,,,,,,,2026-10-07 02:09
이촌한강공원,POI108,원활,51.0,2026-10-07 02:05,2,514.0,0.0,0,2,0,0,,,,,,,,,,,,,,,,,,,,,,,,,,,,,,,,,,,2026-10-07 02:09
잠실종합운동장,POI109,원활,28.0,2026-10-07 02:05,1,876.0,,1,2,0,0,,,,,,,,,,,,,,,,,,,,,,,,,,,,,,,,,,,2026-10-07 02:09
잠실한강공원,POI110,원활,50.0,2026-10-07 02:05,4,1326.0,72.0,1,2,0,0,,,,,,,,,,,,,,,,,,,,,,,,,,,,,,,,,,,2026-10-07 02:09
잠원한강공원,POI111,원활,59.0,2026-10-07 02:05,3,1540.0,0.0,0,2,0,0,,,,,,,,,,,,,,,,,,,,,,,,,,,,,,,,,,,2026-10-07 02:09
청계산,POI112,원활,64.0,2026-10-07 02:05,0,,,0,4,0,0,,,,,,,,,,,,,,,,,,,,,,,,,,,,,,,,,,,2026-10-07 02:09
북창동 먹자골목,POI114,서행,21.0,2026-10-07 02:05,20,552.0,0.0,0,10,0,0,,,,,,,,,,,,,,,,,,,,,,,,,,,,,,,,,,,2026-10-07 02:09
남대문시장,POI115,서행,24.0,2026-10-07 02:05,16,1456.0,4.0,1,6,0,0,,,,,,,,,,,,,,,,,,,,,,,,,,,,,,,,,,,2026-10-07 02:09
익선동,POI116,서행,17.0,2026-10-07 02:05,10,187.0,1.0,3,9,1,0,,,,,,,,,,,,,,,,,,,,,,,,,,,,,,,,,,,2026-10-07 02:09
신정네거리역,POI117,원활,25.0,2026-10-07 02:05,3,119.0,,1,9,0,0,,,,,,,,,,,,,,,,,,,,,,,,,,,,,,,,,,,2026-10-07 02:09
잠실새내역,POI118,서행,19.0,2026-10-07 02:05,31,1541.0,,1,10,0,0,,,,,,,,,,,,,,,,,,,,,,,,,,,,,,,,,,,2026-10-07 02:09
잠실역,POI119,원활,25.0,2026-10-07 02:05,5,6749.0,57.0,2,18,0,0,,,,,,,,,,,,,,,,,,,,,,,,,,,,,,,,,,,2026-10-07 02:09
잠실롯데타워·석촌호수,POI120,서행,24.0,2026-10-07 02:05,33,9281.0,57.0,3,0,2,0,,,,,,,,,,,,,,,,,,,,,,,,,,,,,,,,,,,2026-10-07 02:09
송리단길·호수단길,POI121,서행,24.0,2026-10-07 02:05,21,878.0,,3,12,0,0,,,,,,,,,,,,,,,,,,,,,,,,,,,,,,,,,,,2026-10-07 02:09
신촌 스타광장,POI122,서행,21.0,2026-10-07 02:05,4,235.0,,1,4,0,0,,,,,,,,,,,,,,,,,,,,,,,,,,,,,,,,,,,2026-10-07 02:09
보라매공원,POI123,서행,16.0,2026-10-07 02:05,1,78.0,,2,4,0,0,,,,,,,,,,,,,,,,,,,,,,,,,,,,,,,,,,,2026-10-07 02:09
서대문독립공원,POI124,원활,28.0,2026-10-07 02:05,2,150.0,,1,14,0,0,,,,,,,,,,,,,,,,,,,,,,,,,,,,,,,,,,,2026-10-07 02:09
안양천,POI125,원활,53.0,2026-10-07 02:05,1,294.0,,0,1,0,0,,,,,,,,,,,,,,,,,,,,,,,,,,,,,,,,,,,2026-10-07 02:09
여의서로,POI126,원활,36.0,2026-10-07 02:05,2,168.0,38.0,0,0,0,0,,,,,,,,,,,,,,,,,,,,,,,,,,,,,,,,,,,2026-10-07 02:09
올림픽공원,POI127,원활,32.0,2026-10-07 02:05,4,2716.0,,4,16,4,0,,,,,,,,,,,,,,,,,,,,,,,,,,,,,,,,,,,2026-10-07 02:09
홍제폭포,POI128,원활,40.0,2026-10-07 02:05,0,,,0,0,0,0,,,,,,,,,,,,,,,,,,,,,,,,,,,,,,,,,,,2026-10-07 02:09
송현녹지광장,POI129,원활,25.0,2026-10-07 02:05,4,1546.0,,1,22,5,0,,,,,,,,,,,,,,,,,,,,,,,,,,,,,,,,,,,2026-10-07 02:09
시의회 앞,POI130,원활,25.0,2026-10-07 02:05,9,1723.0,,3,19,3,0,,,,,,,,,,,,,,,,,,,,,,,,,,,,,,,,,,,2026-10-07 02:09
강남 MICE 관광특구,POI001,원활,27.0,2026-10-07 03:05,3,4428.0,,2,5,0,0,,,,,,,,,,,,,,,,,,,,,,,,,,,,,,,,,,,2026-10-07 03:07
동대문 관광특구,POI002,서행,19.0,2026-10-07 03:05,47,8302.0,705.0,6,20,4,0,,,,,,,,,,,,,,,,,,,,,,,,,,,,,,,,,,,2026-10-07 03:07
명동 관광특구,POI003,서행,24.0,2026-10-07 03:05,93,12070.0,6.0,9,46,3,0,,,,,,,,,,,,,,,,,,,,,,,,,,,,,,,,,,,2026-10-07 03:07
이태원 관광특구,POI004,원활,27.0,2026-10-07 03:05,8,853.0,,3,14,0,0,,,,,,,,,,,,,,,,,,,,,,,,,,,,,,,,,,,2026-10-07 03:07
잠실 관광특구,POI005,원활,27.0,2026-10-07 03:05,37,11997.0,57.0,6,42,6,0,,,,,,,,,,,,,,,,,,,,,,,,,,,,,,,,,,,2026-10-07 03:07
종로·청계 관광특구,POI006,서행,23.0,2026-10-07 03:05,48,2496.0,45.0,7,34,0,0,,,,,,,,,,,,,,,,,,,,,,,,,,,,,,,,,,,2026-10-07 03:07
홍대 관광특구,POI007,서행,19.0,2026-10-07 03:05,51,3098.0,,6,52,0,0,,,,,,,,,,,,,,,,,,,,,,,,,,,,,,,,,,,2026-10-07 03:07
경복궁,POI008,원활,26.0,2026-10-07 03:05,2,267.0,,1,10,0,0,,,,,,,,,,,,,,,,,,,,,,,,,,,,,,,,,,,2026-10-07 03:07
광화문·덕수궁,POI009,서행,24.0,2026-10-07 03:05,29,7988.0,116.0,3,32,5,0,,,,,,,,,,,,,,,,,,,,,,,,,,,,,,,,,,,2026-10-07 03:07
보신각,POI010,서행,21.0,2026-10-07 03:05,14,2572.0,14.0,1,8,0,0,,,,,,,,,,,,,,,,,,,,,,,,,,,,,,,,,,,2026-10-07 03:07
서울 암사동 유적,POI011,원활,28.0,2026-10-07 03:05,1,108.0,,0,3,0,0,,,,,,,,,,,,,,,,,,,,,,,,,,,,,,,,,,,2026-10-07 03:07
창덕궁·종묘,POI012,서행,21.0,2026-10-07 03:05,16,3155.0,262.0,0,14,1,0,,,,,,,,,,,,,,,,,,,,,,,,,,,,,,,,,,,2026-10-07 03:07
가산디지털단지역,POI013,원활,27.0,2026-10-07 03:05,20,8291.0,,1,51,0,0,,,,,,,,,,,,,,,,,,,,,,,,,,,,,,,,,,,2026-10-07 03:07
강남역,POI014,서행,20.0,2026-10-07 03:05,95,7876.0,,4,43,0,0,,,,,,,,,,,,,,,,,,,,,,,,,,,,,,,,,,,2026-10-07 03:07
건대입구역,POI015,서행,23.0,2026-10-07 03:05,23,6603.0,,2,8,1,0,,,,,,,,,,,,,,,,,,,,,,,,,,,,,,,,,,,2026-10-07 03:07
고덕역,POI016,원활,26.0,2026-10-07 03:05,15,1615.0,,1,4,0,0,,,,,,,,,,,,,,,,,,,,,,,,,,,,,,,,,,,2026-10-07 03:07
고속터미널역,POI017,원활,38.0,2026-10-07 03:05,3,4291.0,,3,8,0,0,,,,,,,,,,,,,,,,,,,,,,,,,,,,,,,,,,,2026-10-07 03:07
교대역,POI018,서행,21.0,2026-10-07 03:05,14,760.0,,2,10,0,0,,,,,,,,,,,,,,,,,,,,,,,,,,,,,,,,,,,2026-10-07 03:07
구로디지털단지역,POI019,서행,21.0,2026-10-07 03:05,20,6911.0,,1,28,0,0,,,,,,,,,,,,,,,,,,,,,,,,,,,,,,,,,,,2026-10-07 03:07
구로역,POI020,원활,35.0,2026-10-07 03:05,3,1047.0,,0,4,0,0,,,,,,,,,,,,,,,,,,,,,,,,,,,,,,,,,,,2026-10-07 03:07
군자역,POI021,서행,22.0,2026-10-07 03:05,11,573.0,,2,10,0,0,,,,,,,,,,,,,,,,,,,,,,,,,,,,,,,,,,,2026-10-07 03:07
대림역,POI023,서행,22.0,2026-10-07 03:05,4,221.0,,2,22,0,0,,,,,,,,,,,,,,,,,,,,,,,,,,,,,,,,,,,2026-10-07 03:07
동대문역,POI024,서행,23.0,2026-10-07 03:05,17,892.0,0.0,2,5,0,0,,,,,,,,,,,,,,,,,,,,,,,,,,,,,,,,,,,2026-10-07 03:07
뚝섬역,POI025,원활,29.0,2026-10-07 03:05,9,767.0,,1,4,1,0,,,,,,,,,,,,,,,,,,,,,,,,,,,,,,,,,,,2026-10-07 03:07
미아사거리역,POI026,서행,20.0,2026-10-07 03:05,11,1409.0,,1,23,0,0,,,,,,,,,,,,,,,,,,,,,,,,,,,,,,,,,,,2026-10-07 03:07
발산역,POI027,서행,20.0,2026-10-07 03:05,13,2880.0,,1,22,0,0,,,,,,,,,,,,,,,,,,,,,,,,,,,,,,,,,,,2026-10-07 03:07
사당역,POI029,서행,24.0,2026-10-07 03:05,13,520.0,,2,16,1,0,,,,,,,,,,,,,,,,,,,,,,,,,,,,,,,,,,,2026-10-07 03:07
삼각지역,POI030,원활,35.0,2026-10-07 03:05,0,,,2,5,0,0,,,,,,,,,,,,,,,,,,,,,,,,,,,,,,,,,,,2026-10-07 03:07
서울대입구역,POI031,원활,25.0,2026-10-07 03:05,2,52.0,,1,12,0,0,,,,,,,,,,,,,,,,,,,,,,,,,,,,,,,,,,,2026-10-07 03:07
서울식물원·마곡나루역,POI032,서행,20.0,2026-10-07 03:05,2,2651.0,,2,15,2,0,,,,,,,,,,,,,,,,,,,,,,,,,,,,,,,,,,,2026-10-07 03:07
서울역,POI033,서행,23.0,2026-10-07 03:05,23,3968.0,0.0,6,22,1,0,,,,,,,,,,,,,,,,,,,,,,,,,,,,,,,,,,,2026-10-07 03:07
선릉역,POI034,서행,21.0,2026-10-07 03:05,94,11160.0,23.0,4,12,0,0,,,,,,,,,,,,,,,,,,,,,,,,,,,,,,,,,,,2026-10-07 03:07
성신여대입구역,POI035,원활,25.0,2026-10-07 03:05,2,38.0,,2,8,0,0,,,,,,,,,,,,,,,,,,,,,,,,,,,,,,,,,,,2026-10-07 03:07
수유역,POI036,서행,21.0,2026-10-07 03:05,8,802.0,,1,27,0,0,,,,,,,,,,,,,,,,,,,,,,,,,,,,,,,,,,,2026-10-07 03:07
신논현역·논현역,POI037,서행,23.0,2026-10-07 03:05,32,1053.0,,4,11,0,0,,,,,,,,,,,,,,,,,,,,,,,,,,,,,,,,,,,2026-10-07 03:07
신도림역,POI038,원활,42.0,2026-10-07 03:05,1,1644.0,,1,1,0,0,,,,,,,,,,,,,,,,,,,,,,,,,,,,,,,,,,,2026-10-07 03:07
신림역,POI039,서행,19.0,2026-10-07 03:05,2,282.0,,2,14,0,0,,,,,,,,,,,,,,,,,,,,,,,,,,,,,,,,,,,2026-10-07 03:07
신촌·이대역,POI040,서행,22.0,2026-10-07 03:05,25,1943.0,60.0,1,31,0,0,,,,,,,,,,,,,,,,,,,,,,,,,,,,,,,,,,,2026-10-07 03:07
양재역,POI041,원활,31.0,2026-10-07 03:05,16,1881.0,,2,18,0,0,,,,,,,,,,,,,,,,,,,,,,,,,,,,,,,,,,,2026-10-07 03:07
역삼역,POI042,서행,22.0,2026-10-07 03:05,47,7473.0,1.0,1,9,0,0,,,,,,,,,,,,,,,,,,,,,,,,,,,,,,,,,,,2026-10-07 03:07
연신내역,POI043,서행,22.0,2026-10-07 03:05,5,208.0,,3,9,0,0,,,,,,,,,,,,,,,,,,,,,,,,,,,,,,,,,,,2026-10-07 03:07
오목교역·목동운동장,POI044,원활,32.0,2026-10-07 03:05,14,5304.0,,1,25,0,0,,,,,,,,,,,,,,,,,,,,,,,,,,,,,,,,,,,2026-10-07 03:07
왕십리역,POI045,서행,23.0,2026-10-07 03:05,4,1478.0,,4,18,0,0,,,,,,,,,,,,,,,,,,,,,,,,,,,,,,,,,,,2026-10-07 03:07
용산역,POI046,원활,28.0,2026-10-07 03:05,11,5014.0,108.0,1,25,0,0,,,,,,,,,,,,,,,,,,,,,,,,,,,,,,,,,,,2026-10-07 03:07
이태원역,POI047,서행,20.0,2026-10-07 03:05,4,66.0,,1,9,0,0,,,,,,,,,,,,,,,,,,,,,,,,,,,,,,,,,,,2026-10-07 03:07
장지역,POI048,원활,25.0,2026-10-07 03:05,4,10611.0,,1,18,0,0,,,,,,,,,,,,,,,,,,,,,,,,,,,,,,,,,,,2026-10-07 03:07
장한평역,POI049,원활,27.0,2026-10-07 03:05,15,847.0,,1,11,0,0,,,,,,,,,,,,,,,,,,,,,,,,,,,,,,,,,,,2026-10-07 03:07
천호역,POI050,서행,24.0,2026-10-07 03:05,14,3331.0,,2,9,0,0,,,,,,,,,,,,,,,,,,,,,,,,,,,,,,,,,,,2026-10-07 03:07
총신대입구(이수)역,POI051,원활,25.0,2026-10-07 03:05,7,533.0,,2,15,0,0,,,,,,,,,,,,,,,,,,,,,,,,,,,,,,,,,,,2026-10-07 03:07
충정로역,POI052,원활,33.0,2026-10-07 03:05,5,834.0,,2,15,0,0,,,,,,,,,,,,,,,,,,,,,,,,,,,,,,,,,,,2026-10-07 03:07
합정역,POI053,원활,25.0,2026-10-07 03:05,6,207.0,,2,27,0,0,,,,,,,,,,,,,,,,,,,,,,,,,,,,,,,,,,,2026-10-07 03:07
혜화역,POI054,서행,21.0,2026-10-07 03:05,24,955.0,,1,11,2,0,,,,,,,,,,,,,,,,,,,,,,,,,,,,,,,,,,,2026-10-07 03:07
홍대입구역(2호선),POI055,서행,20.0,2026-10-07 03:05,16,1196.0,,3,12,0,0,,,,,,,,,,,,,,,,,,,,,,,,,,,,,,,,,,,2026-10-07 03:07
회기역,POI056,서행,23.0,2026-10-07 03:05,21,408.0,,1,21,0,0,,,,,,,,,,,,,,,,,,,,,,,,,,,,,,,,,,,2026-10-07 03:07
가락시장,POI058,원활,29.0,2026-10-07 03:05,4,2884.0,,2,12,0,0,,,,,,,,,,,,,,,,,,,,,,,,,,,,,,,,,,,2026-10-07 03:07
가로수길,POI059,원활,31.0,2026-10-07 03:05,51,2767.0,29.0,3,9,0,0,,,,,,,,,,,,,,,,,,,,,,,,,,,,,,,,,,,2026-10-07 03:07
광장(전통)시장,POI060,서행,21.0,2026-10-07 03:05,7,103.0,4.0,1,7,0,0,,,,,,,,,,,,,,,,,,,,,,,,,,,,,,,,,,,2026-10-07 03:07
김포공항,POI061,원활,35.0,2026-10-07 03:05,6,16594.0,,3,21,0,0,,,,,,,,,,,,,,,,,,,,,,,,,,,,,,,,,,,2026-10-07 03:07
노량진,POI063,원활,30.0,2026-10-07 03:05,11,1218.0,,2,17,1,0,,,,,,,,,,,,,,,,,,,,,,,,,,,,,,,,,,,2026-10-07 03:07
덕수궁길·정동길,POI064,원활,26.0,2026-10-07 03:05,10,620.0,,3,10,0,0,,,,,,,,,,,,,,,,,,,,,,,,,,,,,,,,,,,2026-10-07 03:07
북촌한옥마을,POI066,원활,25.0,2026-10-07 03:05,16,1756.0,,1,49,5,0,,,,,,,,,,,,,,,,,,,,,,,,,,,,,,,,,,,2026-10-07 03:07
서촌,POI067,서행,22.0,2026-10-07 03:05,9,308.0,,0,25,0,0,,,,,,,,,,,,,,,,,,,,,,,,,,,,,,,,,,,2026-10-07 03:07
성수카페거리,POI068,서행,22.0,2026-10-07 03:05,28,2824.0,,2,23,1,0,,,,,,,,,,,,,,,,,,,,,,,,,,,,,,,,,,,2026-10-07 03:07
쌍문역,POI070,원활,25.0,2026-10-07 03:05,8,345.0,,1,17,0,0,,,,,,,,,,,,,,,,,,,,,,,,,,,,,,,,,,,2026-10-07 03:07
압구정로데오거리,POI071,원활,25.0,2026-10-07 03:05,55,1976.0,2.0,1,11,1,0,,,,,,,,,,,,,,,,,,,,,,,,,,,,,,,,,,,2026-10-07 03:07
여의도,POI072,원활,31.0,2026-10-07 03:05,116,24820.0,139.0,7,58,2,0,,,,,,,,,,,,,,,,,,,,,,,,,,,,,,,,,,,2026-10-07 03:07
연남동,POI073,서행,20.0,2026-10-07 03:05,45,132.0,,0,19,0,0,,,,,,,,,,,,,,,,,,,,,,,,,,,,,,,,,,,2026-10-07 03:07
영등포 타임스퀘어,POI074,서행,22.0,2026-10-07 03:05,10,1195.0,39.0,0,16,1,0,,,,,,,,,,,,,,,,,,,,,,,,,,,,,,,,,,,2026-10-07 03:07
용리단길,POI076,원활,31.0,2026-10-07 03:05,0,,,3,5,0,0,,,,,,,,,,,,,,,,,,,,,,,,,,,,,,,,,,,2026-10-07 03:07
이태원 앤틱가구거리,POI077,원활,28.0,2026-10-07 03:05,4,51.0,,1,13,0,0,,,,,,,,,,,,,,,,,,,,,,,,,,,,,,,,,,,2026-10-07 03:07
인사동,POI078,서행,20.0,2026-10-07 03:05,21,2465.0,1.0,2,19,3,0,,,,,,,,,,,,,,,,,,,,,,,,,,,,,,,,,,,2026-10-07 03:07
창동 신경제 중심지,POI079,원활,25.0,2026-10-07 03:05,46,4927.0,11.0,3,39,5,0,,,,,,,,,,,,,,,,,,,,,,,,,,,,,,,,,,,2026-10-07 03:07
청담동 명품거리,POI080,서행,24.0,2026-10-07 03:05,16,910.0,,1,6,0,0,,,,,,,,,,,,,,,,,,,,,,,,,,,,,,,,,,,2026-10-07 03:07
청량리 제기동 일대 전통시장,POI081,원활,25.0,2026-10-07 03:05,12,2214.0,,2,21,0,0,,,,,,,,,,,,,,,,,,,,,,,,,,,,,,,,,,,2026-10-07 03:07
해방촌·경리단길,POI082,원활,37.0,2026-10-07 03:05,4,273.0,,0,26,0,0,,,,,,,,,,,,,,,,,,,,,,,,,,,,,,,,,,,2026-10-07 03:07
DDP(동대문디자인플라자),POI083,서행,17.0,2026-10-07 03:05,9,2596.0,697.0,3,7,3,0,,,,,,,,,,,,,,,,,,,,,,,,,,,,,,,,,,,2026-10-07 03:07
DMC(디지털미디어시티),POI084,원활,25.0,2026-10-07 03:05,25,9176.0,,4,44,0,0,,,,,,,,,,,,,,,,,,,,,,,,,,,,,,,,,,,2026-10-07 03:07
강서한강공원,POI085,원활,55.0,2026-10-07 03:05,2,106.0,0.0,0,0,0,0,,,,,,,,,,,,,,,,,,,,,,,,,,,,,,,,,,,2026-10-07 03:07
고척돔,POI086,원활,32.0,2026-10-07 03:05,0,,,0,2,3,0,,,,,,,,,,,,,,,,,,,,,,,,,,,,,,,,,,,2026-10-07 03:07
광나루한강공원,POI087,원활,67.0,2026-10-07 03:05,4,718.0,136.0,0,0,0,0,,,,,,,,,,,,,,,,,,,,,,,,,,,,,,,,,,,2026-10-07 03:07
광화문광장,POI088,원활,28.0,2026-10-07 03:05,3,2932.0,116.0,2,8,1,0,,,,,,,,,,,,,,,,,,,,,,,,,,,,,,,,,,,2026-10-07 03:07
국립중앙박물관·용산가족공원,POI089,원활,41.0,2026-10-07 03:05,4,931.0,,1,3,1,0,,,,,,,,,,,,,,,,,,,,,,,,,,,,,,,,,,,2026-10-07 03:07
난지한강공원,POI090,원활,65.0,2026-10-07 03:05,4,1240.0,0.0,0,4,0,0,,,,,,,,,,,,,,,,,,,,,,,,,,,,,,,,,,,2026-10-07 03:07
남산공원,POI091,원활,37.0,2026-10-07 03:05,33,2148.0,21.0,4,22,2,0,,,,,,,,,,,,,,,,,,,,,,,,,,,,,,,,,,,2026-10-07 03:07
노들섬,POI092,원활,54.0,2026-10-07 03:05,1,99.0,,0,2,2,0,,,,,,,,,,,,,,,,,,,,,,,,,,,,,,,,,,,2026-10-07 03:07
뚝섬한강공원,POI093,원활,60.0,2026-10-07 03:05,8,1342.0,133.0,1,1,1,0,,,,,,,,,,,,,,,,,,,,,,,,,,,,,,,,,,,2026-10-07 03:07
망원한강공원,POI094,원활,43.0,2026-10-07 03:05,2,458.0,0.0,2,5,0,0,,,,,,,,,,,,,,,,,,,,,,,,,,,,,,,,,,,2026-10-07 03:07
반포한강공원,POI095,원활,57.0,2026-10-07 03:05,9,1483.0,9.0,0,2,0,0,,,,,,,,,,,,,,,,,,,,,,,,,,,,,,,,,,,2026-10-07 03:07
북서울꿈의숲,POI096,원활,28.0,2026-10-07 03:05,3,549.0,,0,14,0,0,,,,,,,,,,,,,,,,,,,,,,,,,,,,,,,,,,,2026-10-07 03:07
서리풀공원·몽마르뜨공원,POI098,원활,33.0,2026-10-07 03:05,0,,,4,7,0,0,,,,,,,,,,,,,,,,,,,,,,,,,,,,,,,,,,,2026-10-07 03:07
서울대공원,POI100,원활,34.0,2026-10-07 03:05,0,,,0,0,0,0,,,,,,,,,,,,,,,,,,,,,,,,,,,,,,,,,,,2026-10-07 03:07
서울숲공원,POI101,원활,47.0,2026-10-07 03:05,2,996.0,,1,9,0,0,,,,,,,,,,,,,,,,,,,,,,,,,,,,,,,,,,,2026-10-07 03:07
아차산,POI102,원활,36.0,2026-10-07 03:05,0,,,0,3,0,0,,,,,,,,,,,,,,,,,,,,,,,,,,,,,,,,,,,2026-10-07 03:07
양화한강공원,POI103,원활,46.0,2026-10-07 03:05,6,1002.0,36.0,0,2,0,0,,,,,,,,,,,,,,,,,,,,,,,,,,,,,,,,,,,2026-10-07 03:07
어린이대공원,POI104,원활,32.0,2026-10-07 03:05,4,945.0,,2,9,0,0,,,,,,,,,,,,,,,,,,,,,,,,,,,,,,,,,,,2026-10-07 03:07
여의도한강공원,POI105,원활,45.0,2026-10-07 03:05,6,2866.0,61.0,1,3,0,0,,,,,,,,,,,,,,,,,,,,,,,,,,,,,,,,,,,2026-10-07 03:07
월드컵공원,POI106,원활,42.0,2026-10-07 03:05,9,3537.0,,4,27,0,0,,,,,,,,,,,,,,,,,,,,,,,,,,,,,,,,,,,2026-10-07 03:07
응봉산,POI107,원활,30.0,2026-10-07 03:05,3,88.0,,0,24,0,0,,,,,,,,,,,,,,,,,,,,,,,,,,,,,,,,,,,2026-10-07 03:07
이촌한강공원,POI108,원활,50.0,2026-10-07 03:05,2,514.0,0.0,0,2,0,0,,,,,,,,,,,,,,,,,,,,,,,,,,,,,,,,,,,2026-10-07 03:07
잠실종합운동장,POI109,원활,28.0,2026-10-07 03:05,1,876.0,,1,2,0,0,,,,,,,,,,,,,,,,,,,,,,,,,,,,,,,,,,,2026-10-07 03:07
잠실한강공원,POI110,원활,50.0,2026-10-07 03:05,4,1326.0,74.0,1,2,0,0,,,,,,,,,,,,,,,,,,,,,,,,,,,,,,,,,,,2026-10-07 03:07
잠원한강공원,POI111,원활,61.0,2026-10-07 03:05,3,1540.0,0.0,0,2,0,0,,,,,,,,,,,,,,,,,,,,,,,,,,,,,,,,,,,2026-10-07 03:07
청계산,POI112,원활,64.0,2026-10-07 03:05,0,,,0,4,0,0,,,,,,,,,,,,,,,,,,,,,,,,,,,,,,,,,,,2026-10-07 03:07
북창동 먹자골목,POI114,서행,20.0,2026-10-07 03:05,20,552.0,0.0,0,10,0,0,,,,,,,,,,,,,,,,,,,,,,,,,,,,,,,,,,,2026-10-07 03:07
남대문시장,POI115,서행,23.0,2026-10-07 03:05,16,1456.0,4.0,1,6,0,0,,,,,,,,,,,,,,,,,,,,,,,,,,,,,,,,,,,2026-10-07 03:07
익선동,POI116,서행,16.0,2026-10-07 03:05,10,187.0,1.0,3,9,1,0,,,,,,,,,,,,,,,,,,,,,,,,,,,,,,,,,,,2026-10-07 03:07
신정네거리역,POI117,원활,25.0,2026-10-07 03:05,3,119.0,,1,9,0,0,,,,,,,,,,,,,,,,,,,,,,,,,,,,,,,,,,,2026-10-07 03:07
잠실새내역,POI118,서행,23.0,2026-10-07 03:05,31,1541.0,,1,10,0,0,,,,,,,,,,,,,,,,,,,,,,,,,,,,,,,,,,,2026-10-07 03:07
잠실역,POI119,원활,25.0,2026-10-07 03:05,5,6749.0,57.0,2,18,0,0,,,,,,,,,,,,,,,,,,,,,,,,,,,,,,,,,,,2026-10-07 03:07
잠실롯데타워·석촌호수,POI120,원활,25.0,2026-10-07 03:05,33,9281.0,57.0,3,0,2,0,,,,,,,,,,,,,,,,,,,,,,,,,,,,,,,,,,,2026-10-07 03:07
송리단길·호수단길,POI121,원활,25.0,2026-10-07 03:05,21,878.0,,3,12,0,0,,,,,,,,,,,,,,,,,,,,,,,,,,,,,,,,,,,2026-10-07 03:07
신촌 스타광장,POI122,서행,21.0,2026-10-07 03:05,4,235.0,,1,4,0,0,,,,,,,,,,,,,,,,,,,,,,,,,,,,,,,,,,,2026-10-07 03:07
보라매공원,POI123,서행,16.0,2026-10-07 03:05,1,78.0,,2,4,0,0,,,,,,,,,,,,,,,,,,,,,,,,,,,,,,,,,,,2026-10-07 03:07
서대문독립공원,POI124,원활,32.0,2026-10-07 03:05,2,150.0,,1,14,0,0,,,,,,,,,,,,,,,,,,,,,,,,,,,,,,,,,,,2026-10-07 03:07
안양천,POI125,원활,53.0,2026-10-07 03:05,1,294.0,,0,1,0,0,,,,,,,,,,,,,,,,,,,,,,,,,,,,,,,,,,,2026-10-07 03:07
여의서로,POI126,원활,39.0,2026-10-07 03:05,2,168.0,38.0,0,0,0,0,,,,,,,,,,,,,,,,,,,,,,,,,,,,,,,,,,,2026-10-07 03:07
올림픽공원,POI127,원활,31.0,2026-10-07 03:05,4,2716.0,,4,16,4,0,,,,,,,,,,,,,,,,,,,,,,,,,,,,,,,,,,,2026-10-07 03:07
홍제폭포,POI128,원활,37.0,2026-10-07 03:05,0,,,0,0,0,0,,,,,,,,,,,,,,,,,,,,,,,,,,,,,,,,,,,2026-10-07 03:07
송현녹지광장,POI129,서행,24.0,2026-10-07 03:05,4,1546.0,,1,22,5,0,,,,,,,,,,,,,,,,,,,,,,,,,,,,,,,,,,,2026-10-07 03:07
시의회 앞,POI130,원활,25.0,2026-10-07 03:05,9,1723.0,,3,19,3,0,,,,,,,,,,,,,,,,,,,,,,,,,,,,,,,,,,,2026-10-07 03:07
강남 MICE 관광특구,POI001,서행,21.0,2026-10-07 04:05,3,4428.0,,2,5,0,0,,,,,,,,,,,,,,,,,,,,,,,,,,,,,,,,,,,2026-10-07 04:07
동대문 관광특구,POI002,서행,20.0,2026-10-07 04:05,47,8302.0,540.0,6,20,4,0,,,,,,,,,,,,,,,,,,,,,,,,,,,,,,,,,,,2026-10-07 04:07
명동 관광특구,POI003,서행,22.0,2026-10-07 04:05,93,12070.0,6.0,9,46,3,1,,,,,,,,,,,,,,,,,,,,,,,,,,,,,,,,,,,2026-10-07 04:07
이태원 관광특구,POI004,원활,28.0,2026-10-07 04:05,8,853.0,,3,14,0,0,,,,,,,,,,,,,,,,,,,,,,,,,,,,,,,,,,,2026-10-07 04:07
잠실 관광특구,POI005,원활,28.0,2026-10-07 04:05,37,11997.0,57.0,6,42,6,0,,,,,,,,,,,,,,,,,,,,,,,,,,,,,,,,,,,2026-10-07 04:07
종로·청계 관광특구,POI006,서행,21.0,2026-10-07 04:05,48,2496.0,44.0,7,34,0,0,,,,,,,,,,,,,,,,,,,,,,,,,,,,,,,,,,,2026-10-07 04:07
홍대 관광특구,POI007,서행,19.0,2026-10-07 04:05,51,3098.0,,6,52,0,0,,,,,,,,,,,,,,,,,,,,,,,,,,,,,,,,,,,2026-10-07 04:07
경복궁,POI008,원활,27.0,2026-10-07 04:05,2,267.0,,1,10,0,0,,,,,,,,,,,,,,,,,,,,,,,,,,,,,,,,,,,2026-10-07 04:07
광화문·덕수궁,POI009,원활,25.0,2026-10-07 04:05,29,7988.0,114.0,3,32,5,1,,,,,,,,,,,,,,,,,,,,,,,,,,,,,,,,,,,2026-10-07 04:07
보신각,POI010,서행,19.0,2026-10-07 04:05,14,2572.0,14.0,1,8,0,0,,,,,,,,,,,,,,,,,,,,,,,,,,,,,,,,,,,2026-10-07 04:07
서울 암사동 유적,POI011,원활,28.0,2026-10-07 04:05,1,108.0,,0,3,0,0,,,,,,,,,,,,,,,,,,,,,,,,,,,,,,,,,,,2026-10-07 04:07
창덕궁·종묘,POI012,서행,21.0,2026-10-07 04:05,16,3155.0,261.0,0,14,1,0,,,,,,,,,,,,,,,,,,,,,,,,,,,,,,,,,,,2026-10-07 04:07
가산디지털단지역,POI013,원활,30.0,2026-10-07 04:05,20,8291.0,,1,51,0,0,,,,,,,,,,,,,,,,,,,,,,,,,,,,,,,,,,,2026-10-07 04:07
강남역,POI014,서행,21.0,2026-10-07 04:05,95,7876.0,,4,43,0,0,,,,,,,,,,,,,,,,,,,,,,,,,,,,,,,,,,,2026-10-07 04:07
건대입구역,POI015,원활,25.0,2026-10-07 04:05,23,6603.0,,2,8,1,0,,,,,,,,,,,,,,,,,,,,,,,,,,,,,,,,,,,2026-10-07 04:07
고덕역,POI016,원활,30.0,2026-10-07 04:05,15,1615.0,,1,4,0,0,,,,,,,,,,,,,,,,,,,,,,,,,,,,,,,,,,,2026-10-07 04:07
고속터미널역,POI017,원활,37.0,2026-10-07 04:05,3,4291.0,,3,8,0,0,,,,,,,,,,,,,,,,,,,,,,,,,,,,,,,,,,,2026-10-07 04:07
교대역,POI018,원활,25.0,2026-10-07 04:05,14,760.0,,2,10,0,0,,,,,,,,,,,,,,,,,,,,,,,,,,,,,,,,,,,2026-10-07 04:07
구로디지털단지역,POI019,서행,22.0,2026-10-07 04:05,20,6911.0,,1,28,0,0,,,,,,,,,,,,,,,,,,,,,,,,,,,,,,,,,,,2026-10-07 04:07
구로역,POI020,원활,32.0,2026-10-07 04:05,3,1047.0,,0,4,0,0,,,,,,,,,,,,,,,,,,,,,,,,,,,,,,,,,,,2026-10-07 04:07
군자역,POI021,서행,23.0,2026-10-07 04:05,11,573.0,,2,10,0,0,,,,,,,,,,,,,,,,,,,,,,,,,,,,,,,,,,,2026-10-07 04:07
대림역,POI023,서행,23.0,2026-10-07 04:05,4,221.0,,2,22,0,0,,,,,,,,,,,,,,,,,,,,,,,,,,,,,,,,,,,2026-10-07 04:07
동대문역,POI024,서행,23.0,2026-10-07 04:05,17,892.0,0.0,2,5,0,0,,,,,,,,,,,,,,,,,,,,,,,,,,,,,,,,,,,2026-10-07 04:07
뚝섬역,POI025,서행,22.0,2026-10-07 04:05,9,767.0,,1,4,1,0,,,,,,,,,,,,,,,,,,,,,,,,,,,,,,,,,,,2026-10-07 04:07
미아사거리역,POI026,서행,22.0,2026-10-07 04:05,11,1409.0,,1,23,0,0,,,,,,,,,,,,,,,,,,,,,,,,,,,,,,,,,,,2026-10-07 04:07
발산역,POI027,서행,20.0,2026-10-07 04:05,13,2880.0,,1,22,0,0,,,,,,,,,,,,,,,,,,,,,,,,,,,,,,,,,,,2026-10-07 04:07
사당역,POI029,원활,26.0,2026-10-07 04:05,13,520.0,,2,16,1,0,,,,,,,,,,,,,,,,,,,,,,,,,,,,,,,,,,,2026-10-07 04:07
삼각지역,POI030,원활,33.0,2026-10-07 04:05,0,,,2,5,0,0,,,,,,,,,,,,,,,,,,,,,,,,,,,,,,,,,,,2026-10-07 04:07
서울대입구역,POI031,원활,26.0,2026-10-07 04:05,2,52.0,,1,12,0,0,,,,,,,,,,,,,,,,,,,,,,,,,,,,,,,,,,,2026-10-07 04:07
서울식물원·마곡나루역,POI032,서행,20.0,2026-10-07 04:05,2,2651.0,,2,15,2,0,,,,,,,,,,,,,,,,,,,,,,,,,,,,,,,,,,,2026-10-07 04:07
서울역,POI033,원활,27.0,2026-10-07 04:05,23,3968.0,0.0,6,22,1,0,,,,,,,,,,,,,,,,,,,,,,,,,,,,,,,,,,,2026-10-07 04:07
선릉역,POI034,서행,21.0,2026-10-07 04:05,94,11160.0,23.0,4,12,0,0,,,,,,,,,,,,,,,,,,,,,,,,,,,,,,,,,,,2026-10-07 04:07
성신여대입구역,POI035,서행,24.0,2026-10-07 04:05,2,38.0,,2,8,0,0,,,,,,,,,,,,,,,,,,,,,,,,,,,,,,,,,,,2026-10-07 04:07
수유역,POI036,서행,20.0,2026-10-07 04:05,8,802.0,,1,27,0,0,,,,,,,,,,,,,,,,,,,,,,,,,,,,,,,,,,,2026-10-07 04:07
신논현역·논현역,POI037,서행,23.0,2026-10-07 04:05,32,1053.0,,4,11,0,0,,,,,,,,,,,,,,,,,,,,,,,,,,,,,,,,,,,2026-10-07 04:07
신도림역,POI038,원활,34.0,2026-10-07 04:05,1,1644.0,,1,1,0,0,,,,,,,,,,,,,,,,,,,,,,,,,,,,,,,,,,,2026-10-07 04:07
신림역,POI039,서행,18.0,2026-10-07 04:05,2,282.0,,2,14,0,0,,,,,,,,,,,,,,,,,,,,,,,,,,,,,,,,,,,2026-10-07 04:07
신촌·이대역,POI040,서행,23.0,2026-10-07 04:05,25,1943.0,58.0,1,31,0,0,,,,,,,,,,,,,,,,,,,,,,,,,,,,,,,,,,,2026-10-07 04:07
양재역,POI041,원활,30.0,2026-10-07 04:05,16,1881.0,,2,18,0,0,,,,,,,,,,,,,,,,,,,,,,,,,,,,,,,,,,,2026-10-07 04:07
역삼역,POI042,서행,23.0,2026-10-07 04:05,47,7473.0,1.0,1,9,0,0,,,,,,,,,,,,,,,,,,,,,,,,,,,,,,,,,,,2026-10-07 04:07
연신내역,POI043,서행,22.0,2026-10-07 04:05,5,208.0,,3,9,0,0,,,,,,,,,,,,,,,,,,,,,,,,,,,,,,,,,,,2026-10-07 04:07
오목교역·목동운동장,POI044,원활,35.0,2026-10-07 04:05,14,5304.0,,1,25,0,0,,,,,,,,,,,,,,,,,,,,,,,,,,,,,,,,,,,2026-10-07 04:07
왕십리역,POI045,서행,22.0,2026-10-07 04:05,4,1478.0,,4,18,0,0,,,,,,,,,,,,,,,,,,,,,,,,,,,,,,,,,,,2026-10-07 04:07
용산역,POI046,원활,29.0,2026-10-07 04:05,11,5014.0,107.0,1,25,0,0,,,,,,,,,,,,,,,,,,,,,,,,,,,,,,,,,,,2026-10-07 04:07
이태원역,POI047,서행,21.0,2026-10-07 04:05,4,66.0,,1,9,0,0,,,,,,,,,,,,,,,,,,,,,,,,,,,,,,,,,,,2026-10-07 04:07
장지역,POI048,서행,24.0,2026-10-07 04:05,4,10611.0,,1,18,0,0,,,,,,,,,,,,,,,,,,,,,,,,,,,,,,,,,,,2026-10-07 04:07
장한평역,POI049,원활,27.0,2026-10-07 04:05,15,847.0,,1,11,0,0,,,,,,,,,,,,,,,,,,,,,,,,,,,,,,,,,,,2026-10-07 04:07
천호역,POI050,서행,24.0,2026-10-07 04:05,14,3331.0,,2,9,0,0,,,,,,,,,,,,,,,,,,,,,,,,,,,,,,,,,,,2026-10-07 04:07
총신대입구(이수)역,POI051,서행,23.0,2026-10-07 04:05,7,533.0,,2,15,0,0,,,,,,,,,,,,,,,,,,,,,,,,,,,,,,,,,,,2026-10-07 04:07
충정로역,POI052,원활,31.0,2026-10-07 04:05,5,834.0,,2,15,0,0,,,,,,,,,,,,,,,,,,,,,,,,,,,,,,,,,,,2026-10-07 04:07
합정역,POI053,원활,26.0,2026-10-07 04:05,6,207.0,,2,27,0,0,,,,,,,,,,,,,,,,,,,,,,,,,,,,,,,,,,,2026-10-07 04:07
혜화역,POI054,서행,24.0,2026-10-07 04:05,24,955.0,,1,11,2,0,,,,,,,,,,,,,,,,,,,,,,,,,,,,,,,,,,,2026-10-07 04:07
홍대입구역(2호선),POI055,서행,23.0,2026-10-07 04:05,16,1196.0,,3,12,0,0,,,,,,,,,,,,,,,,,,,,,,,,,,,,,,,,,,,2026-10-07 04:07
회기역,POI056,서행,23.0,2026-10-07 04:05,21,408.0,,1,21,0,0,,,,,,,,,,,,,,,,,,,,,,,,,,,,,,,,,,,2026-10-07 04:07
가락시장,POI058,원활,31.0,2026-10-07 04:05,4,2884.0,,2,12,0,0,,,,,,,,,,,,,,,,,,,,,,,,,,,,,,,,,,,2026-10-07 04:07
가로수길,POI059,원활,30.0,2026-10-07 04:05,51,2767.0,29.0,3,9,0,0,,,,,,,,,,,,,,,,,,,,,,,,,,,,,,,,,,,2026-10-07 04:07
광장(전통)시장,POI060,서행,22.0,2026-10-07 04:05,7,103.0,3.0,1,7,0,0,,,,,,,,,,,,,,,,,,,,,,,,,,,,,,,,,,,2026-10-07 04:07
김포공항,POI061,원활,35.0,2026-10-07 04:05,6,16594.0,,3,21,0,0,,,,,,,,,,,,,,,,,,,,,,,,,,,,,,,,,,,2026-10-07 04:07
노량진,POI063,원활,31.0,2026-10-07 04:05,11,1218.0,,2,17,1,0,,,,,,,,,,,,,,,,,,,,,,,,,,,,,,,,,,,2026-10-07 04:07
덕수궁길·정동길,POI064,원활,25.0,2026-10-07 04:05,10,620.0,,3,10,0,0,,,,,,,,,,,,,,,,,,,,,,,,,,,,,,,,,,,2026-10-07 04:07
북촌한옥마을,POI066,원활,26.0,2026-10-07 04:05,16,1756.0,,1,49,5,0,,,,,,,,,,,,,,,,,,,,,,,,,,,,,,,,,,,2026-10-07 04:07
서촌,POI067,서행,21.0,2026-10-07 04:05,9,308.0,,0,25,0,0,,,,,,,,,,,,,,,,,,,,,,,,,,,,,,,,,,,2026-10-07 04:07
성수카페거리,POI068,서행,21.0,2026-10-07 04:05,28,2824.0,,2,23,1,0,,,,,,,,,,,,,,,,,,,,,,,,,,,,,,,,,,,2026-10-07 04:07
쌍문역,POI070,원활,25.0,2026-10-07 04:05,8,345.0,,1,17,0,0,,,,,,,,,,,,,,,,,,,,,,,,,,,,,,,,,,,2026-10-07 04:07
압구정로데오거리,POI071,원활,25.0,2026-10-07 04:05,55,1976.0,2.0,1,11,1,0,,,,,,,,,,,,,,,,,,,,,,,,,,,,,,,,,,,2026-10-07 04:07
여의도,POI072,원활,29.0,2026-10-07 04:05,116,24820.0,135.0,7,58,2,0,,,,,,,,,,,,,,,,,,,,,,,,,,,,,,,,,,,2026-10-07 04:07
연남동,POI073,서행,21.0,2026-10-07 04:05,45,132.0,,0,19,0,0,,,,,,,,,,,,,,,,,,,,,,,,,,,,,,,,,,,2026-10-07 04:07
영등포 타임스퀘어,POI074,서행,22.0,2026-10-07 04:05,10,1195.0,39.0,0,16,1,0,,,,,,,,,,,,,,,,,,,,,,,,,,,,,,,,,,,2026-10-07 04:07
용리단길,POI076,원활,31.0,2026-10-07 04:05,0,,,3,5,0,0,,,,,,,,,,,,,,,,,,,,,,,,,,,,,,,,,,,2026-10-07 04:07
이태원 앤틱가구거리,POI077,원활,28.0,2026-10-07 04:05,4,51.0,,1,13,0,0,,,,,,,,,,,,,,,,,,,,,,,,,,,,,,,,,,,2026-10-07 04:07
인사동,POI078,서행,21.0,2026-10-07 04:05,21,2465.0,1.0,2,19,3,0,,,,,,,,,,,,,,,,,,,,,,,,,,,,,,,,,,,2026-10-07 04:07
창동 신경제 중심지,POI079,서행,24.0,2026-10-07 04:05,46,4927.0,12.0,3,39,5,0,,,,,,,,,,,,,,,,,,,,,,,,,,,,,,,,,,,2026-10-07 04:07
청담동 명품거리,POI080,서행,23.0,2026-10-07 04:05,16,910.0,,1,6,0,0,,,,,,,,,,,,,,,,,,,,,,,,,,,,,,,,,,,2026-10-07 04:07
청량리 제기동 일대 전통시장,POI081,서행,24.0,2026-10-07 04:05,12,2214.0,,2,21,0,0,,,,,,,,,,,,,,,,,,,,,,,,,,,,,,,,,,,2026-10-07 04:07
해방촌·경리단길,POI082,원활,38.0,2026-10-07 04:05,4,273.0,,0,26,0,0,,,,,,,,,,,,,,,,,,,,,,,,,,,,,,,,,,,2026-10-07 04:07
DDP(동대문디자인플라자),POI083,서행,19.0,2026-10-07 04:05,9,2596.0,532.0,3,7,3,0,,,,,,,,,,,,,,,,,,,,,,,,,,,,,,,,,,,2026-10-07 04:07
DMC(디지털미디어시티),POI084,원활,28.0,2026-10-07 04:05,25,9176.0,,4,44,0,0,,,,,,,,,,,,,,,,,,,,,,,,,,,,,,,,,,,2026-10-07 04:07
강서한강공원,POI085,원활,60.0,2026-10-07 04:05,2,106.0,0.0,0,0,0,0,,,,,,,,,,,,,,,,,,,,,,,,,,,,,,,,,,,2026-10-07 04:07
고척돔,POI086,원활,33.0,2026-10-07 04:05,0,,,0,2,3,0,,,,,,,,,,,,,,,,,,,,,,,,,,,,,,,,,,,2026-10-07 04:07
광나루한강공원,POI087,원활,67.0,2026-10-07 04:05,4,718.0,146.0,0,0,0,0,,,,,,,,,,,,,,,,,,,,,,,,,,,,,,,,,,,2026-10-07 04:07
광화문광장,POI088,원활,29.0,2026-10-07 04:05,3,2932.0,114.0,2,8,1,0,,,,,,,,,,,,,,,,,,,,,,,,,,,,,,,,,,,2026-10-07 04:07
국립중앙박물관·용산가족공원,POI089,원활,40.0,2026-10-07 04:05,4,931.0,,1,3,1,0,,,,,,,,,,,,,,,,,,,,,,,,,,,,,,,,,,,2026-10-07 04:07
난지한강공원,POI090,원활,66.0,2026-10-07 04:05,4,1240.0,0.0,0,4,0,0,,,,,,,,,,,,,,,,,,,,,,,,,,,,,,,,,,,2026-10-07 04:07
남산공원,POI091,원활,37.0,2026-10-07 04:05,33,2148.0,21.0,4,22,2,0,,,,,,,,,,,,,,,,,,,,,,,,,,,,,,,,,,,2026-10-07 04:07
노들섬,POI092,원활,56.0,2026-10-07 04:05,1,99.0,,0,2,2,0,,,,,,,,,,,,,,,,,,,,,,,,,,,,,,,,,,,2026-10-07 04:07
뚝섬한강공원,POI093,원활,62.0,2026-10-07 04:05,8,1342.0,131.0,1,1,1,0,,,,,,,,,,,,,,,,,,,,,,,,,,,,,,,,,,,2026-10-07 04:07
망원한강공원,POI094,원활,43.0,2026-10-07 04:05,2,458.0,0.0,2,5,0,0,,,,,,,,,,,,,,,,,,,,,,,,,,,,,,,,,,,2026-10-07 04:07
반포한강공원,POI095,원활,56.0,2026-10-07 04:05,9,1483.0,9.0,0,2,0,0,,,,,,,,,,,,,,,,,,,,,,,,,,,,,,,,,,,2026-10-07 04:07
북서울꿈의숲,POI096,원활,27.0,2026-10-07 04:05,3,549.0,,0,14,0,0,,,,,,,,,,,,,,,,,,,,,,,,,,,,,,,,,,,2026-10-07 04:07
서리풀공원·몽마르뜨공원,POI098,원활,32.0,2026-10-07 04:05,0,,,4,7,0,0,,,,,,,,,,,,,,,,,,,,,,,,,,,,,,,,,,,2026-10-07 04:07
서울대공원,POI100,원활,37.0,2026-10-07 04:05,0,,,0,0,0,0,,,,,,,,,,,,,,,,,,,,,,,,,,,,,,,,,,,2026-10-07 04:07
서울숲공원,POI101,원활,47.0,2026-10-07 04:05,2,996.0,,1,9,0,0,,,,,,,,,,,,,,,,,,,,,,,,,,,,,,,,,,,2026-10-07 04:07
아차산,POI102,원활,35.0,2026-10-07 04:05,0,,,0,3,0,0,,,,,,,,,,,,,,,,,,,,,,,,,,,,,,,,,,,2026-10-07 04:07
양화한강공원,POI103,원활,46.0,2026-10-07 04:05,6,1002.0,33.0,0,2,0,0,,,,,,,,,,,,,,,,,,,,,,,,,,,,,,,,,,,2026-10-07 04:07
어린이대공원,POI104,원활,28.0,2026-10-07 04:05,4,945.0,,2,9,0,0,,,,,,,,,,,,,,,,,,,,,,,,,,,,,,,,,,,2026-10-07 04:07
여의도한강공원,POI105,원활,44.0,2026-10-07 04:05,6,2866.0,57.0,1,3,0,0,,,,,,,,,,,,,,,,,,,,,,,,,,,,,,,,,,,2026-10-07 04:07
월드컵공원,POI106,원활,40.0,2026-10-07 04:05,9,3537.0,,4,27,0,0,,,,,,,,,,,,,,,,,,,,,,,,,,,,,,,,,,,2026-10-07 04:07
응봉산,POI107,원활,28.0,2026-10-07 04:05,3,88.0,,0,24,0,0,,,,,,,,,,,,,,,,,,,,,,,,,,,,,,,,,,,2026-10-07 04:07
이촌한강공원,POI108,원활,50.0,2026-10-07 04:05,2,514.0,0.0,0,2,0,0,,,,,,,,,,,,,,,,,,,,,,,,,,,,,,,,,,,2026-10-07 04:07
잠실종합운동장,POI109,원활,26.0,2026-10-07 04:05,1,876.0,,1,2,0,0,,,,,,,,,,,,,,,,,,,,,,,,,,,,,,,,,,,2026-10-07 04:07
잠실한강공원,POI110,원활,48.0,2026-10-07 04:05,4,1326.0,72.0,1,2,0,0,,,,,,,,,,,,,,,,,,,,,,,,,,,,,,,,,,,2026-10-07 04:07
잠원한강공원,POI111,원활,58.0,2026-10-07 04:05,3,1540.0,0.0,0,2,0,0,,,,,,,,,,,,,,,,,,,,,,,,,,,,,,,,,,,2026-10-07 04:07
청계산,POI112,원활,62.0,2026-10-07 04:05,0,,,0,4,0,0,,,,,,,,,,,,,,,,,,,,,,,,,,,,,,,,,,,2026-10-07 04:07
북창동 먹자골목,POI114,서행,19.0,2026-10-07 04:05,20,552.0,0.0,0,10,0,0,,,,,,,,,,,,,,,,,,,,,,,,,,,,,,,,,,,2026-10-07 04:07
남대문시장,POI115,원활,25.0,2026-10-07 04:05,16,1456.0,4.0,1,6,0,0,,,,,,,,,,,,,,,,,,,,,,,,,,,,,,,,,,,2026-10-07 04:07
익선동,POI116,서행,18.0,2026-10-07 04:05,10,187.0,1.0,3,9,1,0,,,,,,,,,,,,,,,,,,,,,,,,,,,,,,,,,,,2026-10-07 04:07
신정네거리역,POI117,서행,21.0,2026-10-07 04:05,3,119.0,,1,9,0,0,,,,,,,,,,,,,,,,,,,,,,,,,,,,,,,,,,,2026-10-07 04:07
잠실새내역,POI118,서행,22.0,2026-10-07 04:05,31,1541.0,,1,10,0,0,,,,,,,,,,,,,,,,,,,,,,,,,,,,,,,,,,,2026-10-07 04:07
잠실역,POI119,원활,26.0,2026-10-07 04:05,5,6749.0,57.0,2,18,0,0,,,,,,,,,,,,,,,,,,,,,,,,,,,,,,,,,,,2026-10-07 04:07
잠실롯데타워·석촌호수,POI120,원활,25.0,2026-10-07 04:05,33,9281.0,57.0,3,0,2,0,,,,,,,,,,,,,,,,,,,,,,,,,,,,,,,,,,,2026-10-07 04:07
송리단길·호수단길,POI121,서행,24.0,2026-10-07 04:05,21,878.0,,3,12,0,0,,,,,,,,,,,,,,,,,,,,,,,,,,,,,,,,,,,2026-10-07 04:07
신촌 스타광장,POI122,서행,21.0,2026-10-07 04:05,4,235.0,,1,4,0,0,,,,,,,,,,,,,,,,,,,,,,,,,,,,,,,,,,,2026-10-07 04:07
보라매공원,POI123,서행,15.0,2026-10-07 04:05,1,78.0,,2,4,0,0,,,,,,,,,,,,,,,,,,,,,,,,,,,,,,,,,,,2026-10-07 04:07
서대문독립공원,POI124,원활,33.0,2026-10-07 04:05,2,150.0,,1,14,0,0,,,,,,,,,,,,,,,,,,,,,,,,,,,,,,,,,,,2026-10-07 04:07
안양천,POI125,원활,52.0,2026-10-07 04:05,1,294.0,,0,1,0,0,,,,,,,,,,,,,,,,,,,,,,,,,,,,,,,,,,,2026-10-07 04:07
여의서로,POI126,원활,36.0,2026-10-07 04:05,2,168.0,38.0,0,0,0,0,,,,,,,,,,,,,,,,,,,,,,,,,,,,,,,,,,,2026-10-07 04:07
올림픽공원,POI127,원활,32.0,2026-10-07 04:05,4,2716.0,,4,16,4,0,,,,,,,,,,,,,,,,,,,,,,,,,,,,,,,,,,,2026-10-07 04:07
홍제폭포,POI128,원활,35.0,2026-10-07 04:05,0,,,0,0,0,0,,,,,,,,,,,,,,,,,,,,,,,,,,,,,,,,,,,2026-10-07 04:07
송현녹지광장,POI129,원활,26.0,2026-10-07 04:05,4,1546.0,,1,22,5,0,,,,,,,,,,,,,,,,,,,,,,,,,,,,,,,,,,,2026-10-07 04:07
시의회 앞,POI130,원활,26.0,2026-10-07 04:05,9,1723.0,,3,19,3,0,,,,,,,,,,,,,,,,,,,,,,,,,,,,,,,,,,,2026-10-07 04:07
강남 MICE 관광특구,POI001,서행,22.0,2026-10-07 05:05,3,4428.0,,2,5,0,0,,,,,,,,,,,,,,,,,,,,,,,,,,,,,,,,,,,2026-10-07 05:07
동대문 관광특구,POI002,서행,20.0,2026-10-07 05:05,47,8302.0,343.0,6,20,4,0,,,,,,,,,,,,,,,,,,,,,,,,,,,,,,,,,,,2026-10-07 05:07
명동 관광특구,POI003,서행,22.0,2026-10-07 05:05,93,12070.0,5.0,9,46,3,1,,,,,,,,,,,,,,,,,,,,,,,,,,,,,,,,,,,2026-10-07 05:07
이태원 관광특구,POI004,원활,26.0,2026-10-07 05:05,8,853.0,,3,14,0,0,,,,,,,,,,,,,,,,,,,,,,,,,,,,,,,,,,,2026-10-07 05:07
잠실 관광특구,POI005,원활,27.0,2026-10-07 05:05,37,11997.0,58.0,6,42,6,0,,,,,,,,,,,,,,,,,,,,,,,,,,,,,,,,,,,2026-10-07 05:07
종로·청계 관광특구,POI006,서행,21.0,2026-10-07 05:05,48,2496.0,43.0,7,34,0,0,,,,,,,,,,,,,,,,,,,,,,,,,,,,,,,,,,,2026-10-07 05:07
홍대 관광특구,POI007,서행,20.0,2026-10-07 05:05,51,3098.0,,6,52,0,0,,,,,,,,,,,,,,,,,,,,,,,,,,,,,,,,,,,2026-10-07 05:07
경복궁,POI008,원활,29.0,2026-10-07 05:05,2,267.0,,1,10,0,0,,,,,,,,,,,,,,,,,,,,,,,,,,,,,,,,,,,2026-10-07 05:07
광화문·덕수궁,POI009,서행,24.0,2026-10-07 05:05,29,7988.0,117.0,3,32,5,1,,,,,,,,,,,,,,,,,,,,,,,,,,,,,,,,,,,2026-10-07 05:07
보신각,POI010,서행,19.0,2026-10-07 05:05,14,2572.0,14.0,1,8,0,0,,,,,,,,,,,,,,,,,,,,,,,,,,,,,,,,,,,2026-10-07 05:07
서울 암사동 유적,POI011,원활,28.0,2026-10-07 05:05,1,108.0,,0,3,0,0,,,,,,,,,,,,,,,,,,,,,,,,,,,,,,,,,,,2026-10-07 05:07
창덕궁·종묘,POI012,서행,21.0,2026-10-07 05:05,16,3155.0,268.0,0,14,1,0,,,,,,,,,,,,,,,,,,,,,,,,,,,,,,,,,,,2026-10-07 05:07
가산디지털단지역,POI013,원활,25.0,2026-10-07 05:05,20,8291.0,,1,51,0,0,,,,,,,,,,,,,,,,,,,,,,,,,,,,,,,,,,,2026-10-07 05:07
강남역,POI014,서행,21.0,2026-10-07 05:05,95,7876.0,,4,43,0,0,,,,,,,,,,,,,,,,,,,,,,,,,,,,,,,,,,,2026-10-07 05:07
건대입구역,POI015,서행,23.0,2026-10-07 05:05,23,6603.0,,2,8,1,0,,,,,,,,,,,,,,,,,,,,,,,,,,,,,,,,,,,2026-10-07 05:07
고덕역,POI016,원활,26.0,2026-10-07 05:05,15,1615.0,,1,4,0,0,,,,,,,,,,,,,,,,,,,,,,,,,,,,,,,,,,,2026-10-07 05:07
고속터미널역,POI017,원활,35.0,2026-10-07 05:05,3,4291.0,,3,8,0,0,,,,,,,,,,,,,,,,,,,,,,,,,,,,,,,,,,,2026-10-07 05:07
교대역,POI018,서행,23.0,2026-10-07 05:05,14,760.0,,2,10,0,0,,,,,,,,,,,,,,,,,,,,,,,,,,,,,,,,,,,2026-10-07 05:07
구로디지털단지역,POI019,서행,22.0,2026-10-07 05:05,20,6911.0,,1,28,0,0,,,,,,,,,,,,,,,,,,,,,,,,,,,,,,,,,,,2026-10-07 05:07
구로역,POI020,원활,29.0,2026-10-07 05:05,3,1047.0,,0,4,0,0,,,,,,,,,,,,,,,,,,,,,,,,,,,,,,,,,,,2026-10-07 05:07
군자역,POI021,서행,24.0,2026-10-07 05:05,11,573.0,,2,10,0,0,,,,,,,,,,,,,,,,,,,,,,,,,,,,,,,,,,,2026-10-07 05:07
대림역,POI023,서행,20.0,2026-10-07 05:05,4,221.0,,2,22,0,0,,,,,,,,,,,,,,,,,,,,,,,,,,,,,,,,,,,2026-10-07 05:07
동대문역,POI024,서행,24.0,2026-10-07 05:05,17,892.0,0.0,2,5,0,0,,,,,,,,,,,,,,,,,,,,,,,,,,,,,,,,,,,2026-10-07 05:07
뚝섬역,POI025,원활,26.0,2026-10-07 05:05,9,767.0,,1,4,1,0,,,,,,,,,,,,,,,,,,,,,,,,,,,,,,,,,,,2026-10-07 05:07
미아사거리역,POI026,서행,20.0,2026-10-07 05:05,11,1409.0,,1,23,0,0,,,,,,,,,,,,,,,,,,,,,,,,,,,,,,,,,,,2026-10-07 05:07
발산역,POI027,서행,20.0,2026-10-07 05:05,13,2880.0,,1,22,0,0,,,,,,,,,,,,,,,,,,,,,,,,,,,,,,,,,,,2026-10-07 05:07
사당역,POI029,원활,25.0,2026-10-07 05:05,13,520.0,,2,16,1,0,,,,,,,,,,,,,,,,,,,,,,,,,,,,,,,,,,,2026-10-07 05:07
삼각지역,POI030,원활,33.0,2026-10-07 05:05,0,,,2,5,0,0,,,,,,,,,,,,,,,,,,,,,,,,,,,,,,,,,,,2026-10-07 05:07
서울대입구역,POI031,원활,29.0,2026-10-07 05:05,2,52.0,,1,12,0,0,,,,,,,,,,,,,,,,,,,,,,,,,,,,,,,,,,,2026-10-07 05:07
서울식물원·마곡나루역,POI032,서행,21.0,2026-10-07 05:05,2,2651.0,,2,15,2,0,,,,,,,,,,,,,,,,,,,,,,,,,,,,,,,,,,,2026-10-07 05:07
서울역,POI033,원활,26.0,2026-10-07 05:05,23,3968.0,0.0,6,22,1,0,,,,,,,,,,,,,,,,,,,,,,,,,,,,,,,,,,,2026-10-07 05:07
선릉역,POI034,서행,22.0,2026-10-07 05:05,94,11160.0,20.0,4,12,0,0,,,,,,,,,,,,,,,,,,,,,,,,,,,,,,,,,,,2026-10-07 05:07
성신여대입구역,POI035,서행,24.0,2026-10-07 05:05,2,38.0,,2,8,0,0,,,,,,,,,,,,,,,,,,,,,,,,,,,,,,,,,,,2026-10-07 05:07
수유역,POI036,서행,20.0,2026-10-07 05:05,8,802.0,,1,27,0,0,,,,,,,,,,,,,,,,,,,,,,,,,,,,,,,,,,,2026-10-07 05:07
신논현역·논현역,POI037,원활,25.0,2026-10-07 05:05,32,1053.0,,4,11,0,0,,,,,,,,,,,,,,,,,,,,,,,,,,,,,,,,,,,2026-10-07 05:07
신도림역,POI038,원활,47.0,2026-10-07 05:05,1,1644.0,,1,1,0,0,,,,,,,,,,,,,,,,,,,,,,,,,,,,,,,,,,,2026-10-07 05:07
신림역,POI039,서행,18.0,2026-10-07 05:05,2,282.0,,2,14,0,0,,,,,,,,,,,,,,,,,,,,,,,,,,,,,,,,,,,2026-10-07 05:07
신촌·이대역,POI040,서행,22.0,2026-10-07 05:05,25,1943.0,57.0,1,31,0,0,,,,,,,,,,,,,,,,,,,,,,,,,,,,,,,,,,,2026-10-07 05:07
양재역,POI041,원활,31.0,2026-10-07 05:05,16,1881.0,,2,18,0,0,,,,,,,,,,,,,,,,,,,,,,,,,,,,,,,,,,,2026-10-07 05:07
역삼역,POI042,서행,24.0,2026-10-07 05:05,47,7473.0,1.0,1,9,0,0,,,,,,,,,,,,,,,,,,,,,,,,,,,,,,,,,,,2026-10-07 05:07
연신내역,POI043,원활,25.0,2026-10-07 05:05,5,208.0,,3,9,0,0,,,,,,,,,,,,,,,,,,,,,,,,,,,,,,,,,,,2026-10-07 05:07
오목교역·목동운동장,POI044,원활,33.0,2026-10-07 05:05,14,5304.0,,1,25,0,0,,,,,,,,,,,,,,,,,,,,,,,,,,,,,,,,,,,2026-10-07 05:07
왕십리역,POI045,서행,22.0,2026-10-07 05:05,4,1478.0,,4,18,0,0,,,,,,,,,,,,,,,,,,,,,,,,,,,,,,,,,,,2026-10-07 05:07
용산역,POI046,원활,27.0,2026-10-07 05:05,11,5014.0,108.0,1,25,0,0,,,,,,,,,,,,,,,,,,,,,,,,,,,,,,,,,,,2026-10-07 05:07
이태원역,POI047,서행,20.0,2026-10-07 05:05,4,66.0,,1,9,0,0,,,,,,,,,,,,,,,,,,,,,,,,,,,,,,,,,,,2026-10-07 05:07
장지역,POI048,원활,26.0,2026-10-07 05:05,4,10611.0,,1,18,0,0,,,,,,,,,,,,,,,,,,,,,,,,,,,,,,,,,,,2026-10-07 05:07
장한평역,POI049,원활,25.0,2026-10-07 05:05,15,847.0,,1,11,0,0,,,,,,,,,,,,,,,,,,,,,,,,,,,,,,,,,,,2026-10-07 05:07
천호역,POI050,서행,23.0,2026-10-07 05:05,14,3331.0,,2,9,0,0,,,,,,,,,,,,,,,,,,,,,,,,,,,,,,,,,,,2026-10-07 05:07
총신대입구(이수)역,POI051,원활,25.0,2026-10-07 05:05,7,533.0,,2,15,0,0,,,,,,,,,,,,,,,,,,,,,,,,,,,,,,,,,,,2026-10-07 05:07
충정로역,POI052,원활,31.0,2026-10-07 05:05,5,834.0,,2,15,0,0,,,,,,,,,,,,,,,,,,,,,,,,,,,,,,,,,,,2026-10-07 05:07
합정역,POI053,원활,27.0,2026-10-07 05:05,6,207.0,,2,27,0,0,,,,,,,,,,,,,,,,,,,,,,,,,,,,,,,,,,,2026-10-07 05:07
혜화역,POI054,서행,22.0,2026-10-07 05:05,24,955.0,,1,11,2,0,,,,,,,,,,,,,,,,,,,,,,,,,,,,,,,,,,,2026-10-07 05:07
홍대입구역(2호선),POI055,서행,22.0,2026-10-07 05:05,16,1196.0,,3,12,0,0,,,,,,,,,,,,,,,,,,,,,,,,,,,,,,,,,,,2026-10-07 05:07
회기역,POI056,서행,22.0,2026-10-07 05:05,21,408.0,,1,21,0,0,,,,,,,,,,,,,,,,,,,,,,,,,,,,,,,,,,,2026-10-07 05:07
가락시장,POI058,원활,28.0,2026-10-07 05:05,4,2884.0,,2,12,0,0,,,,,,,,,,,,,,,,,,,,,,,,,,,,,,,,,,,2026-10-07 05:07
가로수길,POI059,원활,30.0,2026-10-07 05:05,51,2767.0,27.0,3,9,0,0,,,,,,,,,,,,,,,,,,,,,,,,,,,,,,,,,,,2026-10-07 05:07
광장(전통)시장,POI060,서행,21.0,2026-10-07 05:05,7,103.0,2.0,1,7,0,0,,,,,,,,,,,,,,,,,,,,,,,,,,,,,,,,,,,2026-10-07 05:07
김포공항,POI061,원활,33.0,2026-10-07 05:05,6,16594.0,,3,21,0,0,,,,,,,,,,,,,,,,,,,,,,,,,,,,,,,,,,,2026-10-07 05:07
노량진,POI063,원활,30.0,2026-10-07 05:05,11,1218.0,,2,17,1,0,,,,,,,,,,,,,,,,,,,,,,,,,,,,,,,,,,,2026-10-07 05:07
덕수궁길·정동길,POI064,원활,28.0,2026-10-07 05:05,10,620.0,,3,10,0,0,,,,,,,,,,,,,,,,,,,,,,,,,,,,,,,,,,,2026-10-07 05:07
북촌한옥마을,POI066,원활,25.0,2026-10-07 05:05,16,1756.0,,1,49,5,0,,,,,,,,,,,,,,,,,,,,,,,,,,,,,,,,,,,2026-10-07 05:07
서촌,POI067,서행,23.0,2026-10-07 05:05,9,308.0,,0,25,0,0,,,,,,,,,,,,,,,,,,,,,,,,,,,,,,,,,,,2026-10-07 05:07
성수카페거리,POI068,서행,23.0,2026-10-07 05:05,28,2824.0,,2,23,1,0,,,,,,,,,,,,,,,,,,,,,,,,,,,,,,,,,,,2026-10-07 05:07
쌍문역,POI070,원활,25.0,2026-10-07 05:05,8,345.0,,1,17,0,0,,,,,,,,,,,,,,,,,,,,,,,,,,,,,,,,,,,2026-10-07 05:07
압구정로데오거리,POI071,서행,24.0,2026-10-07 05:05,55,1976.0,2.0,1,11,1,0,,,,,,,,,,,,,,,,,,,,,,,,,,,,,,,,,,,2026-10-07 05:07
여의도,POI072,원활,29.0,2026-10-07 05:05,116,24820.0,127.0,7,58,2,0,,,,,,,,,,,,,,,,,,,,,,,,,,,,,,,,,,,2026-10-07 05:07
연남동,POI073,원활,27.0,2026-10-07 05:05,45,132.0,,0,19,0,0,,,,,,,,,,,,,,,,,,,,,,,,,,,,,,,,,,,2026-10-07 05:07
영등포 타임스퀘어,POI074,원활,25.0,2026-10-07 05:05,10,1195.0,39.0,0,16,1,0,,,,,,,,,,,,,,,,,,,,,,,,,,,,,,,,,,,2026-10-07 05:07
용리단길,POI076,원활,32.0,2026-10-07 05:05,0,,,3,5,0,0,,,,,,,,,,,,,,,,,,,,,,,,,,,,,,,,,,,2026-10-07 05:07
이태원 앤틱가구거리,POI077,원활,26.0,2026-10-07 05:05,4,51.0,,1,13,0,0,,,,,,,,,,,,,,,,,,,,,,,,,,,,,,,,,,,2026-10-07 05:07
인사동,POI078,서행,21.0,2026-10-07 05:05,21,2465.0,1.0,2,19,3,0,,,,,,,,,,,,,,,,,,,,,,,,,,,,,,,,,,,2026-10-07 05:07
창동 신경제 중심지,POI079,서행,24.0,2026-10-07 05:05,46,4927.0,11.0,3,39,5,0,,,,,,,,,,,,,,,,,,,,,,,,,,,,,,,,,,,2026-10-07 05:07
청담동 명품거리,POI080,서행,23.0,2026-10-07 05:05,16,910.0,,1,6,0,0,,,,,,,,,,,,,,,,,,,,,,,,,,,,,,,,,,,2026-10-07 05:07
청량리 제기동 일대 전통시장,POI081,서행,24.0,2026-10-07 05:05,12,2214.0,,2,21,0,0,,,,,,,,,,,,,,,,,,,,,,,,,,,,,,,,,,,2026-10-07 05:07
해방촌·경리단길,POI082,원활,35.0,2026-10-07 05:05,4,273.0,,0,26,0,0,,,,,,,,,,,,,,,,,,,,,,,,,,,,,,,,,,,2026-10-07 05:07
DDP(동대문디자인플라자),POI083,서행,18.0,2026-10-07 05:05,9,2596.0,335.0,3,7,3,0,,,,,,,,,,,,,,,,,,,,,,,,,,,,,,,,,,,2026-10-07 05:07
DMC(디지털미디어시티),POI084,원활,26.0,2026-10-07 05:05,25,9176.0,,4,44,0,0,,,,,,,,,,,,,,,,,,,,,,,,,,,,,,,,,,,2026-10-07 05:07
강서한강공원,POI085,원활,59.0,2026-10-07 05:05,2,106.0,4.0,0,0,0,0,,,,,,,,,,,,,,,,,,,,,,,,,,,,,,,,,,,2026-10-07 05:07
고척돔,POI086,원활,36.0,2026-10-07 05:05,0,,,0,2,3,0,,,,,,,,,,,,,,,,,,,,,,,,,,,,,,,,,,,2026-10-07 05:07
광나루한강공원,POI087,원활,67.0,2026-10-07 05:05,4,718.0,142.0,0,0,0,0,,,,,,,,,,,,,,,,,,,,,,,,,,,,,,,,,,,2026-10-07 05:07
광화문광장,POI088,원활,30.0,2026-10-07 05:05,3,2932.0,117.0,2,8,1,0,,,,,,,,,,,,,,,,,,,,,,,,,,,,,,,,,,,2026-10-07 05:07
국립중앙박물관·용산가족공원,POI089,원활,41.0,2026-10-07 05:05,4,931.0,,1,3,1,0,,,,,,,,,,,,,,,,,,,,,,,,,,,,,,,,,,,2026-10-07 05:07
난지한강공원,POI090,원활,62.0,2026-10-07 05:05,4,1240.0,0.0,0,4,0,0,,,,,,,,,,,,,,,,,,,,,,,,,,,,,,,,,,,2026-10-07 05:07
남산공원,POI091,원활,35.0,2026-10-07 05:05,33,2148.0,21.0,4,22,2,0,,,,,,,,,,,,,,,,,,,,,,,,,,,,,,,,,,,2026-10-07 05:07
노들섬,POI092,원활,48.0,2026-10-07 05:05,1,99.0,,0,2,2,0,,,,,,,,,,,,,,,,,,,,,,,,,,,,,,,,,,,2026-10-07 05:07
뚝섬한강공원,POI093,원활,62.0,2026-10-07 05:05,8,1342.0,135.0,1,1,1,0,,,,,,,,,,,,,,,,,,,,,,,,,,,,,,,,,,,2026-10-07 05:07
망원한강공원,POI094,원활,43.0,2026-10-07 05:05,2,458.0,0.0,2,5,0,0,,,,,,,,,,,,,,,,,,,,,,,,,,,,,,,,,,,2026-10-07 05:07
반포한강공원,POI095,원활,56.0,2026-10-07 05:05,9,1483.0,9.0,0,2,0,0,,,,,,,,,,,,,,,,,,,,,,,,,,,,,,,,,,,2026-10-07 05:07
북서울꿈의숲,POI096,원활,26.0,2026-10-07 05:05,3,549.0,,0,14,0,0,,,,,,,,,,,,,,,,,,,,,,,,,,,,,,,,,,,2026-10-07 05:07
서리풀공원·몽마르뜨공원,POI098,원활,31.0,2026-10-07 05:05,0,,,4,7,0,0,,,,,,,,,,,,,,,,,,,,,,,,,,,,,,,,,,,2026-10-07 05:07
서울대공원,POI100,원활,35.0,2026-10-07 05:05,0,,,0,0,0,0,,,,,,,,,,,,,,,,,,,,,,,,,,,,,,,,,,,2026-10-07 05:07
서울숲공원,POI101,원활,47.0,2026-10-07 05:05,2,996.0,,1,9,0,0,,,,,,,,,,,,,,,,,,,,,,,,,,,,,,,,,,,2026-10-07 05:07
아차산,POI102,원활,36.0,2026-10-07 05:05,0,,,0,3,0,0,,,,,,,,,,,,,,,,,,,,,,,,,,,,,,,,,,,2026-10-07 05:07
양화한강공원,POI103,원활,48.0,2026-10-07 05:05,6,1002.0,32.0,0,2,0,0,,,,,,,,,,,,,,,,,,,,,,,,,,,,,,,,,,,2026-10-07 05:07
어린이대공원,POI104,원활,29.0,2026-10-07 05:05,4,945.0,,2,9,0,0,,,,,,,,,,,,,,,,,,,,,,,,,,,,,,,,,,,2026-10-07 05:07
여의도한강공원,POI105,원활,44.0,2026-10-07 05:05,6,2866.0,48.0,1,3,0,0,,,,,,,,,,,,,,,,,,,,,,,,,,,,,,,,,,,2026-10-07 05:07
월드컵공원,POI106,원활,41.0,2026-10-07 05:05,9,3537.0,,4,27,0,0,,,,,,,,,,,,,,,,,,,,,,,,,,,,,,,,,,,2026-10-07 05:07
응봉산,POI107,원활,30.0,2026-10-07 05:05,3,88.0,,0,24,0,0,,,,,,,,,,,,,,,,,,,,,,,,,,,,,,,,,,,2026-10-07 05:07
이촌한강공원,POI108,원활,49.0,2026-10-07 05:05,2,514.0,0.0,0,2,0,0,,,,,,,,,,,,,,,,,,,,,,,,,,,,,,,,,,,2026-10-07 05:07
잠실종합운동장,POI109,원활,26.0,2026-10-07 05:05,1,876.0,,1,2,0,0,,,,,,,,,,,,,,,,,,,,,,,,,,,,,,,,,,,2026-10-07 05:07
잠실한강공원,POI110,원활,50.0,2026-10-07 05:05,4,1326.0,73.0,1,2,0,0,,,,,,,,,,,,,,,,,,,,,,,,,,,,,,,,,,,2026-10-07 05:07
잠원한강공원,POI111,원활,57.0,2026-10-07 05:05,3,1540.0,0.0,0,2,0,0,,,,,,,,,,,,,,,,,,,,,,,,,,,,,,,,,,,2026-10-07 05:07
청계산,POI112,원활,63.0,2026-10-07 05:05,0,,,0,4,0,0,,,,,,,,,,,,,,,,,,,,,,,,,,,,,,,,,,,2026-10-07 05:07
북창동 먹자골목,POI114,서행,20.0,2026-10-07 05:05,20,552.0,0.0,0,10,0,0,,,,,,,,,,,,,,,,,,,,,,,,,,,,,,,,,,,2026-10-07 05:07
남대문시장,POI115,서행,24.0,2026-10-07 05:05,16,1456.0,3.0,1,6,0,0,,,,,,,,,,,,,,,,,,,,,,,,,,,,,,,,,,,2026-10-07 05:07
익선동,POI116,서행,17.0,2026-10-07 05:05,10,187.0,1.0,3,9,1,0,,,,,,,,,,,,,,,,,,,,,,,,,,,,,,,,,,,2026-10-07 05:07
신정네거리역,POI117,서행,22.0,2026-10-07 05:05,3,119.0,,1,9,0,0,,,,,,,,,,,,,,,,,,,,,,,,,,,,,,,,,,,2026-10-07 05:07
잠실새내역,POI118,서행,22.0,2026-10-07 05:05,31,1541.0,,1,10,0,0,,,,,,,,,,,,,,,,,,,,,,,,,,,,,,,,,,,2026-10-07 05:07
잠실역,POI119,원활,27.0,2026-10-07 05:05,5,6749.0,58.0,2,18,0,0,,,,,,,,,,,,,,,,,,,,,,,,,,,,,,,,,,,2026-10-07 05:07
잠실롯데타워·석촌호수,POI120,원활,26.0,2026-10-07 05:05,33,9281.0,58.0,3,0,2,0,,,,,,,,,,,,,,,,,,,,,,,,,,,,,,,,,,,2026-10-07 05:07
송리단길·호수단길,POI121,서행,23.0,2026-10-07 05:05,21,878.0,,3,12,0,0,,,,,,,,,,,,,,,,,,,,,,,,,,,,,,,,,,,2026-10-07 05:07
신촌 스타광장,POI122,서행,18.0,2026-10-07 05:05,4,235.0,,1,4,0,0,,,,,,,,,,,,,,,,,,,,,,,,,,,,,,,,,,,2026-10-07 05:07
보라매공원,POI123,서행,17.0,2026-10-07 05:05,1,78.0,,2,4,0,0,,,,,,,,,,,,,,,,,,,,,,,,,,,,,,,,,,,2026-10-07 05:07
서대문독립공원,POI124,원활,28.0,2026-10-07 05:05,2,150.0,,1,14,0,0,,,,,,,,,,,,,,,,,,,,,,,,,,,,,,,,,,,2026-10-07 05:07
안양천,POI125,원활,50.0,2026-10-07 05:05,1,294.0,,0,1,0,0,,,,,,,,,,,,,,,,,,,,,,,,,,,,,,,,,,,2026-10-07 05:07
여의서로,POI126,원활,37.0,2026-10-07 05:05,2,168.0,38.0,0,0,0,0,,,,,,,,,,,,,,,,,,,,,,,,,,,,,,,,,,,2026-10-07 05:07
올림픽공원,POI127,원활,29.0,2026-10-07 05:05,4,2716.0,,4,16,4,0,,,,,,,,,,,,,,,,,,,,,,,,,,,,,,,,,,,2026-10-07 05:07
홍제폭포,POI128,원활,36.0,2026-10-07 05:05,0,,,0,0,0,0,,,,,,,,,,,,,,,,,,,,,,,,,,,,,,,,,,,2026-10-07 05:07
송현녹지광장,POI129,서행,23.0,2026-10-07 05:05,4,1546.0,,1,22,5,0,,,,,,,,,,,,,,,,,,,,,,,,,,,,,,,,,,,2026-10-07 05:07
시의회 앞,POI130,원활,25.0,2026-10-07 05:05,9,1723.0,,3,19,3,0,,,,,,,,,,,,,,,,,,,,,,,,,,,,,,,,,,,2026-10-07 05:07
강남 MICE 관광특구,POI001,서행,24.0,2026-10-07 06:05,3,4428.0,,2,5,2,0,,,,,,,,,,,,,,,,,,,,,,,,,,,,,,,,,,,2026-10-07 06:07
동대문 관광특구,POI002,서행,21.0,2026-10-07 06:05,47,8302.0,237.0,6,20,7,0,,,,,,,,,,,,,,,,,,,,,,,,,,,,,,,,,,,2026-10-07 06:07
명동 관광특구,POI003,서행,21.0,2026-10-07 06:05,93,12070.0,5.0,9,46,7,1,,,,,,,,,,,,,,,,,,,,,,,,,,,,,,,,,,,2026-10-07 06:07
이태원 관광특구,POI004,원활,25.0,2026-10-07 06:05,8,853.0,,3,14,0,0,,,,,,,,,,,,,,,,,,,,,,,,,,,,,,,,,,,2026-10-07 06:07
잠실 관광특구,POI005,원활,25.0,2026-10-07 06:05,37,11997.0,68.0,6,42,9,0,,,,,,,,,,,,,,,,,,,,,,,,,,,,,,,,,,,2026-10-07 06:07
종로·청계 관광특구,POI006,서행,23.0,2026-10-07 06:05,48,2496.0,70.0,7,34,0,0,,,,,,,,,,,,,,,,,,,,,,,,,,,,,,,,,,,2026-10-07 06:07
홍대 관광특구,POI007,서행,18.0,2026-10-07 06:05,51,3098.0,,6,52,0,0,,,,,,,,,,,,,,,,,,,,,,,,,,,,,,,,,,,2026-10-07 06:07
경복궁,POI008,서행,22.0,2026-10-07 06:05,2,267.0,,1,10,3,0,,,,,,,,,,,,,,,,,,,,,,,,,,,,,,,,,,,2026-10-07 06:07
광화문·덕수궁,POI009,서행,23.0,2026-10-07 06:05,29,7988.0,126.0,3,32,13,1,,,,,,,,,,,,,,,,,,,,,,,,,,,,,,,,,,,2026-10-07 06:07
보신각,POI010,서행,20.0,2026-10-07 06:05,14,2572.0,14.0,1,8,1,0,,,,,,,,,,,,,,,,,,,,,,,,,,,,,,,,,,,2026-10-07 06:07
서울 암사동 유적,POI011,원활,25.0,2026-10-07 06:05,1,108.0,,0,3,0,0,,,,,,,,,,,,,,,,,,,,,,,,,,,,,,,,,,,2026-10-07 06:07
창덕궁·종묘,POI012,서행,23.0,2026-10-07 06:05,16,3155.0,292.0,0,14,1,0,,,,,,,,,,,,,,,,,,,,,,,,,,,,,,,,,,,2026-10-07 06:07
가산디지털단지역,POI013,서행,23.0,2026-10-07 06:05,20,8291.0,,1,51,0,0,,,,,,,,,,,,,,,,,,,,,,,,,,,,,,,,,,,2026-10-07 06:07
강남역,POI014,서행,22.0,2026-10-07 06:05,95,7876.0,,4,43,0,0,,,,,,,,,,,,,,,,,,,,,,,,,,,,,,,,,,,2026-10-07 06:07
건대입구역,POI015,원활,27.0,2026-10-07 06:05,23,6603.0,,2,8,3,0,,,,,,,,,,,,,,,,,,,,,,,,,,,,,,,,,,,2026-10-07 06:07
고덕역,POI016,원활,27.0,2026-10-07 06:05,15,1615.0,,1,4,0,0,,,,,,,,,,,,,,,,,,,,,,,,,,,,,,,,,,,2026-10-07 06:07
고속터미널역,POI017,원활,32.0,2026-10-07 06:05,3,4291.0,,3,8,0,0,,,,,,,,,,,,,,,,,,,,,,,,,,,,,,,,,,,2026-10-07 06:07
교대역,POI018,서행,24.0,2026-10-07 06:05,14,760.0,,2,10,0,0,,,,,,,,,,,,,,,,,,,,,,,,,,,,,,,,,,,2026-10-07 06:07
구로디지털단지역,POI019,서행,22.0,2026-10-07 06:05,20,6911.0,,1,28,0,0,,,,,,,,,,,,,,,,,,,,,,,,,,,,,,,,,,,2026-10-07 06:07
구로역,POI020,원활,28.0,2026-10-07 06:05,3,1047.0,,0,4,0,0,,,,,,,,,,,,,,,,,,,,,,,,,,,,,,,,,,,2026-10-07 06:07
군자역,POI021,서행,22.0,2026-10-07 06:05,11,573.0,,2,10,0,0,,,,,,,,,,,,,,,,,,,,,,,,,,,,,,,,,,,2026-10-07 06:07
대림역,POI023,서행,18.0,2026-10-07 06:05,4,221.0,,2,22,0,0,,,,,,,,,,,,,,,,,,,,,,,,,,,,,,,,,,,2026-10-07 06:07
동대문역,POI024,서행,21.0,2026-10-07 06:05,17,892.0,0.0,2,5,0,0,,,,,,,,,,,,,,,,,,,,,,,,,,,,,,,,,,,2026-10-07 06:07
뚝섬역,POI025,원활,25.0,2026-10-07 06:05,9,767.0,,1,4,1,0,,,,,,,,,,,,,,,,,,,,,,,,,,,,,,,,,,,2026-10-07 06:07
미아사거리역,POI026,서행,18.0,2026-10-07 06:05,11,1409.0,,1,23,0,0,,,,,,,,,,,,,,,,,,,,,,,,,,,,,,,,,,,2026-10-07 06:07
발산역,POI027,서행,20.0,2026-10-07 06:05,13,2880.0,,1,22,0,0,,,,,,,,,,,,,,,,,,,,,,,,,,,,,,,,,,,2026-10-07 06:07
사당역,POI029,서행,23.0,2026-10-07 06:05,13,520.0,,2,16,1,0,,,,,,,,,,,,,,,,,,,,,,,,,,,,,,,,,,,2026-10-07 06:07
삼각지역,POI030,원활,29.0,2026-10-07 06:05,0,,,2,5,0,0,,,,,,,,,,,,,,,,,,,,,,,,,,,,,,,,,,,2026-10-07 06:07
서울대입구역,POI031,서행,23.0,2026-10-07 06:05,2,52.0,,1,12,0,0,,,,,,,,,,,,,,,,,,,,,,,,,,,,,,,,,,,2026-10-07 06:07
서울식물원·마곡나루역,POI032,서행,19.0,2026-10-07 06:05,2,2651.0,,2,15,3,0,,,,,,,,,,,,,,,,,,,,,,,,,,,,,,,,,,,2026-10-07 06:07
서울역,POI033,서행,24.0,2026-10-07 06:05,23,3968.0,0.0,6,22,1,0,,,,,,,,,,,,,,,,,,,,,,,,,,,,,,,,,,,2026-10-07 06:07
선릉역,POI034,서행,21.0,2026-10-07 06:05,94,11160.0,18.0,4,12,0,0,,,,,,,,,,,,,,,,,,,,,,,,,,,,,,,,,,,2026-10-07 06:07
성신여대입구역,POI035,서행,18.0,2026-10-07 06:05,2,38.0,,2,8,1,0,,,,,,,,,,,,,,,,,,,,,,,,,,,,,,,,,,,2026-10-07 06:07
수유역,POI036,서행,21.0,2026-10-07 06:05,8,802.0,,1,27,0,0,,,,,,,,,,,,,,,,,,,,,,,,,,,,,,,,,,,2026-10-07 06:07
신논현역·논현역,POI037,서행,24.0,2026-10-07 06:05,32,1053.0,,4,11,0,0,,,,,,,,,,,,,,,,,,,,,,,,,,,,,,,,,,,2026-10-07 06:07
신도림역,POI038,원활,44.0,2026-10-07 06:05,1,1644.0,,1,1,0,0,,,,,,,,,,,,,,,,,,,,,,,,,,,,,,,,,,,2026-10-07 06:07
신림역,POI039,서행,16.0,2026-10-07 06:05,2,282.0,,2,14,0,0,,,,,,,,,,,,,,,,,,,,,,,,,,,,,,,,,,,2026-10-07 06:07
신촌·이대역,POI040,서행,20.0,2026-10-07 06:05,25,1943.0,83.0,1,31,0,0,,,,,,,,,,,,,,,,,,,,,,,,,,,,,,,,,,,2026-10-07 06:07
양재역,POI041,원활,30.0,2026-10-07 06:05,16,1881.0,,2,18,0,0,,,,,,,,,,,,,,,,,,,,,,,,,,,,,,,,,,,2026-10-07 06:07
역삼역,POI042,서행,21.0,2026-10-07 06:05,47,7473.0,1.0,1,9,0,0,,,,,,,,,,,,,,,,,,,,,,,,,,,,,,,,,,,2026-10-07 06:07
연신내역,POI043,서행,22.0,2026-10-07 06:05,5,208.0,,3,9,0,0,,,,,,,,,,,,,,,,,,,,,,,,,,,,,,,,,,,2026-10-07 06:07
오목교역·목동운동장,POI044,원활,30.0,2026-10-07 06:05,14,5304.0,,1,25,0,0,,,,,,,,,,,,,,,,,,,,,,,,,,,,,,,,,,,2026-10-07 06:07
왕십리역,POI045,서행,23.0,2026-10-07 06:05,4,1478.0,,4,18,0,0,,,,,,,,,,,,,,,,,,,,,,,,,,,,,,,,,,,2026-10-07 06:07
용산역,POI046,원활,27.0,2026-10-07 06:05,11,5014.0,110.0,1,25,0,0,,,,,,,,,,,,,,,,,,,,,,,,,,,,,,,,,,,2026-10-07 06:07
이태원역,POI047,서행,19.0,2026-10-07 06:05,4,66.0,,1,9,0,0,,,,,,,,,,,,,,,,,,,,,,,,,,,,,,,,,,,2026-10-07 06:07
장지역,POI048,서행,23.0,2026-10-07 06:05,4,10611.0,,1,18,0,0,,,,,,,,,,,,,,,,,,,,,,,,,,,,,,,,,,,2026-10-07 06:07
장한평역,POI049,서행,24.0,2026-10-07 06:05,15,847.0,,1,11,0,0,,,,,,,,,,,,,,,,,,,,,,,,,,,,,,,,,,,2026-10-07 06:07
천호역,POI050,서행,22.0,2026-10-07 06:05,14,3331.0,,2,9,0,0,,,,,,,,,,,,,,,,,,,,,,,,,,,,,,,,,,,2026-10-07 06:07
총신대입구(이수)역,POI051,서행,19.0,2026-10-07 06:05,7,533.0,,2,15,0,0,,,,,,,,,,,,,,,,,,,,,,,,,,,,,,,,,,,2026-10-07 06:07
충정로역,POI052,원활,29.0,2026-10-07 06:05,5,834.0,,2,15,0,0,,,,,,,,,,,,,,,,,,,,,,,,,,,,,,,,,,,2026-10-07 06:07
합정역,POI053,서행,24.0,2026-10-07 06:05,6,207.0,,2,27,0,0,,,,,,,,,,,,,,,,,,,,,,,,,,,,,,,,,,,2026-10-07 06:07
혜화역,POI054,서행,22.0,2026-10-07 06:05,24,955.0,,1,11,7,0,,,,,,,,,,,,,,,,,,,,,,,,,,,,,,,,,,,2026-10-07 06:07
홍대입구역(2호선),POI055,서행,19.0,2026-10-07 06:05,16,1196.0,,3,12,0,0,,,,,,,,,,,,,,,,,,,,,,,,,,,,,,,,,,,2026-10-07 06:07
회기역,POI056,서행,20.0,2026-10-07 06:05,21,408.0,,1,21,0,0,,,,,,,,,,,,,,,,,,,,,,,,,,,,,,,,,,,2026-10-07 06:07
가락시장,POI058,원활,27.0,2026-10-07 06:05,4,2884.0,,2,12,0,0,,,,,,,,,,,,,,,,,,,,,,,,,,,,,,,,,,,2026-10-07 06:07
가로수길,POI059,원활,29.0,2026-10-07 06:05,51,2767.0,29.0,3,9,0,0,,,,,,,,,,,,,,,,,,,,,,,,,,,,,,,,,,,2026-10-07 06:07
광장(전통)시장,POI060,서행,23.0,2026-10-07 06:05,7,103.0,2.0,1,7,0,0,,,,,,,,,,,,,,,,,,,,,,,,,,,,,,,,,,,2026-10-07 06:07
김포공항,POI061,원활,29.0,2026-10-07 06:05,6,16594.0,,3,21,0,0,,,,,,,,,,,,,,,,,,,,,,,,,,,,,,,,,,,2026-10-07 06:07
노량진,POI063,원활,25.0,2026-10-07 06:05,11,1218.0,,2,17,1,0,,,,,,,,,,,,,,,,,,,,,,,,,,,,,,,,,,,2026-10-07 06:07
덕수궁길·정동길,POI064,서행,21.0,2026-10-07 06:05,10,620.0,,3,10,0,0,,,,,,,,,,,,,,,,,,,,,,,,,,,,,,,,,,,2026-10-07 06:07
북촌한옥마을,POI066,서행,22.0,2026-10-07 06:05,16,1756.0,,1,49,6,0,,,,,,,,,,,,,,,,,,,,,,,,,,,,,,,,,,,2026-10-07 06:07
서촌,POI067,서행,21.0,2026-10-07 06:05,9,308.0,,0,25,3,0,,,,,,,,,,,,,,,,,,,,,,,,,,,,,,,,,,,2026-10-07 06:07
성수카페거리,POI068,서행,20.0,2026-10-07 06:05,28,2824.0,,2,23,1,0,,,,,,,,,,,,,,,,,,,,,,,,,,,,,,,,,,,2026-10-07 06:07
쌍문역,POI070,서행,22.0,2026-10-07 06:05,8,345.0,,1,17,0,0,,,,,,,,,,,,,,,,,,,,,,,,,,,,,,,,,,,2026-10-07 06:07
압구정로데오거리,POI071,서행,23.0,2026-10-07 06:05,55,1976.0,2.0,1,11,1,0,,,,,,,,,,,,,,,,,,,,,,,,,,,,,,,,,,,2026-10-07 06:07
여의도,POI072,원활,27.0,2026-10-07 06:05,116,24820.0,142.0,7,58,4,0,,,,,,,,,,,,,,,,,,,,,,,,,,,,,,,,,,,2026-10-07 06:07
연남동,POI073,서행,24.0,2026-10-07 06:05,45,132.0,,0,19,0,0,,,,,,,,,,,,,,,,,,,,,,,,,,,,,,,,,,,2026-10-07 06:07
영등포 타임스퀘어,POI074,서행,23.0,2026-10-07 06:05,10,1195.0,40.0,0,16,0,0,,,,,,,,,,,,,,,,,,,,,,,,,,,,,,,,,,,2026-10-07 06:07
용리단길,POI076,원활,29.0,2026-10-07 06:05,0,,,3,5,0,0,,,,,,,,,,,,,,,,,,,,,,,,,,,,,,,,,,,2026-10-07 06:07
이태원 앤틱가구거리,POI077,원활,25.0,2026-10-07 06:05,4,51.0,,1,13,0,0,,,,,,,,,,,,,,,,,,,,,,,,,,,,,,,,,,,2026-10-07 06:07
인사동,POI078,서행,20.0,2026-10-07 06:05,21,2465.0,1.0,2,19,7,0,,,,,,,,,,,,,,,,,,,,,,,,,,,,,,,,,,,2026-10-07 06:07
창동 신경제 중심지,POI079,서행,21.0,2026-10-07 06:05,46,4927.0,10.0,3,39,6,0,,,,,,,,,,,,,,,,,,,,,,,,,,,,,,,,,,,2026-10-07 06:07
청담동 명품거리,POI080,서행,23.0,2026-10-07 06:05,16,910.0,,1,6,0,0,,,,,,,,,,,,,,,,,,,,,,,,,,,,,,,,,,,2026-10-07 06:07
청량리 제기동 일대 전통시장,POI081,서행,23.0,2026-10-07 06:05,12,2214.0,,2,21,0,0,,,,,,,,,,,,,,,,,,,,,,,,,,,,,,,,,,,2026-10-07 06:07
해방촌·경리단길,POI082,원활,34.0,2026-10-07 06:05,4,273.0,,0,26,0,0,,,,,,,,,,,,,,,,,,,,,,,,,,,,,,,,,,,2026-10-07 06:07
DDP(동대문디자인플라자),POI083,서행,20.0,2026-10-07 06:05,9,2596.0,221.0,3,7,5,0,,,,,,,,,,,,,,,,,,,,,,,,,,,,,,,,,,,2026-10-07 06:07
DMC(디지털미디어시티),POI084,서행,24.0,2026-10-07 06:05,25,9176.0,,4,44,0,0,,,,,,,,,,,,,,,,,,,,,,,,,,,,,,,,,,,2026-10-07 06:07
강서한강공원,POI085,원활,58.0,2026-10-07 06:05,2,106.0,8.0,0,0,0,0,,,,,,,,,,,,,,,,,,,,,,,,,,,,,,,,,,,2026-10-07 06:07
고척돔,POI086,원활,29.0,2026-10-07 06:05,0,,,0,2,4,0,,,,,,,,,,,,,,,,,,,,,,,,,,,,,,,,,,,2026-10-07 06:07
광나루한강공원,POI087,원활,64.0,2026-10-07 06:05,4,718.0,155.0,0,0,0,0,,,,,,,,,,,,,,,,,,,,,,,,,,,,,,,,,,,2026-10-07 06:07
광화문광장,POI088,원활,25.0,2026-10-07 06:05,3,2932.0,126.0,2,8,5,0,,,,,,,,,,,,,,,,,,,,,,,,,,,,,,,,,,,2026-10-07 06:07
국립중앙박물관·용산가족공원,POI089,원활,34.0,2026-10-07 06:05,4,931.0,,1,3,3,0,,,,,,,,,,,,,,,,,,,,,,,,,,,,,,,,,,,2026-10-07 06:07
난지한강공원,POI090,원활,48.0,2026-10-07 06:05,4,1240.0,0.0,0,4,0,0,,,,,,,,,,,,,,,,,,,,,,,,,,,,,,,,,,,2026-10-07 06:07
남산공원,POI091,원활,36.0,2026-10-07 06:05,33,2148.0,21.0,4,22,5,0,,,,,,,,,,,,,,,,,,,,,,,,,,,,,,,,,,,2026-10-07 06:07
노들섬,POI092,원활,36.0,2026-10-07 06:05,1,99.0,,0,2,4,0,,,,,,,,,,,,,,,,,,,,,,,,,,,,,,,,,,,2026-10-07 06:07
뚝섬한강공원,POI093,원활,56.0,2026-10-07 06:05,8,1342.0,153.0,1,1,1,0,,,,,,,,,,,,,,,,,,,,,,,,,,,,,,,,,,,2026-10-07 06:07
망원한강공원,POI094,원활,36.0,2026-10-07 06:05,2,458.0,0.0,2,5,0,0,,,,,,,,,,,,,,,,,,,,,,,,,,,,,,,,,,,2026-10-07 06:07
반포한강공원,POI095,원활,49.0,2026-10-07 06:05,9,1483.0,9.0,0,2,0,0,,,,,,,,,,,,,,,,,,,,,,,,,,,,,,,,,,,2026-10-07 06:07
북서울꿈의숲,POI096,서행,24.0,2026-10-07 06:05,3,549.0,,0,14,1,0,,,,,,,,,,,,,,,,,,,,,,,,,,,,,,,,,,,2026-10-07 06:07
서리풀공원·몽마르뜨공원,POI098,원활,29.0,2026-10-07 06:05,0,,,4,7,0,0,,,,,,,,,,,,,,,,,,,,,,,,,,,,,,,,,,,2026-10-07 06:07
서울대공원,POI100,원활,37.0,2026-10-07 06:05,0,,,0,0,1,0,,,,,,,,,,,,,,,,,,,,,,,,,,,,,,,,,,,2026-10-07 06:07
서울숲공원,POI101,원활,43.0,2026-10-07 06:05,2,996.0,,1,9,2,0,,,,,,,,,,,,,,,,,,,,,,,,,,,,,,,,,,,2026-10-07 06:07
아차산,POI102,원활,32.0,2026-10-07 06:05,0,,,0,3,0,0,,,,,,,,,,,,,,,,,,,,,,,,,,,,,,,,,,,2026-10-07 06:07
양화한강공원,POI103,원활,43.0,2026-10-07 06:05,6,1002.0,39.0,0,2,0,0,,,,,,,,,,,,,,,,,,,,,,,,,,,,,,,,,,,2026-10-07 06:07
어린이대공원,POI104,서행,22.0,2026-10-07 06:05,4,945.0,,2,9,4,0,,,,,,,,,,,,,,,,,,,,,,,,,,,,,,,,,,,2026-10-07 06:07
여의도한강공원,POI105,원활,38.0,2026-10-07 06:05,6,2866.0,58.0,1,3,0,0,,,,,,,,,,,,,,,,,,,,,,,,,,,,,,,,,,,2026-10-07 06:07
월드컵공원,POI106,원활,37.0,2026-10-07 06:05,9,3537.0,,4,27,0,0,,,,,,,,,,,,,,,,,,,,,,,,,,,,,,,,,,,2026-10-07 06:07
응봉산,POI107,원활,26.0,2026-10-07 06:05,3,88.0,,0,24,0,0,,,,,,,,,,,,,,,,,,,,,,,,,,,,,,,,,,,2026-10-07 06:07
이촌한강공원,POI108,원활,46.0,2026-10-07 06:05,2,514.0,0.0,0,2,1,0,,,,,,,,,,,,,,,,,,,,,,,,,,,,,,,,,,,2026-10-07 06:07
잠실종합운동장,POI109,원활,25.0,2026-10-07 06:05,1,876.0,,1,2,0,0,,,,,,,,,,,,,,,,,,,,,,,,,,,,,,,,,,,2026-10-07 06:07
잠실한강공원,POI110,원활,46.0,2026-10-07 06:05,4,1326.0,75.0,1,2,0,0,,,,,,,,,,,,,,,,,,,,,,,,,,,,,,,,,,,2026-10-07 06:07
잠원한강공원,POI111,원활,49.0,2026-10-07 06:05,3,1540.0,0.0,0,2,0,0,,,,,,,,,,,,,,,,,,,,,,,,,,,,,,,,,,,2026-10-07 06:07
청계산,POI112,원활,60.0,2026-10-07 06:05,0,,,0,4,0,0,,,,,,,,,,,,,,,,,,,,,,,,,,,,,,,,,,,2026-10-07 06:07
북창동 먹자골목,POI114,서행,20.0,2026-10-07 06:05,20,552.0,0.0,0,10,0,0,,,,,,,,,,,,,,,,,,,,,,,,,,,,,,,,,,,2026-10-07 06:07
남대문시장,POI115,서행,19.0,2026-10-07 06:05,16,1456.0,3.0,1,6,0,0,,,,,,,,,,,,,,,,,,,,,,,,,,,,,,,,,,,2026-10-07 06:07
익선동,POI116,서행,19.0,2026-10-07 06:05,10,187.0,1.0,3,9,1,0,,,,,,,,,,,,,,,,,,,,,,,,,,,,,,,,,,,2026-10-07 06:07
신정네거리역,POI117,서행,22.0,2026-10-07 06:05,3,119.0,,1,9,0,0,,,,,,,,,,,,,,,,,,,,,,,,,,,,,,,,,,,2026-10-07 06:07
잠실새내역,POI118,서행,23.0,2026-10-07 06:05,31,1541.0,,1,10,0,0,,,,,,,,,,,,,,,,,,,,,,,,,,,,,,,,,,,2026-10-07 06:07
잠실역,POI119,원활,25.0,2026-10-07 06:05,5,6749.0,68.0,2,18,0,0,,,,,,,,,,,,,,,,,,,,,,,,,,,,,,,,,,,2026-10-07 06:07
잠실롯데타워·석촌호수,POI120,서행,23.0,2026-10-07 06:05,33,9281.0,68.0,3,0,3,0,,,,,,,,,,,,,,,,,,,,,,,,,,,,,,,,,,,2026-10-07 06:07
송리단길·호수단길,POI121,서행,22.0,2026-10-07 06:05,21,878.0,,3,12,0,0,,,,,,,,,,,,,,,,,,,,,,,,,,,,,,,,,,,2026-10-07 06:07
신촌 스타광장,POI122,서행,17.0,2026-10-07 06:05,4,235.0,,1,4,0,0,,,,,,,,,,,,,,,,,,,,,,,,,,,,,,,,,,,2026-10-07 06:07
보라매공원,POI123,서행,15.0,2026-10-07 06:05,1,78.0,,2,4,0,0,,,,,,,,,,,,,,,,,,,,,,,,,,,,,,,,,,,2026-10-07 06:07
서대문독립공원,POI124,원활,28.0,2026-10-07 06:05,2,150.0,,1,14,0,0,,,,,,,,,,,,,,,,,,,,,,,,,,,,,,,,,,,2026-10-07 06:07
안양천,POI125,원활,42.0,2026-10-07 06:05,1,294.0,,0,1,0,0,,,,,,,,,,,,,,,,,,,,,,,,,,,,,,,,,,,2026-10-07 06:07
여의서로,POI126,원활,34.0,2026-10-07 06:05,2,168.0,38.0,0,0,0,0,,,,,,,,,,,,,,,,,,,,,,,,,,,,,,,,,,,2026-10-07 06:07
올림픽공원,POI127,원활,28.0,2026-10-07 06:05,4,2716.0,,4,16,6,0,,,,,,,,,,,,,,,,,,,,,,,,,,,,,,,,,,,2026-10-07 06:07
홍제폭포,POI128,원활,31.0,2026-10-07 06:05,0,,,0,0,0,0,,,,,,,,,,,,,,,,,,,,,,,,,,,,,,,,,,,2026-10-07 06:07
송현녹지광장,POI129,서행,21.0,2026-10-07 06:05,4,1546.0,,1,22,6,0,,,,,,,,,,,,,,,,,,,,,,,,,,,,,,,,,,,2026-10-07 06:07
시의회 앞,POI130,서행,24.0,2026-10-07 06:05,9,1723.0,,3,19,6,0,,,,,,,,,,,,,,,,,,,,,,,,,,,,,,,,,,,2026-10-07 06:07
강남 MICE 관광특구,POI001,서행,17.0,2026-10-07 07:05,3,4428.0,,2.0,6.0,2,0,550,600,2400,2500,200,250,1300,1400,80,90,450,500,40,50,150,200,20261007,100,150,350,400,30,40,100,150,0,10,20,30,0,0,10,20,20261007,2026-10-07 07:07
동대문 관광특구,POI002,서행,18.0,2026-10-07 07:05,47,8302.0,218.0,7.0,32.0,7,0,2400,2500,2000,2100,650,700,1200,1300,150,200,400,450,100,150,150,200,20261007,850,900,500,550,100,150,150,200,50,60,70,80,20,30,40,50,20261007,2026-10-07 07:07
명동 관광특구,POI003,서행,19.0,2026-10-07 07:05,93,12070.0,6.0,7.0,54.0,7,1,1000,1100,5300,5400,400,450,3500,3600,100,150,1100,1200,40,50,350,400,20261007,700,750,2200,2300,200,250,600,650,80,90,250,300,30,40,100,150,20261007,2026-10-07 07:07
이태원 관광특구,POI004,서행,23.0,2026-10-07 07:05,8,853.0,,3.0,17.0,0,0,300,350,1300,1400,100,150,800,850,30,40,100,150,10,20,80,90,20261007,150,200,300,350,60,70,150,200,20,30,60,70,0,0,0,10,20261007,2026-10-07 07:07
잠실 관광특구,POI005,서행,23.0,2026-10-07 07:05,37,11997.0,88.0,6.0,50.0,9,0,3000,3100,1800,1900,1500,1600,1000,1100,450,500,300,350,250,300,100,150,20261007,500,550,1000,1100,200,250,450,500,90,100,200,250,40,50,80,90,20261007,2026-10-07 07:07
종로·청계 관광특구,POI006,서행,21.0,2026-10-07 07:05,48,2496.0,70.0,10.0,62.0,0,0,2400,2500,4300,4400,750,800,2500,2600,250,300,700,750,100,150,200,250,20261007,1400,1500,1900,2000,300,350,500,550,100,150,150,200,40,50,80,90,20261007,2026-10-07 07:07
홍대 관광특구,POI007,서행,17.0,2026-10-07 07:05,51,3098.0,,8.0,70.0,0,0,3200,3300,1600,1700,1200,1300,950,1000,300,350,250,300,150,200,100,150,20261007,700,750,900,950,250,300,400,450,80,90,100,150,30,40,70,80,20261007,2026-10-07 07:07
경복궁,POI008,서행,21.0,2026-10-07 07:05,2,267.0,,1.0,11.0,3,0,250,300,500,550,100,150,350,400,40,50,100,150,0,10,80,90,20261007,0,0,0,10,0,0,0,10,0,0,0,10,0,0,0,0,20261007,2026-10-07 07:07
광화문·덕수궁,POI009,서행,20.0,2026-10-07 07:05,29,7988.0,195.0,4.0,41.0,13,1,650,700,3000,3100,300,350,2000,2100,90,100,650,700,30,40,250,300,20261007,550,600,1600,1700,250,300,500,550,80,90,200,250,30,40,80,90,20261007,2026-10-07 07:07
보신각,POI010,서행,18.0,2026-10-07 07:05,14,2572.0,14.0,1.0,14.0,1,0,250,300,950,1000,70,80,550,600,20,30,150,200,0,10,0,0,20261007,200,250,700,750,50,60,150,200,10,20,60,70,10,20,30,40,20261007,2026-10-07 07:07
서울 암사동 유적,POI011,서행,22.0,2026-10-07 07:05,1,108.0,,0.0,3.0,0,0,,,,,,,,,,,,,,,,,,0,0,0,0,0,0,0,0,0,0,0,0,0,0,0,0,20261007,2026-10-07 07:07
창덕궁·종묘,POI012,서행,21.0,2026-10-07 07:05,16,3155.0,344.0,4.0,19.0,1,0,550,600,1700,1800,200,250,950,1000,80,90,250,300,40,50,90,100,20261007,100,150,350,400,40,50,100,150,10,20,40,50,0,10,20,30,20261007,2026-10-07 07:07
가산디지털단지역,POI013,서행,21.0,2026-10-07 07:05,20,8291.0,,2.0,71.0,0,0,1100,1200,1200,1300,400,450,750,800,150,200,250,300,80,90,100,150,20261007,350,400,800,850,150,200,350,400,40,50,100,150,20,30,50,60,20261007,2026-10-07 07:07
강남역,POI014,서행,20.0,2026-10-07 07:05,95,7876.0,,4.0,55.0,0,0,1400,1500,2800,2900,750,800,1600,1700,250,300,550,600,100,150,350,400,20261007,950,1000,1100,1200,400,450,350,400,150,200,100,150,60,70,50,60,20261007,2026-10-07 07:07
건대입구역,POI015,서행,21.0,2026-10-07 07:05,23,6603.0,,2.0,11.0,3,0,1200,1300,750,800,450,500,450,500,150,200,100,150,30,40,20,30,20261007,200,250,250,300,90,100,80,90,50,60,40,50,0,10,10,20,20261007,2026-10-07 07:07
고덕역,POI016,서행,22.0,2026-10-07 07:05,15,1615.0,,1.0,5.0,0,0,450,500,250,300,200,250,100,150,90,100,70,80,50,60,70,80,20261007,60,70,50,60,20,30,20,30,10,20,0,10,0,10,0,10,20261007,2026-10-07 07:07
고속터미널역,POI017,원활,29.0,2026-10-07 07:05,3,4291.0,,3.0,10.0,0,0,750,800,2000,2100,300,350,1200,1300,100,150,350,400,60,70,200,250,20261007,650,700,750,800,250,300,250,300,100,150,100,150,30,40,30,40,20261007,2026-10-07 07:07
교대역,POI018,서행,19.0,2026-10-07 07:05,14,760.0,,2.0,13.0,0,0,500,550,1100,1200,250,300,650,700,70,80,150,200,30,40,100,150,20261007,200,250,150,200,100,150,50,60,30,40,10,20,10,20,0,10,20261007,2026-10-07 07:07
구로디지털단지역,POI019,서행,20.0,2026-10-07 07:05,20,6911.0,,1.0,29.0,0,0,2800,2900,700,750,1000,1100,450,500,250,300,150,200,150,200,50,60,20261007,200,250,200,250,80,90,80,90,30,40,20,30,10,20,10,20,20261007,2026-10-07 07:07
구로역,POI020,원활,30.0,2026-10-07 07:05,3,1047.0,,1.0,5.0,0,0,1700,1800,450,500,400,450,250,300,150,200,100,150,90,100,60,70,20261007,90,100,300,350,30,40,40,50,0,10,20,30,0,0,0,10,20261007,2026-10-07 07:07
군자역,POI021,서행,18.0,2026-10-07 07:05,11,573.0,,2.0,16.0,0,0,1200,1300,350,400,450,500,200,250,100,150,60,70,20,30,10,20,20261007,300,350,300,350,80,90,100,150,20,30,20,30,0,10,10,20,20261007,2026-10-07 07:07
대림역,POI023,서행,19.0,2026-10-07 07:05,4,221.0,,2.0,29.0,0,0,2700,2800,450,500,700,750,200,250,150,200,40,50,100,150,10,20,20261007,450,500,450,500,100,150,150,200,30,40,60,70,10,20,30,40,20261007,2026-10-07 07:07
동대문역,POI024,서행,21.0,2026-10-07 07:05,17,892.0,0.0,2.0,7.0,0,0,900,950,650,700,200,250,350,400,70,80,90,100,40,50,30,40,20261007,500,550,350,400,90,100,100,150,20,30,30,40,0,10,10,20,20261007,2026-10-07 07:07
뚝섬역,POI025,서행,23.0,2026-10-07 07:05,9,767.0,,1.0,4.0,1,0,350,400,450,500,150,200,200,250,60,70,50,60,10,20,0,0,20261007,30,40,100,150,10,20,30,40,0,10,10,20,0,0,0,10,20261007,2026-10-07 07:07
미아사거리역,POI026,서행,15.0,2026-10-07 07:05,11,1409.0,,1.0,29.0,0,0,1400,1500,300,350,650,700,150,200,200,250,50,60,100,150,30,40,20261007,1100,1200,1200,1300,300,350,500,550,100,150,150,200,40,50,100,150,20261007,2026-10-07 07:07
발산역,POI027,서행,19.0,2026-10-07 07:05,13,2880.0,,1.0,37.0,0,0,400,450,500,550,200,250,300,350,60,70,100,150,10,20,10,20,20261007,250,300,450,500,100,150,150,200,30,40,40,50,10,20,30,40,20261007,2026-10-07 07:07
사당역,POI029,서행,19.0,2026-10-07 07:05,13,520.0,,2.0,17.0,1,0,2400,2500,1200,1300,1100,1200,800,850,350,400,200,250,100,150,20,30,20261007,300,350,500,550,100,150,200,250,40,50,80,90,10,20,60,70,20261007,2026-10-07 07:07
삼각지역,POI030,서행,23.0,2026-10-07 07:05,0,,,2.0,7.0,0,0,200,250,250,300,100,150,200,250,40,50,60,70,20,30,20,30,20261007,250,300,300,350,80,90,100,150,30,40,30,40,10,20,10,20,20261007,2026-10-07 07:07
서울대입구역,POI031,서행,21.0,2026-10-07 07:05,2,52.0,,1.0,15.0,0,0,2400,2500,400,450,800,850,200,250,250,300,30,40,30,40,0,0,20261007,800,850,1300,1400,250,300,400,450,90,100,150,200,30,40,50,60,20261007,2026-10-07 07:07
서울식물원·마곡나루역,POI032,서행,17.0,2026-10-07 07:05,2,2651.0,,2.0,15.0,3,0,750,800,650,700,300,350,400,450,100,150,150,200,90,100,60,70,20261007,20,30,150,200,10,20,70,80,0,10,30,40,0,0,10,20,20261007,2026-10-07 07:07
서울역,POI033,서행,17.0,2026-10-07 07:05,23,3968.0,0.0,8.0,34.0,1,0,2400,2500,5200,5300,1100,1200,3500,3600,300,350,1100,1200,150,200,400,450,20261007,900,950,2000,2100,300,350,550,600,100,150,200,250,40,50,100,150,20261007,2026-10-07 07:07
선릉역,POI034,서행,20.0,2026-10-07 07:05,94,11160.0,22.0,4.0,20.0,0,0,850,900,2800,2900,400,450,1700,1800,150,200,400,450,60,70,200,250,20261007,400,450,850,900,150,200,300,350,70,80,100,150,30,40,40,50,20261007,2026-10-07 07:07
성신여대입구역,POI035,서행,17.0,2026-10-07 07:05,2,38.0,,2.0,9.0,1,0,700,750,250,300,350,400,150,200,100,150,40,50,50,60,20,30,20261007,400,450,600,650,100,150,200,250,50,60,80,90,20,30,20,30,20261007,2026-10-07 07:07
수유역,POI036,서행,19.0,2026-10-07 07:05,8,802.0,,1.0,32.0,0,0,2100,2200,400,450,900,950,250,300,250,300,70,80,70,80,0,0,20261007,1500,1600,1500,1600,450,500,500,550,150,200,150,200,60,70,90,100,20261007,2026-10-07 07:07
신논현역·논현역,POI037,서행,22.0,2026-10-07 07:05,32,1053.0,,3.0,13.0,0,0,800,850,1000,1100,400,450,750,800,100,150,200,250,60,70,200,250,20261007,450,500,400,450,150,200,100,150,50,60,40,50,10,20,10,20,20261007,2026-10-07 07:07
신도림역,POI038,원활,27.0,2026-10-07 07:05,1,1644.0,,2.0,2.0,0,0,3200,3300,800,850,1100,1200,450,500,300,350,100,150,50,60,60,70,20261007,200,250,750,800,40,50,150,200,0,10,50,60,0,0,20,30,20261007,2026-10-07 07:07
신림역,POI039,서행,17.0,2026-10-07 07:05,2,282.0,,2.0,15.0,0,0,3300,3400,550,600,1300,1400,300,350,350,400,100,150,200,250,60,70,20261007,1000,1100,1800,1900,350,400,750,800,100,150,250,300,70,80,100,150,20261007,2026-10-07 07:07
신촌·이대역,POI040,서행,18.0,2026-10-07 07:05,25,1943.0,118.0,4.0,41.0,0,0,950,1000,750,800,450,500,450,500,150,200,150,200,60,70,30,40,20261007,650,700,1100,1200,250,300,350,400,80,90,100,150,30,40,70,80,20261007,2026-10-07 07:07
양재역,POI041,서행,23.0,2026-10-07 07:05,16,1881.0,,2.0,27.0,0,0,600,650,1200,1300,300,350,850,900,100,150,250,300,70,80,30,40,20261007,650,700,850,900,350,400,300,350,80,90,100,150,20,30,40,50,20261007,2026-10-07 07:07
역삼역,POI042,서행,21.0,2026-10-07 07:05,47,7473.0,1.0,1.0,10.0,0,0,300,350,1400,1500,100,150,800,850,50,60,250,300,0,10,10,20,20261007,400,450,650,700,100,150,200,250,40,50,80,90,10,20,20,30,20261007,2026-10-07 07:07
연신내역,POI043,서행,18.0,2026-10-07 07:05,5,208.0,,3.0,14.0,0,0,2600,2700,700,750,1000,1100,400,450,350,400,100,150,80,90,20,30,20261007,400,450,500,550,150,200,250,300,60,70,90,100,30,40,50,60,20261007,2026-10-07 07:07
오목교역·목동운동장,POI044,원활,28.0,2026-10-07 07:05,14,5304.0,,1.0,33.0,0,0,600,650,300,350,300,350,200,250,90,100,60,70,40,50,30,40,20261007,500,550,650,700,200,250,200,250,80,90,70,80,40,50,40,50,20261007,2026-10-07 07:07
왕십리역,POI045,서행,20.0,2026-10-07 07:05,4,1478.0,,5.0,22.0,0,0,1500,1600,900,950,550,600,600,650,150,200,150,200,60,70,70,80,20261007,100,150,350,400,80,90,150,200,20,30,60,70,10,20,30,40,20261007,2026-10-07 07:07
용산역,POI046,원활,25.0,2026-10-07 07:05,11,5014.0,108.0,2.0,33.0,0,0,450,500,1800,1900,150,200,1100,1200,60,70,250,300,20,30,100,150,20261007,250,300,400,450,150,200,150,200,50,60,60,70,20,30,30,40,20261007,2026-10-07 07:07
이태원역,POI047,서행,21.0,2026-10-07 07:05,4,66.0,,1.0,9.0,0,0,150,200,850,900,60,70,500,550,10,20,70,80,0,10,70,80,20261007,100,150,100,150,40,50,20,30,10,20,0,10,0,0,0,0,20261007,2026-10-07 07:07
장지역,POI048,서행,20.0,2026-10-07 07:05,4,10611.0,,1.0,20.0,0,0,600,650,400,450,300,350,200,250,100,150,90,100,50,60,10,20,20261007,250,300,300,350,100,150,150,200,40,50,60,70,20,30,20,30,20261007,2026-10-07 07:07
장한평역,POI049,서행,22.0,2026-10-07 07:05,15,847.0,,1.0,16.0,0,0,800,850,400,450,350,400,250,300,100,150,100,150,50,60,30,40,20261007,450,500,650,700,150,200,250,300,60,70,100,150,30,40,30,40,20261007,2026-10-07 07:07
천호역,POI050,서행,20.0,2026-10-07 07:05,14,3331.0,,2.0,12.0,0,0,1500,1600,650,700,550,600,350,400,150,200,100,150,60,70,20,30,20261007,90,100,350,400,40,50,100,150,10,20,50,60,0,10,30,40,20261007,2026-10-07 07:07
총신대입구(이수)역,POI051,서행,17.0,2026-10-07 07:05,7,533.0,,2.0,18.0,0,0,1100,1200,750,800,500,550,400,450,150,200,100,150,30,40,40,50,20261007,400,450,350,400,150,200,150,200,60,70,70,80,30,40,50,60,20261007,2026-10-07 07:07
충정로역,POI052,서행,24.0,2026-10-07 07:05,5,834.0,,2.0,19.0,0,0,400,450,300,350,150,200,200,250,50,60,70,80,20,30,40,50,20261007,300,350,300,350,100,150,90,100,40,50,30,40,20,30,10,20,20261007,2026-10-07 07:07
합정역,POI053,원활,25.0,2026-10-07 07:05,6,207.0,,2.0,30.0,0,0,950,1000,550,600,350,400,300,350,90,100,90,100,20,30,40,50,20261007,250,300,300,350,100,150,100,150,30,40,20,30,10,20,0,10,20261007,2026-10-07 07:07
혜화역,POI054,서행,22.0,2026-10-07 07:05,24,955.0,,1.0,12.0,7,0,250,300,750,800,200,250,750,800,40,50,150,200,20,30,100,150,20261007,350,400,450,500,100,150,150,200,20,30,60,70,0,10,20,30,20261007,2026-10-07 07:07
홍대입구역(2호선),POI055,서행,17.0,2026-10-07 07:05,16,1196.0,,1.0,17.0,0,0,1100,1200,550,600,450,500,350,400,100,150,90,100,70,80,50,60,20261007,400,450,600,650,150,200,250,300,50,60,80,90,20,30,50,60,20261007,2026-10-07 07:07
회기역,POI056,서행,20.0,2026-10-07 07:05,21,408.0,,1.0,22.0,0,0,1000,1100,450,500,400,450,250,300,200,250,100,150,100,150,50,60,20261007,650,700,800,850,250,300,300,350,80,90,100,150,60,70,50,60,20261007,2026-10-07 07:07
가락시장,POI058,원활,26.0,2026-10-07 07:05,4,2884.0,,2.0,16.0,0,0,650,700,450,500,250,300,250,300,70,80,100,150,20,30,60,70,20261007,500,550,400,450,150,200,100,150,60,70,60,70,20,30,30,40,20261007,2026-10-07 07:07
가로수길,POI059,원활,29.0,2026-10-07 07:05,51,2767.0,30.0,2.0,14.0,0,0,700,750,1400,1500,350,400,800,850,100,150,200,250,40,50,100,150,20261007,150,200,450,500,80,90,100,150,20,30,20,30,0,10,10,20,20261007,2026-10-07 07:07
광장(전통)시장,POI060,서행,22.0,2026-10-07 07:05,7,103.0,2.0,1.0,11.0,0,0,100,150,600,650,50,60,350,400,20,30,80,90,0,10,0,10,20261007,90,100,300,350,30,40,100,150,10,20,40,50,10,20,20,30,20261007,2026-10-07 07:07
김포공항,POI061,원활,30.0,2026-10-07 07:05,6,16594.0,,6.0,27.0,0,0,600,650,1400,1500,300,350,800,850,90,100,300,350,40,50,150,200,20261007,60,70,200,250,20,30,60,70,10,20,40,50,0,10,10,20,20261007,2026-10-07 07:07
노량진,POI063,서행,24.0,2026-10-07 07:05,11,1218.0,,3.0,22.0,1,0,2200,2300,850,900,800,850,500,550,250,300,150,200,150,200,100,150,20261007,600,650,1400,1500,250,300,500,550,100,150,150,200,40,50,80,90,20261007,2026-10-07 07:07
덕수궁길·정동길,POI064,서행,19.0,2026-10-07 07:05,10,620.0,,3.0,10.0,0,0,450,500,2200,2300,200,250,1400,1500,50,60,500,550,20,30,70,80,20261007,150,200,550,600,60,70,150,200,10,20,40,50,0,10,10,20,20261007,2026-10-07 07:07
북촌한옥마을,POI066,서행,22.0,2026-10-07 07:05,16,1756.0,,1.0,55.0,6,0,100,150,250,300,40,50,150,200,10,20,70,80,0,10,0,0,20261007,200,250,600,650,100,150,250,300,40,50,100,150,10,20,40,50,20261007,2026-10-07 07:07
서촌,POI067,서행,20.0,2026-10-07 07:05,9,308.0,,1.0,32.0,3,0,250,300,500,550,100,150,350,400,40,50,100,150,0,10,80,90,20261007,300,350,500,550,150,200,200,250,70,80,100,150,40,50,60,70,20261007,2026-10-07 07:07
성수카페거리,POI068,서행,19.0,2026-10-07 07:05,28,2824.0,,2.0,35.0,1,0,750,800,1900,2000,350,400,1200,1300,100,150,250,300,30,40,150,200,20261007,200,250,400,450,80,90,100,150,10,20,50,60,0,10,30,40,20261007,2026-10-07 07:07
쌍문역,POI070,서행,21.0,2026-10-07 07:05,8,345.0,,1.0,18.0,0,0,2300,2400,200,250,1000,1100,100,150,300,350,40,50,150,200,20,30,20261007,650,700,1000,1100,150,200,500,550,50,60,150,200,30,40,100,150,20261007,2026-10-07 07:07
압구정로데오거리,POI071,서행,23.0,2026-10-07 07:05,55,1976.0,2.0,1.0,16.0,1,0,150,200,400,450,80,90,300,350,30,40,80,90,10,20,60,70,20261007,300,350,550,600,80,90,150,200,20,30,60,70,10,20,20,30,20261007,2026-10-07 07:07
여의도,POI072,원활,25.0,2026-10-07 07:05,116,24820.0,248.0,9.0,63.0,4,0,2100,2200,3100,3200,850,900,2000,2100,250,300,750,800,150,200,400,450,20261007,1200,1300,3400,3500,400,450,1100,1200,150,200,400,450,50,60,150,200,20261007,2026-10-07 07:07
연남동,POI073,서행,20.0,2026-10-07 07:05,45,132.0,,0.0,20.0,0,0,,,,,,,,,,,,,,,,,,250,300,150,200,90,100,60,70,30,40,20,30,0,10,0,10,20261007,2026-10-07 07:07
영등포 타임스퀘어,POI074,서행,19.0,2026-10-07 07:05,10,1195.0,71.0,3.0,24.0,0,0,1900,2000,1000,1100,650,700,500,550,200,250,150,200,100,150,100,150,20261007,500,550,850,900,150,200,200,250,50,60,80,90,10,20,30,40,20261007,2026-10-07 07:07
용리단길,POI076,서행,22.0,2026-10-07 07:05,0,,,3.0,7.0,0,0,350,400,700,750,150,200,450,500,70,80,100,150,20,30,20,30,20261007,100,150,450,500,50,60,150,200,20,30,70,80,10,20,40,50,20261007,2026-10-07 07:07
이태원 앤틱가구거리,POI077,서행,22.0,2026-10-07 07:05,4,51.0,,1.0,13.0,0,0,150,200,850,900,60,70,500,550,10,20,70,80,0,10,70,80,20261007,100,150,200,250,50,60,100,150,10,20,60,70,0,0,0,10,20261007,2026-10-07 07:07
인사동,POI078,서행,19.0,2026-10-07 07:05,21,2465.0,1.0,2.0,26.0,7,0,400,450,1200,1300,100,150,750,800,30,40,250,300,0,10,0,0,20261007,400,450,750,800,100,150,200,250,40,50,80,90,20,30,40,50,20261007,2026-10-07 07:07
창동 신경제 중심지,POI079,서행,21.0,2026-10-07 07:05,46,4927.0,11.0,4.0,55.0,6,0,3700,3800,1000,1100,1600,1700,500,550,500,550,200,250,200,250,70,80,20261007,500,550,1000,1100,150,200,450,500,50,60,150,200,10,20,70,80,20261007,2026-10-07 07:07
청담동 명품거리,POI080,서행,24.0,2026-10-07 07:05,16,910.0,,1.0,10.0,0,0,150,200,400,450,80,90,300,350,30,40,80,90,10,20,60,70,20261007,90,100,200,250,40,50,80,90,10,20,30,40,0,10,10,20,20261007,2026-10-07 07:07
청량리 제기동 일대 전통시장,POI081,서행,19.0,2026-10-07 07:05,12,2214.0,,2.0,23.0,0,0,1300,1400,750,800,450,500,400,450,100,150,150,200,40,50,30,40,20261007,1100,1200,1600,1700,300,350,500,550,100,150,150,200,40,50,80,90,20261007,2026-10-07 07:07
해방촌·경리단길,POI082,원활,34.0,2026-10-07 07:05,4,273.0,,0.0,26.0,0,0,,,,,,,,,,,,,,,,,,200,250,60,70,100,150,50,60,30,40,10,20,20,30,10,20,20261007,2026-10-07 07:07
DDP(동대문디자인플라자),POI083,서행,17.0,2026-10-07 07:05,9,2596.0,202.0,3.0,11.0,5,0,650,700,800,850,150,200,500,550,40,50,150,200,20,30,60,70,20261007,300,350,100,150,20,30,30,40,10,20,10,20,0,10,10,20,20261007,2026-10-07 07:07
DMC(디지털미디어시티),POI084,서행,22.0,2026-10-07 07:05,25,9176.0,,4.0,68.0,0,0,1200,1300,750,800,600,650,450,500,200,250,100,150,60,70,60,70,20261007,400,450,500,550,200,250,200,250,70,80,100,150,40,50,50,60,20261007,2026-10-07 07:07
강서한강공원,POI085,원활,59.0,2026-10-07 07:05,2,106.0,1.0,0.0,1.0,0,0,,,,,,,,,,,,,,,,,,0,0,0,0,0,0,0,0,0,0,0,0,0,0,0,0,20261007,2026-10-07 07:07
고척돔,POI086,서행,24.0,2026-10-07 07:05,0,,,1.0,3.0,4,0,500,550,150,200,250,300,70,80,90,100,20,30,60,70,10,20,20261007,200,250,100,150,70,80,30,40,30,40,20,30,20,30,0,10,20261007,2026-10-07 07:07
광나루한강공원,POI087,원활,57.0,2026-10-07 07:05,4,718.0,176.0,0.0,0.0,0,0,,,,,,,,,,,,,,,,,,,,,,,,,,,,,,,,,,,2026-10-07 07:07
광화문광장,POI088,서행,22.0,2026-10-07 07:05,3,2932.0,195.0,2.0,12.0,5,0,350,400,1200,1300,150,200,850,900,60,70,250,300,20,30,150,200,20261007,200,250,600,650,100,150,150,200,40,50,80,90,10,20,30,40,20261007,2026-10-07 07:07
국립중앙박물관·용산가족공원,POI089,원활,37.0,2026-10-07 07:05,4,931.0,,3.0,3.0,3,0,450,500,550,600,250,300,350,400,70,80,90,100,30,40,40,50,20261007,0,10,10,20,0,0,0,10,0,0,0,0,0,0,0,0,20261007,2026-10-07 07:07
난지한강공원,POI090,원활,44.0,2026-10-07 07:05,4,1240.0,0.0,0.0,7.0,0,0,,,,,,,,,,,,,,,,,,0,0,0,0,0,0,0,0,0,0,0,0,0,0,0,0,20261007,2026-10-07 07:07
남산공원,POI091,원활,33.0,2026-10-07 07:05,33,2148.0,21.0,5.0,37.0,5,0,600,650,2000,2100,200,250,1300,1400,80,90,350,400,30,40,100,150,20261007,100,150,200,250,60,70,100,150,30,40,40,50,20,30,20,30,20261007,2026-10-07 07:07
노들섬,POI092,서행,19.0,2026-10-07 07:05,1,99.0,,0.0,4.0,4,0,,,,,,,,,,,,,,,,,,30,40,80,90,10,20,30,40,0,10,0,10,0,0,0,0,20261007,2026-10-07 07:07
뚝섬한강공원,POI093,원활,48.0,2026-10-07 07:05,8,1342.0,163.0,1.0,1.0,1,0,450,500,100,150,200,250,70,80,70,80,10,20,40,50,10,20,20261007,0,0,0,0,0,0,0,0,0,0,0,0,0,0,0,0,20261007,2026-10-07 07:07
망원한강공원,POI094,원활,33.0,2026-10-07 07:05,2,458.0,0.0,2.0,10.0,0,0,950,1000,550,600,350,400,300,350,90,100,90,100,20,30,40,50,20261007,200,250,250,300,60,70,100,150,20,30,30,40,10,20,0,10,20261007,2026-10-07 07:07
반포한강공원,POI095,원활,45.0,2026-10-07 07:05,9,1483.0,9.0,0.0,6.0,0,0,,,,,,,,,,,,,,,,,,0,0,0,10,0,0,0,10,0,0,0,0,0,0,0,0,20261007,2026-10-07 07:07
북서울꿈의숲,POI096,서행,23.0,2026-10-07 07:05,3,549.0,,0.0,17.0,1,0,,,,,,,,,,,,,,,,,,200,250,40,50,100,150,10,20,40,50,0,10,10,20,0,0,20261007,2026-10-07 07:07
서리풀공원·몽마르뜨공원,POI098,원활,25.0,2026-10-07 07:05,0,,,4.0,7.0,0,0,1100,1200,2500,2600,500,550,1500,1600,150,200,450,500,90,100,250,300,20261007,600,650,700,750,250,300,250,300,90,100,100,150,30,40,30,40,20261007,2026-10-07 07:07
서울대공원,POI100,원활,30.0,2026-10-07 07:05,0,,,1.0,0.0,1,0,10,20,100,150,0,10,80,90,0,10,20,30,0,10,20,30,20261007,,,,,,,,,,,,,,,,,,2026-10-07 07:07
서울숲공원,POI101,원활,37.0,2026-10-07 07:05,2,996.0,,1.0,9.0,2,0,250,300,250,300,100,150,200,250,40,50,100,150,10,20,30,40,20261007,10,20,60,70,0,10,10,20,0,0,10,20,0,0,0,0,20261007,2026-10-07 07:07
아차산,POI102,원활,32.0,2026-10-07 07:05,0,,,0.0,3.0,0,0,,,,,,,,,,,,,,,,,,20,30,0,0,10,20,0,0,0,0,0,0,0,0,0,0,20261007,2026-10-07 07:07
양화한강공원,POI103,원활,35.0,2026-10-07 07:05,6,1002.0,55.0,0.0,5.0,0,0,,,,,,,,,,,,,,,,,,0,0,20,30,0,0,0,10,0,0,0,10,0,0,0,10,20261007,2026-10-07 07:07
어린이대공원,POI104,서행,21.0,2026-10-07 07:05,4,945.0,,2.0,9.0,4,0,1100,1200,400,450,450,500,200,250,100,150,70,80,80,90,30,40,20261007,100,150,100,150,50,60,50,60,10,20,10,20,0,10,0,10,20261007,2026-10-07 07:07
여의도한강공원,POI105,원활,39.0,2026-10-07 07:05,6,2866.0,157.0,1.0,3.0,0,0,90,100,300,350,30,40,200,250,10,20,60,70,0,10,30,40,20261007,30,40,60,70,20,30,20,30,0,10,10,20,0,0,0,10,20261007,2026-10-07 07:07
월드컵공원,POI106,원활,32.0,2026-10-07 07:05,9,3537.0,,4.0,34.0,0,1,1100,1200,800,850,550,600,450,500,150,200,100,150,40,50,50,60,20261007,100,150,80,90,50,60,50,60,10,20,20,30,10,20,10,20,20261007,2026-10-07 07:07
응봉산,POI107,원활,25.0,2026-10-07 07:05,3,88.0,,1.0,24.0,0,0,150,200,30,40,80,90,10,20,20,30,10,20,20,30,0,0,20261007,150,200,60,70,70,80,20,30,40,50,10,20,20,30,10,20,20261007,2026-10-07 07:07
이촌한강공원,POI108,원활,41.0,2026-10-07 07:05,2,514.0,0.0,0.0,4.0,1,0,,,,,,,,,,,,,,,,,,0,0,0,10,0,0,0,10,0,0,0,0,0,0,0,0,20261007,2026-10-07 07:07
잠실종합운동장,POI109,원활,27.0,2026-10-07 07:05,1,876.0,,2.0,4.0,0,0,400,450,700,750,200,250,450,500,70,80,100,150,40,50,30,40,20261007,100,150,200,250,20,30,50,60,0,10,20,30,0,10,10,20,20261007,2026-10-07 07:07
잠실한강공원,POI110,원활,33.0,2026-10-07 07:05,4,1326.0,98.0,1.0,9.0,0,0,550,600,350,400,300,350,200,250,90,100,70,80,10,20,10,20,20261007,20,30,100,150,0,10,30,40,0,0,10,20,0,0,0,10,20261007,2026-10-07 07:07
잠원한강공원,POI111,원활,42.0,2026-10-07 07:05,3,1540.0,0.0,0.0,5.0,0,0,,,,,,,,,,,,,,,,,,20,30,30,40,0,10,0,10,0,0,0,10,0,0,0,0,20261007,2026-10-07 07:07
청계산,POI112,원활,48.0,2026-10-07 07:05,0,,,0.0,9.0,0,0,,,,,,,,,,,,,,,,,,10,20,0,10,0,0,0,0,0,0,0,0,0,0,0,0,20261007,2026-10-07 07:07
북창동 먹자골목,POI114,서행,19.0,2026-10-07 07:05,20,552.0,0.0,0.0,11.0,0,0,,,,,,,,,,,,,,,,,,100,150,450,500,40,50,150,200,10,20,70,80,0,10,30,40,20261007,2026-10-07 07:07
남대문시장,POI115,서행,20.0,2026-10-07 07:05,16,1456.0,4.0,1.0,7.0,0,0,,,,,,,,,,,,,,,,,,90,100,300,350,20,30,100,150,0,10,30,40,0,10,20,30,20261007,2026-10-07 07:07
익선동,POI116,서행,17.0,2026-10-07 07:05,10,187.0,1.0,3.0,11.0,1,0,400,450,1000,1100,150,200,600,650,60,70,150,200,40,50,80,90,20261007,200,250,350,400,60,70,100,150,20,30,30,40,10,20,20,30,20261007,2026-10-07 07:07
신정네거리역,POI117,서행,20.0,2026-10-07 07:05,3,119.0,,1.0,9.0,0,0,,,,,,,,,,,,,,,,,,,,,,,,,,,,,,,,,,,2026-10-07 07:07
잠실새내역,POI118,서행,21.0,2026-10-07 07:05,31,1541.0,,1.0,18.0,0,0,650,700,200,250,350,400,150,200,100,150,20,30,60,70,20,30,20261007,250,300,350,400,90,100,100,150,30,40,50,60,10,20,10,20,20261007,2026-10-07 07:07
잠실역,POI119,서행,21.0,2026-10-07 07:05,5,6749.0,88.0,2.0,21.0,0,0,,,,,,,,,,,,,,,,,,600,650,1200,1300,200,250,500,550,70,80,150,200,30,40,70,80,20261007,2026-10-07 07:07
잠실롯데타워·석촌호수,POI120,서행,20.0,2026-10-07 07:05,33,9281.0,88.0,3.0,0.0,3,0,,,,,,,,,,,,,,,,,,,,,,,,,,,,,,,,,,,2026-10-07 07:07
송리단길·호수단길,POI121,서행,20.0,2026-10-07 07:05,21,878.0,,1.0,15.0,0,0,250,300,150,200,100,150,80,90,20,30,30,40,0,10,0,0,20261007,350,400,350,400,100,150,150,200,40,50,60,70,20,30,20,30,20261007,2026-10-07 07:07
신촌 스타광장,POI122,서행,17.0,2026-10-07 07:05,4,235.0,,1.0,4.0,0,0,,,,,,,,,,,,,,,,,,250,300,200,250,100,150,80,90,30,40,30,40,10,20,10,20,20261007,2026-10-07 07:07
보라매공원,POI123,정체,14.0,2026-10-07 07:05,1,78.0,,2.0,5.0,0,0,150,200,150,200,90,100,100,150,40,50,60,70,30,40,30,40,20261007,0,0,0,10,0,0,0,10,0,0,0,0,0,0,0,0,20261007,2026-10-07 07:07
서대문독립공원,POI124,서행,24.0,2026-10-07 07:05,2,150.0,,1.0,18.0,0,0,400,450,150,200,150,200,90,100,40,50,20,30,20,30,10,20,20261007,300,350,350,400,100,150,90,100,40,50,30,40,20,30,10,20,20261007,2026-10-07 07:07
안양천,POI125,원활,37.0,2026-10-07 07:05,1,294.0,,0.0,1.0,0,0,,,,,,,,,,,,,,,,,,0,0,0,0,0,0,0,0,0,0,0,0,0,0,0,0,20261007,2026-10-07 07:07
여의서로,POI126,원활,34.0,2026-10-07 07:05,2,168.0,38.0,0.0,0.0,0,0,,,,,,,,,,,,,,,,,,,,,,,,,,,,,,,,,,,2026-10-07 07:07
올림픽공원,POI127,원활,26.0,2026-10-07 07:05,4,2716.0,,4.0,17.0,6,0,,,,,,,,,,,,,,,,,,150,200,250,300,70,80,100,150,30,40,50,60,20,30,20,30,20261007,2026-10-07 07:07
홍제폭포,POI128,원활,28.0,2026-10-07 07:05,0,,,0.0,0.0,0,0,,,,,,,,,,,,,,,,,,,,,,,,,,,,,,,,,,,2026-10-07 07:07
송현녹지광장,POI129,서행,21.0,2026-10-07 07:05,4,1546.0,,1.0,25.0,6,0,100,150,250,300,40,50,150,200,10,20,70,80,0,10,0,0,20261007,150,200,600,650,90,100,200,250,40,50,80,90,0,10,40,50,20261007,2026-10-07 07:07
시의회 앞,POI130,서행,19.0,2026-10-07 07:05,9,1723.0,,3.0,25.0,6,0,400,450,2400,2500,150,200,1600,1700,50,60,500,550,20,30,150,200,20261007,300,350,1100,1200,100,150,300,350,40,50,100,150,10,20,50,60,20261007,2026-10-07 07:07
강남 MICE 관광특구,POI001,서행,17.0,2026-10-07 07:35,3,4428.0,,2.0,6.0,2,0,900,950,4500,4600,350,400,2000,2100,100,150,650,700,70,80,250,300,20261007,150,200,500,550,40,50,100,150,10,20,40,50,0,10,20,30,20261007,2026-10-07 07:37
동대문 관광특구,POI002,서행,18.0,2026-10-07 07:35,47,8302.0,215.0,7.0,32.0,7,0,3600,3700,3900,4000,1100,1200,1800,1900,400,450,600,650,250,300,400,450,20261007,1000,1100,700,750,100,150,200,250,50,60,60,70,20,30,10,20,20261007,2026-10-07 07:37
명동 관광특구,POI003,서행,17.0,2026-10-07 07:35,93,12070.0,6.0,7.0,54.0,7,1,1700,1800,11700,11800,700,750,6300,6400,250,300,2000,2100,100,150,1200,1300,20261007,1000,1100,3100,3200,300,350,900,950,100,150,250,300,40,50,150,200,20261007,2026-10-07 07:37
이태원 관광특구,POI004,서행,21.0,2026-10-07 07:35,8,853.0,,3.0,17.0,0,0,500,550,2100,2200,200,250,750,800,60,70,200,250,40,50,80,90,20261007,200,250,450,500,50,60,100,150,20,30,50,60,0,10,10,20,20261007,2026-10-07 07:37
잠실 관광특구,POI005,서행,21.0,2026-10-07 07:35,37,11997.0,113.0,6.0,50.0,9,0,5700,5800,3800,3900,2700,2800,1900,2000,950,1000,500,550,650,700,400,450,20261007,800,850,1700,1800,300,350,650,700,100,150,250,300,40,50,90,100,20261007,2026-10-07 07:37
종로·청계 관광특구,POI006,서행,17.0,2026-10-07 07:35,48,2496.0,48.0,10.0,62.0,0,0,3500,3600,9200,9300,1100,1200,4800,4900,350,400,1500,1600,200,250,850,900,20261007,1700,1800,2800,2900,350,400,800,850,100,150,250,300,60,70,100,150,20261007,2026-10-07 07:37
홍대 관광특구,POI007,서행,17.0,2026-10-07 07:35,51,3098.0,,8.0,70.0,0,0,5500,5600,3100,3200,2300,2400,1400,1500,850,900,500,550,500,550,300,350,20261007,1100,1200,1500,1600,400,450,650,700,150,200,250,300,60,70,100,150,20261007,2026-10-07 07:37
경복궁,POI008,서행,20.0,2026-10-07 07:35,2,267.0,,1.0,11.0,3,0,400,450,1000,1100,150,200,500,550,50,60,150,200,20,30,40,50,20261007,0,0,10,20,0,0,0,10,0,0,0,10,0,0,0,0,20261007,2026-10-07 07:37
광화문·덕수궁,POI009,서행,17.0,2026-10-07 07:35,29,7988.0,263.0,4.0,41.0,13,1,1200,1300,6600,6700,550,600,3600,3700,150,200,1100,1200,100,150,650,700,20261007,800,850,2400,2500,250,300,800,850,90,100,250,300,50,60,100,150,20261007,2026-10-07 07:37
보신각,POI010,서행,17.0,2026-10-07 07:35,14,2572.0,16.0,1.0,14.0,1,0,400,450,2200,2300,100,150,1300,1400,40,50,350,400,10,20,150,200,20261007,300,350,1000,1100,90,100,300,350,20,30,100,150,10,20,60,70,20261007,2026-10-07 07:37
서울 암사동 유적,POI011,원활,26.0,2026-10-07 07:35,1,108.0,,0.0,3.0,0,0,,,,,,,,,,,,,,,,,,0,10,0,0,0,10,0,0,0,0,0,0,0,0,0,0,20261007,2026-10-07 07:37
창덕궁·종묘,POI012,서행,18.0,2026-10-07 07:35,16,3155.0,381.0,4.0,19.0,1,0,850,900,3100,3200,250,300,1400,1500,100,150,450,500,60,70,250,300,20261007,200,250,500,550,70,80,100,150,30,40,50,60,10,20,20,30,20261007,2026-10-07 07:37
가산디지털단지역,POI013,서행,21.0,2026-10-07 07:35,20,8291.0,,2.0,71.0,0,0,1700,1800,2800,2900,600,650,1600,1700,200,250,600,650,150,200,450,500,20261007,600,650,1500,1600,250,300,650,700,80,90,200,250,40,50,100,150,20261007,2026-10-07 07:37
강남역,POI014,서행,18.0,2026-10-07 07:35,95,7876.0,,4.0,55.0,0,0,2600,2700,5500,5600,1100,1200,2600,2700,350,400,850,900,200,250,450,500,20261007,1600,1700,1700,1800,650,700,550,600,250,300,150,200,150,200,90,100,20261007,2026-10-07 07:37
건대입구역,POI015,서행,19.0,2026-10-07 07:35,23,6603.0,,2.0,11.0,3,0,2200,2300,1300,1400,900,950,550,600,300,350,200,250,150,200,90,100,20261007,300,350,400,450,70,80,100,150,20,30,50,60,0,10,20,30,20261007,2026-10-07 07:37
고덕역,POI016,서행,20.0,2026-10-07 07:35,15,1615.0,,1.0,5.0,0,0,850,900,450,500,400,450,150,200,100,150,90,100,90,100,10,20,20261007,100,150,90,100,50,60,30,40,20,30,10,20,10,20,0,10,20261007,2026-10-07 07:37
고속터미널역,POI017,서행,24.0,2026-10-07 07:35,3,4291.0,,3.0,10.0,0,0,1400,1500,3800,3900,600,650,1700,1800,200,250,550,600,100,150,400,450,20261007,900,950,1100,1200,250,300,350,400,100,150,100,150,70,80,50,60,20261007,2026-10-07 07:37
교대역,POI018,서행,19.0,2026-10-07 07:35,14,760.0,,2.0,13.0,0,0,1000,1100,2100,2200,500,550,950,1000,150,200,300,350,100,150,150,200,20261007,350,400,250,300,100,150,80,90,40,50,30,40,30,40,20,30,20261007,2026-10-07 07:37
구로디지털단지역,POI019,서행,18.0,2026-10-07 07:35,20,6911.0,,1.0,29.0,0,0,4600,4700,1500,1600,1800,1900,800,850,700,750,300,350,450,500,250,300,20261007,300,350,350,400,100,150,150,200,40,50,40,50,30,40,20,30,20261007,2026-10-07 07:37
구로역,POI020,원활,26.0,2026-10-07 07:35,3,1047.0,,1.0,5.0,0,0,2200,2300,800,850,450,500,300,350,200,250,150,200,100,150,80,90,20261007,100,150,400,450,30,40,70,80,10,20,30,40,0,10,10,20,20261007,2026-10-07 07:37
군자역,POI021,서행,18.0,2026-10-07 07:35,11,573.0,,2.0,16.0,0,0,2100,2200,600,650,900,950,200,250,300,350,80,90,100,150,20,30,20261007,450,500,400,450,100,150,100,150,30,40,30,40,10,20,0,10,20261007,2026-10-07 07:37
대림역,POI023,서행,17.0,2026-10-07 07:35,4,221.0,,2.0,29.0,0,0,3900,4000,850,900,1100,1200,350,400,400,450,100,150,250,300,80,90,20261007,600,650,750,800,100,150,300,350,40,50,150,200,20,30,100,150,20261007,2026-10-07 07:37
동대문역,POI024,서행,18.0,2026-10-07 07:35,17,892.0,0.0,2.0,7.0,0,0,1200,1300,1400,1500,300,350,700,750,100,150,200,250,70,80,150,200,20261007,550,600,500,550,60,70,150,200,20,30,40,50,10,20,20,30,20261007,2026-10-07 07:37
뚝섬역,POI025,서행,22.0,2026-10-07 07:35,9,767.0,,1.0,4.0,1,0,650,700,950,1000,300,350,500,550,100,150,150,200,40,50,70,80,20261007,40,50,100,150,10,20,30,40,0,10,10,20,0,0,0,10,20261007,2026-10-07 07:37
미아사거리역,POI026,정체,13.0,2026-10-07 07:35,11,1409.0,,1.0,29.0,0,0,2700,2800,600,650,1300,1400,300,350,450,500,100,150,200,250,40,50,20261007,1500,1600,2000,2100,450,500,750,800,150,200,300,350,50,60,150,200,20261007,2026-10-07 07:37
발산역,POI027,서행,17.0,2026-10-07 07:35,13,2880.0,,1.0,37.0,0,0,850,900,1000,1100,450,500,500,550,150,200,150,200,60,70,30,40,20261007,400,450,650,700,100,150,200,250,50,60,60,70,10,20,30,40,20261007,2026-10-07 07:37
사당역,POI029,서행,18.0,2026-10-07 07:35,13,520.0,,2.0,17.0,1,0,4600,4700,2500,2600,2200,2300,1200,1300,850,900,400,450,400,450,150,200,20261007,500,550,850,900,200,250,300,350,90,100,100,150,40,50,50,60,20261007,2026-10-07 07:37
삼각지역,POI030,서행,20.0,2026-10-07 07:35,0,,,2.0,7.0,0,0,400,450,550,600,150,200,250,300,70,80,100,150,40,50,60,70,20261007,400,450,450,500,100,150,100,150,40,50,50,60,10,20,20,30,20261007,2026-10-07 07:37
서울대입구역,POI031,서행,15.0,2026-10-07 07:35,2,52.0,,1.0,15.0,0,0,4100,4200,750,800,1700,1800,350,400,600,650,100,150,200,250,30,40,20261007,1200,1300,1900,2000,350,400,600,650,100,150,200,250,60,70,100,150,20261007,2026-10-07 07:37
서울식물원·마곡나루역,POI032,서행,17.0,2026-10-07 07:35,2,2651.0,,2.0,15.0,3,0,1400,1500,1700,1800,650,700,1100,1200,250,300,450,500,150,200,300,350,20261007,40,50,250,300,20,30,90,100,10,20,10,20,0,0,0,10,20261007,2026-10-07 07:37
서울역,POI033,서행,21.0,2026-10-07 07:35,23,3968.0,0.0,8.0,34.0,1,0,4500,4600,9800,9900,2000,2100,4600,4700,650,700,1400,1500,400,450,600,650,20261007,1300,1400,2800,2900,350,400,750,800,100,150,250,300,40,50,100,150,20261007,2026-10-07 07:37
선릉역,POI034,서행,19.0,2026-10-07 07:35,94,11160.0,25.0,4.0,20.0,0,0,1500,1600,5200,5300,650,700,2400,2500,250,300,800,850,100,150,250,300,20261007,700,750,1400,1500,300,350,600,650,100,150,200,250,40,50,100,150,20261007,2026-10-07 07:37
성신여대입구역,POI035,서행,16.0,2026-10-07 07:35,2,38.0,,2.0,9.0,1,0,1500,1600,500,550,750,800,250,300,300,350,70,80,200,250,50,60,20261007,600,650,950,1000,150,200,350,400,60,70,100,150,30,40,80,90,20261007,2026-10-07 07:37
수유역,POI036,서행,17.0,2026-10-07 07:35,8,802.0,,1.0,32.0,0,0,3600,3700,700,750,1500,1600,300,350,500,550,100,150,150,200,40,50,20261007,2100,2200,2400,2500,600,650,850,900,200,250,250,300,100,150,100,150,20261007,2026-10-07 07:37
신논현역·논현역,POI037,서행,22.0,2026-10-07 07:35,32,1053.0,,3.0,13.0,0,0,1400,1500,1900,2000,600,650,800,850,150,200,200,250,100,150,100,150,20261007,650,700,550,600,200,250,150,200,90,100,50,60,40,50,20,30,20261007,2026-10-07 07:37
신도림역,POI038,서행,19.0,2026-10-07 07:35,1,1644.0,,2.0,2.0,0,0,5500,5600,1400,1500,2200,2300,600,650,800,850,150,200,300,350,90,100,20261007,300,350,1100,1200,90,100,350,400,30,40,100,150,0,10,50,60,20261007,2026-10-07 07:37
신림역,POI039,서행,16.0,2026-10-07 07:35,2,282.0,,2.0,15.0,0,0,5700,5800,1000,1100,2400,2500,450,500,900,950,200,250,550,600,100,150,20261007,1400,1500,3000,3100,450,500,1100,1200,200,250,450,500,80,90,250,300,20261007,2026-10-07 07:37
신촌·이대역,POI040,서행,16.0,2026-10-07 07:35,25,1943.0,114.0,4.0,41.0,0,0,1800,1900,1400,1500,900,950,700,750,300,350,200,250,150,200,100,150,20261007,1000,1100,1600,1700,400,450,500,550,150,200,150,200,70,80,90,100,20261007,2026-10-07 07:37
양재역,POI041,서행,22.0,2026-10-07 07:35,16,1881.0,,2.0,27.0,0,0,1200,1300,2600,2700,650,700,1400,1500,200,250,500,550,150,200,350,400,20261007,1200,1300,1300,1400,550,600,450,500,150,200,150,200,70,80,70,80,20261007,2026-10-07 07:37
역삼역,POI042,서행,20.0,2026-10-07 07:35,47,7473.0,1.0,1.0,10.0,0,0,550,600,3000,3100,200,250,1600,1700,70,80,550,600,30,40,300,350,20261007,550,600,1000,1100,150,200,300,350,60,70,100,150,20,30,40,50,20261007,2026-10-07 07:37
연신내역,POI043,서행,19.0,2026-10-07 07:35,5,208.0,,3.0,14.0,0,0,4600,4700,1200,1300,2000,2100,500,550,700,750,150,200,250,300,30,40,20261007,600,650,900,950,200,250,350,400,60,70,150,200,20,30,100,150,20261007,2026-10-07 07:37
오목교역·목동운동장,POI044,원활,25.0,2026-10-07 07:35,14,5304.0,,1.0,33.0,0,0,1400,1500,600,650,800,850,250,300,350,400,70,80,250,300,70,80,20261007,900,950,1100,1200,400,450,400,450,150,200,150,200,70,80,100,150,20261007,2026-10-07 07:37
왕십리역,POI045,서행,19.0,2026-10-07 07:35,4,1478.0,,5.0,22.0,0,0,2700,2800,1600,1700,1100,1200,650,700,400,450,150,200,200,250,100,150,20261007,200,250,650,700,70,80,250,300,40,50,100,150,10,20,50,60,20261007,2026-10-07 07:37
용산역,POI046,서행,22.0,2026-10-07 07:35,11,5014.0,102.0,2.0,33.0,0,0,800,850,3300,3400,300,350,1500,1600,100,150,600,650,80,90,200,250,20261007,450,500,600,650,150,200,200,250,80,90,90,100,40,50,40,50,20261007,2026-10-07 07:37
이태원역,POI047,서행,20.0,2026-10-07 07:35,4,66.0,,1.0,9.0,0,0,250,300,1100,1200,70,80,300,350,20,30,60,70,20,30,40,50,20261007,150,200,150,200,30,40,60,70,10,20,30,40,0,0,10,20,20261007,2026-10-07 07:37
장지역,POI048,서행,19.0,2026-10-07 07:35,4,10611.0,,1.0,20.0,0,0,1200,1300,850,900,650,700,400,450,200,250,150,200,150,200,80,90,20261007,400,450,600,650,100,150,250,300,50,60,100,150,20,30,50,60,20261007,2026-10-07 07:37
장한평역,POI049,서행,23.0,2026-10-07 07:35,15,847.0,,1.0,16.0,0,0,1600,1700,750,800,800,850,350,400,300,350,100,150,250,300,70,80,20261007,700,750,1100,1200,200,250,400,450,80,90,100,150,30,40,70,80,20261007,2026-10-07 07:37
천호역,POI050,서행,18.0,2026-10-07 07:35,14,3331.0,,2.0,12.0,0,0,2600,2700,1300,1400,1100,1200,600,650,400,450,150,200,150,200,50,60,20261007,100,150,500,550,50,60,150,200,10,20,40,50,10,20,30,40,20261007,2026-10-07 07:37
총신대입구(이수)역,POI051,서행,15.0,2026-10-07 07:35,7,533.0,,2.0,18.0,0,0,2200,2300,1300,1400,1000,1100,550,600,400,450,200,250,150,200,80,90,20261007,650,700,700,750,200,250,300,350,100,150,100,150,40,50,70,80,20261007,2026-10-07 07:37
충정로역,POI052,서행,20.0,2026-10-07 07:35,5,834.0,,2.0,19.0,0,0,700,750,700,750,300,350,350,400,100,150,150,200,60,70,60,70,20261007,450,500,450,500,100,150,150,200,40,50,60,70,10,20,20,30,20261007,2026-10-07 07:37
합정역,POI053,서행,23.0,2026-10-07 07:35,6,207.0,,2.0,30.0,0,0,1700,1800,1100,1200,750,800,500,550,250,300,150,200,100,150,100,150,20261007,450,500,450,500,150,200,150,200,50,60,70,80,30,40,40,50,20261007,2026-10-07 07:37
혜화역,POI054,서행,19.0,2026-10-07 07:35,24,955.0,,1.0,12.0,7,0,500,550,1500,1600,200,250,750,800,70,80,200,250,50,60,150,200,20261007,500,550,750,800,150,200,250,300,50,60,100,150,20,30,40,50,20261007,2026-10-07 07:37
홍대입구역(2호선),POI055,서행,18.0,2026-10-07 07:35,16,1196.0,,1.0,17.0,0,0,2000,2100,1100,1200,900,950,500,550,350,400,150,200,200,250,100,150,20261007,600,650,1000,1100,200,250,450,500,60,70,150,200,20,30,80,90,20261007,2026-10-07 07:37
회기역,POI056,서행,17.0,2026-10-07 07:35,21,408.0,,1.0,22.0,0,0,1700,1800,700,750,650,700,250,300,300,350,70,80,150,200,40,50,20261007,1000,1100,1300,1400,400,450,500,550,100,150,150,200,60,70,90,100,20261007,2026-10-07 07:37
가락시장,POI058,서행,23.0,2026-10-07 07:35,4,2884.0,,2.0,16.0,0,0,1200,1300,800,850,500,550,300,350,200,250,100,150,100,150,80,90,20261007,700,750,600,650,200,250,150,200,70,80,60,70,30,40,30,40,20261007,2026-10-07 07:37
가로수길,POI059,원활,27.0,2026-10-07 07:35,51,2767.0,30.0,2.0,14.0,0,0,1100,1200,2400,2500,450,500,1000,1100,150,200,250,300,100,150,150,200,20261007,250,300,600,650,90,100,100,150,30,40,30,40,20,30,10,20,20261007,2026-10-07 07:37
광장(전통)시장,POI060,서행,19.0,2026-10-07 07:35,7,103.0,5.0,1.0,11.0,0,0,200,250,1200,1300,90,100,550,600,30,40,150,200,10,20,90,100,20261007,100,150,450,500,40,50,100,150,20,30,50,60,10,20,20,30,20261007,2026-10-07 07:37
김포공항,POI061,원활,29.0,2026-10-07 07:35,6,16594.0,,6.0,27.0,0,0,1200,1300,2500,2600,650,700,1000,1100,250,300,350,400,150,200,200,250,20261007,90,100,350,400,20,30,150,200,10,20,40,50,0,10,20,30,20261007,2026-10-07 07:37
노량진,POI063,서행,24.0,2026-10-07 07:35,11,1218.0,,3.0,22.0,1,0,3600,3700,1400,1500,1300,1400,550,600,500,550,200,250,300,350,100,150,20261007,900,950,2100,2200,250,300,700,750,100,150,250,300,40,50,150,200,20261007,2026-10-07 07:37
덕수궁길·정동길,POI064,서행,17.0,2026-10-07 07:35,10,620.0,,3.0,10.0,0,0,950,1000,4600,4700,450,500,2400,2500,150,200,750,800,60,70,350,400,20261007,300,350,850,900,100,150,250,300,40,50,100,150,10,20,30,40,20261007,2026-10-07 07:37
북촌한옥마을,POI066,서행,20.0,2026-10-07 07:35,16,1756.0,,1.0,55.0,6,0,150,200,650,700,50,60,400,450,20,30,150,200,0,10,50,60,20261007,350,400,1000,1100,150,200,350,400,60,70,100,150,20,30,60,70,20261007,2026-10-07 07:37
서촌,POI067,서행,19.0,2026-10-07 07:35,9,308.0,,1.0,32.0,3,0,400,450,1000,1100,150,200,500,550,50,60,150,200,20,30,40,50,20261007,600,650,800,850,250,300,300,350,100,150,100,150,40,50,30,40,20261007,2026-10-07 07:37
성수카페거리,POI068,서행,18.0,2026-10-07 07:35,28,2824.0,,2.0,35.0,1,0,1400,1500,3300,3400,600,650,1300,1400,200,250,400,450,100,150,250,300,20261007,250,300,500,550,60,70,90,100,20,30,30,40,10,20,10,20,20261007,2026-10-07 07:37
쌍문역,POI070,서행,20.0,2026-10-07 07:35,8,345.0,,1.0,18.0,0,0,4000,4100,400,450,1700,1800,200,250,600,650,60,70,350,400,50,60,20261007,900,950,1800,1900,200,250,700,750,80,90,300,350,30,40,100,150,20261007,2026-10-07 07:37
압구정로데오거리,POI071,서행,21.0,2026-10-07 07:35,55,1976.0,2.0,1.0,16.0,1,0,200,250,700,750,70,80,300,350,40,50,150,200,10,20,80,90,20261007,350,400,750,800,90,100,200,250,20,30,60,70,0,10,20,30,20261007,2026-10-07 07:37
여의도,POI072,서행,24.0,2026-10-07 07:35,116,24820.0,374.0,9.0,63.0,4,0,3500,3600,7200,7300,1300,1400,4000,4100,550,600,1800,1900,300,350,1000,1100,20261007,1900,2000,5100,5200,650,700,1700,1800,200,250,600,650,100,150,300,350,20261007,2026-10-07 07:37
연남동,POI073,서행,17.0,2026-10-07 07:35,45,132.0,,0.0,20.0,0,0,,,,,,,,,,,,,,,,,,400,450,300,350,100,150,100,150,70,80,50,60,40,50,20,30,20261007,2026-10-07 07:37
영등포 타임스퀘어,POI074,서행,21.0,2026-10-07 07:35,10,1195.0,83.0,3.0,24.0,0,0,2800,2900,1900,2000,900,950,850,900,400,450,400,450,200,250,200,250,20261007,750,800,1100,1200,200,250,300,350,100,150,100,150,40,50,40,50,20261007,2026-10-07 07:37
용리단길,POI076,서행,20.0,2026-10-07 07:35,0,,,3.0,7.0,0,0,700,750,1600,1700,350,400,900,950,100,150,300,350,70,80,100,150,20261007,150,200,650,700,60,70,150,200,30,40,80,90,10,20,30,40,20261007,2026-10-07 07:37
이태원 앤틱가구거리,POI077,서행,21.0,2026-10-07 07:35,4,51.0,,1.0,13.0,0,0,250,300,1100,1200,70,80,300,350,20,30,60,70,20,30,40,50,20261007,100,150,300,350,30,40,70,80,10,20,20,30,0,10,0,10,20261007,2026-10-07 07:37
인사동,POI078,서행,16.0,2026-10-07 07:35,21,2465.0,0.0,2.0,26.0,7,0,550,600,2900,3000,150,200,1700,1800,60,70,500,550,20,30,200,250,20261007,650,700,1100,1200,200,250,350,400,60,70,100,150,20,30,50,60,20261007,2026-10-07 07:37
창동 신경제 중심지,POI079,서행,20.0,2026-10-07 07:35,46,4927.0,18.0,4.0,55.0,6,0,6400,6500,1600,1700,2600,2700,650,700,850,900,200,250,550,600,100,150,20261007,750,800,1600,1700,250,300,650,700,100,150,200,250,60,70,100,150,20261007,2026-10-07 07:37
청담동 명품거리,POI080,서행,23.0,2026-10-07 07:35,16,910.0,,1.0,10.0,0,0,200,250,700,750,70,80,300,350,40,50,150,200,10,20,80,90,20261007,100,150,250,300,30,40,90,100,10,20,30,40,0,0,10,20,20261007,2026-10-07 07:37
청량리 제기동 일대 전통시장,POI081,서행,20.0,2026-10-07 07:35,12,2214.0,,2.0,23.0,0,0,2400,2500,1300,1400,1000,1100,500,550,350,400,100,150,150,200,90,100,20261007,1500,1600,2200,2300,400,450,550,600,100,150,200,250,30,40,70,80,20261007,2026-10-07 07:37
해방촌·경리단길,POI082,원활,34.0,2026-10-07 07:35,4,273.0,,0.0,26.0,0,0,,,,,,,,,,,,,,,,,,400,450,150,200,150,200,90,100,70,80,50,60,40,50,40,50,20261007,2026-10-07 07:37
DDP(동대문디자인플라자),POI083,서행,19.0,2026-10-07 07:35,9,2596.0,207.0,3.0,11.0,5,0,900,950,1500,1600,250,300,750,800,90,100,250,300,60,70,150,200,20261007,350,400,150,200,20,30,50,60,0,10,10,20,0,0,0,10,20261007,2026-10-07 07:37
DMC(디지털미디어시티),POI084,서행,20.0,2026-10-07 07:35,25,9176.0,,4.0,68.0,0,0,2300,2400,1300,1400,1100,1200,550,600,400,450,150,200,200,250,50,60,20261007,700,750,950,1000,250,300,400,450,100,150,150,200,60,70,100,150,20261007,2026-10-07 07:37
강서한강공원,POI085,원활,58.0,2026-10-07 07:35,2,106.0,0.0,0.0,1.0,0,0,,,,,,,,,,,,,,,,,,0,0,0,0,0,0,0,0,0,0,0,0,0,0,0,0,20261007,2026-10-07 07:37
고척돔,POI086,서행,22.0,2026-10-07 07:35,0,,,1.0,3.0,4,0,850,900,200,250,300,350,70,80,150,200,30,40,60,70,30,40,20261007,300,350,150,200,90,100,60,70,40,50,20,30,20,30,10,20,20261007,2026-10-07 07:37
광나루한강공원,POI087,원활,52.0,2026-10-07 07:35,4,718.0,207.0,0.0,0.0,0,0,,,,,,,,,,,,,,,,,,,,,,,,,,,,,,,,,,,2026-10-07 07:37
광화문광장,POI088,서행,19.0,2026-10-07 07:35,3,2932.0,263.0,2.0,12.0,5,0,650,700,2800,2900,300,350,1500,1600,90,100,500,550,50,60,250,300,20261007,350,400,900,950,100,150,250,300,40,50,100,150,10,20,50,60,20261007,2026-10-07 07:37
국립중앙박물관·용산가족공원,POI089,원활,36.0,2026-10-07 07:35,4,931.0,,3.0,3.0,3,0,750,800,900,950,250,300,350,400,100,150,100,150,40,50,70,80,20261007,10,20,30,40,10,20,10,20,0,10,0,10,0,0,0,0,20261007,2026-10-07 07:37
난지한강공원,POI090,원활,36.0,2026-10-07 07:35,4,1240.0,0.0,0.0,7.0,0,0,,,,,,,,,,,,,,,,,,0,0,0,0,0,0,0,0,0,0,0,0,0,0,0,0,20261007,2026-10-07 07:37
남산공원,POI091,원활,32.0,2026-10-07 07:35,33,2148.0,20.0,5.0,37.0,5,0,950,1000,4000,4100,350,400,2000,2100,100,150,650,700,80,90,250,300,20261007,200,250,350,400,80,90,100,150,30,40,30,40,10,20,10,20,20261007,2026-10-07 07:37
노들섬,POI092,정체,12.0,2026-10-07 07:35,1,99.0,,0.0,4.0,4,0,,,,,,,,,,,,,,,,,,40,50,100,150,10,20,30,40,0,0,20,30,0,0,0,10,20261007,2026-10-07 07:37
뚝섬한강공원,POI093,원활,39.0,2026-10-07 07:35,8,1342.0,164.0,1.0,1.0,1,0,800,850,200,250,300,350,100,150,100,150,20,30,70,80,10,20,20261007,0,0,0,0,0,0,0,0,0,0,0,0,0,0,0,0,20261007,2026-10-07 07:37
망원한강공원,POI094,원활,31.0,2026-10-07 07:35,2,458.0,0.0,2.0,10.0,0,0,1700,1800,1100,1200,750,800,500,550,250,300,150,200,100,150,100,150,20261007,250,300,400,450,80,90,150,200,30,40,70,80,10,20,50,60,20261007,2026-10-07 07:37
반포한강공원,POI095,원활,41.0,2026-10-07 07:35,9,1483.0,9.0,0.0,6.0,0,0,,,,,,,,,,,,,,,,,,0,10,0,10,0,10,0,10,0,10,0,0,0,0,0,0,20261007,2026-10-07 07:37
북서울꿈의숲,POI096,서행,24.0,2026-10-07 07:35,3,549.0,,0.0,17.0,1,0,,,,,,,,,,,,,,,,,,300,350,70,80,100,150,20,30,30,40,10,20,10,20,0,10,20261007,2026-10-07 07:37
서리풀공원·몽마르뜨공원,POI098,원활,25.0,2026-10-07 07:35,0,,,4.0,7.0,0,0,2100,2200,4700,4800,950,1000,2100,2200,350,400,700,750,200,250,500,550,20261007,850,900,1000,1100,250,300,350,400,100,150,100,150,60,70,50,60,20261007,2026-10-07 07:37
서울대공원,POI100,원활,30.0,2026-10-07 07:35,0,,,1.0,0.0,1,0,30,40,200,250,10,20,70,80,0,10,40,50,0,10,10,20,20261007,,,,,,,,,,,,,,,,,,2026-10-07 07:37
서울숲공원,POI101,원활,32.0,2026-10-07 07:35,2,996.0,,1.0,9.0,2,0,450,500,500,550,200,250,200,250,100,150,90,100,50,60,40,50,20261007,10,20,90,100,0,10,30,40,0,10,10,20,0,0,0,10,20261007,2026-10-07 07:37
아차산,POI102,원활,31.0,2026-10-07 07:35,0,,,0.0,3.0,0,0,,,,,,,,,,,,,,,,,,40,50,0,0,10,20,0,0,0,10,0,0,0,0,0,0,20261007,2026-10-07 07:37
양화한강공원,POI103,원활,31.0,2026-10-07 07:35,6,1002.0,58.0,0.0,5.0,0,0,,,,,,,,,,,,,,,,,,0,0,20,30,0,0,0,10,0,0,0,10,0,0,0,10,20261007,2026-10-07 07:37
어린이대공원,POI104,서행,16.0,2026-10-07 07:35,4,945.0,,2.0,9.0,4,0,1900,2000,850,900,850,900,400,450,300,350,100,150,200,250,60,70,20261007,150,200,150,200,60,70,60,70,20,30,20,30,10,20,10,20,20261007,2026-10-07 07:37
여의도한강공원,POI105,원활,38.0,2026-10-07 07:35,6,2866.0,273.0,1.0,3.0,0,0,150,200,700,750,90,100,400,450,30,40,200,250,20,30,100,150,20261007,60,70,90,100,20,30,30,40,0,10,0,10,0,0,0,10,20261007,2026-10-07 07:37
월드컵공원,POI106,원활,32.0,2026-10-07 07:35,9,3537.0,,4.0,34.0,0,1,2200,2300,1400,1500,1000,1100,600,650,400,450,200,250,150,200,50,60,20261007,150,200,150,200,80,90,80,90,30,40,30,40,10,20,10,20,20261007,2026-10-07 07:37
응봉산,POI107,서행,19.0,2026-10-07 07:35,3,88.0,,1.0,24.0,0,0,200,250,50,60,80,90,20,30,20,30,0,0,10,20,0,0,20261007,300,350,90,100,100,150,30,40,50,60,10,20,30,40,0,10,20261007,2026-10-07 07:37
이촌한강공원,POI108,원활,40.0,2026-10-07 07:35,2,514.0,0.0,0.0,4.0,1,0,,,,,,,,,,,,,,,,,,0,0,0,10,0,0,0,0,0,0,0,0,0,0,0,0,20261007,2026-10-07 07:37
잠실종합운동장,POI109,서행,23.0,2026-10-07 07:35,1,876.0,,2.0,4.0,0,0,800,850,1000,1100,350,400,350,400,150,200,100,150,90,100,60,70,20261007,150,200,250,300,30,40,70,80,10,20,20,30,0,10,10,20,20261007,2026-10-07 07:37
잠실한강공원,POI110,원활,26.0,2026-10-07 07:35,4,1326.0,120.0,1.0,9.0,0,0,1200,1300,700,750,650,700,300,350,250,300,100,150,100,150,70,80,20261007,20,30,100,150,0,10,30,40,0,0,0,10,0,0,0,10,20261007,2026-10-07 07:37
잠원한강공원,POI111,원활,42.0,2026-10-07 07:35,3,1540.0,0.0,0.0,5.0,0,0,,,,,,,,,,,,,,,,,,30,40,50,60,0,10,10,20,0,0,0,10,0,0,0,0,20261007,2026-10-07 07:37
청계산,POI112,원활,42.0,2026-10-07 07:35,0,,,0.0,9.0,0,0,,,,,,,,,,,,,,,,,,10,20,0,10,0,10,0,0,0,0,0,0,0,0,0,0,20261007,2026-10-07 07:37
북창동 먹자골목,POI114,서행,16.0,2026-10-07 07:35,20,552.0,0.0,0.0,11.0,0,0,,,,,,,,,,,,,,,,,,150,200,650,700,50,60,200,250,20,30,70,80,0,10,30,40,20261007,2026-10-07 07:37
남대문시장,POI115,서행,17.0,2026-10-07 07:35,16,1456.0,4.0,1.0,7.0,0,0,,,,,,,,,,,,,,,,,,100,150,450,500,20,30,100,150,10,20,30,40,0,10,20,30,20261007,2026-10-07 07:37
익선동,POI116,정체,14.0,2026-10-07 07:35,10,187.0,0.0,3.0,11.0,1,0,600,650,1900,2000,200,250,850,900,60,70,300,350,40,50,150,200,20261007,300,350,500,550,100,150,100,150,30,40,50,60,10,20,20,30,20261007,2026-10-07 07:37
신정네거리역,POI117,서행,20.0,2026-10-07 07:35,3,119.0,,1.0,9.0,0,0,,,,,,,,,,,,,,,,,,,,,,,,,,,,,,,,,,,2026-10-07 07:37
잠실새내역,POI118,서행,20.0,2026-10-07 07:35,31,1541.0,,1.0,18.0,0,0,1500,1600,450,500,850,900,200,250,300,350,60,70,150,200,50,60,20261007,400,450,550,600,100,150,150,200,60,70,60,70,20,30,20,30,20261007,2026-10-07 07:37
잠실역,POI119,서행,19.0,2026-10-07 07:35,5,6749.0,113.0,2.0,21.0,0,0,,,,,,,,,,,,,,,,,,850,900,1900,2000,200,250,700,750,90,100,250,300,40,50,100,150,20261007,2026-10-07 07:37
잠실롯데타워·석촌호수,POI120,서행,19.0,2026-10-07 07:35,33,9281.0,113.0,3.0,0.0,3,0,,,,,,,,,,,,,,,,,,,,,,,,,,,,,,,,,,,2026-10-07 07:37
송리단길·호수단길,POI121,서행,20.0,2026-10-07 07:35,21,878.0,,1.0,15.0,0,0,450,500,300,350,200,250,100,150,80,90,50,60,30,40,20,30,20261007,550,600,450,500,150,200,100,150,60,70,50,60,30,40,20,30,20261007,2026-10-07 07:37
신촌 스타광장,POI122,정체,14.0,2026-10-07 07:35,4,235.0,,1.0,4.0,0,0,,,,,,,,,,,,,,,,,,400,450,350,400,150,200,100,150,70,80,40,50,40,50,20,30,20261007,2026-10-07 07:37
보라매공원,POI123,서행,16.0,2026-10-07 07:35,1,78.0,,2.0,5.0,0,0,300,350,400,450,100,150,200,250,70,80,90,100,30,40,60,70,20261007,0,10,10,20,0,10,10,20,0,0,0,10,0,0,0,10,20261007,2026-10-07 07:37
서대문독립공원,POI124,서행,24.0,2026-10-07 07:35,2,150.0,,1.0,18.0,0,0,650,700,350,400,200,250,200,250,90,100,70,80,60,70,30,40,20261007,550,600,500,550,200,250,150,200,70,80,50,60,30,40,20,30,20261007,2026-10-07 07:37
안양천,POI125,원활,32.0,2026-10-07 07:35,1,294.0,,0.0,1.0,0,0,,,,,,,,,,,,,,,,,,0,0,0,0,0,0,0,0,0,0,0,0,0,0,0,0,20261007,2026-10-07 07:37
여의서로,POI126,원활,33.0,2026-10-07 07:35,2,168.0,38.0,0.0,0.0,0,0,,,,,,,,,,,,,,,,,,,,,,,,,,,,,,,,,,,2026-10-07 07:37
올림픽공원,POI127,서행,24.0,2026-10-07 07:35,4,2716.0,,4.0,17.0,6,0,,,,,,,,,,,,,,,,,,250,300,350,400,100,150,100,150,30,40,30,40,10,20,0,10,20261007,2026-10-07 07:37
홍제폭포,POI128,원활,26.0,2026-10-07 07:35,0,,,0.0,0.0,0,0,,,,,,,,,,,,,,,,,,,,,,,,,,,,,,,,,,,2026-10-07 07:37
송현녹지광장,POI129,서행,18.0,2026-10-07 07:35,4,1546.0,,1.0,25.0,6,0,150,200,650,700,50,60,400,450,20,30,150,200,0,10,50,60,20261007,300,350,950,1000,100,150,300,350,40,50,100,150,20,30,50,60,20261007,2026-10-07 07:37
시의회 앞,POI130,서행,17.0,2026-10-07 07:35,9,1723.0,,3.0,25.0,6,0,750,800,5500,5600,350,400,3100,3200,100,150,1000,1100,80,90,600,650,20261007,450,500,1700,1800,100,150,600,650,50,60,150,200,40,50,100,150,20261007,2026-10-07 07:37
강남 MICE 관광특구,POI001,서행,19.0,2026-10-07 08:05,3,4428.0,,2.0,6.0,2,0,1400,1500,8600,8700,500,550,4100,4200,150,200,1700,1800,60,70,900,950,20261007,200,250,650,700,60,70,150,200,20,30,70,80,0,10,30,40,20261007,2026-10-07 08:07
동대문 관광특구,POI002,서행,18.0,2026-10-07 08:05,47,8302.0,212.0,7.0,32.0,7,0,5200,5300,6700,6800,1600,1700,2800,2900,550,600,950,1000,350,400,650,700,20261007,1200,1300,1000,1100,200,250,250,300,80,90,100,150,40,50,50,60,20261007,2026-10-07 08:07
명동 관광특구,POI003,서행,16.0,2026-10-07 08:05,93,12070.0,6.0,7.0,54.0,7,1,2800,2900,24600,24700,1000,1100,12900,13000,350,400,5400,5500,150,200,3400,3500,20261007,1600,1700,4500,4600,550,600,1300,1400,200,250,550,600,100,150,200,250,20261007,2026-10-07 08:07
이태원 관광특구,POI004,서행,22.0,2026-10-07 08:05,8,853.0,,3.0,17.0,0,0,800,850,3300,3400,250,300,1100,1200,90,100,350,400,50,60,250,300,20261007,350,400,550,600,100,150,100,150,40,50,50,60,10,20,20,30,20261007,2026-10-07 08:07
잠실 관광특구,POI005,서행,20.0,2026-10-07 08:05,37,11997.0,152.0,6.0,50.0,9,0,10200,10300,6900,7000,4400,4500,3000,3100,1600,1700,1200,1300,1100,1200,950,1000,20261007,1400,1500,2700,2800,550,600,1000,1100,200,250,350,400,100,150,150,200,20261007,2026-10-07 08:07
종로·청계 관광특구,POI006,서행,16.0,2026-10-07 08:05,48,2496.0,52.0,10.0,62.0,0,0,5100,5200,18100,18200,1500,1600,8900,9000,500,550,3600,3700,300,350,1900,2000,20261007,2400,2500,4000,4100,650,700,1200,1300,250,300,500,550,100,150,200,250,20261007,2026-10-07 08:07
홍대 관광특구,POI007,서행,16.0,2026-10-07 08:05,51,3098.0,,8.0,70.0,0,0,9000,9100,5500,5600,3400,3500,2400,2500,1100,1200,950,1000,650,700,600,650,20261007,1800,1900,2500,2600,700,750,900,950,250,300,300,350,100,150,90,100,20261007,2026-10-07 08:07
경복궁,POI008,서행,19.0,2026-10-07 08:05,2,267.0,,1.0,11.0,3,0,700,750,2000,2100,250,300,950,1000,70,80,350,400,30,40,100,150,20261007,0,10,40,50,0,10,30,40,0,0,10,20,0,0,0,10,20261007,2026-10-07 08:07
광화문·덕수궁,POI009,서행,16.0,2026-10-07 08:05,29,7988.0,360.0,4.0,41.0,13,1,2000,2100,13500,13600,800,850,6800,6900,250,300,2700,2800,150,200,1600,1700,20261007,1300,1400,3600,3700,500,550,1200,1300,200,250,500,550,100,150,200,250,20261007,2026-10-07 08:07
보신각,POI010,서행,16.0,2026-10-07 08:05,14,2572.0,20.0,1.0,14.0,1,0,550,600,5200,5300,150,200,2900,3000,50,60,1000,1100,20,30,250,300,20261007,450,500,1500,1600,150,200,450,500,50,60,200,250,20,30,100,150,20261007,2026-10-07 08:07
서울 암사동 유적,POI011,서행,24.0,2026-10-07 08:05,1,108.0,,0.0,3.0,0,0,,,,,,,,,,,,,,,,,,0,10,0,10,0,10,0,0,0,0,0,0,0,0,0,0,20261007,2026-10-07 08:07
창덕궁·종묘,POI012,서행,17.0,2026-10-07 08:05,16,3155.0,416.0,4.0,19.0,1,0,1100,1200,5600,5700,300,350,2500,2600,100,150,1100,1200,60,70,700,750,20261007,300,350,650,700,100,150,150,200,40,50,70,80,20,30,20,30,20261007,2026-10-07 08:07
가산디지털단지역,POI013,서행,19.0,2026-10-07 08:05,20,8291.0,,2.0,71.0,0,0,2700,2800,6800,6900,900,950,3900,4000,300,350,1600,1700,200,250,1100,1200,20261007,1200,1300,2500,2600,600,650,1000,1100,250,300,450,500,150,200,200,250,20261007,2026-10-07 08:07
강남역,POI014,서행,17.0,2026-10-07 08:05,95,7876.0,,4.0,55.0,0,0,4700,4800,11300,11400,2000,2100,5800,5900,600,650,2400,2500,400,450,1600,1700,20261007,2900,3000,2700,2800,1200,1300,950,1000,450,500,400,450,200,250,150,200,20261007,2026-10-07 08:07
건대입구역,POI015,서행,16.0,2026-10-07 08:05,23,6603.0,,2.0,11.0,3,0,3800,3900,2200,2300,1600,1700,900,950,550,600,350,400,250,300,150,200,20261007,400,450,700,750,90,100,300,350,40,50,100,150,20,30,60,70,20261007,2026-10-07 08:07
고덕역,POI016,서행,16.0,2026-10-07 08:05,15,1615.0,,1.0,5.0,0,0,1500,1600,850,900,600,650,400,450,200,250,200,250,150,200,30,40,20261007,200,250,200,250,90,100,100,150,10,20,40,50,0,10,10,20,20261007,2026-10-07 08:07
고속터미널역,POI017,서행,20.0,2026-10-07 08:05,3,4291.0,,3.0,10.0,0,0,2500,2600,6400,6500,1100,1200,2500,2600,350,400,1000,1100,250,300,700,750,20261007,1400,1500,1600,1700,500,550,500,550,200,250,150,200,70,80,70,80,20261007,2026-10-07 08:07
교대역,POI018,서행,18.0,2026-10-07 08:05,14,760.0,,2.0,13.0,0,1,1800,1900,3700,3800,800,850,1500,1600,250,300,600,650,100,150,350,400,20261007,450,500,400,450,100,150,150,200,20,30,50,60,10,20,30,40,20261007,2026-10-07 08:07
구로디지털단지역,POI019,서행,17.0,2026-10-07 08:05,20,6911.0,,1.0,29.0,0,0,7700,7800,3400,3500,3100,3200,1900,2000,1000,1100,850,900,800,850,600,650,20261007,550,600,650,700,200,250,250,300,80,90,80,90,40,50,40,50,20261007,2026-10-07 08:07
구로역,POI020,원활,26.0,2026-10-07 08:05,3,1047.0,,1.0,5.0,0,0,3000,3100,1300,1400,750,800,500,550,250,300,200,250,150,200,70,80,20261007,150,200,500,550,50,60,100,150,10,20,30,40,0,0,10,20,20261007,2026-10-07 08:07
군자역,POI021,서행,15.0,2026-10-07 08:05,11,573.0,,2.0,16.0,0,0,3800,3900,950,1000,1600,1700,350,400,550,600,150,200,200,250,80,90,20261007,600,650,650,700,150,200,200,250,40,50,70,80,10,20,30,40,20261007,2026-10-07 08:07
대림역,POI023,서행,18.0,2026-10-07 08:05,4,221.0,,2.0,29.0,0,0,5800,5900,1500,1600,1800,1900,600,650,600,650,200,250,400,450,150,200,20261007,850,900,1100,1200,250,300,400,450,80,90,150,200,60,70,80,90,20261007,2026-10-07 08:07
동대문역,POI024,서행,19.0,2026-10-07 08:05,17,892.0,0.0,2.0,7.0,0,0,1600,1700,2300,2400,400,450,900,950,100,150,300,350,100,150,200,250,20261007,650,700,650,700,100,150,150,200,30,40,50,60,10,20,20,30,20261007,2026-10-07 08:07
뚝섬역,POI025,서행,23.0,2026-10-07 08:05,9,767.0,,1.0,4.0,1,0,1100,1200,1800,1900,450,500,900,950,150,200,350,400,70,80,200,250,20261007,80,90,150,200,30,40,50,60,10,20,20,30,0,10,10,20,20261007,2026-10-07 08:07
미아사거리역,POI026,정체,13.0,2026-10-07 08:05,11,1409.0,,1.0,29.0,0,0,4800,4900,1100,1200,2100,2200,450,500,750,800,200,250,300,350,90,100,20261007,2300,2400,3300,3400,750,800,1300,1400,250,300,450,500,100,150,200,250,20261007,2026-10-07 08:07
발산역,POI027,서행,16.0,2026-10-07 08:05,13,2880.0,,1.0,37.0,0,0,1600,1700,2000,2100,750,800,1000,1100,250,300,300,350,100,150,60,70,20261007,700,750,1000,1100,300,350,350,400,100,150,100,150,40,50,50,60,20261007,2026-10-07 08:07
사당역,POI029,서행,17.0,2026-10-07 08:05,13,520.0,,2.0,17.0,1,0,8200,8300,4200,4300,3600,3700,1700,1800,1100,1200,600,650,600,650,250,300,20261007,800,850,1300,1400,300,350,500,550,100,150,150,200,60,70,100,150,20261007,2026-10-07 08:07
삼각지역,POI030,서행,19.0,2026-10-07 08:05,0,,,2.0,7.0,0,0,800,850,1100,1200,350,400,550,600,100,150,200,250,60,70,150,200,20261007,650,700,600,650,250,300,150,200,100,150,60,70,40,50,20,30,20261007,2026-10-07 08:07
서울대입구역,POI031,서행,15.0,2026-10-07 08:05,2,52.0,,1.0,15.0,0,0,7100,7200,1300,1400,2900,3000,550,600,1000,1100,200,250,500,550,90,100,20261007,1700,1800,2900,3000,500,550,950,1000,200,250,350,400,90,100,150,200,20261007,2026-10-07 08:07
서울식물원·마곡나루역,POI032,서행,15.0,2026-10-07 08:05,2,2651.0,,2.0,15.0,3,0,2500,2600,3900,4000,1100,1200,2100,2200,350,400,900,950,200,250,600,650,20261007,100,150,500,550,80,90,250,300,30,40,100,150,0,10,60,70,20261007,2026-10-07 08:07
서울역,POI033,서행,17.0,2026-10-07 08:05,23,3968.0,0.0,8.0,34.0,1,0,8200,8300,18800,18900,3700,3800,8900,9000,1100,1200,3500,3600,750,800,2100,2200,20261007,2100,2200,3700,3800,750,800,950,1000,250,300,300,350,60,70,100,150,20261007,2026-10-07 08:07
선릉역,POI034,서행,17.0,2026-10-07 08:05,94,11160.0,25.0,4.0,20.0,0,0,2500,2600,10300,10400,950,1000,5100,5200,300,350,2300,2400,100,150,1300,1400,20261007,1200,1300,2300,2400,500,550,900,950,150,200,300,350,100,150,150,200,20261007,2026-10-07 08:07
성신여대입구역,POI035,서행,17.0,2026-10-07 08:05,2,38.0,,2.0,9.0,1,0,2600,2700,1000,1100,1000,1100,450,500,350,400,150,200,200,250,150,200,20261007,1000,1100,1400,1500,350,400,450,500,150,200,150,200,90,100,50,60,20261007,2026-10-07 08:07
수유역,POI036,서행,17.0,2026-10-07 08:05,8,802.0,,1.0,32.0,0,0,6000,6100,1100,1200,2400,2500,450,500,850,900,150,200,450,500,90,100,20261007,3000,3100,3800,3900,800,850,1300,1400,250,300,450,500,150,200,250,300,20261007,2026-10-07 08:07
신논현역·논현역,POI037,서행,20.0,2026-10-07 08:05,32,1053.0,,3.0,13.0,0,0,2400,2500,4000,4100,950,1000,2100,2200,250,300,800,850,150,200,650,700,20261007,1100,1200,850,900,400,450,250,300,150,200,90,100,50,60,30,40,20261007,2026-10-07 08:07
신도림역,POI038,서행,17.0,2026-10-07 08:05,1,1644.0,,2.0,2.0,0,0,9000,9100,2400,2500,3500,3600,950,1000,1100,1200,300,350,500,550,150,200,20261007,500,550,1600,1700,150,200,500,550,70,80,200,250,10,20,40,50,20261007,2026-10-07 08:07
신림역,POI039,정체,12.0,2026-10-07 08:05,2,282.0,,2.0,15.0,0,0,9900,10000,1700,1800,4100,4200,700,750,1400,1500,250,300,1000,1100,150,200,20261007,2200,2300,4900,5000,750,800,1800,1900,300,350,550,600,100,150,200,250,20261007,2026-10-07 08:07
신촌·이대역,POI040,서행,15.0,2026-10-07 08:05,25,1943.0,120.0,4.0,41.0,0,0,3500,3600,2800,2900,1600,1700,1300,1400,600,650,600,650,350,400,300,350,20261007,1700,1800,2500,2600,650,700,850,900,250,300,350,400,100,150,150,200,20261007,2026-10-07 08:07
양재역,POI041,서행,21.0,2026-10-07 08:05,16,1881.0,,2.0,27.0,0,0,2300,2400,5600,5700,1000,1100,2900,3000,300,350,1000,1100,200,250,900,950,20261007,2100,2200,2000,2100,950,1000,700,750,400,450,250,300,200,250,100,150,20261007,2026-10-07 08:07
역삼역,POI042,서행,18.0,2026-10-07 08:05,47,7473.0,1.0,1.0,10.0,0,0,900,950,6400,6500,300,350,3400,3500,100,150,1400,1500,30,40,650,700,20261007,800,850,1500,1600,200,250,500,550,90,100,200,250,30,40,90,100,20261007,2026-10-07 08:07
연신내역,POI043,서행,15.0,2026-10-07 08:05,5,208.0,,3.0,14.0,0,0,7700,7800,2300,2400,3100,3200,1000,1100,1000,1100,300,350,400,450,90,100,20261007,850,900,1500,1600,250,300,600,650,100,150,150,200,40,50,70,80,20261007,2026-10-07 08:07
오목교역·목동운동장,POI044,서행,22.0,2026-10-07 08:05,14,5304.0,,1.0,33.0,0,0,2700,2800,1200,1300,1200,1300,600,650,400,450,200,250,250,300,150,200,20261007,1600,1700,1800,1900,650,700,750,800,250,300,300,350,100,150,150,200,20261007,2026-10-07 08:07
왕십리역,POI045,서행,18.0,2026-10-07 08:05,4,1478.0,,5.0,22.0,0,0,4700,4800,2900,3000,2000,2100,1300,1400,650,700,550,600,300,350,350,400,20261007,350,400,1000,1100,100,150,400,450,70,80,150,200,40,50,90,100,20261007,2026-10-07 08:07
용산역,POI046,서행,22.0,2026-10-07 08:05,11,5014.0,102.0,2.0,33.0,0,0,1300,1400,6000,6100,500,550,2600,2700,150,200,1000,1100,100,150,550,600,20261007,800,850,900,950,300,350,300,350,100,150,100,150,50,60,40,50,20261007,2026-10-07 08:07
이태원역,POI047,서행,19.0,2026-10-07 08:05,4,66.0,,1.0,9.0,0,0,350,400,1400,1500,100,150,200,250,30,40,60,70,20,30,60,70,20261007,250,300,250,300,90,100,60,70,20,30,10,20,10,20,0,10,20261007,2026-10-07 08:07
장지역,POI048,서행,18.0,2026-10-07 08:05,4,10611.0,,1.0,20.0,0,0,2400,2500,1500,1600,1100,1200,700,750,400,450,250,300,250,300,250,300,20261007,650,700,1000,1100,200,250,450,500,90,100,150,200,30,40,90,100,20261007,2026-10-07 08:07
장한평역,POI049,서행,21.0,2026-10-07 08:05,15,847.0,,1.0,16.0,0,0,3000,3100,1400,1500,1400,1500,650,700,450,500,200,250,350,400,200,250,20261007,1100,1200,2000,2100,400,450,850,900,150,200,350,400,60,70,200,250,20261007,2026-10-07 08:07
천호역,POI050,서행,15.0,2026-10-07 08:05,14,3331.0,,2.0,12.0,0,0,4500,4600,2200,2300,1900,2000,900,950,650,700,200,250,250,300,50,60,20261007,250,300,750,800,100,150,250,300,30,40,80,90,10,20,40,50,20261007,2026-10-07 08:07
총신대입구(이수)역,POI051,정체,14.0,2026-10-07 08:05,7,533.0,,2.0,18.0,0,0,4000,4100,2200,2300,1800,1900,850,900,600,650,250,300,250,300,80,90,20261007,1100,1200,1100,1200,450,500,400,450,100,150,100,150,70,80,70,80,20261007,2026-10-07 08:07
충정로역,POI052,서행,16.0,2026-10-07 08:05,5,834.0,,2.0,19.0,0,0,1200,1300,1600,1700,500,550,900,950,150,200,400,450,80,90,150,200,20261007,650,700,800,850,200,250,300,350,70,80,100,150,30,40,60,70,20261007,2026-10-07 08:07
합정역,POI053,서행,22.0,2026-10-07 08:05,6,207.0,,2.0,30.0,0,0,2800,2900,2100,2200,1100,1200,1000,1100,350,400,400,450,150,200,250,300,20261007,650,700,750,800,200,250,250,300,70,80,60,70,10,20,30,40,20261007,2026-10-07 08:07
혜화역,POI054,서행,18.0,2026-10-07 08:05,24,955.0,,1.0,12.0,7,0,650,700,2000,2100,150,200,450,500,60,70,100,150,40,50,70,80,20261007,750,800,1000,1100,250,300,300,350,90,100,100,150,50,60,50,60,20261007,2026-10-07 08:07
홍대입구역(2호선),POI055,서행,16.0,2026-10-07 08:05,16,1196.0,,1.0,17.0,0,0,3300,3400,1800,1900,1200,1300,750,800,400,450,250,300,250,300,200,250,20261007,1000,1100,1700,1800,400,450,650,700,150,200,200,250,70,80,50,60,20261007,2026-10-07 08:07
회기역,POI056,정체,14.0,2026-10-07 08:05,21,408.0,,1.0,22.0,0,0,2900,3000,1300,1400,1200,1300,600,650,400,450,250,300,250,300,90,100,20261007,1800,1900,2200,2300,750,800,900,950,300,350,350,400,150,200,200,250,20261007,2026-10-07 08:07
가락시장,POI058,서행,22.0,2026-10-07 08:05,4,2884.0,,2.0,16.0,0,0,1900,2000,1200,1300,750,800,450,500,250,300,100,150,100,150,50,60,20261007,1000,1100,800,850,300,350,200,250,100,150,90,100,40,50,50,60,20261007,2026-10-07 08:07
가로수길,POI059,원활,26.0,2026-10-07 08:05,51,2767.0,35.0,2.0,14.0,0,0,1700,1800,4400,4500,550,600,1900,2000,150,200,800,850,100,150,550,600,20261007,400,450,850,900,150,200,250,300,50,60,100,150,30,40,60,70,20261007,2026-10-07 08:07
광장(전통)시장,POI060,서행,18.0,2026-10-07 08:05,7,103.0,5.0,1.0,11.0,0,0,300,350,2300,2400,100,150,1100,1200,20,30,550,600,0,10,300,350,20261007,200,250,700,750,90,100,250,300,50,60,100,150,10,20,40,50,20261007,2026-10-07 08:07
김포공항,POI061,원활,28.0,2026-10-07 08:05,6,16594.0,,6.0,27.0,0,0,2300,2400,3900,4000,1000,1100,1400,1500,400,450,500,550,200,250,250,300,20261007,100,150,550,600,40,50,200,250,20,30,80,90,10,20,50,60,20261007,2026-10-07 08:07
노량진,POI063,서행,22.0,2026-10-07 08:05,11,1218.0,,3.0,22.0,1,0,6100,6200,2400,2500,2500,2600,950,1000,750,800,350,400,500,550,250,300,20261007,1400,1500,3600,3700,450,500,1500,1600,150,200,500,550,90,100,150,200,20261007,2026-10-07 08:07
덕수궁길·정동길,POI064,정체,14.0,2026-10-07 08:05,10,620.0,,3.0,10.0,0,0,1700,1800,9500,9600,700,750,4800,4900,250,300,1900,2000,100,150,900,950,20261007,500,550,1200,1300,200,250,400,450,70,80,150,200,30,40,80,90,20261007,2026-10-07 08:07
북촌한옥마을,POI066,서행,18.0,2026-10-07 08:05,16,1756.0,,1.0,55.0,6,0,250,300,1700,1800,100,150,1000,1100,40,50,400,450,20,30,200,250,20261007,650,700,1800,1900,250,300,750,800,90,100,250,300,50,60,150,200,20261007,2026-10-07 08:07
서촌,POI067,서행,19.0,2026-10-07 08:05,9,308.0,,1.0,32.0,3,0,700,750,2000,2100,250,300,950,1000,70,80,350,400,30,40,100,150,20261007,1000,1100,1300,1400,400,450,500,550,150,200,200,250,100,150,100,150,20261007,2026-10-07 08:07
성수카페거리,POI068,서행,16.0,2026-10-07 08:05,28,2824.0,,2.0,35.0,1,0,2300,2400,5900,6000,900,950,2500,2600,350,400,1100,1200,150,200,650,700,20261007,400,450,550,600,100,150,90,100,30,40,40,50,10,20,10,20,20261007,2026-10-07 08:07
쌍문역,POI070,서행,18.0,2026-10-07 08:05,8,345.0,,1.0,18.0,0,0,7000,7100,750,800,2900,3000,300,350,1000,1100,100,150,700,750,70,80,20261007,1200,1300,2900,3000,300,350,1100,1200,100,150,400,450,30,40,150,200,20261007,2026-10-07 08:07
압구정로데오거리,POI071,서행,21.0,2026-10-07 08:05,55,1976.0,2.0,1.0,16.0,1,0,350,400,1100,1200,100,150,400,450,40,50,200,250,30,40,100,150,20261007,500,550,1000,1100,100,150,300,350,70,80,100,150,30,40,60,70,20261007,2026-10-07 08:07
여의도,POI072,서행,21.0,2026-10-07 08:05,116,24820.0,556.0,9.0,63.0,4,0,5900,6000,18800,18900,2300,2400,11600,11700,800,850,5200,5300,450,500,2900,3000,20261007,3100,3200,8700,8800,1100,1200,3500,3600,450,500,1500,1600,150,200,600,650,20261007,2026-10-07 08:07
연남동,POI073,서행,17.0,2026-10-07 08:05,45,132.0,,0.0,20.0,0,0,,,,,,,,,,,,,,,,,,600,650,500,550,200,250,200,250,90,100,80,90,30,40,30,40,20261007,2026-10-07 08:07
영등포 타임스퀘어,POI074,서행,18.0,2026-10-07 08:05,10,1195.0,97.0,3.0,24.0,0,0,4700,4800,3700,3800,1800,1900,1700,1800,700,750,600,650,300,350,350,400,20261007,1300,1400,1600,1700,600,650,400,450,200,250,150,200,80,90,70,80,20261007,2026-10-07 08:07
용리단길,POI076,서행,20.0,2026-10-07 08:05,0,,,3.0,7.0,0,0,1300,1400,3100,3200,650,700,1500,1600,200,250,550,600,100,150,250,300,20261007,300,350,900,950,150,200,250,300,70,80,100,150,40,50,50,60,20261007,2026-10-07 08:07
이태원 앤틱가구거리,POI077,서행,22.0,2026-10-07 08:05,4,51.0,,1.0,13.0,0,0,350,400,1400,1500,100,150,200,250,30,40,60,70,20,30,60,70,20261007,200,250,350,400,90,100,90,100,20,30,40,50,10,20,10,20,20261007,2026-10-07 08:07
인사동,POI078,서행,17.0,2026-10-07 08:05,21,2465.0,0.0,2.0,26.0,7,0,850,900,6900,7000,250,300,4000,4100,90,100,1500,1600,50,60,450,500,20261007,1000,1100,1700,1800,350,400,550,600,100,150,250,300,50,60,100,150,20261007,2026-10-07 08:07
창동 신경제 중심지,POI079,서행,17.0,2026-10-07 08:05,46,4927.0,23.0,4.0,55.0,6,0,10500,10600,2800,2900,4100,4200,1100,1200,1400,1500,450,500,850,900,250,300,20261007,1200,1300,2600,2700,450,500,1000,1100,200,250,350,400,100,150,150,200,20261007,2026-10-07 08:07
청담동 명품거리,POI080,서행,22.0,2026-10-07 08:05,16,910.0,,1.0,10.0,0,0,350,400,1100,1200,100,150,400,450,40,50,200,250,30,40,100,150,20261007,150,200,450,500,60,70,150,200,20,30,60,70,10,20,20,30,20261007,2026-10-07 08:07
청량리 제기동 일대 전통시장,POI081,서행,19.0,2026-10-07 08:05,12,2214.0,,2.0,23.0,0,0,4100,4200,2100,2200,1600,1700,850,900,550,600,250,300,200,250,80,90,20261007,2300,2400,3100,3200,750,800,850,900,250,300,350,400,100,150,100,150,20261007,2026-10-07 08:07
해방촌·경리단길,POI082,원활,33.0,2026-10-07 08:05,4,273.0,,0.0,26.0,0,0,,,,,,,,,,,,,,,,,,700,750,300,350,300,350,100,150,100,150,60,70,70,80,20,30,20261007,2026-10-07 08:07
DDP(동대문디자인플라자),POI083,서행,17.0,2026-10-07 08:05,9,2596.0,204.0,3.0,11.0,5,0,1300,1400,2800,2900,350,400,1300,1400,100,150,450,500,60,70,300,350,20261007,400,450,250,300,40,50,80,90,20,30,30,40,10,20,10,20,20261007,2026-10-07 08:07
DMC(디지털미디어시티),POI084,서행,20.0,2026-10-07 08:05,25,9176.0,,4.0,68.0,0,0,4200,4300,2900,3000,1900,2000,1600,1700,700,750,700,750,300,350,400,450,20261007,1200,1300,1700,1800,550,600,750,800,250,300,300,350,100,150,100,150,20261007,2026-10-07 08:07
강서한강공원,POI085,원활,55.0,2026-10-07 08:05,2,106.0,1.0,0.0,1.0,0,0,,,,,,,,,,,,,,,,,,0,0,0,0,0,0,0,0,0,0,0,0,0,0,0,0,20261007,2026-10-07 08:07
고척돔,POI086,서행,18.0,2026-10-07 08:05,0,,,1.0,3.0,4,0,1500,1600,350,400,650,700,100,150,250,300,40,50,100,150,20,30,20261007,400,450,250,300,100,150,100,150,40,50,30,40,20,30,10,20,20261007,2026-10-07 08:07
광나루한강공원,POI087,원활,46.0,2026-10-07 08:05,4,718.0,220.0,0.0,0.0,0,0,,,,,,,,,,,,,,,,,,,,,,,,,,,,,,,,,,,2026-10-07 08:07
광화문광장,POI088,서행,18.0,2026-10-07 08:05,3,2932.0,360.0,2.0,12.0,5,0,1100,1200,6000,6100,450,500,3100,3200,100,150,1300,1400,80,90,750,800,20261007,550,600,1300,1400,200,250,450,500,80,90,150,200,30,40,80,90,20261007,2026-10-07 08:07
국립중앙박물관·용산가족공원,POI089,원활,31.0,2026-10-07 08:05,4,931.0,,3.0,3.0,3,0,1300,1400,1300,1400,550,600,450,500,150,200,150,200,80,90,90,100,20261007,30,40,50,60,20,30,20,30,0,10,0,10,0,0,0,0,20261007,2026-10-07 08:07
난지한강공원,POI090,원활,38.0,2026-10-07 08:05,4,1240.0,0.0,0.0,7.0,0,0,,,,,,,,,,,,,,,,,,0,0,0,10,0,0,0,0,0,0,0,0,0,0,0,0,20261007,2026-10-07 08:07
남산공원,POI091,원활,31.0,2026-10-07 08:05,33,2148.0,22.0,5.0,37.0,5,0,1500,1600,7800,7900,550,600,3800,3900,200,250,1500,1600,100,150,950,1000,20261007,300,350,550,600,100,150,200,250,40,50,80,90,20,30,40,50,20261007,2026-10-07 08:07
노들섬,POI092,정체,11.0,2026-10-07 08:05,1,99.0,,0.0,4.0,4,0,,,,,,,,,,,,,,,,,,60,70,150,200,20,30,40,50,10,20,10,20,0,10,0,10,20261007,2026-10-07 08:07
뚝섬한강공원,POI093,원활,39.0,2026-10-07 08:05,8,1342.0,168.0,1.0,1.0,1,0,1300,1400,350,400,500,550,100,150,150,200,40,50,100,150,20,30,20261007,0,0,0,0,0,0,0,0,0,0,0,0,0,0,0,0,20261007,2026-10-07 08:07
망원한강공원,POI094,원활,30.0,2026-10-07 08:05,2,458.0,0.0,2.0,10.0,0,0,2800,2900,2100,2200,1100,1200,1000,1100,350,400,400,450,150,200,250,300,20261007,400,450,650,700,100,150,200,250,40,50,50,60,10,20,30,40,20261007,2026-10-07 08:07
반포한강공원,POI095,원활,35.0,2026-10-07 08:05,9,1483.0,9.0,0.0,6.0,0,0,,,,,,,,,,,,,,,,,,0,10,10,20,0,0,0,0,0,0,0,0,0,0,0,0,20261007,2026-10-07 08:07
북서울꿈의숲,POI096,서행,22.0,2026-10-07 08:05,3,549.0,,0.0,17.0,1,0,,,,,,,,,,,,,,,,,,500,550,100,150,150,200,40,50,50,60,10,20,40,50,10,20,20261007,2026-10-07 08:07
서리풀공원·몽마르뜨공원,POI098,서행,22.0,2026-10-07 08:05,0,,,4.0,7.0,0,0,3800,3900,8000,8100,1700,1800,3300,3400,550,600,1200,1300,400,450,900,950,20261007,1400,1500,1600,1700,500,550,500,550,200,250,200,250,60,70,70,80,20261007,2026-10-07 08:07
서울대공원,POI100,원활,27.0,2026-10-07 08:05,0,,,1.0,0.0,1,0,50,60,250,300,10,20,50,60,0,10,20,30,0,10,0,10,20261007,,,,,,,,,,,,,,,,,,2026-10-07 08:07
서울숲공원,POI101,원활,30.0,2026-10-07 08:05,2,996.0,,1.0,9.0,2,0,750,800,950,1000,300,350,450,500,100,150,100,150,50,60,60,70,20261007,20,30,100,150,0,10,40,50,0,10,20,30,0,0,0,0,20261007,2026-10-07 08:07
아차산,POI102,원활,31.0,2026-10-07 08:05,0,,,0.0,3.0,0,0,,,,,,,,,,,,,,,,,,60,70,0,0,10,20,0,0,0,10,0,0,0,10,0,0,20261007,2026-10-07 08:07
양화한강공원,POI103,원활,39.0,2026-10-07 08:05,6,1002.0,72.0,0.0,5.0,0,0,,,,,,,,,,,,,,,,,,0,0,50,60,0,0,20,30,0,0,0,10,0,0,0,10,20261007,2026-10-07 08:07
어린이대공원,POI104,서행,17.0,2026-10-07 08:05,4,945.0,,2.0,9.0,4,0,3300,3400,1500,1600,1300,1400,650,700,450,500,200,250,300,350,200,250,20261007,250,300,250,300,100,150,80,90,40,50,30,40,20,30,10,20,20261007,2026-10-07 08:07
여의도한강공원,POI105,원활,36.0,2026-10-07 08:05,6,2866.0,420.0,1.0,3.0,0,0,300,350,1700,1800,150,200,1000,1100,50,60,350,400,20,30,300,350,20261007,100,150,150,200,30,40,50,60,0,10,20,30,0,0,0,10,20261007,2026-10-07 08:07
월드컵공원,POI106,원활,30.0,2026-10-07 08:05,9,3537.0,,4.0,34.0,0,0,4100,4200,3000,3100,1900,2000,1600,1700,650,700,700,750,250,300,400,450,20261007,350,400,350,400,150,200,150,200,70,80,50,60,40,50,10,20,20261007,2026-10-07 08:07
응봉산,POI107,서행,19.0,2026-10-07 08:05,3,88.0,,1.0,24.0,0,0,350,400,90,100,150,200,30,40,50,60,0,10,30,40,0,10,20261007,500,550,150,200,200,250,60,70,60,70,20,30,20,30,10,20,20261007,2026-10-07 08:07
이촌한강공원,POI108,원활,36.0,2026-10-07 08:05,2,514.0,0.0,0.0,4.0,1,0,,,,,,,,,,,,,,,,,,0,0,10,20,0,0,0,10,0,0,0,0,0,0,0,0,20261007,2026-10-07 08:07
잠실종합운동장,POI109,서행,18.0,2026-10-07 08:05,1,876.0,,2.0,4.0,0,0,1400,1500,1600,1700,600,650,550,600,200,250,200,250,100,150,150,200,20261007,200,250,400,450,50,60,100,150,10,20,70,80,0,10,30,40,20261007,2026-10-07 08:07
잠실한강공원,POI110,서행,24.0,2026-10-07 08:05,4,1326.0,152.0,1.0,9.0,0,0,2400,2500,1200,1300,1100,1200,450,500,350,400,200,250,150,200,80,90,20261007,30,40,150,200,0,10,30,40,0,0,10,20,0,0,10,20,20261007,2026-10-07 08:07
잠원한강공원,POI111,원활,44.0,2026-10-07 08:05,3,1540.0,0.0,0.0,5.0,0,0,,,,,,,,,,,,,,,,,,50,60,80,90,10,20,20,30,0,10,10,20,0,0,0,10,20261007,2026-10-07 08:07
청계산,POI112,원활,45.0,2026-10-07 08:05,0,,,0.0,9.0,0,0,,,,,,,,,,,,,,,,,,20,30,0,10,0,10,0,0,0,10,0,0,0,0,0,0,20261007,2026-10-07 08:07
북창동 먹자골목,POI114,정체,14.0,2026-10-07 08:05,20,552.0,0.0,0.0,11.0,0,0,,,,,,,,,,,,,,,,,,250,300,950,1000,100,150,250,300,40,50,100,150,10,20,40,50,20261007,2026-10-07 08:07
남대문시장,POI115,서행,15.0,2026-10-07 08:05,16,1456.0,4.0,1.0,7.0,0,0,,,,,,,,,,,,,,,,,,150,200,650,700,50,60,200,250,10,20,60,70,0,10,20,30,20261007,2026-10-07 08:07
익선동,POI116,서행,16.0,2026-10-07 08:05,10,187.0,0.0,3.0,11.0,1,0,850,900,3300,3400,200,250,1400,1500,80,90,550,600,50,60,400,450,20261007,500,550,750,800,150,200,200,250,80,90,70,80,40,50,30,40,20261007,2026-10-07 08:07
신정네거리역,POI117,서행,19.0,2026-10-07 08:05,3,119.0,,1.0,9.0,0,0,,,,,,,,,,,,,,,,,,,,,,,,,,,,,,,,,,,2026-10-07 08:07
잠실새내역,POI118,서행,18.0,2026-10-07 08:05,31,1541.0,,1.0,18.0,0,0,2900,3000,750,800,1400,1500,300,350,500,550,100,150,350,400,70,80,20261007,700,750,850,900,250,300,300,350,100,150,100,150,20,30,40,50,20261007,2026-10-07 08:07
잠실역,POI119,서행,19.0,2026-10-07 08:05,5,6749.0,152.0,2.0,21.0,0,0,,,,,,,,,,,,,,,,,,1100,1200,2900,3000,300,350,1000,1100,100,150,350,400,50,60,150,200,20261007,2026-10-07 08:07
잠실롯데타워·석촌호수,POI120,서행,19.0,2026-10-07 08:05,33,9281.0,152.0,3.0,0.0,3,0,,,,,,,,,,,,,,,,,,,,,,,,,,,,,,,,,,,2026-10-07 08:07
송리단길·호수단길,POI121,서행,20.0,2026-10-07 08:05,21,878.0,,1.0,15.0,0,0,850,900,500,550,350,400,200,250,150,200,100,150,70,80,60,70,20261007,900,950,700,750,300,350,200,250,100,150,90,100,50,60,40,50,20261007,2026-10-07 08:07
신촌 스타광장,POI122,정체,13.0,2026-10-07 08:05,4,235.0,,1.0,4.0,0,0,,,,,,,,,,,,,,,,,,650,700,600,650,200,250,250,300,90,100,80,90,50,60,30,40,20261007,2026-10-07 08:07
보라매공원,POI123,서행,16.0,2026-10-07 08:05,1,78.0,,2.0,5.0,0,0,550,600,900,950,250,300,500,550,80,90,150,200,80,90,150,200,20261007,0,10,20,30,0,0,0,10,0,0,0,0,0,0,0,0,20261007,2026-10-07 08:07
서대문독립공원,POI124,서행,24.0,2026-10-07 08:05,2,150.0,,1.0,18.0,0,0,1000,1100,650,700,400,450,300,350,100,150,90,100,100,150,70,80,20261007,900,950,750,800,350,400,200,250,100,150,60,70,70,80,30,40,20261007,2026-10-07 08:07
안양천,POI125,서행,24.0,2026-10-07 08:05,1,294.0,,0.0,1.0,0,0,,,,,,,,,,,,,,,,,,0,10,0,10,0,0,0,0,0,0,0,0,0,0,0,0,20261007,2026-10-07 08:07
여의서로,POI126,원활,30.0,2026-10-07 08:05,2,168.0,38.0,0.0,0.0,0,0,,,,,,,,,,,,,,,,,,,,,,,,,,,,,,,,,,,2026-10-07 08:07
올림픽공원,POI127,서행,22.0,2026-10-07 08:05,4,2716.0,,4.0,17.0,6,0,,,,,,,,,,,,,,,,,,500,550,550,600,200,250,200,250,100,150,70,80,20,30,40,50,20261007,2026-10-07 08:07
홍제폭포,POI128,원활,29.0,2026-10-07 08:05,0,,,0.0,0.0,0,0,,,,,,,,,,,,,,,,,,,,,,,,,,,,,,,,,,,2026-10-07 08:07
송현녹지광장,POI129,서행,16.0,2026-10-07 08:05,4,1546.0,,1.0,25.0,6,0,250,300,1700,1800,100,150,1000,1100,40,50,400,450,20,30,200,250,20261007,550,600,1600,1700,200,250,600,650,80,90,200,250,40,50,100,150,20261007,2026-10-07 08:07
시의회 앞,POI130,서행,16.0,2026-10-07 08:05,9,1723.0,,3.0,25.0,6,0,1300,1400,11500,11600,550,600,5900,6000,150,200,2300,2400,100,150,1400,1500,20261007,700,750,2500,2600,250,300,750,800,100,150,300,350,60,70,150,200,20261007,2026-10-07 08:07
강남 MICE 관광특구,POI001,서행,16.0,2026-10-07 09:05,3,4428.0,,2.0,6.0,2,0,2700,2800,27000,27100,650,700,10800,10900,150,200,4300,4400,100,150,3000,3100,20261007,450,500,1100,1200,100,150,300,350,50,60,100,150,20,30,40,50,20261007,2026-10-07 09:07
동대문 관광특구,POI002,서행,16.0,2026-10-07 09:05,47,8302.0,273.0,7.0,32.0,7,0,10500,10600,18600,18700,2800,2900,7000,7100,1200,1300,3300,3400,550,600,1600,1700,20261007,1900,2000,1800,1900,400,450,450,500,150,200,100,150,70,80,70,80,20261007,2026-10-07 09:07
명동 관광특구,POI003,서행,16.0,2026-10-07 09:05,93,12070.0,7.0,7.0,54.0,7,1,6100,6200,86100,86200,1700,1800,39500,39600,600,650,16700,16800,350,400,10200,10300,20261007,3300,3400,8700,8800,900,950,2400,2500,300,350,800,850,100,150,350,400,20261007,2026-10-07 09:07
이태원 관광특구,POI004,서행,20.0,2026-10-07 09:05,8,853.0,,3.0,17.0,0,1,1800,1900,6900,7000,550,600,2200,2300,150,200,1100,1200,100,150,600,650,20261007,750,800,1000,1100,200,250,250,300,80,90,90,100,40,50,70,80,20261007,2026-10-07 09:07
잠실 관광특구,POI005,서행,19.0,2026-10-07 09:05,37,11997.0,242.0,6.0,50.0,9,0,22300,22400,19200,19300,6000,6100,7300,7400,2200,2300,3600,3700,950,1000,1900,2000,20261007,3000,3100,5900,6000,800,850,1700,1800,250,300,550,600,100,150,200,250,20261007,2026-10-07 09:07
종로·청계 관광특구,POI006,서행,17.0,2026-10-07 09:05,48,2496.0,89.0,10.0,62.0,0,0,9700,9800,55200,55300,2500,2600,23400,23500,1000,1100,10600,10700,450,500,6000,6100,20261007,4400,4500,7400,7500,1100,1200,2000,2100,350,400,750,800,150,200,300,350,20261007,2026-10-07 09:07
홍대 관광특구,POI007,서행,16.0,2026-10-07 09:05,51,3098.0,,8.0,70.0,0,0,19100,19200,17400,17500,5000,5100,7700,7800,1600,1700,3700,3800,800,850,2200,2300,20261007,4100,4200,5400,5500,1300,1400,1500,1600,400,450,550,600,200,250,250,300,20261007,2026-10-07 09:07
경복궁,POI008,서행,17.0,2026-10-07 09:05,2,267.0,,1.0,11.0,3,0,1500,1600,7300,7400,450,500,3500,3600,100,150,1700,1800,100,150,1100,1200,20261007,40,50,150,200,20,30,70,80,0,10,20,30,0,0,0,0,20261007,2026-10-07 09:07
광화문·덕수궁,POI009,서행,15.0,2026-10-07 09:05,29,7988.0,525.0,4.0,41.0,13,1,4400,4500,48700,48800,1200,1300,22900,23000,450,500,11200,11300,200,250,6500,6600,20261007,3000,3100,7200,7300,900,950,2000,2100,250,300,700,750,100,150,300,350,20261007,2026-10-07 09:07
보신각,POI010,서행,17.0,2026-10-07 09:05,14,2572.0,29.0,1.0,14.0,1,0,950,1000,16900,17000,200,250,7400,7500,60,70,2900,3000,30,40,1800,1900,20261007,1000,1100,3000,3100,300,350,850,900,100,150,350,400,40,50,150,200,20261007,2026-10-07 09:07
서울 암사동 유적,POI011,원활,25.0,2026-10-07 09:05,1,108.0,,0.0,3.0,0,0,,,,,,,,,,,,,,,,,,10,20,0,10,0,10,0,0,0,0,0,0,0,0,0,0,20261007,2026-10-07 09:07
창덕궁·종묘,POI012,서행,19.0,2026-10-07 09:05,16,3155.0,537.0,4.0,19.0,1,0,2200,2300,14900,15000,550,600,5800,5900,200,250,2600,2700,100,150,1500,1600,20261007,650,700,1300,1400,200,250,350,400,70,80,100,150,50,60,50,60,20261007,2026-10-07 09:07
가산디지털단지역,POI013,서행,19.0,2026-10-07 09:05,20,8291.0,,2.0,71.0,0,0,5100,5200,28400,28500,1000,1100,13300,13400,350,400,5800,5900,150,200,2700,2800,20261007,3500,3600,6000,6100,1400,1500,1900,2000,400,450,650,700,250,300,350,400,20261007,2026-10-07 09:07
강남역,POI014,서행,16.0,2026-10-07 09:05,95,7876.0,,4.0,55.0,0,0,10500,10600,33700,33800,2900,3000,12900,13000,1000,1100,5700,5800,500,550,3300,3400,20261007,6400,6500,5500,5600,1900,2000,1500,1600,700,750,550,600,250,300,250,300,20261007,2026-10-07 09:07
건대입구역,POI015,서행,19.0,2026-10-07 09:05,23,6603.0,,2.0,11.0,3,0,8800,8900,6500,6600,2600,2700,2700,2800,800,850,1100,1200,450,500,700,750,20261007,700,750,1600,1700,200,250,450,500,60,70,100,150,40,50,50,60,20261007,2026-10-07 09:07
고덕역,POI016,서행,18.0,2026-10-07 09:05,15,1615.0,,1.0,5.0,0,0,2900,3000,1900,2000,500,550,500,550,200,250,150,200,90,100,150,200,20261007,450,500,450,500,100,150,100,150,70,80,30,40,30,40,10,20,20261007,2026-10-07 09:07
고속터미널역,POI017,서행,23.0,2026-10-07 09:05,3,4291.0,,3.0,10.0,0,0,6200,6300,12000,12100,1800,1900,3200,3300,750,800,1300,1400,400,450,750,800,20261007,2700,2800,2900,3000,650,700,650,700,250,300,250,300,100,150,100,150,20261007,2026-10-07 09:07
교대역,POI018,서행,18.0,2026-10-07 09:05,14,760.0,,2.0,13.0,0,1,4100,4200,11200,11300,1100,1200,4600,4700,400,450,2300,2400,200,250,1300,1400,20261007,1000,1100,900,950,300,350,300,350,70,80,100,150,10,20,30,40,20261007,2026-10-07 09:07
구로디지털단지역,POI019,서행,15.0,2026-10-07 09:05,20,6911.0,,1.0,29.0,0,0,16900,17000,12200,12300,4100,4200,5500,5600,1600,1700,2900,3000,700,750,1300,1400,20261007,1400,1500,2000,2100,500,550,700,750,200,250,250,300,100,150,150,200,20261007,2026-10-07 09:07
구로역,POI020,서행,23.0,2026-10-07 09:05,3,1047.0,,1.0,5.0,0,0,4700,4800,4000,4100,800,850,1600,1700,250,300,600,650,100,150,300,350,20261007,400,450,750,800,100,150,150,200,40,50,50,60,10,20,10,20,20261007,2026-10-07 09:07
군자역,POI021,정체,12.0,2026-10-07 09:05,11,573.0,,2.0,16.0,0,0,8800,8900,2900,3000,2600,2700,1300,1400,600,650,500,550,350,400,400,450,20261007,1200,1300,1200,1300,300,350,300,350,90,100,100,150,40,50,30,40,20261007,2026-10-07 09:07
대림역,POI023,서행,15.0,2026-10-07 09:05,4,221.0,,2.0,29.0,0,0,11100,11200,4200,4300,2500,2600,1600,1700,1000,1100,800,850,500,550,300,350,20261007,1600,1700,2400,2500,400,450,650,700,100,150,200,250,100,150,100,150,20261007,2026-10-07 09:07
동대문역,POI024,서행,17.0,2026-10-07 09:05,17,892.0,0.0,2.0,7.0,0,0,2800,2900,5800,5900,600,650,2000,2100,300,350,950,1000,100,150,500,550,20261007,1000,1100,1100,1200,200,250,250,300,70,80,80,90,30,40,40,50,20261007,2026-10-07 09:07
뚝섬역,POI025,서행,17.0,2026-10-07 09:05,9,767.0,,1.0,4.0,1,0,2500,2600,7400,7500,700,750,3600,3700,150,200,1600,1700,100,150,1100,1200,20261007,150,200,300,350,50,60,70,80,10,20,10,20,0,10,10,20,20261007,2026-10-07 09:07
미아사거리역,POI026,서행,15.0,2026-10-07 09:05,11,1409.0,,1.0,29.0,0,0,9700,9800,2500,2600,2200,2300,750,800,550,600,300,350,350,400,200,250,20261007,4400,4500,6500,6600,1100,1200,1500,1600,400,450,450,500,150,200,200,250,20261007,2026-10-07 09:07
발산역,POI027,서행,15.0,2026-10-07 09:05,13,2880.0,,1.0,37.0,0,0,3300,3400,7300,7400,750,800,3300,3400,200,250,1100,1200,100,150,700,750,20261007,1500,1600,2200,2300,450,500,750,800,150,200,250,300,70,80,150,200,20261007,2026-10-07 09:07
사당역,POI029,서행,19.0,2026-10-07 09:05,13,520.0,,2.0,17.0,1,0,17200,17300,9000,9100,4400,4500,2600,2700,1400,1500,1000,1100,800,850,550,600,20261007,1600,1700,2400,2500,450,500,500,550,150,200,150,200,50,60,60,70,20261007,2026-10-07 09:07
삼각지역,POI030,서행,17.0,2026-10-07 09:05,0,,,2.0,7.0,0,0,1900,2000,3100,3200,600,650,1100,1200,200,250,400,450,100,150,200,250,20261007,1400,1500,1100,1200,500,550,300,350,150,200,100,150,60,70,40,50,20261007,2026-10-07 09:07
서울대입구역,POI031,서행,18.0,2026-10-07 09:05,2,52.0,,1.0,15.0,0,0,15600,15700,4000,4100,4000,4100,1800,1900,1100,1200,800,850,750,800,600,650,20261007,3400,3500,5400,5500,900,950,1300,1400,350,400,400,450,100,150,150,200,20261007,2026-10-07 09:07
서울식물원·마곡나루역,POI032,서행,16.0,2026-10-07 09:05,2,2651.0,,2.0,15.0,3,0,5200,5300,11400,11500,1300,1400,4000,4100,350,400,1300,1400,200,250,850,900,20261007,300,350,1100,1200,100,150,300,350,60,70,100,150,20,30,30,40,20261007,2026-10-07 09:07
서울역,POI033,서행,19.0,2026-10-07 09:05,23,3968.0,0.0,8.0,34.0,1,0,20300,20400,50500,50600,6000,6100,18600,18700,2400,2500,6600,6700,1200,1300,3600,3700,20261007,4600,4700,6100,6200,1400,1500,1200,1300,550,600,450,500,150,200,250,300,20261007,2026-10-07 09:07
선릉역,POI034,서행,17.0,2026-10-07 09:05,94,11160.0,25.0,4.0,20.0,0,1,5300,5400,33300,33400,1400,1500,13700,13800,450,500,5400,5500,250,300,3100,3200,20261007,2800,2900,4600,4700,950,1000,1300,1400,250,300,350,400,80,90,100,150,20261007,2026-10-07 09:07
성신여대입구역,POI035,서행,15.0,2026-10-07 09:05,2,38.0,,2.0,9.0,1,0,5700,5800,3600,3700,1600,1700,1800,1900,550,600,1000,1100,250,300,500,550,20261007,2200,2300,3000,3100,700,750,850,900,250,300,250,300,150,200,150,200,20261007,2026-10-07 09:07
수유역,POI036,서행,15.0,2026-10-07 09:05,8,802.0,,1.0,32.0,0,1,12100,12200,3200,3300,2800,2900,1300,1400,800,850,450,500,500,550,300,350,20261007,5600,5700,7300,7400,1400,1500,1800,1900,500,550,600,650,150,200,300,350,20261007,2026-10-07 09:07
신논현역·논현역,POI037,서행,18.0,2026-10-07 09:05,32,1053.0,,3.0,13.0,0,0,5100,5200,11900,12000,1300,1400,4900,5000,400,450,2100,2200,200,250,1400,1500,20261007,2300,2400,1700,1800,650,700,450,500,150,200,150,200,60,70,70,80,20261007,2026-10-07 09:07
신도림역,POI038,서행,24.0,2026-10-07 09:05,1,1644.0,,2.0,2.0,0,0,17300,17400,6900,7000,3500,3600,2800,2900,950,1000,950,1000,500,550,600,650,20261007,950,1000,2700,2800,200,250,500,550,90,100,150,200,10,20,50,60,20261007,2026-10-07 09:07
신림역,POI039,정체,13.0,2026-10-07 09:05,2,282.0,,2.0,15.0,0,0,22900,23000,3400,3500,6200,6300,900,950,2200,2300,400,450,1100,1200,250,300,20261007,4200,4300,10200,10300,1000,1100,2600,2700,300,350,850,900,100,150,250,300,20261007,2026-10-07 09:07
신촌·이대역,POI040,서행,15.0,2026-10-07 09:05,25,1943.0,149.0,4.0,41.0,0,0,8200,8300,8900,9000,2400,2500,3800,3900,850,900,1700,1800,450,500,1100,1200,20261007,3900,4000,5100,5200,1200,1300,1300,1400,400,450,400,450,150,200,150,200,20261007,2026-10-07 09:07
양재역,POI041,서행,21.0,2026-10-07 09:05,16,1881.0,,2.0,27.0,0,0,5100,5200,17000,17100,1300,1400,6700,6800,500,550,3200,3300,250,300,1600,1700,20261007,5500,5600,3900,4000,1900,2000,950,1000,800,850,350,400,450,500,150,200,20261007,2026-10-07 09:07
역삼역,POI042,서행,15.0,2026-10-07 09:05,47,7473.0,7.0,1.0,10.0,0,0,2100,2200,21200,21300,550,600,8600,8700,150,200,3300,3400,100,150,2200,2300,20261007,1700,1800,3100,3200,450,500,850,900,150,200,250,300,60,70,100,150,20261007,2026-10-07 09:07
연신내역,POI043,서행,17.0,2026-10-07 09:05,5,208.0,,3.0,14.0,0,0,16500,16600,5400,5500,4200,4300,1600,1700,1000,1100,550,600,650,700,300,350,20261007,1600,1700,3100,3200,300,350,700,750,100,150,250,300,30,40,90,100,20261007,2026-10-07 09:07
오목교역·목동운동장,POI044,서행,23.0,2026-10-07 09:05,14,5304.0,,1.0,33.0,0,0,5600,5700,3400,3500,1300,1400,1300,1400,500,550,650,700,150,200,450,500,20261007,3200,3300,3900,4000,750,800,1100,1200,200,250,300,350,100,150,150,200,20261007,2026-10-07 09:07
왕십리역,POI045,서행,19.0,2026-10-07 09:05,4,1478.0,,5.0,22.0,0,0,11100,11200,8900,9000,3500,3600,3800,3900,950,1000,1700,1800,500,550,900,950,20261007,700,750,2400,2500,200,250,700,750,90,100,250,300,50,60,90,100,20261007,2026-10-07 09:07
용산역,POI046,서행,22.0,2026-10-07 09:05,11,5014.0,156.0,2.0,33.0,0,0,3800,3900,15400,15500,1300,1400,5400,5500,450,500,2000,2100,200,250,1000,1100,20261007,2000,2100,1900,2000,600,650,550,600,150,200,200,250,60,70,80,90,20261007,2026-10-07 09:07
이태원역,POI047,서행,18.0,2026-10-07 09:05,4,66.0,,1.0,9.0,0,0,700,750,2500,2600,150,200,650,700,60,70,300,350,20,30,200,250,20261007,500,550,450,500,150,200,100,150,60,70,40,50,30,40,30,40,20261007,2026-10-07 09:07
장지역,POI048,서행,16.0,2026-10-07 09:05,4,10611.0,,1.0,20.0,0,0,4800,4900,3700,3800,1100,1200,1300,1400,450,500,700,750,200,250,350,400,20261007,1200,1300,2100,2200,300,350,500,550,90,100,150,200,40,50,80,90,20261007,2026-10-07 09:07
장한평역,POI049,서행,21.0,2026-10-07 09:05,15,847.0,,1.0,16.0,0,0,7100,7200,4300,4400,1900,2000,1800,1900,700,750,850,900,250,300,500,550,20261007,2500,2600,4300,4400,700,750,1200,1300,200,250,450,500,30,40,150,200,20261007,2026-10-07 09:07
천호역,POI050,서행,18.0,2026-10-07 09:05,14,3331.0,,2.0,12.0,0,0,9600,9700,5400,5500,2200,2300,1800,1900,600,650,700,750,350,400,400,450,20261007,500,550,1400,1500,100,150,250,300,30,40,80,90,20,30,60,70,20261007,2026-10-07 09:07
총신대입구(이수)역,POI051,서행,15.0,2026-10-07 09:05,7,533.0,,2.0,18.0,0,0,9100,9200,5500,5600,2400,2500,1900,2000,600,650,800,850,400,450,550,600,20261007,2100,2200,2100,2200,500,550,500,550,150,200,150,200,40,50,70,80,20261007,2026-10-07 09:07
충정로역,POI052,정체,13.0,2026-10-07 09:05,5,834.0,,2.0,19.0,0,0,2700,2800,6000,6100,750,800,2500,2600,250,300,1000,1100,150,200,700,750,20261007,1400,1500,1700,1800,450,500,500,550,150,200,150,200,40,50,60,70,20261007,2026-10-07 09:07
합정역,POI053,서행,20.0,2026-10-07 09:05,6,207.0,,2.0,30.0,0,0,6200,6300,7000,7100,1700,1800,3100,3200,500,550,1400,1500,250,300,900,950,20261007,1500,1600,1800,1900,450,500,600,650,150,200,100,150,70,80,40,50,20261007,2026-10-07 09:07
혜화역,POI054,서행,16.0,2026-10-07 09:05,24,955.0,,1.0,12.0,7,0,1500,1600,2300,2400,450,500,150,200,200,250,80,90,100,150,40,50,20261007,1600,1700,2100,2200,500,550,600,650,150,200,250,300,60,70,150,200,20261007,2026-10-07 09:07
홍대입구역(2호선),POI055,서행,16.0,2026-10-07 09:05,16,1196.0,,1.0,17.0,0,0,6900,7000,5800,5900,1700,1800,2500,2600,700,750,1300,1400,300,350,750,800,20261007,2300,2400,3700,3800,800,850,1000,1100,300,350,350,400,150,200,150,200,20261007,2026-10-07 09:07
회기역,POI056,서행,16.0,2026-10-07 09:05,21,408.0,,1.0,22.0,0,0,6900,7000,4100,4200,2000,2100,1600,1700,600,650,700,750,200,250,400,450,20261007,4300,4400,5100,5200,1300,1400,1400,1500,450,500,450,500,150,200,150,200,20261007,2026-10-07 09:07
가락시장,POI058,서행,21.0,2026-10-07 09:05,4,2884.0,,2.0,16.0,0,0,3700,3800,4200,4300,850,900,1900,2000,250,300,950,1000,100,150,450,500,20261007,1700,1800,1400,1500,300,350,350,400,100,150,100,150,40,50,50,60,20261007,2026-10-07 09:07
가로수길,POI059,서행,24.0,2026-10-07 09:05,51,2767.0,61.0,2.0,14.0,0,0,3500,3600,12800,12900,900,950,5000,5100,350,400,2700,2800,150,200,1500,1600,20261007,1000,1100,1500,1600,350,400,350,400,100,150,100,150,20,30,40,50,20261007,2026-10-07 09:07
광장(전통)시장,POI060,서행,18.0,2026-10-07 09:05,7,103.0,6.0,1.0,11.0,0,0,700,750,5900,6000,200,250,2200,2300,50,60,750,800,30,40,550,600,20261007,450,500,1400,1500,150,200,400,450,50,60,100,150,20,30,50,60,20261007,2026-10-07 09:07
김포공항,POI061,원활,28.0,2026-10-07 09:05,6,16594.0,,6.0,27.0,0,0,5500,5600,7300,7400,1600,1700,1700,1800,550,600,700,750,250,300,350,400,20261007,300,350,1000,1100,100,150,200,250,20,30,40,50,0,10,30,40,20261007,2026-10-07 09:07
노량진,POI063,서행,24.0,2026-10-07 09:05,11,1218.0,,3.0,22.0,1,0,13300,13400,5700,5800,3500,3600,1800,1900,950,1000,600,650,550,600,300,350,20261007,3000,3100,7800,7900,900,950,2000,2100,350,400,700,750,150,200,350,400,20261007,2026-10-07 09:07
덕수궁길·정동길,POI064,서행,15.0,2026-10-07 09:05,10,620.0,,3.0,10.0,0,0,3500,3600,33200,33300,900,950,15300,15400,250,300,5600,5700,150,200,4000,4100,20261007,1200,1300,2500,2600,400,450,700,750,100,150,250,300,60,70,100,150,20261007,2026-10-07 09:07
북촌한옥마을,POI066,서행,17.0,2026-10-07 09:05,16,1756.0,,1.0,55.0,6,0,650,700,4100,4200,200,250,1300,1400,70,80,500,550,40,50,250,300,20261007,1600,1700,3400,3500,500,550,800,850,150,200,300,350,90,100,150,200,20261007,2026-10-07 09:07
서촌,POI067,서행,18.0,2026-10-07 09:05,9,308.0,,1.0,32.0,3,0,1500,1600,7300,7400,450,500,3500,3600,100,150,1700,1800,100,150,1100,1200,20261007,2500,2600,3000,3100,700,750,850,900,200,250,250,300,100,150,100,150,20261007,2026-10-07 09:07
성수카페거리,POI068,서행,16.0,2026-10-07 09:05,28,2824.0,,2.0,35.0,1,0,5000,5100,20900,21000,1300,1400,9900,10000,350,400,4900,5000,200,250,2700,2800,20261007,750,800,1000,1100,200,250,250,300,100,150,100,150,40,50,30,40,20261007,2026-10-07 09:07
쌍문역,POI070,서행,18.0,2026-10-07 09:05,8,345.0,,1.0,18.0,0,0,13600,13700,1900,2000,3000,3100,600,650,1100,1200,250,300,600,650,100,150,20261007,2400,2500,6000,6100,550,600,1300,1400,200,250,450,500,100,150,200,250,20261007,2026-10-07 09:07
압구정로데오거리,POI071,서행,21.0,2026-10-07 09:05,55,1976.0,2.0,1.0,16.0,1,0,700,750,3200,3300,200,250,1300,1400,80,90,600,650,20,30,350,400,20261007,950,1000,2000,2100,250,300,600,650,100,150,200,250,50,60,100,150,20261007,2026-10-07 09:07
여의도,POI072,서행,22.0,2026-10-07 09:05,116,24820.0,801.0,9.0,63.0,4,1,12700,12800,56400,56500,3500,3600,20200,20300,950,1000,8100,8200,500,550,5200,5300,20261007,7100,7200,19900,20000,2100,2200,6000,6100,750,800,1900,2000,350,400,900,950,20261007,2026-10-07 09:07
연남동,POI073,서행,17.0,2026-10-07 09:05,45,132.0,,0.0,20.0,0,0,,,,,,,,,,,,,,,,,,1300,1400,1100,1200,350,400,300,350,100,150,100,150,40,50,50,60,20261007,2026-10-07 09:07
영등포 타임스퀘어,POI074,서행,18.0,2026-10-07 09:05,10,1195.0,116.0,3.0,24.0,0,0,10200,10300,10900,11000,2800,2900,4200,4300,800,850,1900,2000,400,450,950,1000,20261007,3400,3500,3100,3200,1200,1300,900,950,500,550,350,400,150,200,100,150,20261007,2026-10-07 09:07
용리단길,POI076,서행,20.0,2026-10-07 09:05,0,,,3.0,7.0,0,0,3400,3500,9000,9100,1100,1200,3200,3300,350,400,1000,1100,150,200,650,700,20261007,850,900,1700,1800,300,350,400,450,100,150,150,200,40,50,40,50,20261007,2026-10-07 09:07
이태원 앤틱가구거리,POI077,서행,20.0,2026-10-07 09:05,4,51.0,,1.0,13.0,0,0,700,750,2500,2600,150,200,650,700,60,70,300,350,20,30,200,250,20261007,500,550,700,750,150,200,200,250,50,60,60,70,20,30,40,50,20261007,2026-10-07 09:07
인사동,POI078,서행,15.0,2026-10-07 09:05,21,2465.0,1.0,2.0,26.0,7,0,1600,1700,21100,21200,400,450,8800,8900,100,150,3400,3500,80,90,2100,2200,20261007,2300,2400,3300,3400,700,750,850,900,300,350,350,400,100,150,150,200,20261007,2026-10-07 09:07
창동 신경제 중심지,POI079,서행,16.0,2026-10-07 09:05,46,4927.0,53.0,4.0,55.0,6,0,19900,20000,7400,7500,4000,4100,2800,2900,1400,1500,1300,1400,650,700,700,750,20261007,2700,2800,5400,5500,750,800,1300,1400,250,300,450,500,100,150,150,200,20261007,2026-10-07 09:07
청담동 명품거리,POI080,서행,22.0,2026-10-07 09:05,16,910.0,,1.0,10.0,0,0,700,750,3200,3300,200,250,1300,1400,80,90,600,650,20,30,350,400,20261007,350,400,800,850,100,150,200,250,30,40,60,70,0,10,0,10,20261007,2026-10-07 09:07
청량리 제기동 일대 전통시장,POI081,서행,18.0,2026-10-07 09:05,12,2214.0,,2.0,23.0,0,0,8600,8700,5200,5300,2200,2300,1900,2000,550,600,800,850,300,350,550,600,20261007,4500,4600,5700,5800,1300,1400,1400,1500,450,500,500,550,200,250,200,250,20261007,2026-10-07 09:07
해방촌·경리단길,POI082,원활,32.0,2026-10-07 09:05,4,273.0,,0.0,26.0,0,0,,,,,,,,,,,,,,,,,,1500,1600,800,850,400,450,250,300,100,150,60,70,40,50,10,20,20261007,2026-10-07 09:07
DDP(동대문디자인플라자),POI083,서행,16.0,2026-10-07 09:05,9,2596.0,257.0,3.0,11.0,5,0,2300,2400,8700,8800,600,650,3500,3600,250,300,1600,1700,100,150,800,850,20261007,550,600,550,600,90,100,150,200,30,40,60,70,20,30,30,40,20261007,2026-10-07 09:07
DMC(디지털미디어시티),POI084,서행,20.0,2026-10-07 09:05,25,9176.0,,4.0,68.0,0,0,8800,8900,9200,9300,2100,2200,3700,3800,550,600,1500,1600,300,350,850,900,20261007,3300,3400,4800,4900,1100,1200,1600,1700,350,400,650,700,150,200,300,350,20261007,2026-10-07 09:07
강서한강공원,POI085,원활,55.0,2026-10-07 09:05,2,106.0,8.0,0.0,1.0,0,0,,,,,,,,,,,,,,,,,,0,0,0,0,0,0,0,0,0,0,0,0,0,0,0,0,20261007,2026-10-07 09:07
고척돔,POI086,서행,22.0,2026-10-07 09:05,0,,,1.0,3.0,4,0,3000,3100,1100,1200,600,650,400,450,150,200,100,150,50,60,100,150,20261007,950,1000,650,700,200,250,200,250,80,90,80,90,20,30,20,30,20261007,2026-10-07 09:07
광나루한강공원,POI087,원활,50.0,2026-10-07 09:05,4,718.0,241.0,0.0,0.0,0,0,,,,,,,,,,,,,,,,,,,,,,,,,,,,,,,,,,,2026-10-07 09:07
광화문광장,POI088,서행,16.0,2026-10-07 09:05,3,2932.0,525.0,2.0,12.0,5,0,2500,2600,21800,21900,700,750,10400,10500,250,300,5300,5400,150,200,3000,3100,20261007,1300,1400,2700,2800,400,450,750,800,100,150,250,300,50,60,100,150,20261007,2026-10-07 09:07
국립중앙박물관·용산가족공원,POI089,원활,34.0,2026-10-07 09:05,4,931.0,,3.0,3.0,3,0,2800,2900,3000,3100,750,800,900,950,200,250,350,400,100,150,200,250,20261007,100,150,100,150,40,50,30,40,10,20,10,20,10,20,0,10,20261007,2026-10-07 09:07
난지한강공원,POI090,원활,37.0,2026-10-07 09:05,4,1240.0,0.0,0.0,7.0,0,0,,,,,,,,,,,,,,,,,,0,0,0,10,0,0,0,10,0,0,0,0,0,0,0,0,20261007,2026-10-07 09:07
남산공원,POI091,원활,26.0,2026-10-07 09:05,33,2148.0,25.0,5.0,37.0,5,0,3500,3600,24200,24300,1100,1200,10700,10800,400,450,4800,4900,200,250,2600,2700,20261007,650,700,1100,1200,200,250,300,350,60,70,100,150,10,20,40,50,20261007,2026-10-07 09:07
노들섬,POI092,정체,10.0,2026-10-07 09:05,1,99.0,,0.0,4.0,4,0,,,,,,,,,,,,,,,,,,100,150,250,300,20,30,50,60,10,20,20,30,0,10,10,20,20261007,2026-10-07 09:07
뚝섬한강공원,POI093,원활,45.0,2026-10-07 09:05,8,1342.0,200.0,1.0,1.0,1,0,2800,2900,850,900,750,800,300,350,300,350,150,200,150,200,80,90,20261007,0,0,0,0,0,0,0,0,0,0,0,0,0,0,0,0,20261007,2026-10-07 09:07
망원한강공원,POI094,원활,32.0,2026-10-07 09:05,2,458.0,0.0,2.0,10.0,0,0,6200,6300,7000,7100,1700,1800,3100,3200,500,550,1400,1500,250,300,900,950,20261007,1000,1100,1400,1500,300,350,400,450,100,150,100,150,50,60,40,50,20261007,2026-10-07 09:07
반포한강공원,POI095,원활,36.0,2026-10-07 09:05,9,1483.0,9.0,0.0,6.0,0,0,,,,,,,,,,,,,,,,,,20,30,20,30,0,10,0,10,0,10,0,10,0,10,0,10,20261007,2026-10-07 09:07
북서울꿈의숲,POI096,서행,19.0,2026-10-07 09:05,3,549.0,,0.0,17.0,1,0,,,,,,,,,,,,,,,,,,900,950,250,300,200,250,90,100,50,60,30,40,20,30,10,20,20261007,2026-10-07 09:07
서리풀공원·몽마르뜨공원,POI098,서행,24.0,2026-10-07 09:05,0,,,4.0,7.0,0,0,9000,9100,16400,16500,2500,2600,4900,5000,1000,1100,2200,2300,500,550,1100,1200,20261007,2500,2600,2900,3000,600,650,700,750,250,300,200,250,100,150,100,150,20261007,2026-10-07 09:07
서울대공원,POI100,원활,29.0,2026-10-07 09:05,0,,,1.0,0.0,1,0,90,100,600,650,20,30,200,250,10,20,90,100,0,10,60,70,20261007,,,,,,,,,,,,,,,,,,2026-10-07 09:07
서울숲공원,POI101,원활,29.0,2026-10-07 09:05,2,996.0,,1.0,9.0,2,0,1700,1800,2900,3000,550,600,1000,1100,150,200,400,450,90,100,200,250,20261007,50,60,250,300,10,20,70,80,0,0,10,20,0,0,10,20,20261007,2026-10-07 09:07
아차산,POI102,원활,30.0,2026-10-07 09:05,0,,,0.0,3.0,0,0,,,,,,,,,,,,,,,,,,100,150,0,10,10,20,0,0,10,20,0,0,0,0,0,0,20261007,2026-10-07 09:07
양화한강공원,POI103,원활,40.0,2026-10-07 09:05,6,1002.0,157.0,0.0,5.0,0,0,,,,,,,,,,,,,,,,,,0,0,100,150,0,0,30,40,0,0,0,10,0,0,0,10,20261007,2026-10-07 09:07
어린이대공원,POI104,정체,14.0,2026-10-07 09:05,4,945.0,,2.0,9.0,4,0,7500,7600,5800,5900,2100,2200,2900,3000,750,800,1600,1700,300,350,800,850,20261007,600,650,650,700,150,200,200,250,40,50,70,80,20,30,30,40,20261007,2026-10-07 09:07
여의도한강공원,POI105,원활,36.0,2026-10-07 09:05,6,2866.0,620.0,1.0,3.0,0,0,800,850,5200,5300,250,300,1800,1900,90,100,850,900,20,30,550,600,20261007,300,350,300,350,90,100,90,100,40,50,20,30,10,20,0,10,20261007,2026-10-07 09:07
월드컵공원,POI106,원활,29.0,2026-10-07 09:05,9,3537.0,,4.0,34.0,0,0,8700,8800,9000,9100,2100,2200,3500,3600,500,550,1300,1400,300,350,850,900,20261007,1000,1100,800,850,350,400,250,300,100,150,90,100,30,40,30,40,20261007,2026-10-07 09:07
응봉산,POI107,서행,20.0,2026-10-07 09:05,3,88.0,,1.0,24.0,0,0,700,750,150,200,100,150,40,50,60,70,10,20,20,30,10,20,20261007,1100,1200,350,400,250,300,150,200,70,80,60,70,0,10,10,20,20261007,2026-10-07 09:07
이촌한강공원,POI108,원활,39.0,2026-10-07 09:05,2,514.0,0.0,0.0,4.0,1,0,,,,,,,,,,,,,,,,,,0,10,20,30,0,0,10,20,0,0,0,10,0,0,0,10,20261007,2026-10-07 09:07
잠실종합운동장,POI109,서행,22.0,2026-10-07 09:05,1,876.0,,2.0,4.0,0,0,3200,3300,3800,3900,850,900,1000,1100,350,400,350,400,150,200,150,200,20261007,300,350,800,850,40,50,150,200,20,30,70,80,0,10,30,40,20261007,2026-10-07 09:07
잠실한강공원,POI110,서행,24.0,2026-10-07 09:05,4,1326.0,201.0,1.0,9.0,0,0,5200,5300,3000,3100,1300,1400,950,1000,350,400,300,350,200,250,200,250,20261007,70,80,300,350,20,30,80,90,0,10,20,30,0,0,0,10,20261007,2026-10-07 09:07
잠원한강공원,POI111,원활,45.0,2026-10-07 09:05,3,1540.0,0.0,0.0,5.0,0,0,,,,,,,,,,,,,,,,,,100,150,100,150,20,30,10,20,0,10,0,10,0,0,0,10,20261007,2026-10-07 09:07
청계산,POI112,원활,43.0,2026-10-07 09:05,0,,,0.0,9.0,0,0,,,,,,,,,,,,,,,,,,20,30,10,20,0,10,0,0,0,10,0,0,0,10,0,0,20261007,2026-10-07 09:07
북창동 먹자골목,POI114,정체,13.0,2026-10-07 09:05,20,552.0,0.0,0.0,11.0,0,0,,,,,,,,,,,,,,,,,,650,700,2100,2200,150,200,650,700,50,60,250,300,20,30,100,150,20261007,2026-10-07 09:07
남대문시장,POI115,서행,18.0,2026-10-07 09:05,16,1456.0,4.0,1.0,7.0,0,0,,,,,,,,,,,,,,,,,,300,350,1300,1400,90,100,400,450,40,50,100,150,10,20,50,60,20261007,2026-10-07 09:07
익선동,POI116,서행,16.0,2026-10-07 09:05,10,187.0,1.0,3.0,11.0,1,0,1500,1600,9000,9100,350,400,3500,3600,150,200,1800,1900,70,80,950,1000,20261007,1000,1100,1300,1400,300,350,350,400,100,150,100,150,60,70,70,80,20261007,2026-10-07 09:07
신정네거리역,POI117,서행,20.0,2026-10-07 09:05,3,119.0,,1.0,9.0,0,0,,,,,,,,,,,,,,,,,,,,,,,,,,,,,,,,,,,2026-10-07 09:07
잠실새내역,POI118,서행,19.0,2026-10-07 09:05,31,1541.0,,1.0,18.0,0,0,7300,7400,1900,2000,2000,2100,600,650,800,850,200,250,400,450,100,150,20261007,1400,1500,2000,2100,350,400,550,600,100,150,150,200,30,40,70,80,20261007,2026-10-07 09:07
잠실역,POI119,서행,19.0,2026-10-07 09:05,5,6749.0,242.0,2.0,21.0,0,0,,,,,,,,,,,,,,,,,,2200,2300,6400,6500,550,600,1800,1900,200,250,550,600,80,90,250,300,20261007,2026-10-07 09:07
잠실롯데타워·석촌호수,POI120,서행,18.0,2026-10-07 09:05,33,9281.0,242.0,3.0,0.0,3,0,,,,,,,,,,,,,,,,,,,,,,,,,,,,,,,,,,,2026-10-07 09:07
송리단길·호수단길,POI121,서행,19.0,2026-10-07 09:05,21,878.0,,1.0,15.0,0,0,2000,2100,1400,1500,600,650,550,600,150,200,150,200,100,150,150,200,20261007,1700,1800,1400,1500,450,500,350,400,100,150,100,150,30,40,50,60,20261007,2026-10-07 09:07
신촌 스타광장,POI122,정체,13.0,2026-10-07 09:05,4,235.0,,1.0,4.0,0,0,,,,,,,,,,,,,,,,,,1400,1500,1300,1400,400,450,250,300,80,90,60,70,40,50,20,30,20261007,2026-10-07 09:07
보라매공원,POI123,정체,12.0,2026-10-07 09:05,1,78.0,,2.0,5.0,0,0,1400,1500,3300,3400,350,400,1200,1300,80,90,350,400,80,90,350,400,20261007,10,20,50,60,0,0,10,20,0,0,0,10,0,0,0,0,20261007,2026-10-07 09:07
서대문독립공원,POI124,서행,23.0,2026-10-07 09:05,2,150.0,,1.0,18.0,0,0,2000,2100,1800,1900,500,550,600,650,200,250,300,350,90,100,150,200,20261007,2000,2100,1400,1500,550,600,300,350,200,250,100,150,100,150,50,60,20261007,2026-10-07 09:07
안양천,POI125,원활,32.0,2026-10-07 09:05,1,294.0,,0.0,1.0,0,0,,,,,,,,,,,,,,,,,,10,20,0,10,0,10,0,0,0,0,0,0,0,0,0,0,20261007,2026-10-07 09:07
여의서로,POI126,원활,29.0,2026-10-07 09:05,2,168.0,38.0,0.0,0.0,0,0,,,,,,,,,,,,,,,,,,,,,,,,,,,,,,,,,,,2026-10-07 09:07
올림픽공원,POI127,서행,22.0,2026-10-07 09:05,4,2716.0,,4.0,17.0,6,0,,,,,,,,,,,,,,,,,,1000,1100,1100,1200,250,300,300,350,80,90,100,150,30,40,20,30,20261007,2026-10-07 09:07
홍제폭포,POI128,원활,25.0,2026-10-07 09:05,0,,,0.0,0.0,0,0,,,,,,,,,,,,,,,,,,,,,,,,,,,,,,,,,,,2026-10-07 09:07
송현녹지광장,POI129,서행,16.0,2026-10-07 09:05,4,1546.0,,1.0,25.0,6,0,650,700,4100,4200,200,250,1300,1400,70,80,500,550,40,50,250,300,20261007,1400,1500,2900,3000,450,500,650,700,150,200,250,300,80,90,100,150,20261007,2026-10-07 09:07
시의회 앞,POI130,서행,15.0,2026-10-07 09:05,9,1723.0,,3.0,25.0,6,0,2800,2900,41300,41400,750,800,19400,19500,300,350,9500,9600,100,150,5400,5500,20261007,1500,1600,4900,5000,450,500,1300,1400,100,150,400,450,70,80,200,250,20261007,2026-10-07 09:07
