AREA_NM,AREA_CD,ROAD_TRAFFIC_IDX,ROAD_TRAFFIC_SPD,ROAD_TRAFFIC_TIME,PRK_CNT,PRK_CAPACITY,PRK_CUR_CNT,SUB_STN_CNT,BUS_STN_CNT,EVENT_CNT,ACDNT_CNT,SUB_ACML_GTON_PPLTN_MIN,SUB_ACML_GTON_PPLTN_MAX,SUB_ACML_GTOFF_PPLTN_MIN,SUB_ACML_GTOFF_PPLTN_MAX,SUB_30WTHN_GTON_PPLTN_MIN,SUB_30WTHN_GTON_PPLTN_MAX,SUB_30WTHN_GTOFF_PPLTN_MIN,SUB_30WTHN_GTOFF_PPLTN_MAX,SUB_10WTHN_GTON_PPLTN_MIN,SUB_10WTHN_GTON_PPLTN_MAX,SUB_10WTHN_GTOFF_PPLTN_MIN,SUB_10WTHN_GTOFF_PPLTN_MAX,SUB_5WTHN_GTON_PPLTN_MIN,SUB_5WTHN_GTON_PPLTN_MAX,SUB_5WTHN_GTOFF_PPLTN_MIN,SUB_5WTHN_GTOFF_PPLTN_MAX,SUB_STN_TIME,BUS_ACML_GTON_PPLTN_MIN,BUS_ACML_GTON_PPLTN_MAX,BUS_ACML_GTOFF_PPLTN_MIN,BUS_ACML_GTOFF_PPLTN_MAX,BUS_30WTHN_GTON_PPLTN_MIN,BUS_30WTHN_GTON_PPLTN_MAX,BUS_30WTHN_GTOFF_PPLTN_MIN,BUS_30WTHN_GTOFF_PPLTN_MAX,BUS_10WTHN_GTON_PPLTN_MIN,BUS_10WTHN_GTON_PPLTN_MAX,BUS_10WTHN_GTOFF_PPLTN_MIN,BUS_10WTHN_GTOFF_PPLTN_MAX,BUS_5WTHN_GTON_PPLTN_MIN,BUS_5WTHN_GTON_PPLTN_MAX,BUS_5WTHN_GTOFF_PPLTN_MIN,BUS_5WTHN_GTOFF_PPLTN_MAX,BUS_STN_TIME,COLLECTED_AT
강남 MICE 관광특구,POI001,서행,19.0,2026-10-09 00:05,3,4428.0,,2,5,1,0,,,,,,,,,,,,,,,,,,,,,,,,,,,,,,,,,,,2026-10-09 00:07
동대문 관광특구,POI002,서행,17.0,2026-10-09 00:05,47,8302.0,1074.0,6,20,7,0,,,,,,,,,,,,,,,,,,,,,,,,,,,,,,,,,,,2026-10-09 00:07
명동 관광특구,POI003,서행,20.0,2026-10-09 00:05,93,12070.0,7.0,9,46,7,1,,,,,,,,,,,,,,,,,,,,,,,,,,,,,,,,,,,2026-10-09 00:07
이태원 관광특구,POI004,서행,23.0,2026-10-09 00:05,8,853.0,,3,14,0,1,,,,,,,,,,,,,,,,,,,,,,,,,,,,,,,,,,,2026-10-09 00:07
잠실 관광특구,POI005,원활,25.0,2026-10-09 00:05,37,11997.0,61.0,6,42,10,0,,,,,,,,,,,,,,,,,,,,,,,,,,,,,,,,,,,2026-10-09 00:07
종로·청계 관광특구,POI006,서행,18.0,2026-10-09 00:05,48,2496.0,42.0,7,34,0,0,,,,,,,,,,,,,,,,,,,,,,,,,,,,,,,,,,,2026-10-09 00:07
홍대 관광특구,POI007,서행,16.0,2026-10-09 00:05,51,3098.0,,6,52,0,0,,,,,,,,,,,,,,,,,,,,,,,,,,,,,,,,,,,2026-10-09 00:07
경복궁,POI008,서행,22.0,2026-10-09 00:05,2,267.0,,1,10,4,0,,,,,,,,,,,,,,,,,,,,,,,,,,,,,,,,,,,2026-10-09 00:07
광화문·덕수궁,POI009,서행,22.0,2026-10-09 00:05,29,7988.0,142.0,3,32,13,1,,,,,,,,,,,,,,,,,,,,,,,,,,,,,,,,,,,2026-10-09 00:07
보신각,POI010,서행,17.0,2026-10-09 00:05,14,2572.0,7.0,1,8,1,0,,,,,,,,,,,,,,,,,,,,,,,,,,,,,,,,,,,2026-10-09 00:07
서울 암사동 유적,POI011,원활,27.0,2026-10-09 00:05,1,108.0,,0,3,0,0,,,,,,,,,,,,,,,,,,,,,,,,,,,,,,,,,,,2026-10-09 00:07
창덕궁·종묘,POI012,서행,18.0,2026-10-09 00:05,16,3155.0,328.0,0,14,1,1,,,,,,,,,,,,,,,,,,,,,,,,,,,,,,,,,,,2026-10-09 00:07
가산디지털단지역,POI013,서행,24.0,2026-10-09 00:05,20,8291.0,,1,51,0,0,,,,,,,,,,,,,,,,,,,,,,,,,,,,,,,,,,,2026-10-09 00:07
강남역,POI014,서행,19.0,2026-10-09 00:05,95,7876.0,,4,43,0,1,,,,,,,,,,,,,,,,,,,,,,,,,,,,,,,,,,,2026-10-09 00:07
건대입구역,POI015,서행,23.0,2026-10-09 00:05,23,6603.0,,2,8,3,0,,,,,,,,,,,,,,,,,,,,,,,,,,,,,,,,,,,2026-10-09 00:07
고덕역,POI016,원활,30.0,2026-10-09 00:05,15,1615.0,,1,4,0,0,,,,,,,,,,,,,,,,,,,,,,,,,,,,,,,,,,,2026-10-09 00:07
고속터미널역,POI017,원활,29.0,2026-10-09 00:05,3,4291.0,,3,8,0,0,,,,,,,,,,,,,,,,,,,,,,,,,,,,,,,,,,,2026-10-09 00:07
교대역,POI018,서행,22.0,2026-10-09 00:05,14,760.0,,2,10,0,0,,,,,,,,,,,,,,,,,,,,,,,,,,,,,,,,,,,2026-10-09 00:07
구로디지털단지역,POI019,서행,19.0,2026-10-09 00:05,20,6911.0,,1,28,0,0,,,,,,,,,,,,,,,,,,,,,,,,,,,,,,,,,,,2026-10-09 00:07
구로역,POI020,원활,29.0,2026-10-09 00:05,3,1047.0,,0,4,0,0,,,,,,,,,,,,,,,,,,,,,,,,,,,,,,,,,,,2026-10-09 00:07
군자역,POI021,서행,22.0,2026-10-09 00:05,11,573.0,,2,10,0,0,,,,,,,,,,,,,,,,,,,,,,,,,,,,,,,,,,,2026-10-09 00:07
대림역,POI023,서행,19.0,2026-10-09 00:05,4,221.0,,2,22,0,0,,,,,,,,,,,,,,,,,,,,,,,,,,,,,,,,,,,2026-10-09 00:07
동대문역,POI024,서행,17.0,2026-10-09 00:05,17,892.0,0.0,2,5,0,1,,,,,,,,,,,,,,,,,,,,,,,,,,,,,,,,,,,2026-10-09 00:07
뚝섬역,POI025,서행,24.0,2026-10-09 00:05,9,767.0,,1,4,1,0,,,,,,,,,,,,,,,,,,,,,,,,,,,,,,,,,,,2026-10-09 00:07
미아사거리역,POI026,서행,19.0,2026-10-09 00:05,11,1409.0,,1,23,0,0,,,,,,,,,,,,,,,,,,,,,,,,,,,,,,,,,,,2026-10-09 00:07
발산역,POI027,서행,21.0,2026-10-09 00:05,13,2880.0,,1,22,0,0,,,,,,,,,,,,,,,,,,,,,,,,,,,,,,,,,,,2026-10-09 00:07
사당역,POI029,서행,20.0,2026-10-09 00:05,13,520.0,,2,16,1,0,,,,,,,,,,,,,,,,,,,,,,,,,,,,,,,,,,,2026-10-09 00:07
삼각지역,POI030,원활,29.0,2026-10-09 00:05,0,,,2,5,0,1,,,,,,,,,,,,,,,,,,,,,,,,,,,,,,,,,,,2026-10-09 00:07
서울대입구역,POI031,서행,23.0,2026-10-09 00:05,2,52.0,,1,12,0,0,,,,,,,,,,,,,,,,,,,,,,,,,,,,,,,,,,,2026-10-09 00:07
서울식물원·마곡나루역,POI032,서행,21.0,2026-10-09 00:05,2,2651.0,,2,15,3,0,,,,,,,,,,,,,,,,,,,,,,,,,,,,,,,,,,,2026-10-09 00:07
서울역,POI033,서행,20.0,2026-10-09 00:05,23,3968.0,0.0,6,22,1,0,,,,,,,,,,,,,,,,,,,,,,,,,,,,,,,,,,,2026-10-09 00:07
선릉역,POI034,서행,20.0,2026-10-09 00:05,94,11160.0,29.0,4,12,0,0,,,,,,,,,,,,,,,,,,,,,,,,,,,,,,,,,,,2026-10-09 00:07
성신여대입구역,POI035,서행,17.0,2026-10-09 00:05,2,38.0,,2,8,1,0,,,,,,,,,,,,,,,,,,,,,,,,,,,,,,,,,,,2026-10-09 00:07
수유역,POI036,서행,18.0,2026-10-09 00:05,8,802.0,,1,27,0,0,,,,,,,,,,,,,,,,,,,,,,,,,,,,,,,,,,,2026-10-09 00:07
신논현역·논현역,POI037,서행,23.0,2026-10-09 00:05,32,1053.0,,4,11,0,0,,,,,,,,,,,,,,,,,,,,,,,,,,,,,,,,,,,2026-10-09 00:07
신도림역,POI038,원활,31.0,2026-10-09 00:05,1,1644.0,,1,1,0,0,,,,,,,,,,,,,,,,,,,,,,,,,,,,,,,,,,,2026-10-09 00:07
신림역,POI039,서행,16.0,2026-10-09 00:05,2,282.0,,2,14,0,0,,,,,,,,,,,,,,,,,,,,,,,,,,,,,,,,,,,2026-10-09 00:07
신촌·이대역,POI040,서행,21.0,2026-10-09 00:05,25,1943.0,82.0,1,31,0,0,,,,,,,,,,,,,,,,,,,,,,,,,,,,,,,,,,,2026-10-09 00:07
양재역,POI041,원활,27.0,2026-10-09 00:05,16,1881.0,,2,18,0,0,,,,,,,,,,,,,,,,,,,,,,,,,,,,,,,,,,,2026-10-09 00:07
역삼역,POI042,서행,19.0,2026-10-09 00:05,47,7473.0,1.0,1,9,0,2,,,,,,,,,,,,,,,,,,,,,,,,,,,,,,,,,,,2026-10-09 00:07
연신내역,POI043,서행,18.0,2026-10-09 00:05,5,208.0,,3,9,0,0,,,,,,,,,,,,,,,,,,,,,,,,,,,,,,,,,,,2026-10-09 00:07
오목교역·목동운동장,POI044,원활,30.0,2026-10-09 00:05,14,5304.0,,1,25,0,0,,,,,,,,,,,,,,,,,,,,,,,,,,,,,,,,,,,2026-10-09 00:07
왕십리역,POI045,서행,21.0,2026-10-09 00:05,4,1478.0,,4,18,0,0,,,,,,,,,,,,,,,,,,,,,,,,,,,,,,,,,,,2026-10-09 00:07
용산역,POI046,서행,24.0,2026-10-09 00:05,11,5014.0,104.0,1,25,0,0,,,,,,,,,,,,,,,,,,,,,,,,,,,,,,,,,,,2026-10-09 00:07
이태원역,POI047,서행,17.0,2026-10-09 00:05,4,66.0,,1,9,0,0,,,,,,,,,,,,,,,,,,,,,,,,,,,,,,,,,,,2026-10-09 00:07
장지역,POI048,서행,22.0,2026-10-09 00:05,4,10611.0,,1,18,0,0,,,,,,,,,,,,,,,,,,,,,,,,,,,,,,,,,,,2026-10-09 00:07
장한평역,POI049,원활,26.0,2026-10-09 00:05,15,847.0,,1,11,0,0,,,,,,,,,,,,,,,,,,,,,,,,,,,,,,,,,,,2026-10-09 00:07
천호역,POI050,서행,23.0,2026-10-09 00:05,14,3331.0,,2,9,0,0,,,,,,,,,,,,,,,,,,,,,,,,,,,,,,,,,,,2026-10-09 00:07
총신대입구(이수)역,POI051,서행,21.0,2026-10-09 00:05,7,533.0,,2,15,0,0,,,,,,,,,,,,,,,,,,,,,,,,,,,,,,,,,,,2026-10-09 00:07
충정로역,POI052,원활,27.0,2026-10-09 00:05,5,834.0,,2,15,0,0,,,,,,,,,,,,,,,,,,,,,,,,,,,,,,,,,,,2026-10-09 00:07
합정역,POI053,서행,23.0,2026-10-09 00:05,6,207.0,,2,27,0,0,,,,,,,,,,,,,,,,,,,,,,,,,,,,,,,,,,,2026-10-09 00:07
혜화역,POI054,서행,20.0,2026-10-09 00:05,24,955.0,,1,11,7,0,,,,,,,,,,,,,,,,,,,,,,,,,,,,,,,,,,,2026-10-09 00:07
홍대입구역(2호선),POI055,서행,17.0,2026-10-09 00:05,16,1196.0,,3,12,0,0,,,,,,,,,,,,,,,,,,,,,,,,,,,,,,,,,,,2026-10-09 00:07
회기역,POI056,서행,23.0,2026-10-09 00:05,21,408.0,,1,21,0,0,,,,,,,,,,,,,,,,,,,,,,,,,,,,,,,,,,,2026-10-09 00:07
가락시장,POI058,원활,29.0,2026-10-09 00:05,4,2884.0,,2,12,0,0,,,,,,,,,,,,,,,,,,,,,,,,,,,,,,,,,,,2026-10-09 00:07
가로수길,POI059,원활,29.0,2026-10-09 00:05,51,2767.0,47.0,3,9,0,0,,,,,,,,,,,,,,,,,,,,,,,,,,,,,,,,,,,2026-10-09 00:07
광장(전통)시장,POI060,서행,21.0,2026-10-09 00:05,7,103.0,8.0,1,7,0,0,,,,,,,,,,,,,,,,,,,,,,,,,,,,,,,,,,,2026-10-09 00:07
김포공항,POI061,원활,33.0,2026-10-09 00:05,6,16594.0,,3,21,0,0,,,,,,,,,,,,,,,,,,,,,,,,,,,,,,,,,,,2026-10-09 00:07
노량진,POI063,원활,25.0,2026-10-09 00:05,11,1218.0,,2,17,1,1,,,,,,,,,,,,,,,,,,,,,,,,,,,,,,,,,,,2026-10-09 00:07
덕수궁길·정동길,POI064,서행,21.0,2026-10-09 00:05,10,620.0,,3,10,0,0,,,,,,,,,,,,,,,,,,,,,,,,,,,,,,,,,,,2026-10-09 00:07
북촌한옥마을,POI066,서행,23.0,2026-10-09 00:05,16,1756.0,,1,49,9,0,,,,,,,,,,,,,,,,,,,,,,,,,,,,,,,,,,,2026-10-09 00:07
서촌,POI067,서행,20.0,2026-10-09 00:05,9,308.0,,0,25,4,0,,,,,,,,,,,,,,,,,,,,,,,,,,,,,,,,,,,2026-10-09 00:07
성수카페거리,POI068,서행,21.0,2026-10-09 00:05,28,2824.0,,2,23,1,0,,,,,,,,,,,,,,,,,,,,,,,,,,,,,,,,,,,2026-10-09 00:07
쌍문역,POI070,서행,20.0,2026-10-09 00:05,8,345.0,,1,17,0,0,,,,,,,,,,,,,,,,,,,,,,,,,,,,,,,,,,,2026-10-09 00:07
압구정로데오거리,POI071,서행,21.0,2026-10-09 00:05,55,1976.0,1.0,1,11,1,0,,,,,,,,,,,,,,,,,,,,,,,,,,,,,,,,,,,2026-10-09 00:07
여의도,POI072,원활,27.0,2026-10-09 00:05,116,24820.0,218.0,7,58,3,0,,,,,,,,,,,,,,,,,,,,,,,,,,,,,,,,,,,2026-10-09 00:07
연남동,POI073,서행,20.0,2026-10-09 00:05,45,132.0,,0,19,0,0,,,,,,,,,,,,,,,,,,,,,,,,,,,,,,,,,,,2026-10-09 00:07
영등포 타임스퀘어,POI074,서행,19.0,2026-10-09 00:05,10,1195.0,12.0,0,16,0,0,,,,,,,,,,,,,,,,,,,,,,,,,,,,,,,,,,,2026-10-09 00:07
용리단길,POI076,원활,26.0,2026-10-09 00:05,0,,,3,5,0,0,,,,,,,,,,,,,,,,,,,,,,,,,,,,,,,,,,,2026-10-09 00:07
이태원 앤틱가구거리,POI077,원활,25.0,2026-10-09 00:05,4,51.0,,1,13,0,0,,,,,,,,,,,,,,,,,,,,,,,,,,,,,,,,,,,2026-10-09 00:07
인사동,POI078,서행,18.0,2026-10-09 00:05,21,2465.0,2.0,2,19,6,0,,,,,,,,,,,,,,,,,,,,,,,,,,,,,,,,,,,2026-10-09 00:07
창동 신경제 중심지,POI079,서행,23.0,2026-10-09 00:05,46,4927.0,28.0,3,39,5,0,,,,,,,,,,,,,,,,,,,,,,,,,,,,,,,,,,,2026-10-09 00:07
청담동 명품거리,POI080,서행,22.0,2026-10-09 00:05,16,910.0,,1,6,0,0,,,,,,,,,,,,,,,,,,,,,,,,,,,,,,,,,,,2026-10-09 00:07
청량리 제기동 일대 전통시장,POI081,서행,20.0,2026-10-09 00:05,12,2214.0,,2,21,0,0,,,,,,,,,,,,,,,,,,,,,,,,,,,,,,,,,,,2026-10-09 00:07
해방촌·경리단길,POI082,원활,33.0,2026-10-09 00:05,4,273.0,,0,26,0,0,,,,,,,,,,,,,,,,,,,,,,,,,,,,,,,,,,,2026-10-09 00:07
DDP(동대문디자인플라자),POI083,서행,17.0,2026-10-09 00:05,9,2596.0,1066.0,3,7,5,0,,,,,,,,,,,,,,,,,,,,,,,,,,,,,,,,,,,2026-10-09 00:07
DMC(디지털미디어시티),POI084,서행,23.0,2026-10-09 00:05,25,9176.0,,4,44,0,0,,,,,,,,,,,,,,,,,,,,,,,,,,,,,,,,,,,2026-10-09 00:07
강서한강공원,POI085,원활,58.0,2026-10-09 00:05,2,106.0,2.0,0,0,0,0,,,,,,,,,,,,,,,,,,,,,,,,,,,,,,,,,,,2026-10-09 00:07
고척돔,POI086,원활,30.0,2026-10-09 00:05,0,,,0,2,4,0,,,,,,,,,,,,,,,,,,,,,,,,,,,,,,,,,,,2026-10-09 00:07
광나루한강공원,POI087,원활,66.0,2026-10-09 00:05,4,718.0,108.0,0,0,0,0,,,,,,,,,,,,,,,,,,,,,,,,,,,,,,,,,,,2026-10-09 00:07
광화문광장,POI088,서행,23.0,2026-10-09 00:05,3,2932.0,142.0,2,8,5,0,,,,,,,,,,,,,,,,,,,,,,,,,,,,,,,,,,,2026-10-09 00:07
국립중앙박물관·용산가족공원,POI089,원활,39.0,2026-10-09 00:05,4,931.0,,1,3,2,0,,,,,,,,,,,,,,,,,,,,,,,,,,,,,,,,,,,2026-10-09 00:07
난지한강공원,POI090,원활,61.0,2026-10-09 00:05,4,1240.0,0.0,0,4,0,0,,,,,,,,,,,,,,,,,,,,,,,,,,,,,,,,,,,2026-10-09 00:07
남산공원,POI091,원활,35.0,2026-10-09 00:05,33,2148.0,21.0,4,22,6,0,,,,,,,,,,,,,,,,,,,,,,,,,,,,,,,,,,,2026-10-09 00:07
노들섬,POI092,원활,38.0,2026-10-09 00:05,1,99.0,,0,2,4,0,,,,,,,,,,,,,,,,,,,,,,,,,,,,,,,,,,,2026-10-09 00:07
뚝섬한강공원,POI093,원활,59.0,2026-10-09 00:05,8,1342.0,356.0,1,1,1,0,,,,,,,,,,,,,,,,,,,,,,,,,,,,,,,,,,,2026-10-09 00:07
망원한강공원,POI094,원활,38.0,2026-10-09 00:05,2,458.0,0.0,2,5,0,0,,,,,,,,,,,,,,,,,,,,,,,,,,,,,,,,,,,2026-10-09 00:07
반포한강공원,POI095,원활,46.0,2026-10-09 00:05,9,1483.0,9.0,0,2,0,0,,,,,,,,,,,,,,,,,,,,,,,,,,,,,,,,,,,2026-10-09 00:07
북서울꿈의숲,POI096,원활,26.0,2026-10-09 00:05,3,549.0,,0,14,1,0,,,,,,,,,,,,,,,,,,,,,,,,,,,,,,,,,,,2026-10-09 00:07
서리풀공원·몽마르뜨공원,POI098,원활,32.0,2026-10-09 00:05,0,,,4,7,0,0,,,,,,,,,,,,,,,,,,,,,,,,,,,,,,,,,,,2026-10-09 00:07
서울대공원,POI100,원활,34.0,2026-10-09 00:05,0,,,0,0,0,0,,,,,,,,,,,,,,,,,,,,,,,,,,,,,,,,,,,2026-10-09 00:07
서울숲공원,POI101,원활,44.0,2026-10-09 00:05,2,996.0,,1,9,2,0,,,,,,,,,,,,,,,,,,,,,,,,,,,,,,,,,,,2026-10-09 00:07
아차산,POI102,원활,37.0,2026-10-09 00:05,0,,,0,3,0,0,,,,,,,,,,,,,,,,,,,,,,,,,,,,,,,,,,,2026-10-09 00:07
양화한강공원,POI103,원활,47.0,2026-10-09 00:05,6,1002.0,86.0,0,2,0,0,,,,,,,,,,,,,,,,,,,,,,,,,,,,,,,,,,,2026-10-09 00:07
어린이대공원,POI104,서행,23.0,2026-10-09 00:05,4,945.0,,2,9,4,0,,,,,,,,,,,,,,,,,,,,,,,,,,,,,,,,,,,2026-10-09 00:07
여의도한강공원,POI105,원활,40.0,2026-10-09 00:05,6,2866.0,140.0,1,3,0,0,,,,,,,,,,,,,,,,,,,,,,,,,,,,,,,,,,,2026-10-09 00:07
월드컵공원,POI106,원활,37.0,2026-10-09 00:05,9,3537.0,,4,27,0,0,,,,,,,,,,,,,,,,,,,,,,,,,,,,,,,,,,,2026-10-09 00:07
응봉산,POI107,원활,28.0,2026-10-09 00:05,3,88.0,,0,24,0,0,,,,,,,,,,,,,,,,,,,,,,,,,,,,,,,,,,,2026-10-09 00:07
이촌한강공원,POI108,원활,49.0,2026-10-09 00:05,2,514.0,0.0,0,2,1,0,,,,,,,,,,,,,,,,,,,,,,,,,,,,,,,,,,,2026-10-09 00:07
잠실종합운동장,POI109,원활,31.0,2026-10-09 00:05,1,876.0,,1,2,0,0,,,,,,,,,,,,,,,,,,,,,,,,,,,,,,,,,,,2026-10-09 00:07
잠실한강공원,POI110,원활,48.0,2026-10-09 00:05,4,1326.0,92.0,1,2,0,0,,,,,,,,,,,,,,,,,,,,,,,,,,,,,,,,,,,2026-10-09 00:07
잠원한강공원,POI111,원활,54.0,2026-10-09 00:05,3,1540.0,0.0,0,2,0,0,,,,,,,,,,,,,,,,,,,,,,,,,,,,,,,,,,,2026-10-09 00:07
청계산,POI112,원활,59.0,2026-10-09 00:05,0,,,0,4,0,0,,,,,,,,,,,,,,,,,,,,,,,,,,,,,,,,,,,2026-10-09 00:07
북창동 먹자골목,POI114,서행,17.0,2026-10-09 00:05,20,552.0,0.0,0,10,0,0,,,,,,,,,,,,,,,,,,,,,,,,,,,,,,,,,,,2026-10-09 00:07
남대문시장,POI115,서행,23.0,2026-10-09 00:05,16,1456.0,4.0,1,6,0,0,,,,,,,,,,,,,,,,,,,,,,,,,,,,,,,,,,,2026-10-09 00:07
익선동,POI116,서행,15.0,2026-10-09 00:05,10,187.0,2.0,3,9,1,0,,,,,,,,,,,,,,,,,,,,,,,,,,,,,,,,,,,2026-10-09 00:07
신정네거리역,POI117,서행,21.0,2026-10-09 00:05,3,119.0,,1,9,0,0,,,,,,,,,,,,,,,,,,,,,,,,,,,,,,,,,,,2026-10-09 00:07
잠실새내역,POI118,서행,21.0,2026-10-09 00:05,31,1541.0,,1,10,0,0,,,,,,,,,,,,,,,,,,,,,,,,,,,,,,,,,,,2026-10-09 00:07
잠실역,POI119,서행,24.0,2026-10-09 00:05,5,6749.0,61.0,2,18,0,0,,,,,,,,,,,,,,,,,,,,,,,,,,,,,,,,,,,2026-10-09 00:07
잠실롯데타워·석촌호수,POI120,서행,22.0,2026-10-09 00:05,33,9281.0,61.0,3,0,3,0,,,,,,,,,,,,,,,,,,,,,,,,,,,,,,,,,,,2026-10-09 00:07
송리단길·호수단길,POI121,서행,23.0,2026-10-09 00:05,21,878.0,,3,12,0,0,,,,,,,,,,,,,,,,,,,,,,,,,,,,,,,,,,,2026-10-09 00:07
신촌 스타광장,POI122,서행,18.0,2026-10-09 00:05,4,235.0,,1,4,0,0,,,,,,,,,,,,,,,,,,,,,,,,,,,,,,,,,,,2026-10-09 00:07
보라매공원,POI123,서행,19.0,2026-10-09 00:05,1,78.0,,2,4,0,0,,,,,,,,,,,,,,,,,,,,,,,,,,,,,,,,,,,2026-10-09 00:07
서대문독립공원,POI124,원활,28.0,2026-10-09 00:05,2,150.0,,1,14,0,0,,,,,,,,,,,,,,,,,,,,,,,,,,,,,,,,,,,2026-10-09 00:07
안양천,POI125,원활,47.0,2026-10-09 00:05,1,294.0,,0,1,0,0,,,,,,,,,,,,,,,,,,,,,,,,,,,,,,,,,,,2026-10-09 00:07
여의서로,POI126,원활,36.0,2026-10-09 00:05,2,168.0,38.0,0,0,0,0,,,,,,,,,,,,,,,,,,,,,,,,,,,,,,,,,,,2026-10-09 00:07
올림픽공원,POI127,원활,28.0,2026-10-09 00:05,4,2716.0,,4,16,7,0,,,,,,,,,,,,,,,,,,,,,,,,,,,,,,,,,,,2026-10-09 00:07
홍제폭포,POI128,원활,38.0,2026-10-09 00:05,0,,,0,0,0,0,,,,,,,,,,,,,,,,,,,,,,,,,,,,,,,,,,,2026-10-09 00:07
송현녹지광장,POI129,서행,23.0,2026-10-09 00:05,4,1546.0,,1,22,8,0,,,,,,,,,,,,,,,,,,,,,,,,,,,,,,,,,,,2026-10-09 00:07
시의회 앞,POI130,서행,22.0,2026-10-09 00:05,9,1723.0,,3,19,6,0,,,,,,,,,,,,,,,,,,,,,,,,,,,,,,,,,,,2026-10-09 00:07
강남 MICE 관광특구,POI001,서행,24.0,2026-10-09 02:50,3,4428.0,,2,5,1,0,,,,,,,,,,,,,,,,,,,,,,,,,,,,,,,,,,,2026-10-09 02:51
동대문 관광특구,POI002,서행,19.0,2026-10-09 02:50,47,8302.0,698.0,6,20,7,0,,,,,,,,,,,,,,,,,,,,,,,,,,,,,,,,,,,2026-10-09 02:51
명동 관광특구,POI003,서행,23.0,2026-10-09 02:50,93,12070.0,6.0,9,46,7,1,,,,,,,,,,,,,,,,,,,,,,,,,,,,,,,,,,,2026-10-09 02:51
이태원 관광특구,POI004,서행,23.0,2026-10-09 02:50,8,853.0,,3,14,0,1,,,,,,,,,,,,,,,,,,,,,,,,,,,,,,,,,,,2026-10-09 02:51
잠실 관광특구,POI005,원활,28.0,2026-10-09 02:50,37,11997.0,53.0,6,42,10,0,,,,,,,,,,,,,,,,,,,,,,,,,,,,,,,,,,,2026-10-09 02:51
종로·청계 관광특구,POI006,서행,20.0,2026-10-09 02:50,48,2496.0,40.0,7,34,0,0,,,,,,,,,,,,,,,,,,,,,,,,,,,,,,,,,,,2026-10-09 02:51
홍대 관광특구,POI007,서행,17.0,2026-10-09 02:50,51,3098.0,,6,52,0,0,,,,,,,,,,,,,,,,,,,,,,,,,,,,,,,,,,,2026-10-09 02:51
경복궁,POI008,원활,25.0,2026-10-09 02:50,2,267.0,,1,10,4,0,,,,,,,,,,,,,,,,,,,,,,,,,,,,,,,,,,,2026-10-09 02:51
광화문·덕수궁,POI009,서행,23.0,2026-10-09 02:50,29,7988.0,112.0,3,32,13,1,,,,,,,,,,,,,,,,,,,,,,,,,,,,,,,,,,,2026-10-09 02:51
보신각,POI010,서행,17.0,2026-10-09 02:50,14,2572.0,7.0,1,8,1,0,,,,,,,,,,,,,,,,,,,,,,,,,,,,,,,,,,,2026-10-09 02:51
서울 암사동 유적,POI011,원활,25.0,2026-10-09 02:50,1,108.0,,0,3,0,0,,,,,,,,,,,,,,,,,,,,,,,,,,,,,,,,,,,2026-10-09 02:51
창덕궁·종묘,POI012,서행,19.0,2026-10-09 02:50,16,3155.0,283.0,0,14,1,1,,,,,,,,,,,,,,,,,,,,,,,,,,,,,,,,,,,2026-10-09 02:51
가산디지털단지역,POI013,원활,29.0,2026-10-09 02:50,20,8291.0,,1,51,0,0,,,,,,,,,,,,,,,,,,,,,,,,,,,,,,,,,,,2026-10-09 02:51
강남역,POI014,서행,21.0,2026-10-09 02:50,95,7876.0,,4,43,0,0,,,,,,,,,,,,,,,,,,,,,,,,,,,,,,,,,,,2026-10-09 02:51
건대입구역,POI015,원활,26.0,2026-10-09 02:50,23,6603.0,,2,8,3,0,,,,,,,,,,,,,,,,,,,,,,,,,,,,,,,,,,,2026-10-09 02:51
고덕역,POI016,원활,30.0,2026-10-09 02:50,15,1615.0,,1,4,0,0,,,,,,,,,,,,,,,,,,,,,,,,,,,,,,,,,,,2026-10-09 02:51
고속터미널역,POI017,원활,35.0,2026-10-09 02:50,3,4291.0,,3,8,0,0,,,,,,,,,,,,,,,,,,,,,,,,,,,,,,,,,,,2026-10-09 02:51
교대역,POI018,원활,26.0,2026-10-09 02:50,14,760.0,,2,10,0,0,,,,,,,,,,,,,,,,,,,,,,,,,,,,,,,,,,,2026-10-09 02:51
구로디지털단지역,POI019,서행,23.0,2026-10-09 02:50,20,6911.0,,1,28,0,0,,,,,,,,,,,,,,,,,,,,,,,,,,,,,,,,,,,2026-10-09 02:51
구로역,POI020,원활,25.0,2026-10-09 02:50,3,1047.0,,0,4,0,0,,,,,,,,,,,,,,,,,,,,,,,,,,,,,,,,,,,2026-10-09 02:51
군자역,POI021,서행,24.0,2026-10-09 02:50,11,573.0,,2,10,0,0,,,,,,,,,,,,,,,,,,,,,,,,,,,,,,,,,,,2026-10-09 02:51
대림역,POI023,서행,21.0,2026-10-09 02:50,4,221.0,,2,22,0,0,,,,,,,,,,,,,,,,,,,,,,,,,,,,,,,,,,,2026-10-09 02:51
동대문역,POI024,서행,22.0,2026-10-09 02:50,17,892.0,0.0,2,5,0,1,,,,,,,,,,,,,,,,,,,,,,,,,,,,,,,,,,,2026-10-09 02:51
뚝섬역,POI025,원활,26.0,2026-10-09 02:50,9,767.0,,1,4,1,0,,,,,,,,,,,,,,,,,,,,,,,,,,,,,,,,,,,2026-10-09 02:51
미아사거리역,POI026,서행,19.0,2026-10-09 02:50,11,1409.0,,1,23,0,0,,,,,,,,,,,,,,,,,,,,,,,,,,,,,,,,,,,2026-10-09 02:51
발산역,POI027,서행,18.0,2026-10-09 02:50,13,2880.0,,1,22,0,0,,,,,,,,,,,,,,,,,,,,,,,,,,,,,,,,,,,2026-10-09 02:51
사당역,POI029,원활,25.0,2026-10-09 02:50,13,520.0,,2,16,1,0,,,,,,,,,,,,,,,,,,,,,,,,,,,,,,,,,,,2026-10-09 02:51
삼각지역,POI030,원활,33.0,2026-10-09 02:50,0,,,2,5,0,1,,,,,,,,,,,,,,,,,,,,,,,,,,,,,,,,,,,2026-10-09 02:51
서울대입구역,POI031,서행,24.0,2026-10-09 02:50,2,52.0,,1,12,0,0,,,,,,,,,,,,,,,,,,,,,,,,,,,,,,,,,,,2026-10-09 02:51
서울식물원·마곡나루역,POI032,서행,20.0,2026-10-09 02:50,2,2651.0,,2,15,3,0,,,,,,,,,,,,,,,,,,,,,,,,,,,,,,,,,,,2026-10-09 02:51
서울역,POI033,서행,24.0,2026-10-09 02:50,23,3968.0,0.0,6,22,1,0,,,,,,,,,,,,,,,,,,,,,,,,,,,,,,,,,,,2026-10-09 02:51
선릉역,POI034,서행,23.0,2026-10-09 02:50,94,11160.0,28.0,4,12,0,0,,,,,,,,,,,,,,,,,,,,,,,,,,,,,,,,,,,2026-10-09 02:51
성신여대입구역,POI035,서행,24.0,2026-10-09 02:50,2,38.0,,2,8,1,0,,,,,,,,,,,,,,,,,,,,,,,,,,,,,,,,,,,2026-10-09 02:51
수유역,POI036,서행,19.0,2026-10-09 02:50,8,802.0,,1,27,0,0,,,,,,,,,,,,,,,,,,,,,,,,,,,,,,,,,,,2026-10-09 02:51
신논현역·논현역,POI037,서행,24.0,2026-10-09 02:50,32,1053.0,,4,11,0,0,,,,,,,,,,,,,,,,,,,,,,,,,,,,,,,,,,,2026-10-09 02:51
신도림역,POI038,원활,34.0,2026-10-09 02:50,1,1644.0,,1,1,0,0,,,,,,,,,,,,,,,,,,,,,,,,,,,,,,,,,,,2026-10-09 02:51
신림역,POI039,서행,17.0,2026-10-09 02:50,2,282.0,,2,14,0,0,,,,,,,,,,,,,,,,,,,,,,,,,,,,,,,,,,,2026-10-09 02:51
신촌·이대역,POI040,서행,20.0,2026-10-09 02:50,25,1943.0,63.0,1,31,0,0,,,,,,,,,,,,,,,,,,,,,,,,,,,,,,,,,,,2026-10-09 02:51
양재역,POI041,원활,30.0,2026-10-09 02:50,16,1881.0,,2,18,0,0,,,,,,,,,,,,,,,,,,,,,,,,,,,,,,,,,,,2026-10-09 02:51
역삼역,POI042,서행,24.0,2026-10-09 02:50,47,7473.0,1.0,1,9,0,2,,,,,,,,,,,,,,,,,,,,,,,,,,,,,,,,,,,2026-10-09 02:51
연신내역,POI043,서행,19.0,2026-10-09 02:50,5,208.0,,3,9,0,0,,,,,,,,,,,,,,,,,,,,,,,,,,,,,,,,,,,2026-10-09 02:51
오목교역·목동운동장,POI044,원활,33.0,2026-10-09 02:50,14,5304.0,,1,25,0,0,,,,,,,,,,,,,,,,,,,,,,,,,,,,,,,,,,,2026-10-09 02:51
왕십리역,POI045,서행,20.0,2026-10-09 02:50,4,1478.0,,4,18,0,0,,,,,,,,,,,,,,,,,,,,,,,,,,,,,,,,,,,2026-10-09 02:51
용산역,POI046,원활,29.0,2026-10-09 02:50,11,5014.0,99.0,1,25,0,0,,,,,,,,,,,,,,,,,,,,,,,,,,,,,,,,,,,2026-10-09 02:51
이태원역,POI047,서행,16.0,2026-10-09 02:50,4,66.0,,1,9,0,0,,,,,,,,,,,,,,,,,,,,,,,,,,,,,,,,,,,2026-10-09 02:51
장지역,POI048,서행,24.0,2026-10-09 02:50,4,10611.0,,1,18,0,0,,,,,,,,,,,,,,,,,,,,,,,,,,,,,,,,,,,2026-10-09 02:51
장한평역,POI049,원활,26.0,2026-10-09 02:50,15,847.0,,1,11,0,0,,,,,,,,,,,,,,,,,,,,,,,,,,,,,,,,,,,2026-10-09 02:51
천호역,POI050,서행,22.0,2026-10-09 02:50,14,3331.0,,2,9,0,0,,,,,,,,,,,,,,,,,,,,,,,,,,,,,,,,,,,2026-10-09 02:51
총신대입구(이수)역,POI051,서행,23.0,2026-10-09 02:50,7,533.0,,2,15,0,0,,,,,,,,,,,,,,,,,,,,,,,,,,,,,,,,,,,2026-10-09 02:51
충정로역,POI052,원활,28.0,2026-10-09 02:50,5,834.0,,2,15,0,0,,,,,,,,,,,,,,,,,,,,,,,,,,,,,,,,,,,2026-10-09 02:51
합정역,POI053,서행,24.0,2026-10-09 02:50,6,207.0,,2,27,0,0,,,,,,,,,,,,,,,,,,,,,,,,,,,,,,,,,,,2026-10-09 02:51
혜화역,POI054,서행,24.0,2026-10-09 02:50,24,955.0,,1,11,7,0,,,,,,,,,,,,,,,,,,,,,,,,,,,,,,,,,,,2026-10-09 02:51
홍대입구역(2호선),POI055,서행,19.0,2026-10-09 02:50,16,1196.0,,3,12,0,0,,,,,,,,,,,,,,,,,,,,,,,,,,,,,,,,,,,2026-10-09 02:51
회기역,POI056,원활,25.0,2026-10-09 02:50,21,408.0,,1,21,0,0,,,,,,,,,,,,,,,,,,,,,,,,,,,,,,,,,,,2026-10-09 02:51
가락시장,POI058,원활,31.0,2026-10-09 02:50,4,2884.0,,2,12,0,0,,,,,,,,,,,,,,,,,,,,,,,,,,,,,,,,,,,2026-10-09 02:51
가로수길,POI059,원활,31.0,2026-10-09 02:50,51,2767.0,30.0,3,9,0,0,,,,,,,,,,,,,,,,,,,,,,,,,,,,,,,,,,,2026-10-09 02:51
광장(전통)시장,POI060,서행,20.0,2026-10-09 02:50,7,103.0,6.0,1,7,0,0,,,,,,,,,,,,,,,,,,,,,,,,,,,,,,,,,,,2026-10-09 02:51
김포공항,POI061,원활,35.0,2026-10-09 02:50,6,16594.0,,3,21,0,0,,,,,,,,,,,,,,,,,,,,,,,,,,,,,,,,,,,2026-10-09 02:51
노량진,POI063,원활,30.0,2026-10-09 02:50,11,1218.0,,2,17,1,1,,,,,,,,,,,,,,,,,,,,,,,,,,,,,,,,,,,2026-10-09 02:51
덕수궁길·정동길,POI064,원활,27.0,2026-10-09 02:50,10,620.0,,3,10,0,0,,,,,,,,,,,,,,,,,,,,,,,,,,,,,,,,,,,2026-10-09 02:51
북촌한옥마을,POI066,서행,24.0,2026-10-09 02:50,16,1756.0,,1,49,9,0,,,,,,,,,,,,,,,,,,,,,,,,,,,,,,,,,,,2026-10-09 02:51
서촌,POI067,서행,21.0,2026-10-09 02:50,9,308.0,,0,25,4,0,,,,,,,,,,,,,,,,,,,,,,,,,,,,,,,,,,,2026-10-09 02:51
성수카페거리,POI068,서행,23.0,2026-10-09 02:50,28,2824.0,,2,23,1,0,,,,,,,,,,,,,,,,,,,,,,,,,,,,,,,,,,,2026-10-09 02:51
쌍문역,POI070,서행,23.0,2026-10-09 02:50,8,345.0,,1,17,0,0,,,,,,,,,,,,,,,,,,,,,,,,,,,,,,,,,,,2026-10-09 02:51
압구정로데오거리,POI071,서행,23.0,2026-10-09 02:50,55,1976.0,1.0,1,11,1,0,,,,,,,,,,,,,,,,,,,,,,,,,,,,,,,,,,,2026-10-09 02:51
여의도,POI072,원활,30.0,2026-10-09 02:50,116,24820.0,139.0,7,58,3,0,,,,,,,,,,,,,,,,,,,,,,,,,,,,,,,,,,,2026-10-09 02:51
연남동,POI073,서행,22.0,2026-10-09 02:50,45,132.0,,0,19,0,0,,,,,,,,,,,,,,,,,,,,,,,,,,,,,,,,,,,2026-10-09 02:51
영등포 타임스퀘어,POI074,서행,21.0,2026-10-09 02:50,10,1195.0,1.0,0,16,0,0,,,,,,,,,,,,,,,,,,,,,,,,,,,,,,,,,,,2026-10-09 02:51
용리단길,POI076,원활,29.0,2026-10-09 02:50,0,,,3,5,0,0,,,,,,,,,,,,,,,,,,,,,,,,,,,,,,,,,,,2026-10-09 02:51
이태원 앤틱가구거리,POI077,원활,26.0,2026-10-09 02:50,4,51.0,,1,13,0,0,,,,,,,,,,,,,,,,,,,,,,,,,,,,,,,,,,,2026-10-09 02:51
인사동,POI078,서행,18.0,2026-10-09 02:50,21,2465.0,2.0,2,19,6,0,,,,,,,,,,,,,,,,,,,,,,,,,,,,,,,,,,,2026-10-09 02:51
창동 신경제 중심지,POI079,서행,23.0,2026-10-09 02:50,46,4927.0,20.0,3,39,5,0,,,,,,,,,,,,,,,,,,,,,,,,,,,,,,,,,,,2026-10-09 02:51
청담동 명품거리,POI080,원활,25.0,2026-10-09 02:50,16,910.0,,1,6,0,0,,,,,,,,,,,,,,,,,,,,,,,,,,,,,,,,,,,2026-10-09 02:51
청량리 제기동 일대 전통시장,POI081,서행,23.0,2026-10-09 02:50,12,2214.0,,2,21,0,0,,,,,,,,,,,,,,,,,,,,,,,,,,,,,,,,,,,2026-10-09 02:51
해방촌·경리단길,POI082,원활,35.0,2026-10-09 02:50,4,273.0,,0,26,0,0,,,,,,,,,,,,,,,,,,,,,,,,,,,,,,,,,,,2026-10-09 02:51
DDP(동대문디자인플라자),POI083,서행,19.0,2026-10-09 02:50,9,2596.0,690.0,3,7,5,0,,,,,,,,,,,,,,,,,,,,,,,,,,,,,,,,,,,2026-10-09 02:51
DMC(디지털미디어시티),POI084,원활,27.0,2026-10-09 02:50,25,9176.0,,4,44,0,0,,,,,,,,,,,,,,,,,,,,,,,,,,,,,,,,,,,2026-10-09 02:51
강서한강공원,POI085,원활,60.0,2026-10-09 02:50,2,106.0,0.0,0,0,0,0,,,,,,,,,,,,,,,,,,,,,,,,,,,,,,,,,,,2026-10-09 02:51
고척돔,POI086,원활,35.0,2026-10-09 02:50,0,,,0,2,4,0,,,,,,,,,,,,,,,,,,,,,,,,,,,,,,,,,,,2026-10-09 02:51
광나루한강공원,POI087,원활,67.0,2026-10-09 02:50,4,718.0,86.0,0,0,0,0,,,,,,,,,,,,,,,,,,,,,,,,,,,,,,,,,,,2026-10-09 02:51
광화문광장,POI088,원활,27.0,2026-10-09 02:50,3,2932.0,112.0,2,8,5,0,,,,,,,,,,,,,,,,,,,,,,,,,,,,,,,,,,,2026-10-09 02:51
국립중앙박물관·용산가족공원,POI089,원활,43.0,2026-10-09 02:50,4,931.0,,1,3,2,0,,,,,,,,,,,,,,,,,,,,,,,,,,,,,,,,,,,2026-10-09 02:51
난지한강공원,POI090,원활,66.0,2026-10-09 02:50,4,1240.0,0.0,0,4,0,0,,,,,,,,,,,,,,,,,,,,,,,,,,,,,,,,,,,2026-10-09 02:51
남산공원,POI091,원활,37.0,2026-10-09 02:50,33,2148.0,23.0,4,22,6,0,,,,,,,,,,,,,,,,,,,,,,,,,,,,,,,,,,,2026-10-09 02:51
노들섬,POI092,원활,54.0,2026-10-09 02:50,1,99.0,,0,2,4,0,,,,,,,,,,,,,,,,,,,,,,,,,,,,,,,,,,,2026-10-09 02:51
뚝섬한강공원,POI093,원활,63.0,2026-10-09 02:50,8,1342.0,202.0,1,1,1,0,,,,,,,,,,,,,,,,,,,,,,,,,,,,,,,,,,,2026-10-09 02:51
망원한강공원,POI094,원활,41.0,2026-10-09 02:50,2,458.0,0.0,2,5,0,0,,,,,,,,,,,,,,,,,,,,,,,,,,,,,,,,,,,2026-10-09 02:51
반포한강공원,POI095,원활,52.0,2026-10-09 02:50,9,1483.0,9.0,0,2,0,0,,,,,,,,,,,,,,,,,,,,,,,,,,,,,,,,,,,2026-10-09 02:51
북서울꿈의숲,POI096,서행,24.0,2026-10-09 02:50,3,549.0,,0,14,1,0,,,,,,,,,,,,,,,,,,,,,,,,,,,,,,,,,,,2026-10-09 02:51
서리풀공원·몽마르뜨공원,POI098,원활,33.0,2026-10-09 02:50,0,,,4,7,0,0,,,,,,,,,,,,,,,,,,,,,,,,,,,,,,,,,,,2026-10-09 02:51
서울대공원,POI100,원활,36.0,2026-10-09 02:50,0,,,0,0,0,0,,,,,,,,,,,,,,,,,,,,,,,,,,,,,,,,,,,2026-10-09 02:51
서울숲공원,POI101,원활,45.0,2026-10-09 02:50,2,996.0,,1,9,2,0,,,,,,,,,,,,,,,,,,,,,,,,,,,,,,,,,,,2026-10-09 02:51
아차산,POI102,원활,36.0,2026-10-09 02:50,0,,,0,3,0,0,,,,,,,,,,,,,,,,,,,,,,,,,,,,,,,,,,,2026-10-09 02:51
양화한강공원,POI103,원활,49.0,2026-10-09 02:50,6,1002.0,34.0,0,2,0,0,,,,,,,,,,,,,,,,,,,,,,,,,,,,,,,,,,,2026-10-09 02:51
어린이대공원,POI104,서행,24.0,2026-10-09 02:50,4,945.0,,2,9,4,0,,,,,,,,,,,,,,,,,,,,,,,,,,,,,,,,,,,2026-10-09 02:51
여의도한강공원,POI105,원활,43.0,2026-10-09 02:50,6,2866.0,63.0,1,3,0,0,,,,,,,,,,,,,,,,,,,,,,,,,,,,,,,,,,,2026-10-09 02:51
월드컵공원,POI106,원활,41.0,2026-10-09 02:50,9,3537.0,,4,27,0,0,,,,,,,,,,,,,,,,,,,,,,,,,,,,,,,,,,,2026-10-09 02:51
응봉산,POI107,원활,30.0,2026-10-09 02:50,3,88.0,,0,24,0,0,,,,,,,,,,,,,,,,,,,,,,,,,,,,,,,,,,,2026-10-09 02:51
이촌한강공원,POI108,원활,51.0,2026-10-09 02:50,2,514.0,0.0,0,2,1,0,,,,,,,,,,,,,,,,,,,,,,,,,,,,,,,,,,,2026-10-09 02:51
잠실종합운동장,POI109,원활,25.0,2026-10-09 02:50,1,876.0,,1,2,0,0,,,,,,,,,,,,,,,,,,,,,,,,,,,,,,,,,,,2026-10-09 02:51
잠실한강공원,POI110,원활,48.0,2026-10-09 02:50,4,1326.0,65.0,1,2,0,0,,,,,,,,,,,,,,,,,,,,,,,,,,,,,,,,,,,2026-10-09 02:51
잠원한강공원,POI111,원활,59.0,2026-10-09 02:50,3,1540.0,0.0,0,2,0,0,,,,,,,,,,,,,,,,,,,,,,,,,,,,,,,,,,,2026-10-09 02:51
청계산,POI112,원활,64.0,2026-10-09 02:50,0,,,0,4,0,0,,,,,,,,,,,,,,,,,,,,,,,,,,,,,,,,,,,2026-10-09 02:51
북창동 먹자골목,POI114,서행,21.0,2026-10-09 02:50,20,552.0,0.0,0,10,0,0,,,,,,,,,,,,,,,,,,,,,,,,,,,,,,,,,,,2026-10-09 02:51
남대문시장,POI115,원활,25.0,2026-10-09 02:50,16,1456.0,4.0,1,6,0,0,,,,,,,,,,,,,,,,,,,,,,,,,,,,,,,,,,,2026-10-09 02:51
익선동,POI116,서행,15.0,2026-10-09 02:50,10,187.0,2.0,3,9,1,0,,,,,,,,,,,,,,,,,,,,,,,,,,,,,,,,,,,2026-10-09 02:51
신정네거리역,POI117,서행,23.0,2026-10-09 02:50,3,119.0,,1,9,0,0,,,,,,,,,,,,,,,,,,,,,,,,,,,,,,,,,,,2026-10-09 02:51
잠실새내역,POI118,원활,26.0,2026-10-09 02:50,31,1541.0,,1,10,0,0,,,,,,,,,,,,,,,,,,,,,,,,,,,,,,,,,,,2026-10-09 02:51
잠실역,POI119,원활,25.0,2026-10-09 02:50,5,6749.0,53.0,2,18,0,0,,,,,,,,,,,,,,,,,,,,,,,,,,,,,,,,,,,2026-10-09 02:51
잠실롯데타워·석촌호수,POI120,원활,25.0,2026-10-09 02:50,33,9281.0,53.0,3,0,3,0,,,,,,,,,,,,,,,,,,,,,,,,,,,,,,,,,,,2026-10-09 02:51
송리단길·호수단길,POI121,서행,21.0,2026-10-09 02:50,21,878.0,,3,12,0,0,,,,,,,,,,,,,,,,,,,,,,,,,,,,,,,,,,,2026-10-09 02:51
신촌 스타광장,POI122,서행,17.0,2026-10-09 02:50,4,235.0,,1,4,0,0,,,,,,,,,,,,,,,,,,,,,,,,,,,,,,,,,,,2026-10-09 02:51
보라매공원,POI123,서행,22.0,2026-10-09 02:50,1,78.0,,2,4,0,0,,,,,,,,,,,,,,,,,,,,,,,,,,,,,,,,,,,2026-10-09 02:51
서대문독립공원,POI124,원활,29.0,2026-10-09 02:50,2,150.0,,1,14,0,0,,,,,,,,,,,,,,,,,,,,,,,,,,,,,,,,,,,2026-10-09 02:51
안양천,POI125,원활,53.0,2026-10-09 02:50,1,294.0,,0,1,0,0,,,,,,,,,,,,,,,,,,,,,,,,,,,,,,,,,,,2026-10-09 02:51
여의서로,POI126,원활,40.0,2026-10-09 02:50,2,168.0,38.0,0,0,0,0,,,,,,,,,,,,,,,,,,,,,,,,,,,,,,,,,,,2026-10-09 02:51
올림픽공원,POI127,원활,32.0,2026-10-09 02:50,4,2716.0,,4,16,7,0,,,,,,,,,,,,,,,,,,,,,,,,,,,,,,,,,,,2026-10-09 02:51
홍제폭포,POI128,원활,40.0,2026-10-09 02:50,0,,,0,0,0,0,,,,,,,,,,,,,,,,,,,,,,,,,,,,,,,,,,,2026-10-09 02:51
송현녹지광장,POI129,서행,22.0,2026-10-09 02:50,4,1546.0,,1,22,8,0,,,,,,,,,,,,,,,,,,,,,,,,,,,,,,,,,,,2026-10-09 02:51
시의회 앞,POI130,원활,25.0,2026-10-09 02:50,9,1723.0,,3,19,6,0,,,,,,,,,,,,,,,,,,,,,,,,,,,,,,,,,,,2026-10-09 02:51
강남 MICE 관광특구,POI001,서행,24.0,2026-10-09 03:05,3,4428.0,,2,5,1,0,,,,,,,,,,,,,,,,,,,,,,,,,,,,,,,,,,,2026-10-09 03:07
동대문 관광특구,POI002,서행,18.0,2026-10-09 03:05,47,8302.0,653.0,6,20,7,0,,,,,,,,,,,,,,,,,,,,,,,,,,,,,,,,,,,2026-10-09 03:07
명동 관광특구,POI003,서행,23.0,2026-10-09 03:05,93,12070.0,6.0,9,46,7,0,,,,,,,,,,,,,,,,,,,,,,,,,,,,,,,,,,,2026-10-09 03:07
이태원 관광특구,POI004,서행,21.0,2026-10-09 03:05,8,853.0,,3,14,0,0,,,,,,,,,,,,,,,,,,,,,,,,,,,,,,,,,,,2026-10-09 03:07
잠실 관광특구,POI005,원활,26.0,2026-10-09 03:05,37,11997.0,53.0,6,42,10,0,,,,,,,,,,,,,,,,,,,,,,,,,,,,,,,,,,,2026-10-09 03:07
종로·청계 관광특구,POI006,서행,21.0,2026-10-09 03:05,48,2496.0,40.0,7,34,0,0,,,,,,,,,,,,,,,,,,,,,,,,,,,,,,,,,,,2026-10-09 03:07
홍대 관광특구,POI007,서행,16.0,2026-10-09 03:05,51,3098.0,,6,52,0,0,,,,,,,,,,,,,,,,,,,,,,,,,,,,,,,,,,,2026-10-09 03:07
경복궁,POI008,원활,25.0,2026-10-09 03:05,2,267.0,,1,10,4,0,,,,,,,,,,,,,,,,,,,,,,,,,,,,,,,,,,,2026-10-09 03:07
광화문·덕수궁,POI009,서행,24.0,2026-10-09 03:05,29,7988.0,112.0,3,32,13,0,,,,,,,,,,,,,,,,,,,,,,,,,,,,,,,,,,,2026-10-09 03:07
보신각,POI010,서행,18.0,2026-10-09 03:05,14,2572.0,7.0,1,8,1,0,,,,,,,,,,,,,,,,,,,,,,,,,,,,,,,,,,,2026-10-09 03:07
서울 암사동 유적,POI011,서행,24.0,2026-10-09 03:05,1,108.0,,0,3,0,0,,,,,,,,,,,,,,,,,,,,,,,,,,,,,,,,,,,2026-10-09 03:07
창덕궁·종묘,POI012,서행,18.0,2026-10-09 03:05,16,3155.0,280.0,0,14,1,0,,,,,,,,,,,,,,,,,,,,,,,,,,,,,,,,,,,2026-10-09 03:07
가산디지털단지역,POI013,원활,28.0,2026-10-09 03:05,20,8291.0,,1,51,0,0,,,,,,,,,,,,,,,,,,,,,,,,,,,,,,,,,,,2026-10-09 03:07
강남역,POI014,서행,21.0,2026-10-09 03:05,95,7876.0,,4,43,0,0,,,,,,,,,,,,,,,,,,,,,,,,,,,,,,,,,,,2026-10-09 03:07
건대입구역,POI015,원활,26.0,2026-10-09 03:05,23,6603.0,,2,8,3,0,,,,,,,,,,,,,,,,,,,,,,,,,,,,,,,,,,,2026-10-09 03:07
고덕역,POI016,원활,29.0,2026-10-09 03:05,15,1615.0,,1,4,0,0,,,,,,,,,,,,,,,,,,,,,,,,,,,,,,,,,,,2026-10-09 03:07
고속터미널역,POI017,원활,33.0,2026-10-09 03:05,3,4291.0,,3,8,0,0,,,,,,,,,,,,,,,,,,,,,,,,,,,,,,,,,,,2026-10-09 03:07
교대역,POI018,서행,20.0,2026-10-09 03:05,14,760.0,,2,10,0,0,,,,,,,,,,,,,,,,,,,,,,,,,,,,,,,,,,,2026-10-09 03:07
구로디지털단지역,POI019,서행,23.0,2026-10-09 03:05,20,6911.0,,1,28,0,0,,,,,,,,,,,,,,,,,,,,,,,,,,,,,,,,,,,2026-10-09 03:07
구로역,POI020,원활,34.0,2026-10-09 03:05,3,1047.0,,0,4,0,0,,,,,,,,,,,,,,,,,,,,,,,,,,,,,,,,,,,2026-10-09 03:07
군자역,POI021,서행,21.0,2026-10-09 03:05,11,573.0,,2,10,0,0,,,,,,,,,,,,,,,,,,,,,,,,,,,,,,,,,,,2026-10-09 03:07
대림역,POI023,서행,20.0,2026-10-09 03:05,4,221.0,,2,22,0,0,,,,,,,,,,,,,,,,,,,,,,,,,,,,,,,,,,,2026-10-09 03:07
동대문역,POI024,서행,19.0,2026-10-09 03:05,17,892.0,0.0,2,5,0,0,,,,,,,,,,,,,,,,,,,,,,,,,,,,,,,,,,,2026-10-09 03:07
뚝섬역,POI025,원활,31.0,2026-10-09 03:05,9,767.0,,1,4,1,0,,,,,,,,,,,,,,,,,,,,,,,,,,,,,,,,,,,2026-10-09 03:07
미아사거리역,POI026,서행,19.0,2026-10-09 03:05,11,1409.0,,1,23,0,0,,,,,,,,,,,,,,,,,,,,,,,,,,,,,,,,,,,2026-10-09 03:07
발산역,POI027,서행,20.0,2026-10-09 03:05,13,2880.0,,1,22,0,0,,,,,,,,,,,,,,,,,,,,,,,,,,,,,,,,,,,2026-10-09 03:07
사당역,POI029,원활,28.0,2026-10-09 03:05,13,520.0,,2,16,1,0,,,,,,,,,,,,,,,,,,,,,,,,,,,,,,,,,,,2026-10-09 03:07
삼각지역,POI030,원활,34.0,2026-10-09 03:05,0,,,2,5,0,0,,,,,,,,,,,,,,,,,,,,,,,,,,,,,,,,,,,2026-10-09 03:07
서울대입구역,POI031,서행,23.0,2026-10-09 03:05,2,52.0,,1,12,0,0,,,,,,,,,,,,,,,,,,,,,,,,,,,,,,,,,,,2026-10-09 03:07
서울식물원·마곡나루역,POI032,서행,20.0,2026-10-09 03:05,2,2651.0,,2,15,3,0,,,,,,,,,,,,,,,,,,,,,,,,,,,,,,,,,,,2026-10-09 03:07
서울역,POI033,원활,25.0,2026-10-09 03:05,23,3968.0,0.0,6,22,1,0,,,,,,,,,,,,,,,,,,,,,,,,,,,,,,,,,,,2026-10-09 03:07
선릉역,POI034,서행,21.0,2026-10-09 03:05,94,11160.0,28.0,4,12,0,0,,,,,,,,,,,,,,,,,,,,,,,,,,,,,,,,,,,2026-10-09 03:07
성신여대입구역,POI035,원활,25.0,2026-10-09 03:05,2,38.0,,2,8,1,0,,,,,,,,,,,,,,,,,,,,,,,,,,,,,,,,,,,2026-10-09 03:07
수유역,POI036,서행,19.0,2026-10-09 03:05,8,802.0,,1,27,0,0,,,,,,,,,,,,,,,,,,,,,,,,,,,,,,,,,,,2026-10-09 03:07
신논현역·논현역,POI037,서행,23.0,2026-10-09 03:05,32,1053.0,,4,11,0,0,,,,,,,,,,,,,,,,,,,,,,,,,,,,,,,,,,,2026-10-09 03:07
신도림역,POI038,원활,38.0,2026-10-09 03:05,1,1644.0,,1,1,0,0,,,,,,,,,,,,,,,,,,,,,,,,,,,,,,,,,,,2026-10-09 03:07
신림역,POI039,서행,21.0,2026-10-09 03:05,2,282.0,,2,14,0,0,,,,,,,,,,,,,,,,,,,,,,,,,,,,,,,,,,,2026-10-09 03:07
신촌·이대역,POI040,서행,22.0,2026-10-09 03:05,25,1943.0,62.0,1,31,0,0,,,,,,,,,,,,,,,,,,,,,,,,,,,,,,,,,,,2026-10-09 03:07
양재역,POI041,원활,34.0,2026-10-09 03:05,16,1881.0,,2,18,0,0,,,,,,,,,,,,,,,,,,,,,,,,,,,,,,,,,,,2026-10-09 03:07
역삼역,POI042,서행,24.0,2026-10-09 03:05,47,7473.0,1.0,1,9,0,0,,,,,,,,,,,,,,,,,,,,,,,,,,,,,,,,,,,2026-10-09 03:07
연신내역,POI043,서행,20.0,2026-10-09 03:05,5,208.0,,3,9,0,0,,,,,,,,,,,,,,,,,,,,,,,,,,,,,,,,,,,2026-10-09 03:07
오목교역·목동운동장,POI044,원활,33.0,2026-10-09 03:05,14,5304.0,,1,25,0,0,,,,,,,,,,,,,,,,,,,,,,,,,,,,,,,,,,,2026-10-09 03:07
왕십리역,POI045,서행,20.0,2026-10-09 03:05,4,1478.0,,4,18,0,0,,,,,,,,,,,,,,,,,,,,,,,,,,,,,,,,,,,2026-10-09 03:07
용산역,POI046,원활,26.0,2026-10-09 03:05,11,5014.0,99.0,1,25,0,0,,,,,,,,,,,,,,,,,,,,,,,,,,,,,,,,,,,2026-10-09 03:07
이태원역,POI047,서행,15.0,2026-10-09 03:05,4,66.0,,1,9,0,0,,,,,,,,,,,,,,,,,,,,,,,,,,,,,,,,,,,2026-10-09 03:07
장지역,POI048,서행,24.0,2026-10-09 03:05,4,10611.0,,1,18,0,0,,,,,,,,,,,,,,,,,,,,,,,,,,,,,,,,,,,2026-10-09 03:07
장한평역,POI049,원활,27.0,2026-10-09 03:05,15,847.0,,1,11,0,0,,,,,,,,,,,,,,,,,,,,,,,,,,,,,,,,,,,2026-10-09 03:07
천호역,POI050,서행,22.0,2026-10-09 03:05,14,3331.0,,2,9,0,0,,,,,,,,,,,,,,,,,,,,,,,,,,,,,,,,,,,2026-10-09 03:07
총신대입구(이수)역,POI051,서행,24.0,2026-10-09 03:05,7,533.0,,2,15,0,0,,,,,,,,,,,,,,,,,,,,,,,,,,,,,,,,,,,2026-10-09 03:07
충정로역,POI052,원활,32.0,2026-10-09 03:05,5,834.0,,2,15,0,0,,,,,,,,,,,,,,,,,,,,,,,,,,,,,,,,,,,2026-10-09 03:07
합정역,POI053,서행,24.0,2026-10-09 03:05,6,207.0,,2,27,0,0,,,,,,,,,,,,,,,,,,,,,,,,,,,,,,,,,,,2026-10-09 03:07
혜화역,POI054,원활,25.0,2026-10-09 03:05,24,955.0,,1,11,7,0,,,,,,,,,,,,,,,,,,,,,,,,,,,,,,,,,,,2026-10-09 03:07
홍대입구역(2호선),POI055,서행,20.0,2026-10-09 03:05,16,1196.0,,3,12,0,0,,,,,,,,,,,,,,,,,,,,,,,,,,,,,,,,,,,2026-10-09 03:07
회기역,POI056,서행,23.0,2026-10-09 03:05,21,408.0,,1,21,0,0,,,,,,,,,,,,,,,,,,,,,,,,,,,,,,,,,,,2026-10-09 03:07
가락시장,POI058,원활,29.0,2026-10-09 03:05,4,2884.0,,2,12,0,0,,,,,,,,,,,,,,,,,,,,,,,,,,,,,,,,,,,2026-10-09 03:07
가로수길,POI059,원활,31.0,2026-10-09 03:05,51,2767.0,31.0,3,9,0,0,,,,,,,,,,,,,,,,,,,,,,,,,,,,,,,,,,,2026-10-09 03:07
광장(전통)시장,POI060,서행,21.0,2026-10-09 03:05,7,103.0,6.0,1,7,0,0,,,,,,,,,,,,,,,,,,,,,,,,,,,,,,,,,,,2026-10-09 03:07
김포공항,POI061,원활,35.0,2026-10-09 03:05,6,16594.0,,3,21,0,0,,,,,,,,,,,,,,,,,,,,,,,,,,,,,,,,,,,2026-10-09 03:07
노량진,POI063,원활,29.0,2026-10-09 03:05,11,1218.0,,2,17,1,0,,,,,,,,,,,,,,,,,,,,,,,,,,,,,,,,,,,2026-10-09 03:07
덕수궁길·정동길,POI064,원활,26.0,2026-10-09 03:05,10,620.0,,3,10,0,0,,,,,,,,,,,,,,,,,,,,,,,,,,,,,,,,,,,2026-10-09 03:07
북촌한옥마을,POI066,서행,23.0,2026-10-09 03:05,16,1756.0,,1,49,9,0,,,,,,,,,,,,,,,,,,,,,,,,,,,,,,,,,,,2026-10-09 03:07
서촌,POI067,서행,20.0,2026-10-09 03:05,9,308.0,,0,25,4,0,,,,,,,,,,,,,,,,,,,,,,,,,,,,,,,,,,,2026-10-09 03:07
성수카페거리,POI068,서행,22.0,2026-10-09 03:05,28,2824.0,,2,23,1,0,,,,,,,,,,,,,,,,,,,,,,,,,,,,,,,,,,,2026-10-09 03:07
쌍문역,POI070,서행,22.0,2026-10-09 03:05,8,345.0,,1,17,0,0,,,,,,,,,,,,,,,,,,,,,,,,,,,,,,,,,,,2026-10-09 03:07
압구정로데오거리,POI071,서행,20.0,2026-10-09 03:05,55,1976.0,1.0,1,11,1,0,,,,,,,,,,,,,,,,,,,,,,,,,,,,,,,,,,,2026-10-09 03:07
여의도,POI072,원활,30.0,2026-10-09 03:05,116,24820.0,139.0,7,58,3,0,,,,,,,,,,,,,,,,,,,,,,,,,,,,,,,,,,,2026-10-09 03:07
연남동,POI073,서행,23.0,2026-10-09 03:05,45,132.0,,0,19,0,0,,,,,,,,,,,,,,,,,,,,,,,,,,,,,,,,,,,2026-10-09 03:07
영등포 타임스퀘어,POI074,서행,21.0,2026-10-09 03:05,10,1195.0,1.0,0,16,0,0,,,,,,,,,,,,,,,,,,,,,,,,,,,,,,,,,,,2026-10-09 03:07
용리단길,POI076,원활,30.0,2026-10-09 03:05,0,,,3,5,0,0,,,,,,,,,,,,,,,,,,,,,,,,,,,,,,,,,,,2026-10-09 03:07
이태원 앤틱가구거리,POI077,원활,26.0,2026-10-09 03:05,4,51.0,,1,13,0,0,,,,,,,,,,,,,,,,,,,,,,,,,,,,,,,,,,,2026-10-09 03:07
인사동,POI078,서행,18.0,2026-10-09 03:05,21,2465.0,2.0,2,19,6,0,,,,,,,,,,,,,,,,,,,,,,,,,,,,,,,,,,,2026-10-09 03:07
창동 신경제 중심지,POI079,서행,23.0,2026-10-09 03:05,46,4927.0,20.0,3,39,5,0,,,,,,,,,,,,,,,,,,,,,,,,,,,,,,,,,,,2026-10-09 03:07
청담동 명품거리,POI080,서행,23.0,2026-10-09 03:05,16,910.0,,1,6,0,0,,,,,,,,,,,,,,,,,,,,,,,,,,,,,,,,,,,2026-10-09 03:07
청량리 제기동 일대 전통시장,POI081,원활,25.0,2026-10-09 03:05,12,2214.0,,2,21,0,0,,,,,,,,,,,,,,,,,,,,,,,,,,,,,,,,,,,2026-10-09 03:07
해방촌·경리단길,POI082,원활,34.0,2026-10-09 03:05,4,273.0,,0,26,0,0,,,,,,,,,,,,,,,,,,,,,,,,,,,,,,,,,,,2026-10-09 03:07
DDP(동대문디자인플라자),POI083,서행,18.0,2026-10-09 03:05,9,2596.0,645.0,3,7,5,0,,,,,,,,,,,,,,,,,,,,,,,,,,,,,,,,,,,2026-10-09 03:07
DMC(디지털미디어시티),POI084,원활,27.0,2026-10-09 03:05,25,9176.0,,4,44,0,0,,,,,,,,,,,,,,,,,,,,,,,,,,,,,,,,,,,2026-10-09 03:07
강서한강공원,POI085,원활,56.0,2026-10-09 03:05,2,106.0,0.0,0,0,0,0,,,,,,,,,,,,,,,,,,,,,,,,,,,,,,,,,,,2026-10-09 03:07
고척돔,POI086,원활,33.0,2026-10-09 03:05,0,,,0,2,4,0,,,,,,,,,,,,,,,,,,,,,,,,,,,,,,,,,,,2026-10-09 03:07
광나루한강공원,POI087,원활,67.0,2026-10-09 03:05,4,718.0,86.0,0,0,0,0,,,,,,,,,,,,,,,,,,,,,,,,,,,,,,,,,,,2026-10-09 03:07
광화문광장,POI088,원활,26.0,2026-10-09 03:05,3,2932.0,112.0,2,8,5,0,,,,,,,,,,,,,,,,,,,,,,,,,,,,,,,,,,,2026-10-09 03:07
국립중앙박물관·용산가족공원,POI089,원활,44.0,2026-10-09 03:05,4,931.0,,1,3,2,0,,,,,,,,,,,,,,,,,,,,,,,,,,,,,,,,,,,2026-10-09 03:07
난지한강공원,POI090,원활,65.0,2026-10-09 03:05,4,1240.0,0.0,0,4,0,0,,,,,,,,,,,,,,,,,,,,,,,,,,,,,,,,,,,2026-10-09 03:07
남산공원,POI091,원활,37.0,2026-10-09 03:05,33,2148.0,23.0,4,22,6,0,,,,,,,,,,,,,,,,,,,,,,,,,,,,,,,,,,,2026-10-09 03:07
노들섬,POI092,원활,53.0,2026-10-09 03:05,1,99.0,,0,2,4,0,,,,,,,,,,,,,,,,,,,,,,,,,,,,,,,,,,,2026-10-09 03:07
뚝섬한강공원,POI093,원활,61.0,2026-10-09 03:05,8,1342.0,204.0,1,1,1,0,,,,,,,,,,,,,,,,,,,,,,,,,,,,,,,,,,,2026-10-09 03:07
망원한강공원,POI094,원활,41.0,2026-10-09 03:05,2,458.0,0.0,2,5,0,0,,,,,,,,,,,,,,,,,,,,,,,,,,,,,,,,,,,2026-10-09 03:07
반포한강공원,POI095,원활,60.0,2026-10-09 03:05,9,1483.0,9.0,0,2,0,0,,,,,,,,,,,,,,,,,,,,,,,,,,,,,,,,,,,2026-10-09 03:07
북서울꿈의숲,POI096,원활,25.0,2026-10-09 03:05,3,549.0,,0,14,1,0,,,,,,,,,,,,,,,,,,,,,,,,,,,,,,,,,,,2026-10-09 03:07
서리풀공원·몽마르뜨공원,POI098,원활,36.0,2026-10-09 03:05,0,,,4,7,0,0,,,,,,,,,,,,,,,,,,,,,,,,,,,,,,,,,,,2026-10-09 03:07
서울대공원,POI100,원활,39.0,2026-10-09 03:05,0,,,0,0,0,0,,,,,,,,,,,,,,,,,,,,,,,,,,,,,,,,,,,2026-10-09 03:07
서울숲공원,POI101,원활,48.0,2026-10-09 03:05,2,996.0,,1,9,2,0,,,,,,,,,,,,,,,,,,,,,,,,,,,,,,,,,,,2026-10-09 03:07
아차산,POI102,원활,37.0,2026-10-09 03:05,0,,,0,3,0,0,,,,,,,,,,,,,,,,,,,,,,,,,,,,,,,,,,,2026-10-09 03:07
양화한강공원,POI103,원활,49.0,2026-10-09 03:05,6,1002.0,29.0,0,2,0,0,,,,,,,,,,,,,,,,,,,,,,,,,,,,,,,,,,,2026-10-09 03:07
어린이대공원,POI104,원활,26.0,2026-10-09 03:05,4,945.0,,2,9,4,0,,,,,,,,,,,,,,,,,,,,,,,,,,,,,,,,,,,2026-10-09 03:07
여의도한강공원,POI105,원활,46.0,2026-10-09 03:05,6,2866.0,63.0,1,3,0,0,,,,,,,,,,,,,,,,,,,,,,,,,,,,,,,,,,,2026-10-09 03:07
월드컵공원,POI106,원활,41.0,2026-10-09 03:05,9,3537.0,,4,27,0,0,,,,,,,,,,,,,,,,,,,,,,,,,,,,,,,,,,,2026-10-09 03:07
응봉산,POI107,원활,29.0,2026-10-09 03:05,3,88.0,,0,24,0,0,,,,,,,,,,,,,,,,,,,,,,,,,,,,,,,,,,,2026-10-09 03:07
이촌한강공원,POI108,원활,51.0,2026-10-09 03:05,2,514.0,0.0,0,2,1,0,,,,,,,,,,,,,,,,,,,,,,,,,,,,,,,,,,,2026-10-09 03:07
잠실종합운동장,POI109,원활,26.0,2026-10-09 03:05,1,876.0,,1,2,0,0,,,,,,,,,,,,,,,,,,,,,,,,,,,,,,,,,,,2026-10-09 03:07
잠실한강공원,POI110,원활,50.0,2026-10-09 03:05,4,1326.0,66.0,1,2,0,0,,,,,,,,,,,,,,,,,,,,,,,,,,,,,,,,,,,2026-10-09 03:07
잠원한강공원,POI111,원활,57.0,2026-10-09 03:05,3,1540.0,0.0,0,2,0,0,,,,,,,,,,,,,,,,,,,,,,,,,,,,,,,,,,,2026-10-09 03:07
청계산,POI112,원활,65.0,2026-10-09 03:05,0,,,0,4,0,0,,,,,,,,,,,,,,,,,,,,,,,,,,,,,,,,,,,2026-10-09 03:07
북창동 먹자골목,POI114,서행,21.0,2026-10-09 03:05,20,552.0,0.0,0,10,0,0,,,,,,,,,,,,,,,,,,,,,,,,,,,,,,,,,,,2026-10-09 03:07
남대문시장,POI115,서행,24.0,2026-10-09 03:05,16,1456.0,4.0,1,6,0,0,,,,,,,,,,,,,,,,,,,,,,,,,,,,,,,,,,,2026-10-09 03:07
익선동,POI116,서행,15.0,2026-10-09 03:05,10,187.0,2.0,3,9,1,0,,,,,,,,,,,,,,,,,,,,,,,,,,,,,,,,,,,2026-10-09 03:07
신정네거리역,POI117,서행,22.0,2026-10-09 03:05,3,119.0,,1,9,0,0,,,,,,,,,,,,,,,,,,,,,,,,,,,,,,,,,,,2026-10-09 03:07
잠실새내역,POI118,서행,24.0,2026-10-09 03:05,31,1541.0,,1,10,0,0,,,,,,,,,,,,,,,,,,,,,,,,,,,,,,,,,,,2026-10-09 03:07
잠실역,POI119,원활,25.0,2026-10-09 03:05,5,6749.0,53.0,2,18,0,0,,,,,,,,,,,,,,,,,,,,,,,,,,,,,,,,,,,2026-10-09 03:07
잠실롯데타워·석촌호수,POI120,원활,25.0,2026-10-09 03:05,33,9281.0,53.0,3,0,3,0,,,,,,,,,,,,,,,,,,,,,,,,,,,,,,,,,,,2026-10-09 03:07
송리단길·호수단길,POI121,서행,23.0,2026-10-09 03:05,21,878.0,,3,12,0,0,,,,,,,,,,,,,,,,,,,,,,,,,,,,,,,,,,,2026-10-09 03:07
신촌 스타광장,POI122,서행,18.0,2026-10-09 03:05,4,235.0,,1,4,0,0,,,,,,,,,,,,,,,,,,,,,,,,,,,,,,,,,,,2026-10-09 03:07
보라매공원,POI123,서행,18.0,2026-10-09 03:05,1,78.0,,2,4,0,0,,,,,,,,,,,,,,,,,,,,,,,,,,,,,,,,,,,2026-10-09 03:07
서대문독립공원,POI124,원활,33.0,2026-10-09 03:05,2,150.0,,1,14,0,0,,,,,,,,,,,,,,,,,,,,,,,,,,,,,,,,,,,2026-10-09 03:07
안양천,POI125,원활,50.0,2026-10-09 03:05,1,294.0,,0,1,0,0,,,,,,,,,,,,,,,,,,,,,,,,,,,,,,,,,,,2026-10-09 03:07
여의서로,POI126,원활,39.0,2026-10-09 03:05,2,168.0,38.0,0,0,0,0,,,,,,,,,,,,,,,,,,,,,,,,,,,,,,,,,,,2026-10-09 03:07
올림픽공원,POI127,원활,29.0,2026-10-09 03:05,4,2716.0,,4,16,7,0,,,,,,,,,,,,,,,,,,,,,,,,,,,,,,,,,,,2026-10-09 03:07
홍제폭포,POI128,원활,30.0,2026-10-09 03:05,0,,,0,0,0,0,,,,,,,,,,,,,,,,,,,,,,,,,,,,,,,,,,,2026-10-09 03:07
송현녹지광장,POI129,서행,22.0,2026-10-09 03:05,4,1546.0,,1,22,8,0,,,,,,,,,,,,,,,,,,,,,,,,,,,,,,,,,,,2026-10-09 03:07
시의회 앞,POI130,서행,24.0,2026-10-09 03:05,9,1723.0,,3,19,6,0,,,,,,,,,,,,,,,,,,,,,,,,,,,,,,,,,,,2026-10-09 03:07
강남 MICE 관광특구,POI001,원활,26.0,2026-10-09 04:05,3,4428.0,,2,5,1,0,,,,,,,,,,,,,,,,,,,,,,,,,,,,,,,,,,,2026-10-09 04:07
동대문 관광특구,POI002,서행,20.0,2026-10-09 04:05,47,8302.0,497.0,6,20,7,0,,,,,,,,,,,,,,,,,,,,,,,,,,,,,,,,,,,2026-10-09 04:07
명동 관광특구,POI003,서행,21.0,2026-10-09 04:05,93,12070.0,6.0,9,46,7,1,,,,,,,,,,,,,,,,,,,,,,,,,,,,,,,,,,,2026-10-09 04:07
이태원 관광특구,POI004,서행,21.0,2026-10-09 04:05,8,853.0,,3,14,0,0,,,,,,,,,,,,,,,,,,,,,,,,,,,,,,,,,,,2026-10-09 04:07
잠실 관광특구,POI005,원활,27.0,2026-10-09 04:05,37,11997.0,55.0,6,42,10,0,,,,,,,,,,,,,,,,,,,,,,,,,,,,,,,,,,,2026-10-09 04:07
종로·청계 관광특구,POI006,서행,20.0,2026-10-09 04:05,48,2496.0,40.0,7,34,0,0,,,,,,,,,,,,,,,,,,,,,,,,,,,,,,,,,,,2026-10-09 04:07
홍대 관광특구,POI007,서행,19.0,2026-10-09 04:05,51,3098.0,,6,52,0,0,,,,,,,,,,,,,,,,,,,,,,,,,,,,,,,,,,,2026-10-09 04:07
경복궁,POI008,원활,26.0,2026-10-09 04:05,2,267.0,,1,10,4,0,,,,,,,,,,,,,,,,,,,,,,,,,,,,,,,,,,,2026-10-09 04:07
광화문·덕수궁,POI009,서행,24.0,2026-10-09 04:05,29,7988.0,111.0,3,32,13,1,,,,,,,,,,,,,,,,,,,,,,,,,,,,,,,,,,,2026-10-09 04:07
보신각,POI010,서행,16.0,2026-10-09 04:05,14,2572.0,7.0,1,8,1,0,,,,,,,,,,,,,,,,,,,,,,,,,,,,,,,,,,,2026-10-09 04:07
서울 암사동 유적,POI011,원활,25.0,2026-10-09 04:05,1,108.0,,0,3,0,0,,,,,,,,,,,,,,,,,,,,,,,,,,,,,,,,,,,2026-10-09 04:07
창덕궁·종묘,POI012,서행,18.0,2026-10-09 04:05,16,3155.0,274.0,0,14,1,1,,,,,,,,,,,,,,,,,,,,,,,,,,,,,,,,,,,2026-10-09 04:07
가산디지털단지역,POI013,원활,28.0,2026-10-09 04:05,20,8291.0,,1,51,0,0,,,,,,,,,,,,,,,,,,,,,,,,,,,,,,,,,,,2026-10-09 04:07
강남역,POI014,서행,22.0,2026-10-09 04:05,95,7876.0,,4,43,0,0,,,,,,,,,,,,,,,,,,,,,,,,,,,,,,,,,,,2026-10-09 04:07
건대입구역,POI015,원활,25.0,2026-10-09 04:05,23,6603.0,,2,8,3,0,,,,,,,,,,,,,,,,,,,,,,,,,,,,,,,,,,,2026-10-09 04:07
고덕역,POI016,원활,26.0,2026-10-09 04:05,15,1615.0,,1,4,0,0,,,,,,,,,,,,,,,,,,,,,,,,,,,,,,,,,,,2026-10-09 04:07
고속터미널역,POI017,원활,38.0,2026-10-09 04:05,3,4291.0,,3,8,0,0,,,,,,,,,,,,,,,,,,,,,,,,,,,,,,,,,,,2026-10-09 04:07
교대역,POI018,서행,24.0,2026-10-09 04:05,14,760.0,,2,10,0,0,,,,,,,,,,,,,,,,,,,,,,,,,,,,,,,,,,,2026-10-09 04:07
구로디지털단지역,POI019,서행,23.0,2026-10-09 04:05,20,6911.0,,1,28,0,0,,,,,,,,,,,,,,,,,,,,,,,,,,,,,,,,,,,2026-10-09 04:07
구로역,POI020,원활,28.0,2026-10-09 04:05,3,1047.0,,0,4,0,0,,,,,,,,,,,,,,,,,,,,,,,,,,,,,,,,,,,2026-10-09 04:07
군자역,POI021,서행,22.0,2026-10-09 04:05,11,573.0,,2,10,0,0,,,,,,,,,,,,,,,,,,,,,,,,,,,,,,,,,,,2026-10-09 04:07
대림역,POI023,서행,20.0,2026-10-09 04:05,4,221.0,,2,22,0,0,,,,,,,,,,,,,,,,,,,,,,,,,,,,,,,,,,,2026-10-09 04:07
동대문역,POI024,서행,20.0,2026-10-09 04:05,17,892.0,0.0,2,5,0,1,,,,,,,,,,,,,,,,,,,,,,,,,,,,,,,,,,,2026-10-09 04:07
뚝섬역,POI025,서행,22.0,2026-10-09 04:05,9,767.0,,1,4,1,0,,,,,,,,,,,,,,,,,,,,,,,,,,,,,,,,,,,2026-10-09 04:07
미아사거리역,POI026,서행,19.0,2026-10-09 04:05,11,1409.0,,1,23,0,0,,,,,,,,,,,,,,,,,,,,,,,,,,,,,,,,,,,2026-10-09 04:07
발산역,POI027,서행,21.0,2026-10-09 04:05,13,2880.0,,1,22,0,0,,,,,,,,,,,,,,,,,,,,,,,,,,,,,,,,,,,2026-10-09 04:07
사당역,POI029,원활,26.0,2026-10-09 04:05,13,520.0,,2,16,1,0,,,,,,,,,,,,,,,,,,,,,,,,,,,,,,,,,,,2026-10-09 04:07
삼각지역,POI030,원활,36.0,2026-10-09 04:05,0,,,2,5,0,0,,,,,,,,,,,,,,,,,,,,,,,,,,,,,,,,,,,2026-10-09 04:07
서울대입구역,POI031,원활,27.0,2026-10-09 04:05,2,52.0,,1,12,0,0,,,,,,,,,,,,,,,,,,,,,,,,,,,,,,,,,,,2026-10-09 04:07
서울식물원·마곡나루역,POI032,서행,18.0,2026-10-09 04:05,2,2651.0,,2,15,3,0,,,,,,,,,,,,,,,,,,,,,,,,,,,,,,,,,,,2026-10-09 04:07
서울역,POI033,서행,24.0,2026-10-09 04:05,23,3968.0,0.0,6,22,1,0,,,,,,,,,,,,,,,,,,,,,,,,,,,,,,,,,,,2026-10-09 04:07
선릉역,POI034,서행,20.0,2026-10-09 04:05,94,11160.0,27.0,4,12,0,0,,,,,,,,,,,,,,,,,,,,,,,,,,,,,,,,,,,2026-10-09 04:07
성신여대입구역,POI035,서행,24.0,2026-10-09 04:05,2,38.0,,2,8,1,0,,,,,,,,,,,,,,,,,,,,,,,,,,,,,,,,,,,2026-10-09 04:07
수유역,POI036,서행,20.0,2026-10-09 04:05,8,802.0,,1,27,0,0,,,,,,,,,,,,,,,,,,,,,,,,,,,,,,,,,,,2026-10-09 04:07
신논현역·논현역,POI037,원활,26.0,2026-10-09 04:05,32,1053.0,,4,11,0,0,,,,,,,,,,,,,,,,,,,,,,,,,,,,,,,,,,,2026-10-09 04:07
신도림역,POI038,원활,38.0,2026-10-09 04:05,1,1644.0,,1,1,0,0,,,,,,,,,,,,,,,,,,,,,,,,,,,,,,,,,,,2026-10-09 04:07
신림역,POI039,서행,20.0,2026-10-09 04:05,2,282.0,,2,14,0,0,,,,,,,,,,,,,,,,,,,,,,,,,,,,,,,,,,,2026-10-09 04:07
신촌·이대역,POI040,서행,21.0,2026-10-09 04:05,25,1943.0,60.0,1,31,0,0,,,,,,,,,,,,,,,,,,,,,,,,,,,,,,,,,,,2026-10-09 04:07
양재역,POI041,원활,35.0,2026-10-09 04:05,16,1881.0,,2,18,0,0,,,,,,,,,,,,,,,,,,,,,,,,,,,,,,,,,,,2026-10-09 04:07
역삼역,POI042,서행,23.0,2026-10-09 04:05,47,7473.0,1.0,1,9,0,1,,,,,,,,,,,,,,,,,,,,,,,,,,,,,,,,,,,2026-10-09 04:07
연신내역,POI043,서행,20.0,2026-10-09 04:05,5,208.0,,3,9,0,0,,,,,,,,,,,,,,,,,,,,,,,,,,,,,,,,,,,2026-10-09 04:07
오목교역·목동운동장,POI044,원활,34.0,2026-10-09 04:05,14,5304.0,,1,25,0,0,,,,,,,,,,,,,,,,,,,,,,,,,,,,,,,,,,,2026-10-09 04:07
왕십리역,POI045,서행,21.0,2026-10-09 04:05,4,1478.0,,4,18,0,0,,,,,,,,,,,,,,,,,,,,,,,,,,,,,,,,,,,2026-10-09 04:07
용산역,POI046,원활,28.0,2026-10-09 04:05,11,5014.0,99.0,1,25,0,0,,,,,,,,,,,,,,,,,,,,,,,,,,,,,,,,,,,2026-10-09 04:07
이태원역,POI047,정체,14.0,2026-10-09 04:05,4,66.0,,1,9,0,0,,,,,,,,,,,,,,,,,,,,,,,,,,,,,,,,,,,2026-10-09 04:07
장지역,POI048,서행,24.0,2026-10-09 04:05,4,10611.0,,1,18,0,0,,,,,,,,,,,,,,,,,,,,,,,,,,,,,,,,,,,2026-10-09 04:07
장한평역,POI049,원활,29.0,2026-10-09 04:05,15,847.0,,1,11,0,0,,,,,,,,,,,,,,,,,,,,,,,,,,,,,,,,,,,2026-10-09 04:07
천호역,POI050,서행,22.0,2026-10-09 04:05,14,3331.0,,2,9,0,0,,,,,,,,,,,,,,,,,,,,,,,,,,,,,,,,,,,2026-10-09 04:07
총신대입구(이수)역,POI051,서행,20.0,2026-10-09 04:05,7,533.0,,2,15,0,0,,,,,,,,,,,,,,,,,,,,,,,,,,,,,,,,,,,2026-10-09 04:07
충정로역,POI052,원활,29.0,2026-10-09 04:05,5,834.0,,2,15,0,0,,,,,,,,,,,,,,,,,,,,,,,,,,,,,,,,,,,2026-10-09 04:07
합정역,POI053,원활,26.0,2026-10-09 04:05,6,207.0,,2,27,0,0,,,,,,,,,,,,,,,,,,,,,,,,,,,,,,,,,,,2026-10-09 04:07
혜화역,POI054,원활,25.0,2026-10-09 04:05,24,955.0,,1,11,7,0,,,,,,,,,,,,,,,,,,,,,,,,,,,,,,,,,,,2026-10-09 04:07
홍대입구역(2호선),POI055,서행,20.0,2026-10-09 04:05,16,1196.0,,3,12,0,0,,,,,,,,,,,,,,,,,,,,,,,,,,,,,,,,,,,2026-10-09 04:07
회기역,POI056,원활,26.0,2026-10-09 04:05,21,408.0,,1,21,0,0,,,,,,,,,,,,,,,,,,,,,,,,,,,,,,,,,,,2026-10-09 04:07
가락시장,POI058,원활,29.0,2026-10-09 04:05,4,2884.0,,2,12,0,0,,,,,,,,,,,,,,,,,,,,,,,,,,,,,,,,,,,2026-10-09 04:07
가로수길,POI059,원활,32.0,2026-10-09 04:05,51,2767.0,31.0,3,9,0,0,,,,,,,,,,,,,,,,,,,,,,,,,,,,,,,,,,,2026-10-09 04:07
광장(전통)시장,POI060,서행,21.0,2026-10-09 04:05,7,103.0,6.0,1,7,0,0,,,,,,,,,,,,,,,,,,,,,,,,,,,,,,,,,,,2026-10-09 04:07
김포공항,POI061,원활,34.0,2026-10-09 04:05,6,16594.0,,3,21,0,0,,,,,,,,,,,,,,,,,,,,,,,,,,,,,,,,,,,2026-10-09 04:07
노량진,POI063,원활,27.0,2026-10-09 04:05,11,1218.0,,2,17,1,1,,,,,,,,,,,,,,,,,,,,,,,,,,,,,,,,,,,2026-10-09 04:07
덕수궁길·정동길,POI064,원활,26.0,2026-10-09 04:05,10,620.0,,3,10,0,0,,,,,,,,,,,,,,,,,,,,,,,,,,,,,,,,,,,2026-10-09 04:07
북촌한옥마을,POI066,서행,23.0,2026-10-09 04:05,16,1756.0,,1,49,9,0,,,,,,,,,,,,,,,,,,,,,,,,,,,,,,,,,,,2026-10-09 04:07
서촌,POI067,서행,21.0,2026-10-09 04:05,9,308.0,,0,25,4,0,,,,,,,,,,,,,,,,,,,,,,,,,,,,,,,,,,,2026-10-09 04:07
성수카페거리,POI068,서행,21.0,2026-10-09 04:05,28,2824.0,,2,23,1,0,,,,,,,,,,,,,,,,,,,,,,,,,,,,,,,,,,,2026-10-09 04:07
쌍문역,POI070,서행,22.0,2026-10-09 04:05,8,345.0,,1,17,0,0,,,,,,,,,,,,,,,,,,,,,,,,,,,,,,,,,,,2026-10-09 04:07
압구정로데오거리,POI071,서행,23.0,2026-10-09 04:05,55,1976.0,1.0,1,11,1,0,,,,,,,,,,,,,,,,,,,,,,,,,,,,,,,,,,,2026-10-09 04:07
여의도,POI072,원활,29.0,2026-10-09 04:05,116,24820.0,122.0,7,58,3,0,,,,,,,,,,,,,,,,,,,,,,,,,,,,,,,,,,,2026-10-09 04:07
연남동,POI073,서행,24.0,2026-10-09 04:05,45,132.0,,0,19,0,0,,,,,,,,,,,,,,,,,,,,,,,,,,,,,,,,,,,2026-10-09 04:07
영등포 타임스퀘어,POI074,서행,22.0,2026-10-09 04:05,10,1195.0,1.0,0,16,0,0,,,,,,,,,,,,,,,,,,,,,,,,,,,,,,,,,,,2026-10-09 04:07
용리단길,POI076,원활,31.0,2026-10-09 04:05,0,,,3,5,0,0,,,,,,,,,,,,,,,,,,,,,,,,,,,,,,,,,,,2026-10-09 04:07
이태원 앤틱가구거리,POI077,서행,23.0,2026-10-09 04:05,4,51.0,,1,13,0,0,,,,,,,,,,,,,,,,,,,,,,,,,,,,,,,,,,,2026-10-09 04:07
인사동,POI078,서행,17.0,2026-10-09 04:05,21,2465.0,2.0,2,19,6,0,,,,,,,,,,,,,,,,,,,,,,,,,,,,,,,,,,,2026-10-09 04:07
창동 신경제 중심지,POI079,서행,24.0,2026-10-09 04:05,46,4927.0,17.0,3,39,5,0,,,,,,,,,,,,,,,,,,,,,,,,,,,,,,,,,,,2026-10-09 04:07
청담동 명품거리,POI080,원활,25.0,2026-10-09 04:05,16,910.0,,1,6,0,0,,,,,,,,,,,,,,,,,,,,,,,,,,,,,,,,,,,2026-10-09 04:07
청량리 제기동 일대 전통시장,POI081,서행,24.0,2026-10-09 04:05,12,2214.0,,2,21,0,0,,,,,,,,,,,,,,,,,,,,,,,,,,,,,,,,,,,2026-10-09 04:07
해방촌·경리단길,POI082,원활,35.0,2026-10-09 04:05,4,273.0,,0,26,0,0,,,,,,,,,,,,,,,,,,,,,,,,,,,,,,,,,,,2026-10-09 04:07
DDP(동대문디자인플라자),POI083,서행,22.0,2026-10-09 04:05,9,2596.0,489.0,3,7,5,0,,,,,,,,,,,,,,,,,,,,,,,,,,,,,,,,,,,2026-10-09 04:07
DMC(디지털미디어시티),POI084,원활,28.0,2026-10-09 04:05,25,9176.0,,4,44,0,0,,,,,,,,,,,,,,,,,,,,,,,,,,,,,,,,,,,2026-10-09 04:07
강서한강공원,POI085,원활,57.0,2026-10-09 04:05,2,106.0,0.0,0,0,0,0,,,,,,,,,,,,,,,,,,,,,,,,,,,,,,,,,,,2026-10-09 04:07
고척돔,POI086,원활,35.0,2026-10-09 04:05,0,,,0,2,4,0,,,,,,,,,,,,,,,,,,,,,,,,,,,,,,,,,,,2026-10-09 04:07
광나루한강공원,POI087,원활,67.0,2026-10-09 04:05,4,718.0,93.0,0,0,0,0,,,,,,,,,,,,,,,,,,,,,,,,,,,,,,,,,,,2026-10-09 04:07
광화문광장,POI088,원활,28.0,2026-10-09 04:05,3,2932.0,111.0,2,8,5,0,,,,,,,,,,,,,,,,,,,,,,,,,,,,,,,,,,,2026-10-09 04:07
국립중앙박물관·용산가족공원,POI089,원활,42.0,2026-10-09 04:05,4,931.0,,1,3,2,0,,,,,,,,,,,,,,,,,,,,,,,,,,,,,,,,,,,2026-10-09 04:07
난지한강공원,POI090,원활,65.0,2026-10-09 04:05,4,1240.0,0.0,0,4,0,0,,,,,,,,,,,,,,,,,,,,,,,,,,,,,,,,,,,2026-10-09 04:07
남산공원,POI091,원활,36.0,2026-10-09 04:05,33,2148.0,23.0,4,22,6,0,,,,,,,,,,,,,,,,,,,,,,,,,,,,,,,,,,,2026-10-09 04:07
노들섬,POI092,원활,50.0,2026-10-09 04:05,1,99.0,,0,2,4,0,,,,,,,,,,,,,,,,,,,,,,,,,,,,,,,,,,,2026-10-09 04:07
뚝섬한강공원,POI093,원활,63.0,2026-10-09 04:05,8,1342.0,199.0,1,1,1,0,,,,,,,,,,,,,,,,,,,,,,,,,,,,,,,,,,,2026-10-09 04:07
망원한강공원,POI094,원활,43.0,2026-10-09 04:05,2,458.0,0.0,2,5,0,0,,,,,,,,,,,,,,,,,,,,,,,,,,,,,,,,,,,2026-10-09 04:07
반포한강공원,POI095,원활,53.0,2026-10-09 04:05,9,1483.0,9.0,0,2,0,0,,,,,,,,,,,,,,,,,,,,,,,,,,,,,,,,,,,2026-10-09 04:07
북서울꿈의숲,POI096,원활,27.0,2026-10-09 04:05,3,549.0,,0,14,1,0,,,,,,,,,,,,,,,,,,,,,,,,,,,,,,,,,,,2026-10-09 04:07
서리풀공원·몽마르뜨공원,POI098,원활,35.0,2026-10-09 04:05,0,,,4,7,0,0,,,,,,,,,,,,,,,,,,,,,,,,,,,,,,,,,,,2026-10-09 04:07
서울대공원,POI100,원활,36.0,2026-10-09 04:05,0,,,0,0,0,0,,,,,,,,,,,,,,,,,,,,,,,,,,,,,,,,,,,2026-10-09 04:07
서울숲공원,POI101,원활,47.0,2026-10-09 04:05,2,996.0,,1,9,2,0,,,,,,,,,,,,,,,,,,,,,,,,,,,,,,,,,,,2026-10-09 04:07
아차산,POI102,원활,37.0,2026-10-09 04:05,0,,,0,3,0,0,,,,,,,,,,,,,,,,,,,,,,,,,,,,,,,,,,,2026-10-09 04:07
양화한강공원,POI103,원활,48.0,2026-10-09 04:05,6,1002.0,24.0,0,2,0,0,,,,,,,,,,,,,,,,,,,,,,,,,,,,,,,,,,,2026-10-09 04:07
어린이대공원,POI104,원활,33.0,2026-10-09 04:05,4,945.0,,2,9,4,0,,,,,,,,,,,,,,,,,,,,,,,,,,,,,,,,,,,2026-10-09 04:07
여의도한강공원,POI105,원활,44.0,2026-10-09 04:05,6,2866.0,46.0,1,3,0,0,,,,,,,,,,,,,,,,,,,,,,,,,,,,,,,,,,,2026-10-09 04:07
월드컵공원,POI106,원활,40.0,2026-10-09 04:05,9,3537.0,,4,27,0,0,,,,,,,,,,,,,,,,,,,,,,,,,,,,,,,,,,,2026-10-09 04:07
응봉산,POI107,원활,30.0,2026-10-09 04:05,3,88.0,,0,24,0,0,,,,,,,,,,,,,,,,,,,,,,,,,,,,,,,,,,,2026-10-09 04:07
이촌한강공원,POI108,원활,51.0,2026-10-09 04:05,2,514.0,0.0,0,2,1,0,,,,,,,,,,,,,,,,,,,,,,,,,,,,,,,,,,,2026-10-09 04:07
잠실종합운동장,POI109,원활,26.0,2026-10-09 04:05,1,876.0,,1,2,0,0,,,,,,,,,,,,,,,,,,,,,,,,,,,,,,,,,,,2026-10-09 04:07
잠실한강공원,POI110,원활,50.0,2026-10-09 04:05,4,1326.0,64.0,1,2,0,0,,,,,,,,,,,,,,,,,,,,,,,,,,,,,,,,,,,2026-10-09 04:07
잠원한강공원,POI111,원활,60.0,2026-10-09 04:05,3,1540.0,0.0,0,2,0,0,,,,,,,,,,,,,,,,,,,,,,,,,,,,,,,,,,,2026-10-09 04:07
청계산,POI112,원활,66.0,2026-10-09 04:05,0,,,0,4,0,0,,,,,,,,,,,,,,,,,,,,,,,,,,,,,,,,,,,2026-10-09 04:07
북창동 먹자골목,POI114,서행,21.0,2026-10-09 04:05,20,552.0,0.0,0,10,0,0,,,,,,,,,,,,,,,,,,,,,,,,,,,,,,,,,,,2026-10-09 04:07
남대문시장,POI115,서행,24.0,2026-10-09 04:05,16,1456.0,4.0,1,6,0,0,,,,,,,,,,,,,,,,,,,,,,,,,,,,,,,,,,,2026-10-09 04:07
익선동,POI116,정체,14.0,2026-10-09 04:05,10,187.0,2.0,3,9,1,0,,,,,,,,,,,,,,,,,,,,,,,,,,,,,,,,,,,2026-10-09 04:07
신정네거리역,POI117,서행,23.0,2026-10-09 04:05,3,119.0,,1,9,0,0,,,,,,,,,,,,,,,,,,,,,,,,,,,,,,,,,,,2026-10-09 04:07
잠실새내역,POI118,원활,25.0,2026-10-09 04:05,31,1541.0,,1,10,0,0,,,,,,,,,,,,,,,,,,,,,,,,,,,,,,,,,,,2026-10-09 04:07
잠실역,POI119,원활,26.0,2026-10-09 04:05,5,6749.0,55.0,2,18,0,0,,,,,,,,,,,,,,,,,,,,,,,,,,,,,,,,,,,2026-10-09 04:07
잠실롯데타워·석촌호수,POI120,원활,25.0,2026-10-09 04:05,33,9281.0,55.0,3,0,3,0,,,,,,,,,,,,,,,,,,,,,,,,,,,,,,,,,,,2026-10-09 04:07
송리단길·호수단길,POI121,서행,23.0,2026-10-09 04:05,21,878.0,,3,12,0,0,,,,,,,,,,,,,,,,,,,,,,,,,,,,,,,,,,,2026-10-09 04:07
신촌 스타광장,POI122,서행,17.0,2026-10-09 04:05,4,235.0,,1,4,0,0,,,,,,,,,,,,,,,,,,,,,,,,,,,,,,,,,,,2026-10-09 04:07
보라매공원,POI123,서행,19.0,2026-10-09 04:05,1,78.0,,2,4,0,0,,,,,,,,,,,,,,,,,,,,,,,,,,,,,,,,,,,2026-10-09 04:07
서대문독립공원,POI124,원활,30.0,2026-10-09 04:05,2,150.0,,1,14,0,0,,,,,,,,,,,,,,,,,,,,,,,,,,,,,,,,,,,2026-10-09 04:07
안양천,POI125,원활,52.0,2026-10-09 04:05,1,294.0,,0,1,0,0,,,,,,,,,,,,,,,,,,,,,,,,,,,,,,,,,,,2026-10-09 04:07
여의서로,POI126,원활,38.0,2026-10-09 04:05,2,168.0,38.0,0,0,0,0,,,,,,,,,,,,,,,,,,,,,,,,,,,,,,,,,,,2026-10-09 04:07
올림픽공원,POI127,원활,30.0,2026-10-09 04:05,4,2716.0,,4,16,7,0,,,,,,,,,,,,,,,,,,,,,,,,,,,,,,,,,,,2026-10-09 04:07
홍제폭포,POI128,원활,39.0,2026-10-09 04:05,0,,,0,0,0,0,,,,,,,,,,,,,,,,,,,,,,,,,,,,,,,,,,,2026-10-09 04:07
송현녹지광장,POI129,서행,22.0,2026-10-09 04:05,4,1546.0,,1,22,8,0,,,,,,,,,,,,,,,,,,,,,,,,,,,,,,,,,,,2026-10-09 04:07
시의회 앞,POI130,원활,26.0,2026-10-09 04:05,9,1723.0,,3,19,6,0,,,,,,,,,,,,,,,,,,,,,,,,,,,,,,,,,,,2026-10-09 04:07
강남 MICE 관광특구,POI001,서행,20.0,2026-10-09 05:05,3,4428.0,,2,5,1,0,,,,,,,,,,,,,,,,,,,,,,,,,,,,,,,,,,,2026-10-09 05:07
동대문 관광특구,POI002,서행,20.0,2026-10-09 05:05,47,8302.0,260.0,6,20,7,0,,,,,,,,,,,,,,,,,,,,,,,,,,,,,,,,,,,2026-10-09 05:07
명동 관광특구,POI003,서행,21.0,2026-10-09 05:05,93,12070.0,6.0,9,46,7,1,,,,,,,,,,,,,,,,,,,,,,,,,,,,,,,,,,,2026-10-09 05:07
이태원 관광특구,POI004,서행,22.0,2026-10-09 05:05,8,853.0,,3,14,0,0,,,,,,,,,,,,,,,,,,,,,,,,,,,,,,,,,,,2026-10-09 05:07
잠실 관광특구,POI005,원활,25.0,2026-10-09 05:05,37,11997.0,60.0,6,42,10,0,,,,,,,,,,,,,,,,,,,,,,,,,,,,,,,,,,,2026-10-09 05:07
종로·청계 관광특구,POI006,서행,20.0,2026-10-09 05:05,48,2496.0,39.0,7,34,0,0,,,,,,,,,,,,,,,,,,,,,,,,,,,,,,,,,,,2026-10-09 05:07
홍대 관광특구,POI007,서행,17.0,2026-10-09 05:05,51,3098.0,,6,52,0,0,,,,,,,,,,,,,,,,,,,,,,,,,,,,,,,,,,,2026-10-09 05:07
경복궁,POI008,원활,25.0,2026-10-09 05:05,2,267.0,,1,10,4,0,,,,,,,,,,,,,,,,,,,,,,,,,,,,,,,,,,,2026-10-09 05:07
광화문·덕수궁,POI009,원활,25.0,2026-10-09 05:05,29,7988.0,109.0,3,32,13,1,,,,,,,,,,,,,,,,,,,,,,,,,,,,,,,,,,,2026-10-09 05:07
보신각,POI010,서행,18.0,2026-10-09 05:05,14,2572.0,7.0,1,8,1,0,,,,,,,,,,,,,,,,,,,,,,,,,,,,,,,,,,,2026-10-09 05:07
서울 암사동 유적,POI011,원활,28.0,2026-10-09 05:05,1,108.0,,0,3,0,0,,,,,,,,,,,,,,,,,,,,,,,,,,,,,,,,,,,2026-10-09 05:07
창덕궁·종묘,POI012,원활,25.0,2026-10-09 05:05,16,3155.0,271.0,0,14,1,1,,,,,,,,,,,,,,,,,,,,,,,,,,,,,,,,,,,2026-10-09 05:07
가산디지털단지역,POI013,원활,26.0,2026-10-09 05:05,20,8291.0,,1,51,0,0,,,,,,,,,,,,,,,,,,,,,,,,,,,,,,,,,,,2026-10-09 05:07
강남역,POI014,서행,20.0,2026-10-09 05:05,95,7876.0,,4,43,0,0,,,,,,,,,,,,,,,,,,,,,,,,,,,,,,,,,,,2026-10-09 05:07
건대입구역,POI015,원활,26.0,2026-10-09 05:05,23,6603.0,,2,8,3,0,,,,,,,,,,,,,,,,,,,,,,,,,,,,,,,,,,,2026-10-09 05:07
고덕역,POI016,원활,29.0,2026-10-09 05:05,15,1615.0,,1,4,0,0,,,,,,,,,,,,,,,,,,,,,,,,,,,,,,,,,,,2026-10-09 05:07
고속터미널역,POI017,원활,36.0,2026-10-09 05:05,3,4291.0,,3,8,0,0,,,,,,,,,,,,,,,,,,,,,,,,,,,,,,,,,,,2026-10-09 05:07
교대역,POI018,원활,25.0,2026-10-09 05:05,14,760.0,,2,10,0,0,,,,,,,,,,,,,,,,,,,,,,,,,,,,,,,,,,,2026-10-09 05:07
구로디지털단지역,POI019,서행,21.0,2026-10-09 05:05,20,6911.0,,1,28,0,0,,,,,,,,,,,,,,,,,,,,,,,,,,,,,,,,,,,2026-10-09 05:07
구로역,POI020,원활,28.0,2026-10-09 05:05,3,1047.0,,0,4,0,0,,,,,,,,,,,,,,,,,,,,,,,,,,,,,,,,,,,2026-10-09 05:07
군자역,POI021,서행,23.0,2026-10-09 05:05,11,573.0,,2,10,0,0,,,,,,,,,,,,,,,,,,,,,,,,,,,,,,,,,,,2026-10-09 05:07
대림역,POI023,서행,18.0,2026-10-09 05:05,4,221.0,,2,22,0,0,,,,,,,,,,,,,,,,,,,,,,,,,,,,,,,,,,,2026-10-09 05:07
동대문역,POI024,서행,19.0,2026-10-09 05:05,17,892.0,0.0,2,5,0,1,,,,,,,,,,,,,,,,,,,,,,,,,,,,,,,,,,,2026-10-09 05:07
뚝섬역,POI025,원활,27.0,2026-10-09 05:05,9,767.0,,1,4,1,0,,,,,,,,,,,,,,,,,,,,,,,,,,,,,,,,,,,2026-10-09 05:07
미아사거리역,POI026,서행,20.0,2026-10-09 05:05,11,1409.0,,1,23,0,0,,,,,,,,,,,,,,,,,,,,,,,,,,,,,,,,,,,2026-10-09 05:07
발산역,POI027,서행,20.0,2026-10-09 05:05,13,2880.0,,1,22,0,0,,,,,,,,,,,,,,,,,,,,,,,,,,,,,,,,,,,2026-10-09 05:07
사당역,POI029,원활,26.0,2026-10-09 05:05,13,520.0,,2,16,1,0,,,,,,,,,,,,,,,,,,,,,,,,,,,,,,,,,,,2026-10-09 05:07
삼각지역,POI030,원활,34.0,2026-10-09 05:05,0,,,2,5,0,0,,,,,,,,,,,,,,,,,,,,,,,,,,,,,,,,,,,2026-10-09 05:07
서울대입구역,POI031,원활,27.0,2026-10-09 05:05,2,52.0,,1,12,0,0,,,,,,,,,,,,,,,,,,,,,,,,,,,,,,,,,,,2026-10-09 05:07
서울식물원·마곡나루역,POI032,서행,19.0,2026-10-09 05:05,2,2651.0,,2,15,3,0,,,,,,,,,,,,,,,,,,,,,,,,,,,,,,,,,,,2026-10-09 05:07
서울역,POI033,서행,24.0,2026-10-09 05:05,23,3968.0,0.0,6,22,1,0,,,,,,,,,,,,,,,,,,,,,,,,,,,,,,,,,,,2026-10-09 05:07
선릉역,POI034,서행,23.0,2026-10-09 05:05,94,11160.0,26.0,4,12,0,0,,,,,,,,,,,,,,,,,,,,,,,,,,,,,,,,,,,2026-10-09 05:07
성신여대입구역,POI035,서행,24.0,2026-10-09 05:05,2,38.0,,2,8,1,0,,,,,,,,,,,,,,,,,,,,,,,,,,,,,,,,,,,2026-10-09 05:07
수유역,POI036,서행,21.0,2026-10-09 05:05,8,802.0,,1,27,0,0,,,,,,,,,,,,,,,,,,,,,,,,,,,,,,,,,,,2026-10-09 05:07
신논현역·논현역,POI037,서행,24.0,2026-10-09 05:05,32,1053.0,,4,11,0,0,,,,,,,,,,,,,,,,,,,,,,,,,,,,,,,,,,,2026-10-09 05:07
신도림역,POI038,서행,23.0,2026-10-09 05:05,1,1644.0,,1,1,0,0,,,,,,,,,,,,,,,,,,,,,,,,,,,,,,,,,,,2026-10-09 05:07
신림역,POI039,서행,18.0,2026-10-09 05:05,2,282.0,,2,14,0,0,,,,,,,,,,,,,,,,,,,,,,,,,,,,,,,,,,,2026-10-09 05:07
신촌·이대역,POI040,서행,24.0,2026-10-09 05:05,25,1943.0,60.0,1,31,0,0,,,,,,,,,,,,,,,,,,,,,,,,,,,,,,,,,,,2026-10-09 05:07
양재역,POI041,원활,28.0,2026-10-09 05:05,16,1881.0,,2,18,0,0,,,,,,,,,,,,,,,,,,,,,,,,,,,,,,,,,,,2026-10-09 05:07
역삼역,POI042,원활,25.0,2026-10-09 05:05,47,7473.0,1.0,1,9,0,0,,,,,,,,,,,,,,,,,,,,,,,,,,,,,,,,,,,2026-10-09 05:07
연신내역,POI043,서행,20.0,2026-10-09 05:05,5,208.0,,3,9,0,0,,,,,,,,,,,,,,,,,,,,,,,,,,,,,,,,,,,2026-10-09 05:07
오목교역·목동운동장,POI044,원활,33.0,2026-10-09 05:05,14,5304.0,,1,25,0,0,,,,,,,,,,,,,,,,,,,,,,,,,,,,,,,,,,,2026-10-09 05:07
왕십리역,POI045,서행,22.0,2026-10-09 05:05,4,1478.0,,4,18,0,0,,,,,,,,,,,,,,,,,,,,,,,,,,,,,,,,,,,2026-10-09 05:07
용산역,POI046,원활,27.0,2026-10-09 05:05,11,5014.0,97.0,1,25,0,0,,,,,,,,,,,,,,,,,,,,,,,,,,,,,,,,,,,2026-10-09 05:07
이태원역,POI047,서행,15.0,2026-10-09 05:05,4,66.0,,1,9,0,0,,,,,,,,,,,,,,,,,,,,,,,,,,,,,,,,,,,2026-10-09 05:07
장지역,POI048,서행,24.0,2026-10-09 05:05,4,10611.0,,1,18,0,0,,,,,,,,,,,,,,,,,,,,,,,,,,,,,,,,,,,2026-10-09 05:07
장한평역,POI049,원활,29.0,2026-10-09 05:05,15,847.0,,1,11,0,0,,,,,,,,,,,,,,,,,,,,,,,,,,,,,,,,,,,2026-10-09 05:07
천호역,POI050,원활,25.0,2026-10-09 05:05,14,3331.0,,2,9,0,0,,,,,,,,,,,,,,,,,,,,,,,,,,,,,,,,,,,2026-10-09 05:07
총신대입구(이수)역,POI051,서행,24.0,2026-10-09 05:05,7,533.0,,2,15,0,0,,,,,,,,,,,,,,,,,,,,,,,,,,,,,,,,,,,2026-10-09 05:07
충정로역,POI052,원활,27.0,2026-10-09 05:05,5,834.0,,2,15,0,0,,,,,,,,,,,,,,,,,,,,,,,,,,,,,,,,,,,2026-10-09 05:07
합정역,POI053,원활,25.0,2026-10-09 05:05,6,207.0,,2,27,0,0,,,,,,,,,,,,,,,,,,,,,,,,,,,,,,,,,,,2026-10-09 05:07
혜화역,POI054,원활,25.0,2026-10-09 05:05,24,955.0,,1,11,7,0,,,,,,,,,,,,,,,,,,,,,,,,,,,,,,,,,,,2026-10-09 05:07
홍대입구역(2호선),POI055,서행,19.0,2026-10-09 05:05,16,1196.0,,3,12,0,0,,,,,,,,,,,,,,,,,,,,,,,,,,,,,,,,,,,2026-10-09 05:07
회기역,POI056,서행,23.0,2026-10-09 05:05,21,408.0,,1,21,0,0,,,,,,,,,,,,,,,,,,,,,,,,,,,,,,,,,,,2026-10-09 05:07
가락시장,POI058,원활,30.0,2026-10-09 05:05,4,2884.0,,2,12,0,0,,,,,,,,,,,,,,,,,,,,,,,,,,,,,,,,,,,2026-10-09 05:07
가로수길,POI059,원활,32.0,2026-10-09 05:05,51,2767.0,30.0,3,9,0,0,,,,,,,,,,,,,,,,,,,,,,,,,,,,,,,,,,,2026-10-09 05:07
광장(전통)시장,POI060,서행,21.0,2026-10-09 05:05,7,103.0,5.0,1,7,0,0,,,,,,,,,,,,,,,,,,,,,,,,,,,,,,,,,,,2026-10-09 05:07
김포공항,POI061,원활,33.0,2026-10-09 05:05,6,16594.0,,3,21,0,0,,,,,,,,,,,,,,,,,,,,,,,,,,,,,,,,,,,2026-10-09 05:07
노량진,POI063,원활,29.0,2026-10-09 05:05,11,1218.0,,2,17,1,0,,,,,,,,,,,,,,,,,,,,,,,,,,,,,,,,,,,2026-10-09 05:07
덕수궁길·정동길,POI064,원활,27.0,2026-10-09 05:05,10,620.0,,3,10,0,0,,,,,,,,,,,,,,,,,,,,,,,,,,,,,,,,,,,2026-10-09 05:07
북촌한옥마을,POI066,서행,24.0,2026-10-09 05:05,16,1756.0,,1,49,9,0,,,,,,,,,,,,,,,,,,,,,,,,,,,,,,,,,,,2026-10-09 05:07
서촌,POI067,서행,20.0,2026-10-09 05:05,9,308.0,,0,25,4,0,,,,,,,,,,,,,,,,,,,,,,,,,,,,,,,,,,,2026-10-09 05:07
성수카페거리,POI068,서행,22.0,2026-10-09 05:05,28,2824.0,,2,23,1,0,,,,,,,,,,,,,,,,,,,,,,,,,,,,,,,,,,,2026-10-09 05:07
쌍문역,POI070,서행,24.0,2026-10-09 05:05,8,345.0,,1,17,0,0,,,,,,,,,,,,,,,,,,,,,,,,,,,,,,,,,,,2026-10-09 05:07
압구정로데오거리,POI071,서행,24.0,2026-10-09 05:05,55,1976.0,1.0,1,11,1,0,,,,,,,,,,,,,,,,,,,,,,,,,,,,,,,,,,,2026-10-09 05:07
여의도,POI072,원활,29.0,2026-10-09 05:05,116,24820.0,115.0,7,58,3,0,,,,,,,,,,,,,,,,,,,,,,,,,,,,,,,,,,,2026-10-09 05:07
연남동,POI073,서행,23.0,2026-10-09 05:05,45,132.0,,0,19,0,0,,,,,,,,,,,,,,,,,,,,,,,,,,,,,,,,,,,2026-10-09 05:07
영등포 타임스퀘어,POI074,서행,23.0,2026-10-09 05:05,10,1195.0,1.0,0,16,0,0,,,,,,,,,,,,,,,,,,,,,,,,,,,,,,,,,,,2026-10-09 05:07
용리단길,POI076,원활,31.0,2026-10-09 05:05,0,,,3,5,0,0,,,,,,,,,,,,,,,,,,,,,,,,,,,,,,,,,,,2026-10-09 05:07
이태원 앤틱가구거리,POI077,서행,24.0,2026-10-09 05:05,4,51.0,,1,13,0,0,,,,,,,,,,,,,,,,,,,,,,,,,,,,,,,,,,,2026-10-09 05:07
인사동,POI078,서행,19.0,2026-10-09 05:05,21,2465.0,1.0,2,19,6,0,,,,,,,,,,,,,,,,,,,,,,,,,,,,,,,,,,,2026-10-09 05:07
창동 신경제 중심지,POI079,서행,23.0,2026-10-09 05:05,46,4927.0,14.0,3,39,5,0,,,,,,,,,,,,,,,,,,,,,,,,,,,,,,,,,,,2026-10-09 05:07
청담동 명품거리,POI080,원활,26.0,2026-10-09 05:05,16,910.0,,1,6,0,0,,,,,,,,,,,,,,,,,,,,,,,,,,,,,,,,,,,2026-10-09 05:07
청량리 제기동 일대 전통시장,POI081,서행,24.0,2026-10-09 05:05,12,2214.0,,2,21,0,0,,,,,,,,,,,,,,,,,,,,,,,,,,,,,,,,,,,2026-10-09 05:07
해방촌·경리단길,POI082,원활,33.0,2026-10-09 05:05,4,273.0,,0,26,0,0,,,,,,,,,,,,,,,,,,,,,,,,,,,,,,,,,,,2026-10-09 05:07
DDP(동대문디자인플라자),POI083,서행,20.0,2026-10-09 05:05,9,2596.0,252.0,3,7,5,0,,,,,,,,,,,,,,,,,,,,,,,,,,,,,,,,,,,2026-10-09 05:07
DMC(디지털미디어시티),POI084,원활,27.0,2026-10-09 05:05,25,9176.0,,4,44,0,0,,,,,,,,,,,,,,,,,,,,,,,,,,,,,,,,,,,2026-10-09 05:07
강서한강공원,POI085,원활,59.0,2026-10-09 05:05,2,106.0,0.0,0,0,0,0,,,,,,,,,,,,,,,,,,,,,,,,,,,,,,,,,,,2026-10-09 05:07
고척돔,POI086,원활,32.0,2026-10-09 05:05,0,,,0,2,4,0,,,,,,,,,,,,,,,,,,,,,,,,,,,,,,,,,,,2026-10-09 05:07
광나루한강공원,POI087,원활,66.0,2026-10-09 05:05,4,718.0,88.0,0,0,0,0,,,,,,,,,,,,,,,,,,,,,,,,,,,,,,,,,,,2026-10-09 05:07
광화문광장,POI088,원활,27.0,2026-10-09 05:05,3,2932.0,109.0,2,8,5,0,,,,,,,,,,,,,,,,,,,,,,,,,,,,,,,,,,,2026-10-09 05:07
국립중앙박물관·용산가족공원,POI089,원활,41.0,2026-10-09 05:05,4,931.0,,1,3,2,0,,,,,,,,,,,,,,,,,,,,,,,,,,,,,,,,,,,2026-10-09 05:07
난지한강공원,POI090,원활,64.0,2026-10-09 05:05,4,1240.0,0.0,0,4,0,0,,,,,,,,,,,,,,,,,,,,,,,,,,,,,,,,,,,2026-10-09 05:07
남산공원,POI091,원활,37.0,2026-10-09 05:05,33,2148.0,23.0,4,22,6,0,,,,,,,,,,,,,,,,,,,,,,,,,,,,,,,,,,,2026-10-09 05:07
노들섬,POI092,원활,52.0,2026-10-09 05:05,1,99.0,,0,2,4,0,,,,,,,,,,,,,,,,,,,,,,,,,,,,,,,,,,,2026-10-09 05:07
뚝섬한강공원,POI093,원활,62.0,2026-10-09 05:05,8,1342.0,203.0,1,1,1,0,,,,,,,,,,,,,,,,,,,,,,,,,,,,,,,,,,,2026-10-09 05:07
망원한강공원,POI094,원활,42.0,2026-10-09 05:05,2,458.0,0.0,2,5,0,0,,,,,,,,,,,,,,,,,,,,,,,,,,,,,,,,,,,2026-10-09 05:07
반포한강공원,POI095,원활,57.0,2026-10-09 05:05,9,1483.0,9.0,0,2,0,0,,,,,,,,,,,,,,,,,,,,,,,,,,,,,,,,,,,2026-10-09 05:07
북서울꿈의숲,POI096,원활,25.0,2026-10-09 05:05,3,549.0,,0,14,1,0,,,,,,,,,,,,,,,,,,,,,,,,,,,,,,,,,,,2026-10-09 05:07
서리풀공원·몽마르뜨공원,POI098,원활,34.0,2026-10-09 05:05,0,,,4,7,0,0,,,,,,,,,,,,,,,,,,,,,,,,,,,,,,,,,,,2026-10-09 05:07
서울대공원,POI100,원활,35.0,2026-10-09 05:05,0,,,0,0,0,0,,,,,,,,,,,,,,,,,,,,,,,,,,,,,,,,,,,2026-10-09 05:07
서울숲공원,POI101,원활,46.0,2026-10-09 05:05,2,996.0,,1,9,2,0,,,,,,,,,,,,,,,,,,,,,,,,,,,,,,,,,,,2026-10-09 05:07
아차산,POI102,원활,36.0,2026-10-09 05:05,0,,,0,3,0,0,,,,,,,,,,,,,,,,,,,,,,,,,,,,,,,,,,,2026-10-09 05:07
양화한강공원,POI103,원활,46.0,2026-10-09 05:05,6,1002.0,24.0,0,2,0,0,,,,,,,,,,,,,,,,,,,,,,,,,,,,,,,,,,,2026-10-09 05:07
어린이대공원,POI104,원활,27.0,2026-10-09 05:05,4,945.0,,2,9,4,0,,,,,,,,,,,,,,,,,,,,,,,,,,,,,,,,,,,2026-10-09 05:07
여의도한강공원,POI105,원활,43.0,2026-10-09 05:05,6,2866.0,38.0,1,3,0,0,,,,,,,,,,,,,,,,,,,,,,,,,,,,,,,,,,,2026-10-09 05:07
월드컵공원,POI106,원활,41.0,2026-10-09 05:05,9,3537.0,,4,27,0,0,,,,,,,,,,,,,,,,,,,,,,,,,,,,,,,,,,,2026-10-09 05:07
응봉산,POI107,원활,30.0,2026-10-09 05:05,3,88.0,,0,24,0,0,,,,,,,,,,,,,,,,,,,,,,,,,,,,,,,,,,,2026-10-09 05:07
이촌한강공원,POI108,원활,50.0,2026-10-09 05:05,2,514.0,0.0,0,2,1,0,,,,,,,,,,,,,,,,,,,,,,,,,,,,,,,,,,,2026-10-09 05:07
잠실종합운동장,POI109,원활,32.0,2026-10-09 05:05,1,876.0,,1,2,0,0,,,,,,,,,,,,,,,,,,,,,,,,,,,,,,,,,,,2026-10-09 05:07
잠실한강공원,POI110,원활,50.0,2026-10-09 05:05,4,1326.0,65.0,1,2,0,0,,,,,,,,,,,,,,,,,,,,,,,,,,,,,,,,,,,2026-10-09 05:07
잠원한강공원,POI111,원활,52.0,2026-10-09 05:05,3,1540.0,0.0,0,2,0,0,,,,,,,,,,,,,,,,,,,,,,,,,,,,,,,,,,,2026-10-09 05:07
청계산,POI112,원활,65.0,2026-10-09 05:05,0,,,0,4,0,0,,,,,,,,,,,,,,,,,,,,,,,,,,,,,,,,,,,2026-10-09 05:07
북창동 먹자골목,POI114,서행,19.0,2026-10-09 05:05,20,552.0,0.0,0,10,0,0,,,,,,,,,,,,,,,,,,,,,,,,,,,,,,,,,,,2026-10-09 05:07
남대문시장,POI115,서행,24.0,2026-10-09 05:05,16,1456.0,4.0,1,6,0,0,,,,,,,,,,,,,,,,,,,,,,,,,,,,,,,,,,,2026-10-09 05:07
익선동,POI116,서행,18.0,2026-10-09 05:05,10,187.0,1.0,3,9,1,0,,,,,,,,,,,,,,,,,,,,,,,,,,,,,,,,,,,2026-10-09 05:07
신정네거리역,POI117,서행,24.0,2026-10-09 05:05,3,119.0,,1,9,0,0,,,,,,,,,,,,,,,,,,,,,,,,,,,,,,,,,,,2026-10-09 05:07
잠실새내역,POI118,서행,24.0,2026-10-09 05:05,31,1541.0,,1,10,0,0,,,,,,,,,,,,,,,,,,,,,,,,,,,,,,,,,,,2026-10-09 05:07
잠실역,POI119,서행,23.0,2026-10-09 05:05,5,6749.0,60.0,2,18,0,0,,,,,,,,,,,,,,,,,,,,,,,,,,,,,,,,,,,2026-10-09 05:07
잠실롯데타워·석촌호수,POI120,서행,23.0,2026-10-09 05:05,33,9281.0,60.0,3,0,3,0,,,,,,,,,,,,,,,,,,,,,,,,,,,,,,,,,,,2026-10-09 05:07
송리단길·호수단길,POI121,서행,23.0,2026-10-09 05:05,21,878.0,,3,12,0,0,,,,,,,,,,,,,,,,,,,,,,,,,,,,,,,,,,,2026-10-09 05:07
신촌 스타광장,POI122,서행,23.0,2026-10-09 05:05,4,235.0,,1,4,0,0,,,,,,,,,,,,,,,,,,,,,,,,,,,,,,,,,,,2026-10-09 05:07
보라매공원,POI123,서행,24.0,2026-10-09 05:05,1,78.0,,2,4,0,0,,,,,,,,,,,,,,,,,,,,,,,,,,,,,,,,,,,2026-10-09 05:07
서대문독립공원,POI124,원활,32.0,2026-10-09 05:05,2,150.0,,1,14,0,0,,,,,,,,,,,,,,,,,,,,,,,,,,,,,,,,,,,2026-10-09 05:07
안양천,POI125,원활,49.0,2026-10-09 05:05,1,294.0,,0,1,0,0,,,,,,,,,,,,,,,,,,,,,,,,,,,,,,,,,,,2026-10-09 05:07
여의서로,POI126,원활,38.0,2026-10-09 05:05,2,168.0,38.0,0,0,0,0,,,,,,,,,,,,,,,,,,,,,,,,,,,,,,,,,,,2026-10-09 05:07
올림픽공원,POI127,원활,29.0,2026-10-09 05:05,4,2716.0,,4,16,7,0,,,,,,,,,,,,,,,,,,,,,,,,,,,,,,,,,,,2026-10-09 05:07
홍제폭포,POI128,원활,34.0,2026-10-09 05:05,0,,,0,0,0,0,,,,,,,,,,,,,,,,,,,,,,,,,,,,,,,,,,,2026-10-09 05:07
송현녹지광장,POI129,서행,24.0,2026-10-09 05:05,4,1546.0,,1,22,8,0,,,,,,,,,,,,,,,,,,,,,,,,,,,,,,,,,,,2026-10-09 05:07
시의회 앞,POI130,원활,26.0,2026-10-09 05:05,9,1723.0,,3,19,6,0,,,,,,,,,,,,,,,,,,,,,,,,,,,,,,,,,,,2026-10-09 05:07
강남 MICE 관광특구,POI001,서행,24.0,2026-10-09 06:05,3,4428.0,,2.0,6.0,1,0,100,150,10,20,100,150,10,20,30,40,0,10,10,20,0,10,20261009,30,40,30,40,10,20,20,30,0,10,0,10,0,10,0,0,20261009,2026-10-09 06:07
동대문 관광특구,POI002,서행,20.0,2026-10-09 06:05,47,8302.0,164.0,7.0,32.0,7,0,1100,1200,80,90,950,1000,70,80,250,300,30,40,60,70,20,30,20261009,650,700,150,200,250,300,90,100,70,80,20,30,20,30,0,10,20261009,2026-10-09 06:07
명동 관광특구,POI003,서행,22.0,2026-10-09 06:05,93,12070.0,6.0,7.0,54.0,7,1,250,300,70,80,200,250,70,80,80,90,20,30,20,30,10,20,20261009,250,300,450,500,150,200,250,300,40,50,90,100,30,40,30,40,20261009,2026-10-09 06:07
이태원 관광특구,POI004,서행,22.0,2026-10-09 06:05,8,853.0,,3.0,17.0,0,0,450,500,20,30,450,500,20,30,200,250,10,20,50,60,0,10,20261009,600,650,100,150,150,200,60,70,40,50,20,30,30,40,10,20,20261009,2026-10-09 06:07
잠실 관광특구,POI005,원활,25.0,2026-10-09 06:05,37,11997.0,61.0,6.0,50.0,11,0,300,350,60,70,300,350,60,70,100,150,60,70,30,40,30,40,20261009,100,150,200,250,60,70,150,200,20,30,50,60,10,20,10,20,20261009,2026-10-09 06:07
종로·청계 관광특구,POI006,서행,21.0,2026-10-09 06:05,48,2496.0,40.0,10.0,62.0,0,0,1100,1200,150,200,900,950,150,200,250,300,60,70,60,70,10,20,20261009,900,950,500,550,300,350,250,300,100,150,80,90,30,40,30,40,20261009,2026-10-09 06:07
홍대 관광특구,POI007,서행,19.0,2026-10-09 06:05,51,3098.0,,8.0,70.0,0,0,1400,1500,70,80,1200,1300,60,70,400,450,40,50,150,200,30,40,20261009,450,500,200,250,150,200,150,200,60,70,50,60,20,30,30,40,20261009,2026-10-09 06:07
경복궁,POI008,서행,24.0,2026-10-09 06:05,2,267.0,,1.0,11.0,4,0,50,60,0,0,40,50,0,0,0,10,0,0,0,0,0,0,20261009,0,0,0,0,0,0,0,0,0,0,0,0,0,0,0,0,20261009,2026-10-09 06:07
광화문·덕수궁,POI009,서행,22.0,2026-10-09 06:05,29,7988.0,118.0,4.0,41.0,13,1,100,150,50,60,100,150,50,60,50,60,0,10,10,20,0,10,20261009,100,150,200,250,70,80,100,150,30,40,50,60,10,20,0,10,20261009,2026-10-09 06:07
보신각,POI010,서행,20.0,2026-10-09 06:05,14,2572.0,7.0,1.0,14.0,1,0,100,150,30,40,100,150,30,40,30,40,0,10,10,20,0,0,20261009,150,200,100,150,60,70,60,70,20,30,20,30,10,20,10,20,20261009,2026-10-09 06:07
서울 암사동 유적,POI011,원활,28.0,2026-10-09 06:05,1,108.0,,0.0,3.0,0,0,,,,,,,,,,,,,,,,,,0,0,0,0,0,0,0,0,0,0,0,0,0,0,0,0,20261009,2026-10-09 06:07
창덕궁·종묘,POI012,서행,24.0,2026-10-09 06:05,16,3155.0,270.0,4.0,19.0,2,0,200,250,60,70,150,200,50,60,40,50,20,30,10,20,0,10,20261009,40,50,90,100,10,20,40,50,0,0,10,20,0,0,0,10,20261009,2026-10-09 06:07
가산디지털단지역,POI013,서행,24.0,2026-10-09 06:05,20,8291.0,,2.0,71.0,0,0,350,400,20,30,250,300,10,20,90,100,10,20,40,50,0,10,20261009,80,90,100,150,30,40,90,100,20,30,50,60,10,20,20,30,20261009,2026-10-09 06:07
강남역,POI014,서행,21.0,2026-10-09 06:05,95,7876.0,,4.0,55.0,0,0,300,350,10,20,300,350,0,10,100,150,0,10,30,40,0,0,20261009,350,400,250,300,100,150,100,150,30,40,50,60,0,10,10,20,20261009,2026-10-09 06:07
건대입구역,POI015,원활,27.0,2026-10-09 06:05,23,6603.0,,2.0,11.0,3,0,400,450,0,10,400,450,0,10,100,150,0,10,40,50,0,0,20261009,100,150,80,90,30,40,50,60,0,10,10,20,0,0,0,0,20261009,2026-10-09 06:07
고덕역,POI016,원활,29.0,2026-10-09 06:05,15,1615.0,,1.0,5.0,0,0,40,50,0,0,40,50,0,0,10,20,0,0,0,10,0,0,20261009,10,20,10,20,0,10,10,20,0,10,0,10,0,10,0,0,20261009,2026-10-09 06:07
고속터미널역,POI017,원활,32.0,2026-10-09 06:05,3,4291.0,,3.0,10.0,0,0,200,250,30,40,150,200,30,40,50,60,30,40,10,20,10,20,20261009,100,150,250,300,80,90,200,250,20,30,80,90,10,20,40,50,20261009,2026-10-09 06:07
교대역,POI018,서행,23.0,2026-10-09 06:05,14,760.0,,2.0,13.0,0,0,60,70,10,20,60,70,10,20,30,40,10,20,0,10,0,10,20261009,30,40,20,30,10,20,10,20,0,0,10,20,0,0,0,10,20261009,2026-10-09 06:07
구로디지털단지역,POI019,서행,21.0,2026-10-09 06:05,20,6911.0,,1.0,29.0,0,0,800,850,30,40,750,800,30,40,200,250,20,30,40,50,10,20,20261009,40,50,40,50,20,30,10,20,10,20,0,10,0,0,0,0,20261009,2026-10-09 06:07
구로역,POI020,원활,29.0,2026-10-09 06:05,3,1047.0,,1.0,5.0,0,0,950,1000,40,50,350,400,40,50,100,150,30,40,50,60,30,40,20261009,20,30,200,250,10,20,70,80,0,10,10,20,0,0,0,10,20261009,2026-10-09 06:07
군자역,POI021,서행,22.0,2026-10-09 06:05,11,573.0,,2.0,16.0,0,0,300,350,10,20,300,350,10,20,100,150,10,20,40,50,0,10,20261009,100,150,100,150,50,60,70,80,10,20,20,30,0,10,0,10,20261009,2026-10-09 06:07
대림역,POI023,서행,19.0,2026-10-09 06:05,4,221.0,,2.0,29.0,0,0,1000,1100,10,20,1000,1100,10,20,300,350,10,20,70,80,0,10,20261009,200,250,100,150,100,150,80,90,40,50,40,50,20,30,0,10,20261009,2026-10-09 06:07
동대문역,POI024,서행,19.0,2026-10-09 06:05,17,892.0,0.0,2.0,7.0,0,0,500,550,50,60,400,450,40,50,90,100,10,20,20,30,10,20,20261009,250,300,100,150,100,150,50,60,20,30,20,30,10,20,0,10,20261009,2026-10-09 06:07
뚝섬역,POI025,원활,26.0,2026-10-09 06:05,9,767.0,,1.0,4.0,1,0,50,60,0,0,50,60,0,0,10,20,0,0,0,10,0,0,20261009,10,20,20,30,0,10,0,10,0,0,0,10,0,0,0,0,20261009,2026-10-09 06:07
미아사거리역,POI026,서행,20.0,2026-10-09 06:05,11,1409.0,,1.0,29.0,0,0,200,250,0,0,200,250,0,0,100,150,0,0,40,50,0,0,20261009,300,350,200,250,150,200,100,150,50,60,60,70,20,30,10,20,20261009,2026-10-09 06:07
발산역,POI027,서행,19.0,2026-10-09 06:05,13,2880.0,,1.0,37.0,0,0,50,60,10,20,50,60,10,20,30,40,10,20,0,10,10,20,20261009,100,150,70,80,20,30,20,30,0,10,0,10,0,0,0,0,20261009,2026-10-09 06:07
사당역,POI029,서행,22.0,2026-10-09 06:05,13,520.0,,2.0,17.0,1,0,350,400,10,20,300,350,10,20,100,150,0,10,30,40,0,0,20261009,70,80,80,90,50,60,60,70,20,30,10,20,0,10,0,10,20261009,2026-10-09 06:07
삼각지역,POI030,원활,32.0,2026-10-09 06:05,0,,,2.0,7.0,0,0,30,40,0,0,30,40,0,0,20,30,0,0,0,10,0,0,20261009,150,200,150,200,60,70,70,80,20,30,20,30,0,10,0,10,20261009,2026-10-09 06:07
서울대입구역,POI031,서행,24.0,2026-10-09 06:05,2,52.0,,1.0,15.0,0,0,450,500,0,10,350,400,0,10,90,100,0,0,40,50,0,0,20261009,200,250,250,300,100,150,150,200,30,40,50,60,10,20,10,20,20261009,2026-10-09 06:07
서울식물원·마곡나루역,POI032,서행,18.0,2026-10-09 06:05,2,2651.0,,2.0,15.0,3,0,100,150,10,20,100,150,10,20,40,50,10,20,20,30,0,10,20261009,0,10,20,30,0,0,10,20,0,0,10,20,0,0,0,10,20261009,2026-10-09 06:07
서울역,POI033,서행,20.0,2026-10-09 06:05,23,3968.0,0.0,8.0,34.0,1,0,550,600,250,300,400,450,250,300,100,150,60,70,40,50,30,40,20261009,200,250,900,950,100,150,500,550,70,80,150,200,20,30,70,80,20261009,2026-10-09 06:07
선릉역,POI034,서행,23.0,2026-10-09 06:05,94,11160.0,25.0,4.0,20.0,0,0,150,200,20,30,150,200,20,30,50,60,10,20,30,40,10,20,20261009,150,200,100,150,60,70,60,70,10,20,20,30,0,10,0,10,20261009,2026-10-09 06:07
성신여대입구역,POI035,서행,20.0,2026-10-09 06:05,2,38.0,,2.0,9.0,1,0,100,150,10,20,100,150,0,10,60,70,0,0,20,30,0,0,20261009,150,200,100,150,80,90,80,90,30,40,30,40,10,20,20,30,20261009,2026-10-09 06:07
수유역,POI036,서행,19.0,2026-10-09 06:05,8,802.0,,1.0,32.0,0,0,350,400,10,20,350,400,10,20,150,200,0,10,50,60,0,0,20261009,500,550,400,450,200,250,200,250,80,90,90,100,30,40,40,50,20261009,2026-10-09 06:07
신논현역·논현역,POI037,서행,23.0,2026-10-09 06:05,32,1053.0,,3.0,13.0,0,0,150,200,0,10,150,200,0,10,50,60,0,10,20,30,0,0,20261009,150,200,100,150,60,70,50,60,10,20,10,20,0,10,0,10,20261009,2026-10-09 06:07
신도림역,POI038,서행,24.0,2026-10-09 06:05,1,1644.0,,2.0,2.0,0,0,950,1000,50,60,650,700,40,50,150,200,40,50,40,50,30,40,20261009,50,60,200,250,20,30,100,150,0,10,20,30,0,0,0,10,20261009,2026-10-09 06:07
신림역,POI039,서행,18.0,2026-10-09 06:05,2,282.0,,2.0,15.0,0,0,600,650,30,40,550,600,20,30,200,250,20,30,50,60,10,20,20261009,300,350,300,350,100,150,200,250,50,60,100,150,20,30,60,70,20261009,2026-10-09 06:07
신촌·이대역,POI040,서행,21.0,2026-10-09 06:05,25,1943.0,66.0,4.0,41.0,0,0,250,300,30,40,200,250,20,30,80,90,20,30,10,20,0,10,20261009,250,300,300,350,100,150,200,250,50,60,80,90,30,40,40,50,20261009,2026-10-09 06:07
양재역,POI041,원활,27.0,2026-10-09 06:05,16,1881.0,,2.0,27.0,0,0,100,150,10,20,100,150,10,20,30,40,10,20,10,20,0,10,20261009,50,60,100,150,40,50,80,90,10,20,40,50,0,10,20,30,20261009,2026-10-09 06:07
역삼역,POI042,서행,23.0,2026-10-09 06:05,47,7473.0,1.0,1.0,10.0,0,0,50,60,0,0,50,60,0,0,10,20,0,0,0,10,0,0,20261009,100,150,80,90,30,40,40,50,10,20,10,20,10,20,0,10,20261009,2026-10-09 06:07
연신내역,POI043,서행,21.0,2026-10-09 06:05,5,208.0,,3.0,14.0,0,0,450,500,10,20,400,450,10,20,100,150,10,20,40,50,0,0,20261009,100,150,100,150,40,50,80,90,10,20,20,30,0,10,0,0,20261009,2026-10-09 06:07
오목교역·목동운동장,POI044,원활,30.0,2026-10-09 06:05,14,5304.0,,1.0,33.0,0,0,70,80,10,20,70,80,10,20,40,50,10,20,0,10,0,10,20261009,80,90,100,150,40,50,80,90,10,20,20,30,0,10,10,20,20261009,2026-10-09 06:07
왕십리역,POI045,서행,21.0,2026-10-09 06:05,4,1478.0,,5.0,22.0,0,0,350,400,10,20,300,350,10,20,100,150,10,20,40,50,0,10,20261009,10,20,60,70,0,10,40,50,0,0,10,20,0,0,0,10,20261009,2026-10-09 06:07
용산역,POI046,원활,25.0,2026-10-09 06:05,11,5014.0,97.0,2.0,33.0,0,0,100,150,100,150,100,150,100,150,30,40,70,80,10,20,70,80,20261009,40,50,100,150,20,30,70,80,10,20,20,30,0,10,0,10,20261009,2026-10-09 06:07
이태원역,POI047,정체,14.0,2026-10-09 06:05,4,66.0,,1.0,9.0,0,0,400,450,10,20,400,450,10,20,200,250,10,20,50,60,0,10,20261009,500,550,70,80,100,150,30,40,40,50,10,20,20,30,0,10,20261009,2026-10-09 06:07
장지역,POI048,서행,24.0,2026-10-09 06:05,4,10611.0,,1.0,20.0,0,0,50,60,0,10,50,60,0,10,30,40,0,0,10,20,0,0,20261009,100,150,30,40,20,30,10,20,0,10,0,10,0,0,0,0,20261009,2026-10-09 06:07
장한평역,POI049,원활,26.0,2026-10-09 06:05,15,847.0,,1.0,16.0,0,0,100,150,0,0,100,150,0,0,30,40,0,0,10,20,0,0,20261009,90,100,100,150,70,80,100,150,20,30,40,50,10,20,20,30,20261009,2026-10-09 06:07
천호역,POI050,서행,22.0,2026-10-09 06:05,14,3331.0,,2.0,12.0,0,0,350,400,10,20,300,350,10,20,90,100,0,10,30,40,0,0,20261009,20,30,90,100,10,20,60,70,0,10,50,60,0,0,0,10,20261009,2026-10-09 06:07
총신대입구(이수)역,POI051,서행,20.0,2026-10-09 06:05,7,533.0,,2.0,18.0,0,0,150,200,0,10,150,200,0,10,50,60,0,0,20,30,0,0,20261009,70,80,40,50,40,50,30,40,0,10,10,20,0,0,0,10,20261009,2026-10-09 06:07
충정로역,POI052,원활,31.0,2026-10-09 06:05,5,834.0,,2.0,19.0,0,0,60,70,10,20,60,70,10,20,20,30,10,20,10,20,0,10,20261009,70,80,90,100,30,40,50,60,10,20,10,20,0,10,0,0,20261009,2026-10-09 06:07
합정역,POI053,원활,25.0,2026-10-09 06:05,6,207.0,,2.0,30.0,0,0,350,400,20,30,300,350,20,30,150,200,20,30,60,70,10,20,20261009,100,150,100,150,40,50,60,70,10,20,30,40,0,10,20,30,20261009,2026-10-09 06:07
혜화역,POI054,서행,24.0,2026-10-09 06:05,24,955.0,,1.0,12.0,7,0,80,90,0,0,80,90,0,0,40,50,0,0,10,20,0,0,20261009,100,150,100,150,60,70,60,70,20,30,10,20,10,20,0,10,20261009,2026-10-09 06:07
홍대입구역(2호선),POI055,서행,18.0,2026-10-09 06:05,16,1196.0,,1.0,17.0,0,0,650,700,20,30,550,600,10,20,100,150,10,20,40,50,10,20,20261009,200,250,150,200,80,90,100,150,30,40,20,30,10,20,10,20,20261009,2026-10-09 06:07
회기역,POI056,서행,22.0,2026-10-09 06:05,21,408.0,,1.0,22.0,0,0,250,300,40,50,200,250,30,40,70,80,10,20,40,50,10,20,20261009,150,200,250,300,80,90,150,200,30,40,50,60,20,30,20,30,20261009,2026-10-09 06:07
가락시장,POI058,원활,27.0,2026-10-09 06:05,4,2884.0,,2.0,16.0,0,0,100,150,0,10,100,150,0,10,30,40,0,0,10,20,0,0,20261009,150,200,150,200,50,60,70,80,10,20,30,40,10,20,10,20,20261009,2026-10-09 06:07
가로수길,POI059,원활,28.0,2026-10-09 06:05,51,2767.0,30.0,2.0,14.0,0,0,100,150,0,10,90,100,0,10,30,40,0,10,0,10,0,10,20261009,30,40,80,90,20,30,40,50,10,20,10,20,0,10,0,10,20261009,2026-10-09 06:07
광장(전통)시장,POI060,서행,17.0,2026-10-09 06:05,7,103.0,6.0,1.0,11.0,0,0,0,10,0,0,0,10,0,0,0,0,0,0,0,0,0,0,20261009,30,40,60,70,10,20,30,40,0,0,10,20,0,0,0,10,20261009,2026-10-09 06:07
김포공항,POI061,원활,32.0,2026-10-09 06:05,6,16594.0,,6.0,27.0,0,0,100,150,20,30,100,150,20,30,30,40,20,30,10,20,10,20,20261009,10,20,60,70,0,0,30,40,0,0,0,10,0,0,0,10,20261009,2026-10-09 06:07
노량진,POI063,원활,25.0,2026-10-09 06:05,11,1218.0,,3.0,22.0,1,0,550,600,30,40,400,450,30,40,80,90,10,20,50,60,10,20,20261009,100,150,350,400,70,80,200,250,20,30,70,80,0,10,20,30,20261009,2026-10-09 06:07
덕수궁길·정동길,POI064,서행,24.0,2026-10-09 06:05,10,620.0,,3.0,10.0,0,0,100,150,60,70,100,150,60,70,40,50,10,20,20,30,10,20,20261009,60,70,100,150,20,30,50,60,10,20,10,20,0,10,0,10,20261009,2026-10-09 06:07
북촌한옥마을,POI066,서행,22.0,2026-10-09 06:05,16,1756.0,,1.0,55.0,9,0,20,30,0,10,10,20,0,10,0,10,0,10,0,0,0,10,20261009,50,60,60,70,20,30,40,50,0,10,20,30,0,10,0,10,20261009,2026-10-09 06:07
서촌,POI067,서행,21.0,2026-10-09 06:05,9,308.0,,1.0,32.0,4,0,50,60,0,0,40,50,0,0,0,10,0,0,0,0,0,0,20261009,30,40,50,60,20,30,30,40,0,10,0,10,0,0,0,10,20261009,2026-10-09 06:07
성수카페거리,POI068,서행,21.0,2026-10-09 06:05,28,2824.0,,2.0,35.0,1,0,150,200,20,30,150,200,20,30,40,50,20,30,0,10,20,30,20261009,50,60,70,80,20,30,40,50,0,10,20,30,0,10,10,20,20261009,2026-10-09 06:07
쌍문역,POI070,서행,21.0,2026-10-09 06:05,8,345.0,,1.0,18.0,0,0,300,350,10,20,300,350,10,20,100,150,10,20,40,50,0,10,20261009,150,200,150,200,70,80,100,150,20,30,50,60,0,10,30,40,20261009,2026-10-09 06:07
압구정로데오거리,POI071,서행,23.0,2026-10-09 06:05,55,1976.0,1.0,1.0,16.0,1,0,50,60,0,10,40,50,0,10,10,20,0,0,0,10,0,0,20261009,80,90,90,100,40,50,50,60,20,30,20,30,10,20,10,20,20261009,2026-10-09 06:07
여의도,POI072,원활,29.0,2026-10-09 06:05,116,24820.0,130.0,9.0,63.0,4,0,550,600,30,40,400,450,30,40,100,150,20,30,70,80,20,30,20261009,200,250,450,500,150,200,300,350,50,60,80,90,10,20,40,50,20261009,2026-10-09 06:07
연남동,POI073,서행,22.0,2026-10-09 06:05,45,132.0,,0.0,20.0,0,0,,,,,,,,,,,,,,,,,,80,90,60,70,40,50,30,40,20,30,10,20,10,20,0,10,20261009,2026-10-09 06:07
영등포 타임스퀘어,POI074,서행,21.0,2026-10-09 06:05,10,1195.0,1.0,3.0,24.0,0,0,700,750,30,40,400,450,30,40,100,150,10,20,70,80,10,20,20261009,200,250,300,350,100,150,150,200,30,40,50,60,0,10,20,30,20261009,2026-10-09 06:07
용리단길,POI076,원활,29.0,2026-10-09 06:05,0,,,3.0,7.0,0,0,50,60,0,10,50,60,0,10,30,40,0,0,10,20,0,0,20261009,40,50,100,150,20,30,80,90,0,10,30,40,0,0,0,10,20261009,2026-10-09 06:07
이태원 앤틱가구거리,POI077,서행,22.0,2026-10-09 06:05,4,51.0,,1.0,13.0,0,0,400,450,10,20,400,450,10,20,200,250,10,20,50,60,0,10,20261009,150,200,40,50,60,70,20,30,10,20,10,20,0,10,0,10,20261009,2026-10-09 06:07
인사동,POI078,서행,19.0,2026-10-09 06:05,21,2465.0,1.0,2.0,26.0,7,0,150,200,40,50,100,150,40,50,40,50,10,20,10,20,0,10,20261009,200,250,100,150,60,70,60,70,20,30,20,30,10,20,10,20,20261009,2026-10-09 06:07
창동 신경제 중심지,POI079,서행,22.0,2026-10-09 06:05,46,4927.0,11.0,4.0,55.0,5,0,700,750,90,100,550,600,90,100,150,200,60,70,50,60,20,30,20261009,150,200,150,200,60,70,100,150,30,40,20,30,0,10,10,20,20261009,2026-10-09 06:07
청담동 명품거리,POI080,원활,26.0,2026-10-09 06:05,16,910.0,,1.0,10.0,0,0,50,60,0,10,40,50,0,10,10,20,0,0,0,10,0,0,20261009,20,30,40,50,10,20,30,40,0,10,10,20,0,0,0,10,20261009,2026-10-09 06:07
청량리 제기동 일대 전통시장,POI081,서행,20.0,2026-10-09 06:05,12,2214.0,,2.0,23.0,0,0,350,400,90,100,200,250,90,100,80,90,60,70,20,30,30,40,20261009,350,400,600,650,150,200,300,350,70,80,100,150,30,40,50,60,20261009,2026-10-09 06:07
해방촌·경리단길,POI082,원활,37.0,2026-10-09 06:05,4,273.0,,0.0,26.0,1,0,,,,,,,,,,,,,,,,,,20,30,10,20,10,20,10,20,0,10,0,10,0,10,0,0,20261009,2026-10-09 06:07
DDP(동대문디자인플라자),POI083,서행,20.0,2026-10-09 06:05,9,2596.0,156.0,3.0,11.0,5,0,300,350,10,20,250,300,10,20,80,90,0,10,10,20,0,10,20261009,300,350,60,70,90,100,30,40,30,40,10,20,10,20,0,10,20261009,2026-10-09 06:07
DMC(디지털미디어시티),POI084,원활,26.0,2026-10-09 06:05,25,9176.0,,4.0,68.0,0,0,200,250,10,20,150,200,10,20,60,70,10,20,20,30,0,10,20261009,60,70,70,80,30,40,40,50,20,30,30,40,0,10,10,20,20261009,2026-10-09 06:07
강서한강공원,POI085,원활,56.0,2026-10-09 06:05,2,106.0,10.0,0.0,1.0,0,0,,,,,,,,,,,,,,,,,,0,0,0,0,0,0,0,0,0,0,0,0,0,0,0,0,20261009,2026-10-09 06:07
고척돔,POI086,원활,28.0,2026-10-09 06:05,0,,,1.0,3.0,4,0,90,100,20,30,80,90,10,20,20,30,10,20,10,20,0,10,20261009,50,60,30,40,20,30,10,20,0,10,0,10,0,10,0,0,20261009,2026-10-09 06:07
광나루한강공원,POI087,원활,64.0,2026-10-09 06:05,4,718.0,101.0,0.0,0.0,0,0,,,,,,,,,,,,,,,,,,,,,,,,,,,,,,,,,,,2026-10-09 06:07
광화문광장,POI088,원활,25.0,2026-10-09 06:05,3,2932.0,118.0,2.0,12.0,5,0,80,90,0,10,70,80,0,0,20,30,0,0,0,10,0,0,20261009,40,50,70,80,30,40,50,60,0,10,20,30,0,10,0,0,20261009,2026-10-09 06:07
국립중앙박물관·용산가족공원,POI089,원활,38.0,2026-10-09 06:05,4,931.0,,3.0,3.0,3,0,50,60,0,10,40,50,0,10,10,20,0,10,0,10,0,0,20261009,0,0,0,10,0,0,0,10,0,0,0,10,0,0,0,10,20261009,2026-10-09 06:07
난지한강공원,POI090,원활,58.0,2026-10-09 06:05,4,1240.0,0.0,0.0,7.0,0,0,,,,,,,,,,,,,,,,,,0,0,0,0,0,0,0,0,0,0,0,0,0,0,0,0,20261009,2026-10-09 06:07
남산공원,POI091,원활,35.0,2026-10-09 06:05,33,2148.0,22.0,5.0,37.0,6,0,150,200,10,20,150,200,10,20,40,50,0,10,10,20,0,0,20261009,30,40,40,50,20,30,20,30,0,10,0,10,0,0,0,10,20261009,2026-10-09 06:07
노들섬,POI092,원활,45.0,2026-10-09 06:05,1,99.0,,0.0,4.0,4,0,,,,,,,,,,,,,,,,,,10,20,20,30,10,20,10,20,0,10,0,10,0,0,0,0,20261009,2026-10-09 06:07
뚝섬한강공원,POI093,원활,57.0,2026-10-09 06:05,8,1342.0,218.0,1.0,1.0,1,0,90,100,0,0,90,100,0,0,40,50,0,0,0,10,0,0,20261009,0,0,0,0,0,0,0,0,0,0,0,0,0,0,0,0,20261009,2026-10-09 06:07
망원한강공원,POI094,원활,39.0,2026-10-09 06:05,2,458.0,0.0,2.0,10.0,0,0,350,400,20,30,300,350,20,30,150,200,20,30,60,70,10,20,20261009,100,150,80,90,30,40,50,60,10,20,30,40,0,10,20,30,20261009,2026-10-09 06:07
반포한강공원,POI095,원활,50.0,2026-10-09 06:05,9,1483.0,9.0,0.0,6.0,0,0,,,,,,,,,,,,,,,,,,0,0,0,0,0,0,0,0,0,0,0,0,0,0,0,0,20261009,2026-10-09 06:07
북서울꿈의숲,POI096,원활,27.0,2026-10-09 06:05,3,549.0,,0.0,17.0,1,0,,,,,,,,,,,,,,,,,,40,50,0,10,20,30,0,10,10,20,0,0,0,10,0,0,20261009,2026-10-09 06:07
서리풀공원·몽마르뜨공원,POI098,원활,30.0,2026-10-09 06:05,0,,,4.0,7.0,0,0,250,300,40,50,200,250,40,50,90,100,40,50,20,30,10,20,20261009,100,150,200,250,70,80,150,200,20,30,70,80,0,10,30,40,20261009,2026-10-09 06:07
서울대공원,POI100,원활,34.0,2026-10-09 06:05,0,,,1.0,0.0,0,0,0,0,0,0,0,0,0,0,0,0,0,0,0,0,0,0,20261009,,,,,,,,,,,,,,,,,,2026-10-09 06:07
서울숲공원,POI101,원활,43.0,2026-10-09 06:05,2,996.0,,1.0,9.0,2,0,40,50,0,10,30,40,0,10,10,20,0,0,0,10,0,0,20261009,0,10,20,30,0,0,10,20,0,0,0,10,0,0,0,10,20261009,2026-10-09 06:07
아차산,POI102,원활,35.0,2026-10-09 06:05,0,,,0.0,3.0,0,0,,,,,,,,,,,,,,,,,,0,0,0,0,0,0,0,0,0,0,0,0,0,0,0,0,20261009,2026-10-09 06:07
양화한강공원,POI103,원활,44.0,2026-10-09 06:05,6,1002.0,29.0,0.0,5.0,0,0,,,,,,,,,,,,,,,,,,0,0,0,0,0,0,0,0,0,0,0,0,0,0,0,0,20261009,2026-10-09 06:07
어린이대공원,POI104,원활,26.0,2026-10-09 06:05,4,945.0,,2.0,9.0,4,0,200,250,10,20,150,200,10,20,90,100,10,20,20,30,0,10,20261009,10,20,30,40,0,10,10,20,0,10,0,10,0,0,0,0,20261009,2026-10-09 06:07
여의도한강공원,POI105,원활,43.0,2026-10-09 06:05,6,2866.0,51.0,1.0,3.0,0,0,10,20,0,0,10,20,0,0,0,10,0,0,0,10,0,0,20261009,0,10,10,20,0,10,0,10,0,0,0,10,0,0,0,0,20261009,2026-10-09 06:07
월드컵공원,POI106,원활,37.0,2026-10-09 06:05,9,3537.0,,4.0,34.0,0,0,200,250,30,40,150,200,30,40,60,70,20,30,20,30,10,20,20261009,20,30,20,30,10,20,10,20,0,10,10,20,0,10,0,10,20261009,2026-10-09 06:07
응봉산,POI107,원활,28.0,2026-10-09 06:05,3,88.0,,1.0,24.0,0,0,20,30,0,0,10,20,0,0,0,10,0,0,0,10,0,0,20261009,20,30,10,20,10,20,0,10,0,10,0,10,0,10,0,10,20261009,2026-10-09 06:07
이촌한강공원,POI108,원활,45.0,2026-10-09 06:05,2,514.0,0.0,0.0,4.0,1,0,,,,,,,,,,,,,,,,,,0,0,0,0,0,0,0,0,0,0,0,0,0,0,0,0,20261009,2026-10-09 06:07
잠실종합운동장,POI109,원활,28.0,2026-10-09 06:05,1,876.0,,2.0,4.0,0,0,40,50,0,10,40,50,0,10,10,20,0,0,0,10,0,0,20261009,20,30,40,50,0,10,10,20,0,10,0,10,0,10,0,0,20261009,2026-10-09 06:07
잠실한강공원,POI110,원활,47.0,2026-10-09 06:05,4,1326.0,74.0,1.0,9.0,0,0,50,60,10,20,50,60,10,20,10,20,10,20,0,0,10,20,20261009,0,10,10,20,0,0,0,10,0,0,0,10,0,0,0,0,20261009,2026-10-09 06:07
잠원한강공원,POI111,원활,57.0,2026-10-09 06:05,3,1540.0,0.0,0.0,5.0,0,0,,,,,,,,,,,,,,,,,,10,20,10,20,0,10,0,10,0,0,0,0,0,0,0,0,20261009,2026-10-09 06:07
청계산,POI112,원활,52.0,2026-10-09 06:05,0,,,0.0,9.0,0,0,,,,,,,,,,,,,,,,,,0,0,0,0,0,0,0,0,0,0,0,0,0,0,0,0,20261009,2026-10-09 06:07
북창동 먹자골목,POI114,서행,19.0,2026-10-09 06:05,20,552.0,0.0,0.0,11.0,0,0,,,,,,,,,,,,,,,,,,60,70,90,100,30,40,50,60,10,20,10,20,10,20,0,0,20261009,2026-10-09 06:07
남대문시장,POI115,서행,23.0,2026-10-09 06:05,16,1456.0,4.0,1.0,7.0,0,0,,,,,,,,,,,,,,,,,,30,40,70,80,20,30,30,40,0,10,0,10,0,10,0,10,20261009,2026-10-09 06:07
익선동,POI116,서행,17.0,2026-10-09 06:05,10,187.0,1.0,3.0,11.0,1,0,200,250,60,70,150,200,50,60,40,50,20,30,10,20,0,10,20261009,150,200,80,90,70,80,40,50,10,20,0,10,0,10,0,10,20261009,2026-10-09 06:07
신정네거리역,POI117,서행,23.0,2026-10-09 06:05,3,119.0,,1.0,9.0,0,0,,,,,,,,,,,,,,,,,,,,,,,,,,,,,,,,,,,2026-10-09 06:07
잠실새내역,POI118,서행,24.0,2026-10-09 06:05,31,1541.0,,1.0,18.0,0,0,20,30,0,0,20,30,0,0,20,30,0,0,0,10,0,0,20261009,70,80,80,90,40,50,40,50,10,20,20,30,0,10,10,20,20261009,2026-10-09 06:07
잠실역,POI119,서행,24.0,2026-10-09 06:05,5,6749.0,61.0,2.0,21.0,0,0,,,,,,,,,,,,,,,,,,100,150,200,250,60,70,150,200,10,20,40,50,10,20,10,20,20261009,2026-10-09 06:07
잠실롯데타워·석촌호수,POI120,서행,24.0,2026-10-09 06:05,33,9281.0,61.0,3.0,0.0,3,0,,,,,,,,,,,,,,,,,,,,,,,,,,,,,,,,,,,2026-10-09 06:07
송리단길·호수단길,POI121,서행,24.0,2026-10-09 06:05,21,878.0,,1.0,15.0,0,0,40,50,0,10,40,50,0,10,20,30,0,10,0,10,0,10,20261009,90,100,90,100,50,60,40,50,10,20,10,20,0,10,10,20,20261009,2026-10-09 06:07
신촌 스타광장,POI122,서행,20.0,2026-10-09 06:05,4,235.0,,1.0,4.0,0,0,,,,,,,,,,,,,,,,,,90,100,70,80,40,50,50,60,10,20,10,20,0,10,0,10,20261009,2026-10-09 06:07
보라매공원,POI123,서행,21.0,2026-10-09 06:05,1,78.0,,2.0,5.0,0,0,0,10,0,0,0,10,0,0,0,10,0,0,0,0,0,0,20261009,0,0,0,0,0,0,0,0,0,0,0,0,0,0,0,0,20261009,2026-10-09 06:07
서대문독립공원,POI124,원활,26.0,2026-10-09 06:05,2,150.0,,1.0,18.0,0,0,0,10,0,0,0,10,0,0,0,10,0,0,0,0,0,0,20261009,50,60,90,100,30,40,50,60,10,20,10,20,0,10,0,10,20261009,2026-10-09 06:07
안양천,POI125,원활,46.0,2026-10-09 06:05,1,294.0,,0.0,1.0,0,0,,,,,,,,,,,,,,,,,,0,0,0,0,0,0,0,0,0,0,0,0,0,0,0,0,20261009,2026-10-09 06:07
여의서로,POI126,원활,37.0,2026-10-09 06:05,2,168.0,38.0,0.0,0.0,0,0,,,,,,,,,,,,,,,,,,,,,,,,,,,,,,,,,,,2026-10-09 06:07
올림픽공원,POI127,원활,27.0,2026-10-09 06:05,4,2716.0,,4.0,17.0,8,0,,,,,,,,,,,,,,,,,,10,20,30,40,0,10,20,30,0,0,10,20,0,0,0,10,20261009,2026-10-09 06:07
홍제폭포,POI128,원활,38.0,2026-10-09 06:05,0,,,0.0,0.0,0,0,,,,,,,,,,,,,,,,,,,,,,,,,,,,,,,,,,,2026-10-09 06:07
송현녹지광장,POI129,서행,22.0,2026-10-09 06:05,4,1546.0,,1.0,25.0,8,0,20,30,0,10,10,20,0,10,0,10,0,10,0,0,0,10,20261009,50,60,70,80,20,30,40,50,0,10,20,30,0,10,0,10,20261009,2026-10-09 06:07
시의회 앞,POI130,원활,25.0,2026-10-09 06:05,9,1723.0,,3.0,25.0,6,0,90,100,50,60,80,90,50,60,50,60,0,10,10,20,0,10,20261009,90,100,150,200,50,60,90,100,20,30,30,40,0,10,0,10,20261009,2026-10-09 06:07
강남 MICE 관광특구,POI001,서행,20.0,2026-10-09 07:05,3,4428.0,,2.0,6.0,1,0,350,400,1400,1500,100,150,850,900,50,60,250,300,20,30,100,150,20261009,50,60,100,150,10,20,30,40,0,10,10,20,0,10,0,0,20261009,2026-10-09 07:07
동대문 관광특구,POI002,서행,20.0,2026-10-09 07:05,47,8302.0,140.0,7.0,32.0,7,0,2300,2400,1400,1500,550,600,850,900,150,200,300,350,100,150,200,250,20261009,900,950,300,350,100,150,90,100,20,30,30,40,0,10,10,20,20261009,2026-10-09 07:07
명동 관광특구,POI003,서행,19.0,2026-10-09 07:05,93,12070.0,7.0,7.0,54.0,7,1,800,850,3400,3500,300,350,1900,2000,90,100,650,700,60,70,450,500,20261009,500,550,1100,1200,100,150,300,350,30,40,100,150,10,20,40,50,20261009,2026-10-09 07:07
이태원 관광특구,POI004,서행,20.0,2026-10-09 07:05,8,853.0,,3.0,17.0,0,0,1100,1200,1100,1200,250,300,700,750,80,90,150,200,40,50,150,200,20261009,800,850,300,350,80,90,100,150,30,40,20,30,0,10,0,10,20261009,2026-10-09 07:07
잠실 관광특구,POI005,서행,24.0,2026-10-09 07:05,37,11997.0,67.0,6.0,50.0,11,0,1600,1700,1900,2000,750,800,1300,1400,200,250,450,500,150,200,250,300,20261009,300,350,600,650,100,150,250,300,40,50,80,90,10,20,40,50,20261009,2026-10-09 07:07
종로·청계 관광특구,POI006,서행,20.0,2026-10-09 07:05,48,2496.0,41.0,10.0,62.0,0,0,2500,2600,3000,3100,650,700,1700,1800,250,300,550,600,150,200,400,450,20261009,1400,1500,1000,1100,250,300,250,300,90,100,100,150,30,40,40,50,20261009,2026-10-09 07:07
홍대 관광특구,POI007,서행,17.0,2026-10-09 07:05,51,3098.0,,8.0,70.0,0,0,3500,3600,1200,1300,950,1000,750,800,250,300,250,300,150,200,150,200,20261009,900,950,550,600,200,250,150,200,80,90,60,70,30,40,20,30,20261009,2026-10-09 07:07
경복궁,POI008,서행,22.0,2026-10-09 07:05,2,267.0,,1.0,11.0,4,0,150,200,200,250,50,60,100,150,10,20,30,40,10,20,10,20,20261009,0,0,0,0,0,0,0,0,0,0,0,0,0,0,0,0,20261009,2026-10-09 07:07
광화문·덕수궁,POI009,서행,20.0,2026-10-09 07:05,29,7988.0,162.0,4.0,41.0,13,1,450,500,2100,2200,150,200,1100,1200,50,60,300,350,40,50,150,200,20261009,300,350,650,700,100,150,200,250,40,50,60,70,20,30,20,30,20261009,2026-10-09 07:07
보신각,POI010,서행,17.0,2026-10-09 07:05,14,2572.0,7.0,1.0,14.0,1,0,250,300,450,500,50,60,300,350,10,20,90,100,10,20,80,90,20261009,250,300,250,300,50,60,80,90,10,20,30,40,0,10,10,20,20261009,2026-10-09 07:07
서울 암사동 유적,POI011,서행,22.0,2026-10-09 07:05,1,108.0,,0.0,3.0,0,0,,,,,,,,,,,,,,,,,,0,0,0,0,0,0,0,0,0,0,0,0,0,0,0,0,20261009,2026-10-09 07:07
창덕궁·종묘,POI012,서행,22.0,2026-10-09 07:05,16,3155.0,282.0,4.0,19.0,2,0,650,700,1100,1200,200,250,700,750,100,150,200,250,60,70,150,200,20261009,70,80,150,200,10,20,50,60,10,20,20,30,10,20,10,20,20261009,2026-10-09 07:07
가산디지털단지역,POI013,서행,22.0,2026-10-09 07:05,20,8291.0,,2.0,71.0,0,0,800,850,350,400,150,200,150,200,60,70,80,90,40,50,40,50,20261009,200,250,300,350,70,80,100,150,20,30,50,60,10,20,20,30,20261009,2026-10-09 07:07
강남역,POI014,서행,20.0,2026-10-09 07:05,95,7876.0,,4.0,55.0,0,0,1100,1200,1200,1300,450,500,700,750,100,150,250,300,80,90,100,150,20261009,700,750,550,600,200,250,150,200,60,70,40,50,20,30,10,20,20261009,2026-10-09 07:07
건대입구역,POI015,서행,22.0,2026-10-09 07:05,23,6603.0,,2.0,11.0,3,0,1100,1200,600,650,300,350,300,350,90,100,70,80,50,60,30,40,20261009,200,250,150,200,80,90,60,70,20,30,10,20,0,0,0,10,20261009,2026-10-09 07:07
고덕역,POI016,서행,22.0,2026-10-09 07:05,15,1615.0,,1.0,5.0,0,0,150,200,150,200,50,60,60,70,10,20,30,40,10,20,30,40,20261009,30,40,20,30,0,10,0,0,0,0,0,0,0,0,0,0,20261009,2026-10-09 07:07
고속터미널역,POI017,원활,30.0,2026-10-09 07:05,3,4291.0,,3.0,10.0,0,0,550,600,2100,2200,150,200,1300,1400,50,60,400,450,30,40,300,350,20261009,350,400,750,800,100,150,200,250,30,40,80,90,20,30,20,30,20261009,2026-10-09 07:07
교대역,POI018,서행,20.0,2026-10-09 07:05,14,760.0,,2.0,13.0,0,0,350,400,800,850,150,200,600,650,70,80,300,350,50,60,150,200,20261009,100,150,70,80,40,50,30,40,10,20,10,20,0,0,0,10,20261009,2026-10-09 07:07
구로디지털단지역,POI019,서행,22.0,2026-10-09 07:05,20,6911.0,,1.0,29.0,0,0,1900,2000,450,500,450,500,300,350,100,150,70,80,90,100,30,40,20261009,150,200,100,150,50,60,30,40,20,30,10,20,10,20,0,10,20261009,2026-10-09 07:07
구로역,POI020,원활,32.0,2026-10-09 07:05,3,1047.0,,1.0,5.0,0,0,1300,1400,250,300,150,200,100,150,40,50,60,70,20,30,30,40,20261009,50,60,250,300,0,10,10,20,0,0,0,0,0,0,0,0,20261009,2026-10-09 07:07
군자역,POI021,서행,20.0,2026-10-09 07:05,11,573.0,,2.0,16.0,0,0,900,950,250,300,250,300,150,200,90,100,40,50,60,70,20,30,20261009,200,250,200,250,50,60,60,70,20,30,10,20,0,10,0,10,20261009,2026-10-09 07:07
대림역,POI023,서행,20.0,2026-10-09 07:05,4,221.0,,2.0,29.0,0,0,2100,2200,350,400,400,450,200,250,100,150,40,50,70,80,30,40,20261009,350,400,300,350,70,80,90,100,20,30,20,30,10,20,10,20,20261009,2026-10-09 07:07
동대문역,POI024,서행,20.0,2026-10-09 07:05,17,892.0,0.0,2.0,7.0,0,0,1000,1100,550,600,200,250,300,350,70,80,100,150,40,50,80,90,20261009,350,400,250,300,60,70,70,80,10,20,20,30,0,10,0,10,20261009,2026-10-09 07:07
뚝섬역,POI025,원활,28.0,2026-10-09 07:05,9,767.0,,1.0,4.0,1,0,200,250,200,250,80,90,150,200,20,30,60,70,10,20,30,40,20261009,20,30,40,50,0,0,10,20,0,0,0,0,0,0,0,0,20261009,2026-10-09 07:07
미아사거리역,POI026,서행,19.0,2026-10-09 07:05,11,1409.0,,1.0,29.0,0,0,800,850,250,300,250,300,100,150,70,80,50,60,40,50,10,20,20261009,750,800,700,750,200,250,200,250,70,80,70,80,20,30,20,30,20261009,2026-10-09 07:07
발산역,POI027,서행,19.0,2026-10-09 07:05,13,2880.0,,1.0,37.0,0,0,200,250,250,300,80,90,100,150,20,30,50,60,10,20,50,60,20261009,150,200,200,250,30,40,80,90,10,20,30,40,0,10,20,30,20261009,2026-10-09 07:07
사당역,POI029,서행,22.0,2026-10-09 07:05,13,520.0,,2.0,17.0,1,0,1300,1400,1400,1500,450,500,1000,1100,150,200,300,350,90,100,150,200,20261009,150,200,250,300,70,80,100,150,20,30,40,50,0,10,10,20,20261009,2026-10-09 07:07
삼각지역,POI030,원활,29.0,2026-10-09 07:05,0,,,2.0,7.0,0,0,150,200,150,200,60,70,100,150,10,20,30,40,10,20,10,20,20261009,250,300,250,300,70,80,70,80,20,30,10,20,0,10,0,10,20261009,2026-10-09 07:07
서울대입구역,POI031,서행,21.0,2026-10-09 07:05,2,52.0,,1.0,15.0,0,0,1300,1400,350,400,350,400,150,200,100,150,90,100,70,80,40,50,20261009,500,550,650,700,150,200,150,200,50,60,50,60,20,30,30,40,20261009,2026-10-09 07:07
서울식물원·마곡나루역,POI032,서행,19.0,2026-10-09 07:05,2,2651.0,,2.0,15.0,3,0,350,400,200,250,100,150,150,200,40,50,50,60,20,30,30,40,20261009,10,20,70,80,0,10,20,30,0,0,10,20,0,0,0,10,20261009,2026-10-09 07:07
서울역,POI033,서행,20.0,2026-10-09 07:05,23,3968.0,0.0,8.0,34.0,1,0,1800,1900,5200,5300,700,750,3300,3400,150,200,850,900,100,150,500,550,20261009,550,600,1900,2000,100,150,500,550,40,50,150,200,10,20,90,100,20261009,2026-10-09 07:07
선릉역,POI034,서행,21.0,2026-10-09 07:05,94,11160.0,26.0,4.0,20.0,0,0,650,700,1200,1300,250,300,700,750,100,150,150,200,50,60,100,150,20261009,300,350,250,300,80,90,80,90,30,40,30,40,10,20,20,30,20261009,2026-10-09 07:07
성신여대입구역,POI035,서행,19.0,2026-10-09 07:05,2,38.0,,2.0,9.0,1,0,500,550,150,200,200,250,100,150,70,80,30,40,40,50,20,30,20261009,300,350,350,400,80,90,100,150,30,40,50,60,10,20,20,30,20261009,2026-10-09 07:07
수유역,POI036,서행,20.0,2026-10-09 07:05,8,802.0,,1.0,32.0,0,0,1300,1400,300,350,400,450,150,200,100,150,60,70,100,150,60,70,20261009,950,1000,1000,1100,200,250,250,300,70,80,100,150,30,40,50,60,20261009,2026-10-09 07:07
신논현역·논현역,POI037,서행,22.0,2026-10-09 07:05,32,1053.0,,3.0,13.0,0,0,550,600,500,550,200,250,350,400,40,50,100,150,30,40,70,80,20261009,300,350,250,300,100,150,70,80,30,40,20,30,10,20,10,20,20261009,2026-10-09 07:07
신도림역,POI038,원활,35.0,2026-10-09 07:05,1,1644.0,,2.0,2.0,0,0,1900,2000,800,850,400,450,400,450,100,150,100,150,60,70,100,150,20261009,100,150,400,450,20,30,70,80,0,10,20,30,0,0,0,0,20261009,2026-10-09 07:07
신림역,POI039,서행,17.0,2026-10-09 07:05,2,282.0,,2.0,15.0,0,0,2100,2200,550,600,750,800,300,350,250,300,100,150,150,200,100,150,20261009,800,850,1100,1200,250,300,400,450,80,90,100,150,40,50,70,80,20261009,2026-10-09 07:07
신촌·이대역,POI040,서행,17.0,2026-10-09 07:05,25,1943.0,68.0,4.0,41.0,0,0,750,800,400,450,250,300,200,250,70,80,70,80,50,60,50,60,20261009,600,650,600,650,150,200,100,150,60,70,40,50,40,50,20,30,20261009,2026-10-09 07:07
양재역,POI041,서행,22.0,2026-10-09 07:05,16,1881.0,,2.0,27.0,0,0,400,450,950,1000,150,200,750,800,50,60,300,350,30,40,200,250,20261009,300,350,350,400,200,250,150,200,50,60,30,40,10,20,20,30,20261009,2026-10-09 07:07
역삼역,POI042,서행,21.0,2026-10-09 07:05,47,7473.0,1.0,1.0,10.0,0,0,250,300,450,500,100,150,250,300,30,40,100,150,20,30,100,150,20261009,200,250,200,250,60,70,60,70,20,30,20,30,0,0,0,10,20261009,2026-10-09 07:07
연신내역,POI043,서행,18.0,2026-10-09 07:05,5,208.0,,3.0,14.0,0,0,1600,1700,600,650,500,550,350,400,150,200,70,80,80,90,30,40,20261009,250,300,300,350,100,150,100,150,30,40,30,40,10,20,20,30,20261009,2026-10-09 07:07
오목교역·목동운동장,POI044,원활,29.0,2026-10-09 07:05,14,5304.0,,1.0,33.0,0,0,250,300,200,250,100,150,100,150,30,40,30,40,10,20,20,30,20261009,250,300,350,400,80,90,100,150,20,30,40,50,10,20,20,30,20261009,2026-10-09 07:07
왕십리역,POI045,서행,21.0,2026-10-09 07:05,4,1478.0,,5.0,22.0,0,0,950,1000,550,600,300,350,300,350,100,150,90,100,70,80,50,60,20261009,60,70,150,200,20,30,40,50,0,10,10,20,0,0,0,10,20261009,2026-10-09 07:07
용산역,POI046,원활,26.0,2026-10-09 07:05,11,5014.0,96.0,2.0,33.0,0,0,400,450,1700,1800,100,150,1000,1100,30,40,300,350,10,20,250,300,20261009,150,200,300,350,100,150,80,90,40,50,30,40,10,20,10,20,20261009,2026-10-09 07:07
이태원역,POI047,정체,14.0,2026-10-09 07:05,4,66.0,,1.0,9.0,0,0,1000,1100,750,800,250,300,450,500,70,80,100,150,30,40,100,150,20261009,650,700,100,150,60,70,20,30,20,30,10,20,0,0,0,0,20261009,2026-10-09 07:07
장지역,POI048,서행,22.0,2026-10-09 07:05,4,10611.0,,1.0,20.0,0,0,350,400,150,200,200,250,80,90,70,80,0,10,50,60,0,10,20261009,200,250,100,150,50,60,50,60,20,30,10,20,10,20,0,10,20261009,2026-10-09 07:07
장한평역,POI049,원활,25.0,2026-10-09 07:05,15,847.0,,1.0,16.0,0,0,400,450,250,300,100,150,150,200,40,50,70,80,20,30,20,30,20261009,300,350,400,450,100,150,100,150,30,40,50,60,10,20,0,10,20261009,2026-10-09 07:07
천호역,POI050,서행,20.0,2026-10-09 07:05,14,3331.0,,2.0,12.0,0,0,900,950,500,550,250,300,300,350,80,90,80,90,40,50,70,80,20261009,60,70,200,250,30,40,50,60,10,20,20,30,0,10,0,10,20261009,2026-10-09 07:07
총신대입구(이수)역,POI051,서행,20.0,2026-10-09 07:05,7,533.0,,2.0,18.0,0,0,700,750,550,600,250,300,300,350,70,80,80,90,40,50,40,50,20261009,200,250,150,200,80,90,50,60,20,30,10,20,10,20,0,10,20261009,2026-10-09 07:07
충정로역,POI052,원활,25.0,2026-10-09 07:05,5,834.0,,2.0,19.0,0,0,200,250,250,300,70,80,100,150,20,30,30,40,10,20,20,30,20261009,150,200,150,200,50,60,40,50,20,30,10,20,0,10,0,0,20261009,2026-10-09 07:07
합정역,POI053,서행,24.0,2026-10-09 07:05,6,207.0,,2.0,30.0,0,0,900,950,450,500,200,250,250,300,60,70,80,90,40,50,50,60,20261009,250,300,200,250,60,70,60,70,10,20,20,30,10,20,10,20,20261009,2026-10-09 07:07
혜화역,POI054,서행,22.0,2026-10-09 07:05,24,955.0,,1.0,12.0,7,0,250,300,350,400,70,80,250,300,10,20,70,80,10,20,30,40,20261009,250,300,200,250,70,80,70,80,30,40,20,30,10,20,10,20,20261009,2026-10-09 07:07
홍대입구역(2호선),POI055,서행,19.0,2026-10-09 07:05,16,1196.0,,1.0,17.0,0,0,1400,1500,450,500,400,450,250,300,100,150,90,100,80,90,70,80,20261009,450,500,350,400,100,150,100,150,40,50,40,50,10,20,20,30,20261009,2026-10-09 07:07
회기역,POI056,서행,21.0,2026-10-09 07:05,21,408.0,,1.0,22.0,0,0,750,800,250,300,200,250,150,200,70,80,60,70,20,30,30,40,20261009,450,500,550,600,150,200,150,200,40,50,40,50,30,40,20,30,20261009,2026-10-09 07:07
가락시장,POI058,원활,26.0,2026-10-09 07:05,4,2884.0,,2.0,16.0,0,0,450,500,350,400,150,200,200,250,50,60,70,80,30,40,40,50,20261009,350,400,300,350,100,150,90,100,40,50,30,40,0,10,10,20,20261009,2026-10-09 07:07
가로수길,POI059,원활,30.0,2026-10-09 07:05,51,2767.0,33.0,2.0,14.0,0,0,400,450,700,750,150,200,450,500,50,60,150,200,30,40,90,100,20261009,100,150,200,250,40,50,60,70,20,30,20,30,0,10,10,20,20261009,2026-10-09 07:07
광장(전통)시장,POI060,서행,20.0,2026-10-09 07:05,7,103.0,7.0,1.0,11.0,0,0,100,150,450,500,40,50,300,350,10,20,100,150,0,10,70,80,20261009,50,60,150,200,10,20,60,70,0,10,30,40,0,0,20,30,20261009,2026-10-09 07:07
김포공항,POI061,원활,29.0,2026-10-09 07:05,6,16594.0,,6.0,27.0,0,0,350,400,900,950,100,150,450,500,40,50,150,200,10,20,90,100,20261009,30,40,150,200,10,20,60,70,0,10,20,30,0,10,0,0,20261009,2026-10-09 07:07
노량진,POI063,원활,25.0,2026-10-09 07:05,11,1218.0,,3.0,22.0,1,0,1500,1600,650,700,400,450,300,350,100,150,100,150,80,90,70,80,20261009,400,450,950,1000,150,200,300,350,60,70,90,100,10,20,40,50,20261009,2026-10-09 07:07
덕수궁길·정동길,POI064,서행,20.0,2026-10-09 07:05,10,620.0,,3.0,10.0,0,0,350,400,1500,1600,100,150,800,850,30,40,250,300,20,30,100,150,20261009,100,150,250,300,40,50,90,100,10,20,20,30,0,0,10,20,20261009,2026-10-09 07:07
북촌한옥마을,POI066,서행,22.0,2026-10-09 07:05,16,1756.0,,1.0,55.0,9,0,90,100,250,300,30,40,150,200,10,20,50,60,10,20,10,20,20261009,150,200,200,250,60,70,100,150,20,30,50,60,10,20,20,30,20261009,2026-10-09 07:07
서촌,POI067,서행,19.0,2026-10-09 07:05,9,308.0,,1.0,32.0,4,0,150,200,200,250,50,60,100,150,10,20,30,40,10,20,10,20,20261009,100,150,150,200,60,70,80,90,20,30,40,50,10,20,30,40,20261009,2026-10-09 07:07
성수카페거리,POI068,서행,19.0,2026-10-09 07:05,28,2824.0,,2.0,35.0,1,0,500,550,1200,1300,200,250,800,850,60,70,150,200,40,50,100,150,20261009,150,200,250,300,70,80,100,150,0,10,30,40,0,10,0,10,20261009,2026-10-09 07:07
쌍문역,POI070,서행,24.0,2026-10-09 07:05,8,345.0,,1.0,18.0,0,0,1200,1300,200,250,400,450,150,200,100,150,60,70,100,150,50,60,20261009,350,400,550,600,100,150,200,250,40,50,70,80,20,30,40,50,20261009,2026-10-09 07:07
압구정로데오거리,POI071,서행,21.0,2026-10-09 07:05,55,1976.0,1.0,1.0,16.0,1,0,100,150,200,250,50,60,150,200,10,20,30,40,10,20,0,0,20261009,200,250,350,400,60,70,150,200,10,20,60,70,0,0,30,40,20261009,2026-10-09 07:07
여의도,POI072,원활,26.0,2026-10-09 07:05,116,24820.0,162.0,9.0,63.0,4,0,1400,1500,1300,1400,400,450,700,750,100,150,200,250,80,90,100,150,20261009,600,650,1200,1300,150,200,350,400,40,50,100,150,20,30,40,50,20261009,2026-10-09 07:07
연남동,POI073,서행,20.0,2026-10-09 07:05,45,132.0,,0.0,20.0,0,0,,,,,,,,,,,,,,,,,,150,200,100,150,60,70,50,60,20,30,20,30,10,20,10,20,20261009,2026-10-09 07:07
영등포 타임스퀘어,POI074,서행,21.0,2026-10-09 07:05,10,1195.0,7.0,3.0,24.0,0,0,1400,1500,1200,1300,300,350,500,550,100,150,150,200,50,60,100,150,20261009,400,450,750,800,90,100,150,200,30,40,60,70,10,20,20,30,20261009,2026-10-09 07:07
용리단길,POI076,원활,26.0,2026-10-09 07:05,0,,,3.0,7.0,0,0,250,300,400,450,90,100,250,300,20,30,60,70,10,20,40,50,20261009,80,90,250,300,20,30,80,90,10,20,30,40,0,0,0,10,20261009,2026-10-09 07:07
이태원 앤틱가구거리,POI077,서행,19.0,2026-10-09 07:05,4,51.0,,1.0,13.0,0,0,1000,1100,750,800,250,300,450,500,70,80,100,150,30,40,100,150,20261009,200,250,150,200,30,40,100,150,10,20,20,30,0,0,0,10,20261009,2026-10-09 07:07
인사동,POI078,서행,18.0,2026-10-09 07:05,21,2465.0,1.0,2.0,26.0,7,0,350,400,700,750,80,90,450,500,30,40,100,150,20,30,90,100,20261009,400,450,250,300,90,100,80,90,30,40,30,40,10,20,10,20,20261009,2026-10-09 07:07
창동 신경제 중심지,POI079,서행,21.0,2026-10-09 07:05,46,4927.0,15.0,4.0,55.0,5,0,1900,2000,750,800,550,600,350,400,150,200,100,150,100,150,40,50,20261009,400,450,500,550,100,150,150,200,30,40,60,70,0,10,20,30,20261009,2026-10-09 07:07
청담동 명품거리,POI080,서행,22.0,2026-10-09 07:05,16,910.0,,1.0,10.0,0,0,100,150,200,250,50,60,150,200,10,20,30,40,10,20,0,0,20261009,60,70,150,200,20,30,70,80,0,10,30,40,0,0,10,20,20261009,2026-10-09 07:07
청량리 제기동 일대 전통시장,POI081,서행,21.0,2026-10-09 07:05,12,2214.0,,2.0,23.0,0,0,950,1000,650,700,250,300,350,400,80,90,100,150,50,60,70,80,20261009,800,850,1300,1400,200,250,350,400,50,60,90,100,10,20,50,60,20261009,2026-10-09 07:07
해방촌·경리단길,POI082,원활,33.0,2026-10-09 07:05,4,273.0,,0.0,26.0,1,0,,,,,,,,,,,,,,,,,,100,150,40,50,60,70,20,30,10,20,0,10,0,10,0,0,20261009,2026-10-09 07:07
DDP(동대문디자인플라자),POI083,서행,22.0,2026-10-09 07:05,9,2596.0,132.0,3.0,11.0,5,0,600,650,500,550,100,150,300,350,40,50,90,100,30,40,70,80,20261009,350,400,100,150,10,20,10,20,0,10,10,20,0,10,0,10,20261009,2026-10-09 07:07
DMC(디지털미디어시티),POI084,서행,21.0,2026-10-09 07:05,25,9176.0,,4.0,68.0,0,0,650,700,450,500,200,250,250,300,60,70,60,70,30,40,30,40,20261009,150,200,200,250,80,90,80,90,30,40,40,50,10,20,20,30,20261009,2026-10-09 07:07
강서한강공원,POI085,원활,57.0,2026-10-09 07:05,2,106.0,21.0,0.0,1.0,0,0,,,,,,,,,,,,,,,,,,0,0,0,0,0,0,0,0,0,0,0,0,0,0,0,0,20261009,2026-10-09 07:07
고척돔,POI086,원활,28.0,2026-10-09 07:05,0,,,1.0,3.0,4,0,250,300,100,150,80,90,40,50,20,30,10,20,10,20,10,20,20261009,100,150,80,90,30,40,30,40,10,20,0,10,0,10,0,10,20261009,2026-10-09 07:07
광나루한강공원,POI087,원활,64.0,2026-10-09 07:05,4,718.0,142.0,0.0,0.0,0,0,,,,,,,,,,,,,,,,,,,,,,,,,,,,,,,,,,,2026-10-09 07:07
광화문광장,POI088,서행,23.0,2026-10-09 07:05,3,2932.0,162.0,2.0,12.0,5,0,250,300,750,800,100,150,400,450,30,40,100,150,20,30,80,90,20261009,100,150,200,250,40,50,70,80,10,20,10,20,0,10,0,10,20261009,2026-10-09 07:07
국립중앙박물관·용산가족공원,POI089,원활,39.0,2026-10-09 07:05,4,931.0,,3.0,3.0,3,0,250,300,350,400,100,150,250,300,40,50,80,90,20,30,40,50,20261009,0,10,10,20,0,0,0,10,0,0,0,0,0,0,0,0,20261009,2026-10-09 07:07
난지한강공원,POI090,원활,60.0,2026-10-09 07:05,4,1240.0,0.0,0.0,7.0,0,0,,,,,,,,,,,,,,,,,,0,0,0,0,0,0,0,0,0,0,0,0,0,0,0,0,20261009,2026-10-09 07:07
남산공원,POI091,원활,33.0,2026-10-09 07:05,33,2148.0,21.0,5.0,37.0,6,0,500,550,1200,1300,150,200,850,900,50,60,250,300,40,50,150,200,20261009,100,150,150,200,40,50,90,100,20,30,40,50,0,10,10,20,20261009,2026-10-09 07:07
노들섬,POI092,원활,41.0,2026-10-09 07:05,1,99.0,,0.0,4.0,4,0,,,,,,,,,,,,,,,,,,30,40,40,50,0,10,10,20,0,10,0,10,0,10,0,10,20261009,2026-10-09 07:07
뚝섬한강공원,POI093,원활,56.0,2026-10-09 07:05,8,1342.0,245.0,1.0,1.0,1,0,250,300,90,100,90,100,50,60,30,40,10,20,20,30,10,20,20261009,0,0,0,0,0,0,0,0,0,0,0,0,0,0,0,0,20261009,2026-10-09 07:07
망원한강공원,POI094,원활,39.0,2026-10-09 07:05,2,458.0,0.0,2.0,10.0,0,0,900,950,450,500,200,250,250,300,60,70,80,90,40,50,50,60,20261009,200,250,150,200,40,50,50,60,10,20,10,20,0,10,0,10,20261009,2026-10-09 07:07
반포한강공원,POI095,원활,45.0,2026-10-09 07:05,9,1483.0,9.0,0.0,6.0,0,0,,,,,,,,,,,,,,,,,,0,0,0,10,0,0,0,10,0,0,0,0,0,0,0,0,20261009,2026-10-09 07:07
북서울꿈의숲,POI096,원활,25.0,2026-10-09 07:05,3,549.0,,0.0,17.0,1,0,,,,,,,,,,,,,,,,,,100,150,30,40,30,40,10,20,10,20,10,20,0,10,0,10,20261009,2026-10-09 07:07
서리풀공원·몽마르뜨공원,POI098,원활,27.0,2026-10-09 07:05,0,,,4.0,7.0,0,0,750,800,2300,2400,250,300,1400,1500,80,90,450,500,50,60,300,350,20261009,350,400,650,700,100,150,200,250,30,40,70,80,20,30,20,30,20261009,2026-10-09 07:07
서울대공원,POI100,원활,32.0,2026-10-09 07:05,0,,,1.0,0.0,0,0,0,10,100,150,0,10,60,70,0,0,30,40,0,0,0,10,20261009,,,,,,,,,,,,,,,,,,2026-10-09 07:07
서울숲공원,POI101,원활,41.0,2026-10-09 07:05,2,996.0,,1.0,9.0,2,0,100,150,100,150,40,50,80,90,10,20,0,0,0,10,0,0,20261009,0,10,40,50,0,0,0,10,0,0,0,0,0,0,0,0,20261009,2026-10-09 07:07
아차산,POI102,원활,32.0,2026-10-09 07:05,0,,,0.0,3.0,0,0,,,,,,,,,,,,,,,,,,0,10,0,0,0,10,0,0,0,10,0,0,0,0,0,0,20261009,2026-10-09 07:07
양화한강공원,POI103,원활,41.0,2026-10-09 07:05,6,1002.0,59.0,0.0,5.0,0,0,,,,,,,,,,,,,,,,,,0,10,10,20,0,0,0,10,0,0,0,0,0,0,0,0,20261009,2026-10-09 07:07
어린이대공원,POI104,원활,26.0,2026-10-09 07:05,4,945.0,,2.0,9.0,4,0,650,700,300,350,200,250,150,200,80,90,30,40,50,60,30,40,20261009,60,70,90,100,20,30,20,30,0,10,0,10,0,0,0,0,20261009,2026-10-09 07:07
여의도한강공원,POI105,원활,40.0,2026-10-09 07:05,6,2866.0,83.0,1.0,3.0,0,0,80,90,150,200,30,40,90,100,10,20,30,40,10,20,20,30,20261009,20,30,40,50,0,10,10,20,0,0,0,10,0,0,0,0,20261009,2026-10-09 07:07
월드컵공원,POI106,원활,34.0,2026-10-09 07:05,9,3537.0,,4.0,34.0,0,0,650,700,650,700,200,250,400,450,60,70,100,150,30,40,80,90,20261009,60,70,100,150,30,40,40,50,10,20,20,30,0,10,0,10,20261009,2026-10-09 07:07
응봉산,POI107,원활,27.0,2026-10-09 07:05,3,88.0,,1.0,24.0,0,0,80,90,10,20,30,40,10,20,20,30,0,10,10,20,0,10,20261009,70,80,40,50,20,30,10,20,0,10,0,0,0,10,0,0,20261009,2026-10-09 07:07
이촌한강공원,POI108,원활,44.0,2026-10-09 07:05,2,514.0,0.0,0.0,4.0,1,0,,,,,,,,,,,,,,,,,,0,0,0,10,0,0,0,0,0,0,0,0,0,0,0,0,20261009,2026-10-09 07:07
잠실종합운동장,POI109,원활,26.0,2026-10-09 07:05,1,876.0,,2.0,4.0,0,0,200,250,650,700,100,150,450,500,30,40,100,150,20,30,60,70,20261009,50,60,80,90,10,20,20,30,0,10,10,20,0,0,0,10,20261009,2026-10-09 07:07
잠실한강공원,POI110,원활,47.0,2026-10-09 07:05,4,1326.0,101.0,1.0,9.0,0,0,200,250,200,250,90,100,100,150,30,40,20,30,20,30,10,20,20261009,10,20,50,60,0,10,20,30,0,0,0,10,0,0,0,0,20261009,2026-10-09 07:07
잠원한강공원,POI111,원활,46.0,2026-10-09 07:05,3,1540.0,0.0,0.0,5.0,0,0,,,,,,,,,,,,,,,,,,10,20,20,30,0,10,10,20,0,10,0,10,0,0,0,0,20261009,2026-10-09 07:07
청계산,POI112,원활,62.0,2026-10-09 07:05,0,,,0.0,9.0,0,0,,,,,,,,,,,,,,,,,,0,10,0,0,0,0,0,0,0,0,0,0,0,0,0,0,20261009,2026-10-09 07:07
북창동 먹자골목,POI114,서행,18.0,2026-10-09 07:05,20,552.0,0.0,0.0,11.0,0,0,,,,,,,,,,,,,,,,,,100,150,200,250,30,40,70,80,0,10,20,30,0,10,10,20,20261009,2026-10-09 07:07
남대문시장,POI115,서행,20.0,2026-10-09 07:05,16,1456.0,4.0,1.0,7.0,0,0,,,,,,,,,,,,,,,,,,70,80,150,200,20,30,60,70,0,10,20,30,0,10,10,20,20261009,2026-10-09 07:07
익선동,POI116,서행,18.0,2026-10-09 07:05,10,187.0,1.0,3.0,11.0,1,0,500,550,700,750,200,250,350,400,90,100,100,150,50,60,90,100,20261009,250,300,150,200,40,50,50,60,10,20,20,30,10,20,0,10,20261009,2026-10-09 07:07
신정네거리역,POI117,서행,22.0,2026-10-09 07:05,3,119.0,,1.0,9.0,0,0,,,,,,,,,,,,,,,,,,,,,,,,,,,,,,,,,,,2026-10-09 07:07
잠실새내역,POI118,서행,21.0,2026-10-09 07:05,31,1541.0,,1.0,18.0,0,0,200,250,20,30,150,200,10,20,40,50,0,10,20,30,0,10,20261009,100,150,200,250,40,50,70,80,10,20,20,30,0,10,0,10,20261009,2026-10-09 07:07
잠실역,POI119,서행,22.0,2026-10-09 07:05,5,6749.0,67.0,2.0,21.0,0,0,,,,,,,,,,,,,,,,,,350,400,650,700,100,150,250,300,30,40,90,100,10,20,40,50,20261009,2026-10-09 07:07
잠실롯데타워·석촌호수,POI120,서행,21.0,2026-10-09 07:05,33,9281.0,67.0,3.0,0.0,3,0,,,,,,,,,,,,,,,,,,,,,,,,,,,,,,,,,,,2026-10-09 07:07
송리단길·호수단길,POI121,서행,21.0,2026-10-09 07:05,21,878.0,,1.0,15.0,0,0,150,200,100,150,50,60,60,70,10,20,20,30,0,10,10,20,20261009,200,250,200,250,50,60,70,80,10,20,30,40,10,20,20,30,20261009,2026-10-09 07:07
신촌 스타광장,POI122,서행,17.0,2026-10-09 07:05,4,235.0,,1.0,4.0,0,0,,,,,,,,,,,,,,,,,,150,200,150,200,50,60,40,50,10,20,0,10,10,20,0,10,20261009,2026-10-09 07:07
보라매공원,POI123,서행,15.0,2026-10-09 07:05,1,78.0,,2.0,5.0,0,0,100,150,70,80,30,40,50,60,20,30,20,30,0,10,10,20,20261009,0,0,0,0,0,0,0,0,0,0,0,0,0,0,0,0,20261009,2026-10-09 07:07
서대문독립공원,POI124,원활,30.0,2026-10-09 07:05,2,150.0,,1.0,18.0,0,0,150,200,0,0,80,90,0,0,20,30,0,0,10,20,0,0,20261009,150,200,200,250,50,60,50,60,10,20,10,20,0,10,0,10,20261009,2026-10-09 07:07
안양천,POI125,원활,41.0,2026-10-09 07:05,1,294.0,,0.0,1.0,0,0,,,,,,,,,,,,,,,,,,0,0,0,0,0,0,0,0,0,0,0,0,0,0,0,0,20261009,2026-10-09 07:07
여의서로,POI126,원활,35.0,2026-10-09 07:05,2,168.0,38.0,0.0,0.0,0,0,,,,,,,,,,,,,,,,,,,,,,,,,,,,,,,,,,,2026-10-09 07:07
올림픽공원,POI127,원활,27.0,2026-10-09 07:05,4,2716.0,,4.0,17.0,8,0,,,,,,,,,,,,,,,,,,60,70,100,150,30,40,40,50,10,20,10,20,0,10,0,10,20261009,2026-10-09 07:07
홍제폭포,POI128,원활,37.0,2026-10-09 07:05,0,,,0.0,0.0,0,0,,,,,,,,,,,,,,,,,,,,,,,,,,,,,,,,,,,2026-10-09 07:07
송현녹지광장,POI129,서행,21.0,2026-10-09 07:05,4,1546.0,,1.0,25.0,8,0,90,100,250,300,30,40,150,200,10,20,50,60,10,20,10,20,20261009,100,150,200,250,50,60,90,100,10,20,40,50,10,20,10,20,20261009,2026-10-09 07:07
시의회 앞,POI130,서행,20.0,2026-10-09 07:05,9,1723.0,,3.0,25.0,6,0,300,350,1900,2000,100,150,950,1000,30,40,300,350,30,40,150,200,20261009,150,200,450,500,40,50,150,200,20,30,40,50,10,20,10,20,20261009,2026-10-09 07:07
강남 MICE 관광특구,POI001,서행,17.0,2026-10-09 08:05,3,4428.0,,2.0,6.0,1,0,650,700,2600,2700,150,200,650,700,50,60,150,200,10,20,50,60,20261009,80,90,150,200,10,20,30,40,0,0,0,10,0,0,0,10,20261009,2026-10-09 08:07
동대문 관광특구,POI002,서행,20.0,2026-10-09 08:05,47,8302.0,144.0,7.0,32.0,7,0,3600,3700,3600,3700,650,700,1100,1200,150,200,350,400,50,60,150,200,20261009,1100,1200,550,600,100,150,100,150,40,50,20,30,20,30,10,20,20261009,2026-10-09 08:07
명동 관광특구,POI003,서행,19.0,2026-10-09 08:05,93,12070.0,7.0,7.0,54.0,7,1,1600,1700,6900,7000,450,500,1800,1900,150,200,700,750,40,50,200,250,20261009,750,800,1800,1900,100,150,350,400,50,60,150,200,30,40,80,90,20261009,2026-10-09 08:07
이태원 관광특구,POI004,서행,21.0,2026-10-09 08:05,8,853.0,,3.0,17.0,0,0,1600,1700,1700,1800,200,250,250,300,60,70,60,70,20,30,20,30,20261009,950,1000,450,500,80,90,50,60,10,20,10,20,0,10,0,10,20261009,2026-10-09 08:07
잠실 관광특구,POI005,서행,23.0,2026-10-09 08:05,37,11997.0,75.0,6.0,50.0,11,0,2900,3000,4400,4500,700,750,1000,1100,200,250,300,350,60,70,70,80,20261009,600,650,1100,1200,150,200,250,300,40,50,90,100,20,30,50,60,20261009,2026-10-09 08:07
종로·청계 관광특구,POI006,서행,20.0,2026-10-09 08:05,48,2496.0,41.0,10.0,62.0,0,0,4000,4100,6500,6600,700,750,1900,2000,200,250,700,750,70,80,200,250,20261009,1900,2000,1700,1800,200,250,350,400,80,90,100,150,50,60,90,100,20261009,2026-10-09 08:07
홍대 관광특구,POI007,서행,16.0,2026-10-09 08:05,51,3098.0,,8.0,70.0,0,0,5400,5500,2800,2900,950,1000,850,900,250,300,250,300,90,100,100,150,20261009,1300,1400,1000,1100,200,250,250,300,60,70,80,90,30,40,50,60,20261009,2026-10-09 08:07
경복궁,POI008,서행,22.0,2026-10-09 08:05,2,267.0,,1.0,11.0,4,0,250,300,500,550,70,80,150,200,20,30,50,60,0,10,30,40,20261009,0,10,20,30,0,10,10,20,0,0,10,20,0,0,0,10,20261009,2026-10-09 08:07
광화문·덕수궁,POI009,서행,19.0,2026-10-09 08:05,29,7988.0,179.0,4.0,41.0,13,1,950,1000,3900,4000,250,300,950,1000,90,100,300,350,30,40,100,150,20261009,500,550,1100,1200,100,150,200,250,50,60,60,70,30,40,20,30,20261009,2026-10-09 08:07
보신각,POI010,서행,19.0,2026-10-09 08:05,14,2572.0,7.0,1.0,14.0,1,0,400,450,1000,1100,60,70,300,350,20,30,90,100,0,10,40,50,20261009,300,350,400,450,30,40,80,90,10,20,20,30,0,10,10,20,20261009,2026-10-09 08:07
서울 암사동 유적,POI011,원활,25.0,2026-10-09 08:05,1,108.0,,0.0,3.0,0,0,,,,,,,,,,,,,,,,,,0,0,0,10,0,0,0,0,0,0,0,0,0,0,0,0,20261009,2026-10-09 08:07
창덕궁·종묘,POI012,서행,19.0,2026-10-09 08:05,16,3155.0,306.0,4.0,19.0,2,0,1100,1200,2300,2400,200,250,650,700,70,80,250,300,30,40,60,70,20261009,100,150,300,350,10,20,70,80,0,10,30,40,0,0,20,30,20261009,2026-10-09 08:07
가산디지털단지역,POI013,서행,22.0,2026-10-09 08:05,20,8291.0,,2.0,71.0,0,0,1200,1300,850,900,200,250,250,300,50,60,70,80,10,20,10,20,20261009,350,400,650,700,70,80,150,200,10,20,50,60,0,10,40,50,20261009,2026-10-09 08:07
강남역,POI014,서행,18.0,2026-10-09 08:05,95,7876.0,,4.0,55.0,0,0,2000,2100,2500,2600,400,450,750,800,100,150,250,300,70,80,80,90,20261009,1100,1200,950,1000,200,250,200,250,70,80,100,150,50,60,70,80,20261009,2026-10-09 08:07
건대입구역,POI015,서행,21.0,2026-10-09 08:05,23,6603.0,,2.0,11.0,3,0,1900,2000,1100,1200,400,450,250,300,100,150,100,150,40,50,40,50,20261009,300,350,250,300,40,50,50,60,10,20,10,20,0,10,10,20,20261009,2026-10-09 08:07
고덕역,POI016,원활,25.0,2026-10-09 08:05,15,1615.0,,1.0,5.0,0,0,300,350,250,300,90,100,50,60,20,30,20,30,0,10,0,0,20261009,60,70,50,60,20,30,10,20,0,10,0,10,0,0,0,0,20261009,2026-10-09 08:07
고속터미널역,POI017,원활,28.0,2026-10-09 08:05,3,4291.0,,3.0,10.0,0,0,1200,1300,5300,5400,400,450,1600,1700,100,150,650,700,70,80,200,250,20261009,600,650,1200,1300,100,150,250,300,40,50,90,100,20,30,50,60,20261009,2026-10-09 08:07
교대역,POI018,서행,22.0,2026-10-09 08:05,14,760.0,,2.0,13.0,0,0,700,750,1800,1900,150,200,400,450,50,60,100,150,20,30,80,90,20261009,150,200,100,150,40,50,20,30,20,30,0,10,0,10,0,10,20261009,2026-10-09 08:07
구로디지털단지역,POI019,서행,19.0,2026-10-09 08:05,20,6911.0,,1.0,29.0,0,0,3000,3100,1000,1100,600,650,250,300,200,250,100,150,90,100,40,50,20261009,250,300,150,200,70,80,50,60,10,20,20,30,10,20,10,20,20261009,2026-10-09 08:07
구로역,POI020,원활,25.0,2026-10-09 08:05,3,1047.0,,1.0,5.0,0,0,1700,1800,500,550,200,250,100,150,40,50,20,30,0,0,0,0,20261009,70,80,300,350,10,20,40,50,0,10,20,30,0,10,10,20,20261009,2026-10-09 08:07
군자역,POI021,서행,19.0,2026-10-09 08:05,11,573.0,,2.0,16.0,0,0,1400,1500,550,600,250,300,100,150,70,80,50,60,10,20,30,40,20261009,300,350,300,350,60,70,70,80,10,20,10,20,0,10,10,20,20261009,2026-10-09 08:07
대림역,POI023,서행,20.0,2026-10-09 08:05,4,221.0,,2.0,29.0,0,0,3100,3200,800,850,600,650,200,250,150,200,50,60,60,70,20,30,20261009,500,550,500,550,80,90,90,100,20,30,10,20,10,20,0,10,20261009,2026-10-09 08:07
동대문역,POI024,서행,20.0,2026-10-09 08:05,17,892.0,0.0,2.0,7.0,0,0,1400,1500,1500,1600,200,250,500,550,60,70,150,200,20,30,60,70,20261009,450,500,450,500,40,50,100,150,20,30,30,40,10,20,20,30,20261009,2026-10-09 08:07
뚝섬역,POI025,서행,23.0,2026-10-09 08:05,9,767.0,,1.0,4.0,1,0,400,450,500,550,100,150,100,150,30,40,40,50,10,20,0,10,20261009,30,40,80,90,10,20,10,20,0,10,0,10,0,10,0,10,20261009,2026-10-09 08:07
미아사거리역,POI026,서행,19.0,2026-10-09 08:05,11,1409.0,,1.0,29.0,0,0,1500,1600,550,600,350,400,150,200,100,150,60,70,50,60,20,30,20261009,1200,1300,1300,1400,200,250,300,350,80,90,100,150,40,50,70,80,20261009,2026-10-09 08:07
발산역,POI027,서행,17.0,2026-10-09 08:05,13,2880.0,,1.0,37.0,0,0,500,550,600,650,150,200,200,250,40,50,60,70,10,20,30,40,20261009,250,300,300,350,50,60,70,80,10,20,20,30,0,10,10,20,20261009,2026-10-09 08:07
사당역,POI029,서행,21.0,2026-10-09 08:05,13,520.0,,2.0,17.0,1,0,2400,2500,2800,2900,550,600,550,600,150,200,200,250,60,70,70,80,20261009,300,350,450,500,80,90,100,150,10,20,30,40,10,20,10,20,20261009,2026-10-09 08:07
삼각지역,POI030,원활,26.0,2026-10-09 08:05,0,,,2.0,7.0,0,0,300,350,300,350,100,150,90,100,20,30,30,40,0,10,10,20,20261009,400,450,350,400,40,50,50,60,10,20,10,20,0,10,10,20,20261009,2026-10-09 08:07
서울대입구역,POI031,서행,20.0,2026-10-09 08:05,2,52.0,,1.0,15.0,0,0,2300,2400,800,850,500,550,250,300,150,200,60,70,60,70,30,40,20261009,900,950,1100,1200,200,250,250,300,80,90,100,150,60,70,80,90,20261009,2026-10-09 08:07
서울식물원·마곡나루역,POI032,서행,18.0,2026-10-09 08:05,2,2651.0,,2.0,15.0,3,0,700,750,600,650,150,200,150,200,50,60,60,70,40,50,20,30,20261009,40,50,100,150,10,20,20,30,0,10,10,20,0,10,10,20,20261009,2026-10-09 08:07
서울역,POI033,서행,20.0,2026-10-09 08:05,23,3968.0,0.0,8.0,34.0,1,0,3800,3900,10600,10700,1100,1200,3000,3100,350,400,1000,1100,100,150,400,450,20261009,850,900,2600,2700,150,200,350,400,40,50,100,150,20,30,60,70,20261009,2026-10-09 08:07
선릉역,POI034,서행,20.0,2026-10-09 08:05,94,11160.0,27.0,4.0,20.0,0,0,1100,1200,2300,2400,250,300,600,650,70,80,200,250,20,30,80,90,20261009,450,500,400,450,80,90,80,90,30,40,20,30,20,30,10,20,20261009,2026-10-09 08:07
성신여대입구역,POI035,서행,16.0,2026-10-09 08:05,2,38.0,,2.0,9.0,1,0,1000,1100,450,500,250,300,150,200,70,80,70,80,20,30,30,40,20261009,500,550,650,700,80,90,150,200,30,40,50,60,10,20,20,30,20261009,2026-10-09 08:07
수유역,POI036,서행,18.0,2026-10-09 08:05,8,802.0,,1.0,32.0,0,0,2400,2500,700,750,600,650,200,250,150,200,40,50,70,80,20,30,20261009,1500,1600,1800,1900,300,350,350,400,100,150,100,150,60,70,70,80,20261009,2026-10-09 08:07
신논현역·논현역,POI037,서행,22.0,2026-10-09 08:05,32,1053.0,,3.0,13.0,0,0,950,1000,1100,1200,200,250,300,350,70,80,90,100,40,50,50,60,20261009,500,550,400,450,70,80,70,80,20,30,20,30,20,30,10,20,20261009,2026-10-09 08:07
신도림역,POI038,원활,41.0,2026-10-09 08:05,1,1644.0,,2.0,2.0,0,0,2900,3000,1500,1600,500,550,300,350,150,200,90,100,50,60,30,40,20261009,150,200,600,650,20,30,90,100,0,10,40,50,0,10,20,30,20261009,2026-10-09 08:07
신림역,POI039,서행,18.0,2026-10-09 08:05,2,282.0,,2.0,15.0,0,0,3700,3800,1100,1200,850,900,250,300,300,350,90,100,90,100,10,20,20261009,1300,1400,1900,2000,250,300,400,450,80,90,100,150,50,60,90,100,20261009,2026-10-09 08:07
신촌·이대역,POI040,서행,18.0,2026-10-09 08:05,25,1943.0,66.0,4.0,41.0,0,0,1400,1500,900,950,300,350,250,300,100,150,50,60,30,40,0,10,20261009,1000,1100,1000,1100,150,200,150,200,60,70,60,70,40,50,40,50,20261009,2026-10-09 08:07
양재역,POI041,서행,22.0,2026-10-09 08:05,16,1881.0,,2.0,27.0,0,0,900,950,2000,2100,250,300,550,600,70,80,150,200,10,20,80,90,20261009,650,700,600,650,150,200,100,150,60,70,40,50,40,50,20,30,20261009,2026-10-09 08:07
역삼역,POI042,서행,21.0,2026-10-09 08:05,47,7473.0,1.0,1.0,10.0,0,0,500,550,1000,1100,100,150,300,350,30,40,100,150,0,10,60,70,20261009,300,350,350,400,60,70,60,70,20,30,20,30,10,20,10,20,20261009,2026-10-09 08:07
연신내역,POI043,서행,19.0,2026-10-09 08:05,5,208.0,,3.0,14.0,0,0,2900,3000,1100,1200,700,750,250,300,200,250,70,80,70,80,40,50,20261009,400,450,550,600,90,100,100,150,50,60,30,40,30,40,30,40,20261009,2026-10-09 08:07
오목교역·목동운동장,POI044,원활,28.0,2026-10-09 08:05,14,5304.0,,1.0,33.0,0,0,550,600,450,500,150,200,150,200,60,70,40,50,20,30,0,0,20261009,500,550,650,700,100,150,150,200,40,50,70,80,30,40,30,40,20261009,2026-10-09 08:07
왕십리역,POI045,서행,20.0,2026-10-09 08:05,4,1478.0,,5.0,22.0,0,0,1700,1800,1100,1200,400,450,300,350,100,150,100,150,40,50,20,30,20261009,100,150,250,300,30,40,60,70,0,10,10,20,0,10,0,10,20261009,2026-10-09 08:07
용산역,POI046,서행,24.0,2026-10-09 08:05,11,5014.0,95.0,2.0,33.0,0,0,850,900,4700,4800,250,300,1300,1400,50,60,250,300,0,10,0,10,20261009,300,350,500,550,80,90,90,100,10,20,10,20,0,10,0,10,20261009,2026-10-09 08:07
이태원역,POI047,서행,16.0,2026-10-09 08:05,4,66.0,,1.0,9.0,0,0,1300,1400,1000,1100,150,200,100,150,40,50,20,30,10,20,10,20,20261009,750,800,200,250,60,70,30,40,10,20,10,20,0,10,0,10,20261009,2026-10-09 08:07
장지역,POI048,서행,22.0,2026-10-09 08:05,4,10611.0,,1.0,20.0,0,0,650,700,550,600,100,150,250,300,50,60,70,80,10,20,60,70,20261009,300,350,250,300,40,50,100,150,20,30,40,50,10,20,20,30,20261009,2026-10-09 08:07
장한평역,POI049,서행,23.0,2026-10-09 08:05,15,847.0,,1.0,16.0,0,0,800,850,550,600,200,250,150,200,70,80,50,60,20,30,0,10,20261009,550,600,700,750,100,150,150,200,30,40,40,50,20,30,20,30,20261009,2026-10-09 08:07
천호역,POI050,서행,20.0,2026-10-09 08:05,14,3331.0,,2.0,12.0,0,0,1600,1700,1100,1200,400,450,300,350,100,150,100,150,20,30,50,60,20261009,150,200,350,400,40,50,70,80,10,20,10,20,10,20,10,20,20261009,2026-10-09 08:07
총신대입구(이수)역,POI051,서행,21.0,2026-10-09 08:05,7,533.0,,2.0,18.0,0,0,1300,1400,1000,1100,300,350,200,250,100,150,80,90,30,40,30,40,20261009,400,450,350,400,90,100,80,90,30,40,20,30,20,30,10,20,20261009,2026-10-09 08:07
충정로역,POI052,원활,25.0,2026-10-09 08:05,5,834.0,,2.0,19.0,0,0,400,450,350,400,100,150,70,80,30,40,20,30,10,20,10,20,20261009,250,300,250,300,50,60,40,50,10,20,10,20,10,20,10,20,20261009,2026-10-09 08:07
합정역,POI053,서행,22.0,2026-10-09 08:05,6,207.0,,2.0,30.0,0,0,1400,1500,1000,1100,250,300,300,350,70,80,60,70,20,30,40,50,20261009,350,400,350,400,70,80,70,80,20,30,30,40,10,20,10,20,20261009,2026-10-09 08:07
혜화역,POI054,서행,20.0,2026-10-09 08:05,24,955.0,,1.0,12.0,7,0,450,500,700,750,100,150,150,200,40,50,40,50,10,20,0,10,20261009,400,450,350,400,100,150,80,90,20,30,20,30,10,20,10,20,20261009,2026-10-09 08:07
홍대입구역(2호선),POI055,서행,18.0,2026-10-09 08:05,16,1196.0,,1.0,17.0,0,0,2200,2300,950,1000,350,400,300,350,100,150,100,150,30,40,60,70,20261009,700,750,700,750,100,150,150,200,30,40,60,70,10,20,40,50,20261009,2026-10-09 08:07
회기역,POI056,서행,21.0,2026-10-09 08:05,21,408.0,,1.0,22.0,0,0,1200,1300,600,650,250,300,150,200,40,50,20,30,0,0,0,0,20261009,800,850,950,1000,150,200,200,250,60,70,70,80,50,60,50,60,20261009,2026-10-09 08:07
가락시장,POI058,원활,26.0,2026-10-09 08:05,4,2884.0,,2.0,16.0,0,0,850,900,600,650,200,250,100,150,60,70,50,60,20,30,10,20,20261009,600,650,500,550,100,150,100,150,40,50,30,40,10,20,10,20,20261009,2026-10-09 08:07
가로수길,POI059,원활,28.0,2026-10-09 08:05,51,2767.0,42.0,2.0,14.0,0,0,750,800,1500,1600,200,250,400,450,60,70,150,200,20,30,50,60,20261009,150,200,300,350,30,40,60,70,10,20,30,40,0,10,10,20,20261009,2026-10-09 08:07
광장(전통)시장,POI060,서행,19.0,2026-10-09 08:05,7,103.0,7.0,1.0,11.0,0,0,250,300,1000,1100,70,80,250,300,20,30,100,150,10,20,30,40,20261009,90,100,350,400,20,30,80,90,0,10,40,50,0,10,30,40,20261009,2026-10-09 08:07
김포공항,POI061,원활,31.0,2026-10-09 08:05,6,16594.0,,6.0,27.0,0,0,650,700,1900,2000,100,150,450,500,60,70,150,200,20,30,70,80,20261009,70,80,250,300,20,30,40,50,0,10,10,20,0,10,0,10,20261009,2026-10-09 08:07
노량진,POI063,서행,23.0,2026-10-09 08:05,11,1218.0,,3.0,22.0,1,0,2400,2500,1500,1600,450,500,450,500,100,150,150,200,70,80,100,150,20261009,750,800,1600,1700,150,200,400,450,50,60,150,200,40,50,100,150,20261009,2026-10-09 08:07
덕수궁길·정동길,POI064,서행,19.0,2026-10-09 08:05,10,620.0,,3.0,10.0,0,0,800,850,2600,2700,250,300,550,600,60,70,200,250,20,30,60,70,20261009,200,250,350,400,50,60,60,70,20,30,20,30,0,10,0,10,20261009,2026-10-09 08:07
북촌한옥마을,POI066,서행,21.0,2026-10-09 08:05,16,1756.0,,1.0,55.0,9,0,150,200,650,700,60,70,200,250,20,30,90,100,0,10,10,20,20261009,250,300,500,550,70,80,150,200,30,40,50,60,10,20,30,40,20261009,2026-10-09 08:07
서촌,POI067,서행,20.0,2026-10-09 08:05,9,308.0,,1.0,32.0,4,0,250,300,500,550,70,80,150,200,20,30,50,60,0,10,30,40,20261009,300,350,400,450,90,100,100,150,30,40,40,50,20,30,30,40,20261009,2026-10-09 08:07
성수카페거리,POI068,서행,19.0,2026-10-09 08:05,28,2824.0,,2.0,35.0,1,0,900,950,2200,2300,200,250,400,450,70,80,100,150,20,30,10,20,20261009,200,250,300,350,30,40,30,40,10,20,0,10,10,20,0,10,20261009,2026-10-09 08:07
쌍문역,POI070,서행,20.0,2026-10-09 08:05,8,345.0,,1.0,18.0,0,0,2300,2400,500,550,550,600,150,200,200,250,80,90,60,70,40,50,20261009,550,600,1000,1100,100,150,250,300,50,60,100,150,30,40,40,50,20261009,2026-10-09 08:07
압구정로데오거리,POI071,서행,22.0,2026-10-09 08:05,55,1976.0,1.0,1.0,16.0,1,0,200,250,600,650,20,30,100,150,0,10,0,10,0,0,0,0,20261009,300,350,650,700,50,60,150,200,10,20,60,70,10,20,30,40,20261009,2026-10-09 08:07
여의도,POI072,원활,26.0,2026-10-09 08:05,116,24820.0,180.0,9.0,63.0,4,0,2400,2500,2700,2800,500,550,750,800,100,150,200,250,40,50,100,150,20261009,1100,1200,2000,2100,200,250,400,450,70,80,150,200,40,50,100,150,20261009,2026-10-09 08:07
연남동,POI073,서행,20.0,2026-10-09 08:05,45,132.0,,0.0,20.0,0,0,,,,,,,,,,,,,,,,,,250,300,300,350,50,60,80,90,10,20,20,30,0,10,10,20,20261009,2026-10-09 08:07
영등포 타임스퀘어,POI074,서행,22.0,2026-10-09 08:05,10,1195.0,16.0,3.0,24.0,0,0,2200,2300,2200,2300,350,400,500,550,70,80,100,150,0,10,0,10,20261009,600,650,1100,1200,100,150,150,200,40,50,60,70,30,40,40,50,20261009,2026-10-09 08:07
용리단길,POI076,원활,25.0,2026-10-09 08:05,0,,,3.0,7.0,0,0,500,550,1100,1200,150,200,350,400,40,50,90,100,10,20,20,30,20261009,100,150,450,500,10,20,70,80,0,10,10,20,0,10,10,20,20261009,2026-10-09 08:07
이태원 앤틱가구거리,POI077,서행,20.0,2026-10-09 08:05,4,51.0,,1.0,13.0,0,0,1300,1400,1000,1100,150,200,100,150,40,50,20,30,10,20,10,20,20261009,300,350,250,300,40,50,30,40,0,10,0,10,0,10,0,10,20261009,2026-10-09 08:07
인사동,POI078,서행,18.0,2026-10-09 08:05,21,2465.0,2.0,2.0,26.0,7,0,600,650,1600,1700,100,150,500,550,40,50,150,200,10,20,50,60,20261009,550,600,450,500,80,90,100,150,30,40,40,50,10,20,20,30,20261009,2026-10-09 08:07
창동 신경제 중심지,POI079,서행,20.0,2026-10-09 08:05,46,4927.0,10.0,4.0,55.0,5,0,3300,3400,1600,1700,750,800,400,450,250,300,100,150,80,90,50,60,20261009,650,700,900,950,150,200,200,250,60,70,90,100,50,60,70,80,20261009,2026-10-09 08:07
청담동 명품거리,POI080,서행,23.0,2026-10-09 08:05,16,910.0,,1.0,10.0,0,0,200,250,600,650,20,30,100,150,0,10,0,10,0,0,0,0,20261009,100,150,300,350,20,30,80,90,0,10,40,50,0,0,20,30,20261009,2026-10-09 08:07
청량리 제기동 일대 전통시장,POI081,서행,20.0,2026-10-09 08:05,12,2214.0,,2.0,23.0,0,0,1600,1700,1400,1500,400,450,400,450,100,150,100,150,40,50,30,40,20261009,1300,1400,2100,2200,250,300,350,400,80,90,100,150,40,50,80,90,20261009,2026-10-09 08:07
해방촌·경리단길,POI082,원활,34.0,2026-10-09 08:05,4,273.0,,0.0,26.0,1,0,,,,,,,,,,,,,,,,,,250,300,150,200,90,100,70,80,30,40,10,20,20,30,10,20,20261009,2026-10-09 08:07
DDP(동대문디자인플라자),POI083,서행,20.0,2026-10-09 08:05,9,2596.0,136.0,3.0,11.0,5,0,1000,1100,1200,1300,200,250,350,400,50,60,100,150,10,20,50,60,20261009,400,450,150,200,30,40,30,40,10,20,10,20,10,20,0,10,20261009,2026-10-09 08:07
DMC(디지털미디어시티),POI084,서행,21.0,2026-10-09 08:05,25,9176.0,,4.0,68.0,0,0,1200,1300,850,900,300,350,200,250,100,150,70,80,40,50,20,30,20261009,350,400,450,500,100,150,100,150,40,50,40,50,20,30,20,30,20261009,2026-10-09 08:07
강서한강공원,POI085,원활,55.0,2026-10-09 08:05,2,106.0,19.0,0.0,1.0,0,0,,,,,,,,,,,,,,,,,,0,0,0,0,0,0,0,0,0,0,0,0,0,0,0,0,20261009,2026-10-09 08:07
고척돔,POI086,원활,30.0,2026-10-09 08:05,0,,,1.0,3.0,4,0,400,450,150,200,70,80,50,60,10,20,10,20,0,0,0,0,20261009,150,200,100,150,30,40,20,30,0,10,10,20,0,10,0,10,20261009,2026-10-09 08:07
광나루한강공원,POI087,원활,65.0,2026-10-09 08:05,4,718.0,206.0,0.0,0.0,0,0,,,,,,,,,,,,,,,,,,,,,,,,,,,,,,,,,,,2026-10-09 08:07
광화문광장,POI088,서행,21.0,2026-10-09 08:05,3,2932.0,179.0,2.0,12.0,5,0,500,550,1500,1600,100,150,400,450,40,50,150,200,10,20,60,70,20261009,200,250,350,400,60,70,80,90,20,30,20,30,10,20,0,10,20261009,2026-10-09 08:07
국립중앙박물관·용산가족공원,POI089,원활,34.0,2026-10-09 08:05,4,931.0,,3.0,3.0,3,0,450,500,750,800,90,100,200,250,20,30,100,150,0,10,60,70,20261009,0,10,30,40,0,0,10,20,0,0,0,10,0,0,0,10,20261009,2026-10-09 08:07
난지한강공원,POI090,원활,58.0,2026-10-09 08:05,4,1240.0,0.0,0.0,7.0,0,0,,,,,,,,,,,,,,,,,,0,0,0,0,0,0,0,0,0,0,0,0,0,0,0,0,20261009,2026-10-09 08:07
남산공원,POI091,원활,33.0,2026-10-09 08:05,33,2148.0,20.0,5.0,37.0,6,0,1000,1100,2900,3000,250,300,900,950,100,150,300,350,40,50,90,100,20261009,200,250,350,400,50,60,100,150,20,30,30,40,0,10,10,20,20261009,2026-10-09 08:07
노들섬,POI092,서행,22.0,2026-10-09 08:05,1,99.0,,0.0,4.0,4,0,,,,,,,,,,,,,,,,,,50,60,70,80,0,10,10,20,0,0,0,10,0,0,0,10,20261009,2026-10-09 08:07
뚝섬한강공원,POI093,원활,56.0,2026-10-09 08:05,8,1342.0,264.0,1.0,1.0,1,0,500,550,200,250,100,150,70,80,30,40,30,40,0,10,10,20,20261009,0,0,0,0,0,0,0,0,0,0,0,0,0,0,0,0,20261009,2026-10-09 08:07
망원한강공원,POI094,원활,39.0,2026-10-09 08:05,2,458.0,0.0,2.0,10.0,0,0,1400,1500,1000,1100,250,300,300,350,70,80,60,70,20,30,40,50,20261009,300,350,300,350,50,60,70,80,10,20,30,40,0,10,10,20,20261009,2026-10-09 08:07
반포한강공원,POI095,원활,45.0,2026-10-09 08:05,9,1483.0,9.0,0.0,6.0,0,0,,,,,,,,,,,,,,,,,,0,10,0,10,0,10,0,0,0,0,0,0,0,0,0,0,20261009,2026-10-09 08:07
북서울꿈의숲,POI096,서행,22.0,2026-10-09 08:05,3,549.0,,0.0,17.0,1,0,,,,,,,,,,,,,,,,,,150,200,60,70,20,30,10,20,0,10,0,10,0,10,0,10,20261009,2026-10-09 08:07
서리풀공원·몽마르뜨공원,POI098,원활,26.0,2026-10-09 08:05,0,,,4.0,7.0,0,0,1600,1700,5700,5800,500,550,1700,1800,150,200,650,700,90,100,200,250,20261009,550,600,1000,1100,100,150,200,250,40,50,70,80,20,30,50,60,20261009,2026-10-09 08:07
서울대공원,POI100,원활,31.0,2026-10-09 08:05,0,,,1.0,0.0,0,0,30,40,200,250,10,20,50,60,0,0,30,40,0,0,0,0,20261009,,,,,,,,,,,,,,,,,,2026-10-09 08:07
서울숲공원,POI101,원활,39.0,2026-10-09 08:05,2,996.0,,1.0,9.0,2,0,200,250,250,300,60,70,50,60,10,20,0,10,0,0,0,0,20261009,20,30,70,80,0,10,10,20,0,10,0,10,0,0,0,0,20261009,2026-10-09 08:07
아차산,POI102,원활,34.0,2026-10-09 08:05,0,,,0.0,3.0,0,0,,,,,,,,,,,,,,,,,,10,20,0,0,0,10,0,0,0,0,0,0,0,0,0,0,20261009,2026-10-09 08:07
양화한강공원,POI103,원활,43.0,2026-10-09 08:05,6,1002.0,75.0,0.0,5.0,0,0,,,,,,,,,,,,,,,,,,0,10,20,30,0,0,0,10,0,0,0,10,0,0,0,10,20261009,2026-10-09 08:07
어린이대공원,POI104,서행,24.0,2026-10-09 08:05,4,945.0,,2.0,9.0,4,0,1300,1400,750,800,300,350,200,250,100,150,70,80,30,40,0,10,20261009,100,150,150,200,30,40,30,40,10,20,0,10,0,10,0,10,20261009,2026-10-09 08:07
여의도한강공원,POI105,원활,40.0,2026-10-09 08:05,6,2866.0,101.0,1.0,3.0,0,0,100,150,300,350,20,30,100,150,0,10,30,40,0,0,0,10,20261009,30,40,50,60,0,10,0,10,0,0,0,0,0,0,0,0,20261009,2026-10-09 08:07
월드컵공원,POI106,원활,32.0,2026-10-09 08:05,9,3537.0,,4.0,34.0,0,1,1200,1300,1900,2000,350,400,700,750,100,150,200,250,40,50,60,70,20261009,100,150,450,500,30,40,250,300,10,20,60,70,0,10,40,50,20261009,2026-10-09 08:07
응봉산,POI107,원활,26.0,2026-10-09 08:05,3,88.0,,1.0,24.0,0,0,150,200,30,40,30,40,0,10,0,10,0,0,0,0,0,0,20261009,100,150,80,90,30,40,10,20,10,20,0,10,0,0,0,0,20261009,2026-10-09 08:07
이촌한강공원,POI108,원활,43.0,2026-10-09 08:05,2,514.0,0.0,0.0,4.0,1,0,,,,,,,,,,,,,,,,,,0,0,10,20,0,0,0,10,0,0,0,0,0,0,0,0,20261009,2026-10-09 08:07
잠실종합운동장,POI109,원활,27.0,2026-10-09 08:05,1,876.0,,2.0,4.0,0,0,350,400,1300,1400,80,90,200,250,20,30,50,60,0,10,10,20,20261009,60,70,100,150,0,10,10,20,0,0,0,10,0,0,0,0,20261009,2026-10-09 08:07
잠실한강공원,POI110,원활,46.0,2026-10-09 08:05,4,1326.0,116.0,1.0,9.0,0,0,450,500,350,400,100,150,100,150,40,50,30,40,10,20,20,30,20261009,10,20,90,100,0,0,10,20,0,0,0,10,0,0,0,0,20261009,2026-10-09 08:07
잠원한강공원,POI111,원활,56.0,2026-10-09 08:05,3,1540.0,0.0,0.0,5.0,0,0,,,,,,,,,,,,,,,,,,20,30,30,40,0,10,0,0,0,0,0,0,0,0,0,0,20261009,2026-10-09 08:07
청계산,POI112,원활,60.0,2026-10-09 08:05,0,,,0.0,9.0,0,0,,,,,,,,,,,,,,,,,,0,10,0,0,0,0,0,0,0,0,0,0,0,0,0,0,20261009,2026-10-09 08:07
북창동 먹자골목,POI114,서행,18.0,2026-10-09 08:05,20,552.0,0.0,0.0,11.0,0,0,,,,,,,,,,,,,,,,,,150,200,400,450,40,50,100,150,10,20,40,50,0,10,20,30,20261009,2026-10-09 08:07
남대문시장,POI115,서행,20.0,2026-10-09 08:05,16,1456.0,4.0,1.0,7.0,0,0,,,,,,,,,,,,,,,,,,100,150,300,350,20,30,70,80,10,20,20,30,0,10,10,20,20261009,2026-10-09 08:07
익선동,POI116,서행,15.0,2026-10-09 08:05,10,187.0,2.0,3.0,11.0,1,0,850,900,1300,1400,100,150,350,400,40,50,100,150,20,30,30,40,20261009,350,400,300,350,30,40,60,70,10,20,20,30,0,10,10,20,20261009,2026-10-09 08:07
신정네거리역,POI117,서행,18.0,2026-10-09 08:05,3,119.0,,1.0,9.0,0,0,,,,,,,,,,,,,,,,,,,,,,,,,,,,,,,,,,,2026-10-09 08:07
잠실새내역,POI118,서행,19.0,2026-10-09 08:05,31,1541.0,,1.0,18.0,0,0,600,650,400,450,150,200,100,150,60,70,40,50,10,20,20,30,20261009,250,300,300,350,60,70,70,80,20,30,20,30,10,20,10,20,20261009,2026-10-09 08:07
잠실역,POI119,서행,23.0,2026-10-09 08:05,5,6749.0,75.0,2.0,21.0,0,0,,,,,,,,,,,,,,,,,,600,650,1200,1300,100,150,250,300,40,50,90,100,20,30,50,60,20261009,2026-10-09 08:07
잠실롯데타워·석촌호수,POI120,서행,21.0,2026-10-09 08:05,33,9281.0,75.0,3.0,0.0,3,0,,,,,,,,,,,,,,,,,,,,,,,,,,,,,,,,,,,2026-10-09 08:07
송리단길·호수단길,POI121,서행,22.0,2026-10-09 08:05,21,878.0,,1.0,15.0,0,0,250,300,200,250,70,80,80,90,20,30,30,40,0,10,10,20,20261009,350,400,350,400,70,80,70,80,30,40,30,40,20,30,20,30,20261009,2026-10-09 08:07
신촌 스타광장,POI122,서행,18.0,2026-10-09 08:05,4,235.0,,1.0,4.0,0,0,,,,,,,,,,,,,,,,,,250,300,250,300,50,60,50,60,10,20,20,30,10,20,10,20,20261009,2026-10-09 08:07
보라매공원,POI123,정체,14.0,2026-10-09 08:05,1,78.0,,2.0,5.0,0,0,200,250,200,250,50,60,50,60,10,20,10,20,10,20,10,20,20261009,0,0,0,10,0,0,0,0,0,0,0,0,0,0,0,0,20261009,2026-10-09 08:07
서대문독립공원,POI124,원활,29.0,2026-10-09 08:05,2,150.0,,1.0,18.0,0,0,300,350,0,0,50,60,0,0,10,20,0,0,0,10,0,0,20261009,250,300,250,300,60,70,50,60,20,30,10,20,10,20,0,10,20261009,2026-10-09 08:07
안양천,POI125,원활,46.0,2026-10-09 08:05,1,294.0,,0.0,1.0,0,0,,,,,,,,,,,,,,,,,,0,0,0,0,0,0,0,0,0,0,0,0,0,0,0,0,20261009,2026-10-09 08:07
여의서로,POI126,원활,34.0,2026-10-09 08:05,2,168.0,38.0,0.0,0.0,0,0,,,,,,,,,,,,,,,,,,,,,,,,,,,,,,,,,,,2026-10-09 08:07
올림픽공원,POI127,원활,26.0,2026-10-09 08:05,4,2716.0,,4.0,17.0,8,0,,,,,,,,,,,,,,,,,,100,150,200,250,50,60,60,70,10,20,20,30,0,10,10,20,20261009,2026-10-09 08:07
홍제폭포,POI128,원활,36.0,2026-10-09 08:05,0,,,0.0,0.0,0,0,,,,,,,,,,,,,,,,,,,,,,,,,,,,,,,,,,,2026-10-09 08:07
송현녹지광장,POI129,서행,20.0,2026-10-09 08:05,4,1546.0,,1.0,25.0,8,0,150,200,650,700,60,70,200,250,20,30,90,100,0,10,10,20,20261009,200,250,450,500,60,70,100,150,20,30,40,50,10,20,10,20,20261009,2026-10-09 08:07
시의회 앞,POI130,서행,21.0,2026-10-09 08:05,9,1723.0,,3.0,25.0,6,0,650,700,3300,3400,200,250,800,850,70,80,250,300,20,30,90,100,20261009,250,300,750,800,60,70,100,150,20,30,40,50,10,20,20,30,20261009,2026-10-09 08:07
강남 MICE 관광특구,POI001,서행,20.0,2026-10-09 08:15,3,4428.0,,2.0,6.0,1,0,700,750,2800,2900,150,200,650,700,50,60,200,250,20,30,100,150,20261009,80,90,200,250,0,10,30,40,0,10,20,30,0,0,10,20,20261009,2026-10-09 08:17
동대문 관광특구,POI002,서행,20.0,2026-10-09 08:15,47,8302.0,146.0,7.0,32.0,7,0,3800,3900,4000,4100,650,700,1300,1400,200,250,400,450,100,150,150,200,20261009,1100,1200,550,600,100,150,100,150,20,30,40,50,0,10,10,20,20261009,2026-10-09 08:17
명동 관광특구,POI003,서행,19.0,2026-10-09 08:15,93,12070.0,7.0,7.0,54.0,7,1,1900,2000,7700,7800,500,550,2200,2300,200,250,800,850,80,90,350,400,20261009,800,850,1900,2000,100,150,400,450,50,60,150,200,10,20,80,90,20261009,2026-10-09 08:17
이태원 관광특구,POI004,서행,22.0,2026-10-09 08:15,8,853.0,,3.0,17.0,0,0,1600,1700,1800,1900,200,250,250,300,40,50,100,150,20,30,50,60,20261009,1000,1100,450,500,70,80,60,70,10,20,20,30,10,20,0,10,20261009,2026-10-09 08:17
잠실 관광특구,POI005,서행,23.0,2026-10-09 08:15,37,11997.0,79.0,6.0,50.0,11,0,3200,3300,4800,4900,750,800,1100,1200,250,300,450,500,100,150,150,200,20261009,650,700,1200,1300,150,200,300,350,40,50,100,150,10,20,50,60,20261009,2026-10-09 08:17
종로·청계 관광특구,POI006,서행,21.0,2026-10-09 08:15,48,2496.0,41.0,10.0,62.0,0,0,4200,4300,7200,7300,750,800,2200,2300,250,300,750,800,100,150,300,350,20261009,1900,2000,1800,1900,200,250,350,400,70,80,150,200,30,40,60,70,20261009,2026-10-09 08:17
홍대 관광특구,POI007,서행,18.0,2026-10-09 08:15,51,3098.0,,8.0,70.0,0,0,5800,5900,3000,3100,1000,1100,900,950,300,350,250,300,150,200,100,150,20261009,1400,1500,1100,1200,200,250,250,300,60,70,70,80,10,20,40,50,20261009,2026-10-09 08:17
경복궁,POI008,서행,22.0,2026-10-09 08:15,2,267.0,,1.0,11.0,4,0,300,350,600,650,100,150,200,250,50,60,90,100,20,30,40,50,20261009,0,10,20,30,0,10,20,30,0,0,0,10,0,0,0,10,20261009,2026-10-09 08:17
광화문·덕수궁,POI009,서행,20.0,2026-10-09 08:15,29,7988.0,185.0,4.0,41.0,13,1,1100,1200,4200,4300,300,350,1100,1200,100,150,350,400,50,60,150,200,20261009,550,600,1200,1300,100,150,250,300,50,60,100,150,20,30,30,40,20261009,2026-10-09 08:17
보신각,POI010,서행,19.0,2026-10-09 08:15,14,2572.0,7.0,1.0,14.0,1,0,450,500,1100,1200,70,80,350,400,30,40,100,150,10,20,100,150,20261009,350,400,450,500,30,40,90,100,10,20,40,50,0,10,10,20,20261009,2026-10-09 08:17
서울 암사동 유적,POI011,서행,24.0,2026-10-09 08:15,1,108.0,,0.0,3.0,0,0,,,,,,,,,,,,,,,,,,0,0,0,10,0,0,0,0,0,0,0,0,0,0,0,0,20261009,2026-10-09 08:17
창덕궁·종묘,POI012,서행,21.0,2026-10-09 08:15,16,3155.0,308.0,4.0,19.0,2,0,1200,1300,2600,2700,250,300,750,800,80,90,250,300,30,40,100,150,20261009,100,150,350,400,10,20,80,90,10,20,30,40,0,10,10,20,20261009,2026-10-09 08:17
가산디지털단지역,POI013,서행,23.0,2026-10-09 08:15,20,8291.0,,2.0,71.0,0,0,1300,1400,1000,1100,200,250,300,350,80,90,100,150,10,20,40,50,20261009,400,450,750,800,70,80,150,200,20,30,80,90,0,10,30,40,20261009,2026-10-09 08:17
강남역,POI014,서행,19.0,2026-10-09 08:15,95,7876.0,,4.0,55.0,0,0,2100,2200,3000,3100,450,500,1000,1100,150,200,450,500,50,60,200,250,20261009,1200,1300,1000,1100,200,250,250,300,80,90,90,100,40,50,30,40,20261009,2026-10-09 08:17
건대입구역,POI015,서행,21.0,2026-10-09 08:15,23,6603.0,,2.0,11.0,3,0,2000,2100,1200,1300,450,500,300,350,150,200,100,150,80,90,30,40,20261009,300,350,300,350,40,50,50,60,0,10,20,30,0,0,0,10,20261009,2026-10-09 08:17
고덕역,POI016,원활,25.0,2026-10-09 08:15,15,1615.0,,1.0,5.0,0,0,350,400,250,300,90,100,70,80,30,40,20,30,10,20,20,30,20261009,70,80,50,60,10,20,10,20,0,10,0,0,0,0,0,0,20261009,2026-10-09 08:17
고속터미널역,POI017,원활,30.0,2026-10-09 08:15,3,4291.0,,3.0,10.0,0,0,1500,1600,6000,6100,550,600,2000,2100,200,250,700,750,100,150,350,400,20261009,650,700,1300,1400,100,150,250,300,60,70,100,150,10,20,30,40,20261009,2026-10-09 08:17
교대역,POI018,서행,21.0,2026-10-09 08:15,14,760.0,,2.0,13.0,0,0,750,800,2000,2100,150,200,400,450,50,60,100,150,30,40,60,70,20261009,200,250,150,200,40,50,30,40,10,20,10,20,10,20,10,20,20261009,2026-10-09 08:17
구로디지털단지역,POI019,서행,21.0,2026-10-09 08:15,20,6911.0,,1.0,29.0,0,0,3300,3400,1100,1200,650,700,300,350,200,250,100,150,70,80,50,60,20261009,300,350,200,250,80,90,50,60,30,40,10,20,0,10,0,10,20261009,2026-10-09 08:17
구로역,POI020,원활,27.0,2026-10-09 08:15,3,1047.0,,1.0,5.0,0,0,1800,1900,600,650,200,250,100,150,90,100,70,80,0,0,0,0,20261009,70,80,350,400,10,20,40,50,0,0,10,20,0,0,0,0,20261009,2026-10-09 08:17
군자역,POI021,서행,17.0,2026-10-09 08:15,11,573.0,,2.0,16.0,0,0,1600,1700,600,650,350,400,150,200,100,150,50,60,80,90,30,40,20261009,350,400,350,400,50,60,70,80,10,20,20,30,0,10,10,20,20261009,2026-10-09 08:17
대림역,POI023,서행,19.0,2026-10-09 08:15,4,221.0,,2.0,29.0,0,0,3400,3500,850,900,650,700,200,250,200,250,70,80,90,100,30,40,20261009,500,550,550,600,60,70,100,150,10,20,50,60,0,10,20,30,20261009,2026-10-09 08:17
동대문역,POI024,서행,21.0,2026-10-09 08:15,17,892.0,0.0,2.0,7.0,0,0,1500,1600,1700,1800,200,250,550,600,70,80,150,200,20,30,60,70,20261009,450,500,500,550,50,60,100,150,20,30,40,50,10,20,10,20,20261009,2026-10-09 08:17
뚝섬역,POI025,서행,21.0,2026-10-09 08:15,9,767.0,,1.0,4.0,1,0,450,500,600,650,100,150,150,200,50,60,70,80,20,30,40,50,20261009,40,50,80,90,10,20,10,20,0,10,0,10,0,0,0,10,20261009,2026-10-09 08:17
미아사거리역,POI026,서행,18.0,2026-10-09 08:15,11,1409.0,,1.0,29.0,0,0,1700,1800,600,650,450,500,150,200,150,200,40,50,90,100,20,30,20261009,1300,1400,1400,1500,250,300,300,350,100,150,100,150,30,40,30,40,20261009,2026-10-09 08:17
발산역,POI027,서행,16.0,2026-10-09 08:15,13,2880.0,,1.0,37.0,0,0,550,600,650,700,150,200,200,250,70,80,80,90,30,40,50,60,20261009,300,350,350,400,50,60,90,100,20,30,30,40,0,10,10,20,20261009,2026-10-09 08:17
사당역,POI029,서행,22.0,2026-10-09 08:15,13,520.0,,2.0,17.0,1,0,2700,2800,3100,3200,600,650,650,700,250,300,250,300,90,100,100,150,20261009,350,400,500,550,70,80,90,100,10,20,30,40,0,10,10,20,20261009,2026-10-09 08:17
삼각지역,POI030,원활,25.0,2026-10-09 08:15,0,,,2.0,7.0,0,0,300,350,350,400,100,150,100,150,20,30,40,50,0,10,10,20,20261009,400,450,400,450,50,60,50,60,20,30,10,20,0,10,0,10,20261009,2026-10-09 08:17
서울대입구역,POI031,서행,22.0,2026-10-09 08:15,2,52.0,,1.0,15.0,0,0,2500,2600,900,950,600,650,250,300,200,250,100,150,100,150,50,60,20261009,1000,1100,1200,1300,200,250,250,300,70,80,70,80,20,30,30,40,20261009,2026-10-09 08:17
서울식물원·마곡나루역,POI032,서행,17.0,2026-10-09 08:15,2,2651.0,,2.0,15.0,3,0,750,800,700,750,150,200,200,250,70,80,80,90,20,30,30,40,20261009,40,50,100,150,10,20,30,40,0,10,0,10,0,0,0,0,20261009,2026-10-09 08:17
서울역,POI033,서행,20.0,2026-10-09 08:15,23,3968.0,0.0,8.0,34.0,1,0,4300,4400,11700,11800,1200,1300,3200,3300,500,550,1100,1200,200,250,450,500,20261009,950,1000,2800,2900,150,200,400,450,60,70,100,150,20,30,70,80,20261009,2026-10-09 08:17
선릉역,POI034,서행,20.0,2026-10-09 08:15,94,11160.0,27.0,4.0,20.0,0,0,1200,1300,2600,2700,250,300,700,750,90,100,250,300,30,40,80,90,20261009,500,550,450,500,90,100,90,100,30,40,40,50,10,20,20,30,20261009,2026-10-09 08:17
성신여대입구역,POI035,서행,16.0,2026-10-09 08:15,2,38.0,,2.0,9.0,1,0,1000,1100,550,600,250,300,200,250,80,90,70,80,30,40,20,30,20261009,550,600,700,750,100,150,200,250,60,70,80,90,20,30,30,40,20261009,2026-10-09 08:17
수유역,POI036,서행,18.0,2026-10-09 08:15,8,802.0,,1.0,32.0,0,0,2700,2800,800,850,750,800,250,300,300,350,100,150,150,200,40,50,20261009,1700,1800,1900,2000,350,400,450,500,100,150,150,200,70,80,60,70,20261009,2026-10-09 08:17
신논현역·논현역,POI037,서행,22.0,2026-10-09 08:15,32,1053.0,,3.0,13.0,0,0,1000,1100,1200,1300,200,250,350,400,80,90,100,150,20,30,80,90,20261009,550,600,400,450,80,90,60,70,30,40,10,20,20,30,0,10,20261009,2026-10-09 08:17
신도림역,POI038,원활,38.0,2026-10-09 08:15,1,1644.0,,2.0,2.0,0,0,3100,3200,1600,1700,600,650,400,450,250,300,150,200,100,150,70,80,20261009,150,200,600,650,10,20,90,100,0,10,20,30,0,0,10,20,20261009,2026-10-09 08:17
신림역,POI039,서행,17.0,2026-10-09 08:15,2,282.0,,2.0,15.0,0,0,4000,4100,1200,1300,900,950,250,300,300,350,100,150,100,150,40,50,20261009,1400,1500,2100,2200,200,250,450,500,60,70,150,200,10,20,50,60,20261009,2026-10-09 08:17
신촌·이대역,POI040,서행,17.0,2026-10-09 08:15,25,1943.0,66.0,4.0,41.0,0,0,1500,1600,1000,1100,300,350,300,350,100,150,150,200,40,50,40,50,20261009,1000,1100,1000,1100,150,200,200,250,50,60,80,90,10,20,30,40,20261009,2026-10-09 08:17
양재역,POI041,원활,26.0,2026-10-09 08:15,16,1881.0,,2.0,27.0,0,0,950,1000,2300,2400,200,250,550,600,70,80,200,250,40,50,100,150,20261009,700,750,700,750,150,200,150,200,70,80,50,60,10,20,20,30,20261009,2026-10-09 08:17
역삼역,POI042,서행,20.0,2026-10-09 08:15,47,7473.0,1.0,1.0,10.0,0,0,550,600,1200,1300,100,150,350,400,40,50,150,200,10,20,80,90,20261009,300,350,400,450,50,60,80,90,10,20,30,40,0,0,10,20,20261009,2026-10-09 08:17
연신내역,POI043,서행,17.0,2026-10-09 08:15,5,208.0,,3.0,14.0,0,0,3200,3300,1300,1400,800,850,350,400,300,350,150,200,150,200,90,100,20261009,450,500,600,650,100,150,150,200,30,40,60,70,0,10,10,20,20261009,2026-10-09 08:17
오목교역·목동운동장,POI044,원활,27.0,2026-10-09 08:15,14,5304.0,,1.0,33.0,0,0,600,650,550,600,150,200,200,250,40,50,90,100,10,20,10,20,20261009,550,600,750,800,100,150,200,250,40,50,90,100,20,30,40,50,20261009,2026-10-09 08:17
왕십리역,POI045,서행,20.0,2026-10-09 08:15,4,1478.0,,5.0,22.0,0,0,1800,1900,1300,1400,400,450,300,350,150,200,100,150,50,60,40,50,20261009,100,150,300,350,40,50,70,80,10,20,30,40,0,10,10,20,20261009,2026-10-09 08:17
용산역,POI046,서행,23.0,2026-10-09 08:15,11,5014.0,95.0,2.0,33.0,0,0,950,1000,5200,5300,250,300,1300,1400,100,150,500,550,20,30,20,30,20261009,350,400,550,600,80,90,70,80,40,50,20,30,10,20,10,20,20261009,2026-10-09 08:17
이태원역,POI047,서행,18.0,2026-10-09 08:15,4,66.0,,1.0,9.0,0,0,1400,1500,1100,1200,100,150,100,150,20,30,40,50,0,10,10,20,20261009,750,800,200,250,40,50,30,40,10,20,10,20,10,20,0,10,20261009,2026-10-09 08:17
장지역,POI048,서행,22.0,2026-10-09 08:15,4,10611.0,,1.0,20.0,0,0,650,700,600,650,150,200,250,300,40,50,60,70,10,20,40,50,20261009,300,350,300,350,50,60,100,150,10,20,10,20,0,10,0,10,20261009,2026-10-09 08:17
장한평역,POI049,서행,24.0,2026-10-09 08:15,15,847.0,,1.0,16.0,0,0,900,950,650,700,200,250,200,250,80,90,80,90,20,30,30,40,20261009,600,650,750,800,100,150,150,200,50,60,70,80,10,20,30,40,20261009,2026-10-09 08:17
천호역,POI050,서행,20.0,2026-10-09 08:15,14,3331.0,,2.0,12.0,0,0,1800,1900,1200,1300,450,500,300,350,150,200,100,150,80,90,60,70,20261009,150,200,350,400,30,40,70,80,0,10,20,30,0,10,10,20,20261009,2026-10-09 08:17
총신대입구(이수)역,POI051,서행,20.0,2026-10-09 08:15,7,533.0,,2.0,18.0,0,0,1500,1600,1100,1200,400,450,250,300,150,200,90,100,70,80,40,50,20261009,400,450,350,400,100,150,90,100,30,40,30,40,10,20,10,20,20261009,2026-10-09 08:17
충정로역,POI052,원활,26.0,2026-10-09 08:15,5,834.0,,2.0,19.0,0,0,450,500,400,450,100,150,80,90,50,60,30,40,20,30,20,30,20261009,300,350,250,300,60,70,40,50,10,20,10,20,0,10,0,10,20261009,2026-10-09 08:17
합정역,POI053,원활,25.0,2026-10-09 08:15,6,207.0,,2.0,30.0,0,0,1500,1600,1100,1200,250,300,300,350,100,150,80,90,50,60,30,40,20261009,400,450,400,450,70,80,90,100,20,30,30,40,0,10,10,20,20261009,2026-10-09 08:17
혜화역,POI054,서행,20.0,2026-10-09 08:15,24,955.0,,1.0,12.0,7,0,500,550,800,850,100,150,200,250,50,60,100,150,20,30,50,60,20261009,400,450,400,450,90,100,70,80,20,30,20,30,0,10,10,20,20261009,2026-10-09 08:17
홍대입구역(2호선),POI055,서행,18.0,2026-10-09 08:15,16,1196.0,,1.0,17.0,0,0,2300,2400,1000,1100,350,400,300,350,100,150,80,90,50,60,30,40,20261009,700,750,750,800,100,150,150,200,40,50,40,50,10,20,30,40,20261009,2026-10-09 08:17
회기역,POI056,서행,22.0,2026-10-09 08:15,21,408.0,,1.0,22.0,0,0,1400,1500,650,700,300,350,150,200,100,150,60,70,0,0,0,0,20261009,850,900,1000,1100,200,250,200,250,80,90,70,80,40,50,40,50,20261009,2026-10-09 08:17
가락시장,POI058,원활,26.0,2026-10-09 08:15,4,2884.0,,2.0,16.0,0,0,900,950,700,750,200,250,150,200,70,80,80,90,20,30,20,30,20261009,650,700,550,600,150,200,100,150,60,70,40,50,20,30,10,20,20261009,2026-10-09 08:17
가로수길,POI059,원활,29.0,2026-10-09 08:15,51,2767.0,44.0,2.0,14.0,0,0,850,900,1700,1800,200,250,500,550,70,80,150,200,20,30,50,60,20261009,150,200,350,400,20,30,50,60,0,10,0,10,0,0,0,0,20261009,2026-10-09 08:17
광장(전통)시장,POI060,서행,19.0,2026-10-09 08:15,7,103.0,7.0,1.0,11.0,0,0,300,350,1100,1200,80,90,350,400,20,30,150,200,10,20,50,60,20261009,100,150,350,400,20,30,90,100,0,10,20,30,0,10,10,20,20261009,2026-10-09 08:17
김포공항,POI061,원활,31.0,2026-10-09 08:15,6,16594.0,,6.0,27.0,0,0,750,800,2100,2200,150,200,500,550,90,100,150,200,20,30,60,70,20261009,80,90,250,300,20,30,50,60,0,10,10,20,0,10,0,10,20261009,2026-10-09 08:17
노량진,POI063,서행,23.0,2026-10-09 08:15,11,1218.0,,3.0,22.0,1,0,2500,2600,1700,1800,450,500,550,600,150,200,200,250,30,40,30,40,20261009,800,850,1800,1900,150,200,450,500,50,60,100,150,30,40,60,70,20261009,2026-10-09 08:17
덕수궁길·정동길,POI064,서행,18.0,2026-10-09 08:15,10,620.0,,3.0,10.0,0,0,900,950,2900,3000,250,300,700,750,100,150,250,300,50,60,150,200,20261009,200,250,400,450,50,60,70,80,10,20,20,30,10,20,0,10,20261009,2026-10-09 08:17
북촌한옥마을,POI066,서행,22.0,2026-10-09 08:15,16,1756.0,,1.0,55.0,9,0,200,250,750,800,60,70,200,250,20,30,70,80,10,20,30,40,20261009,300,350,550,600,80,90,150,200,20,30,50,60,10,20,20,30,20261009,2026-10-09 08:17
서촌,POI067,서행,19.0,2026-10-09 08:15,9,308.0,,1.0,32.0,4,0,300,350,600,650,100,150,200,250,50,60,90,100,20,30,40,50,20261009,350,400,450,500,100,150,100,150,40,50,50,60,20,30,20,30,20261009,2026-10-09 08:17
성수카페거리,POI068,서행,18.0,2026-10-09 08:15,28,2824.0,,2.0,35.0,1,0,1000,1100,2400,2500,250,300,550,600,100,150,200,250,30,40,70,80,20261009,200,250,350,400,40,50,50,60,10,20,20,30,0,10,10,20,20261009,2026-10-09 08:17
쌍문역,POI070,서행,20.0,2026-10-09 08:15,8,345.0,,1.0,18.0,0,0,2500,2600,550,600,600,650,150,200,200,250,30,40,50,60,0,10,20261009,650,700,1100,1200,150,200,300,350,60,70,100,150,10,20,40,50,20261009,2026-10-09 08:17
압구정로데오거리,POI071,서행,22.0,2026-10-09 08:15,55,1976.0,1.0,1.0,16.0,1,0,200,250,700,750,30,40,150,200,10,20,100,150,0,0,0,0,20261009,300,350,700,750,50,60,150,200,20,30,40,50,0,10,10,20,20261009,2026-10-09 08:17
여의도,POI072,원활,27.0,2026-10-09 08:15,116,24820.0,219.0,9.0,63.0,4,0,2600,2700,3000,3100,500,550,850,900,150,200,250,300,60,70,100,150,20261009,1200,1300,2200,2300,200,250,400,450,100,150,150,200,30,40,70,80,20261009,2026-10-09 08:17
연남동,POI073,서행,20.0,2026-10-09 08:15,45,132.0,,0.0,20.0,0,0,,,,,,,,,,,,,,,,,,300,350,300,350,60,70,80,90,20,30,30,40,10,20,10,20,20261009,2026-10-09 08:17
영등포 타임스퀘어,POI074,서행,22.0,2026-10-09 08:15,10,1195.0,17.0,3.0,24.0,0,0,2300,2400,2400,2500,400,450,500,550,150,200,150,200,0,10,0,10,20261009,650,700,1200,1300,100,150,200,250,30,40,70,80,10,20,20,30,20261009,2026-10-09 08:17
용리단길,POI076,서행,23.0,2026-10-09 08:15,0,,,3.0,7.0,0,0,550,600,1200,1300,150,200,350,400,50,60,100,150,20,30,40,50,20261009,100,150,450,500,20,30,70,80,10,20,20,30,0,0,0,10,20261009,2026-10-09 08:17
이태원 앤틱가구거리,POI077,서행,22.0,2026-10-09 08:15,4,51.0,,1.0,13.0,0,0,1400,1500,1100,1200,100,150,100,150,20,30,40,50,0,10,10,20,20261009,300,350,300,350,30,40,30,40,0,10,10,20,0,10,0,0,20261009,2026-10-09 08:17
인사동,POI078,서행,18.0,2026-10-09 08:15,21,2465.0,1.0,2.0,26.0,7,0,650,700,1900,2000,100,150,600,650,50,60,200,250,20,30,100,150,20261009,550,600,500,550,70,80,100,150,20,30,40,50,10,20,30,40,20261009,2026-10-09 08:17
창동 신경제 중심지,POI079,서행,19.0,2026-10-09 08:15,46,4927.0,12.0,4.0,55.0,5,0,3600,3700,1800,1900,850,900,500,550,300,350,150,200,100,150,70,80,20261009,700,750,1000,1100,150,200,250,300,50,60,70,80,20,30,30,40,20261009,2026-10-09 08:17
청담동 명품거리,POI080,서행,22.0,2026-10-09 08:15,16,910.0,,1.0,10.0,0,0,200,250,700,750,30,40,150,200,10,20,100,150,0,0,0,0,20261009,100,150,300,350,20,30,80,90,10,20,20,30,0,10,10,20,20261009,2026-10-09 08:17
청량리 제기동 일대 전통시장,POI081,서행,20.0,2026-10-09 08:15,12,2214.0,,2.0,23.0,0,0,1800,1900,1500,1600,450,500,400,450,150,200,150,200,70,80,80,90,20261009,1400,1500,2200,2300,250,300,400,450,90,100,100,150,30,40,50,60,20261009,2026-10-09 08:17
해방촌·경리단길,POI082,원활,34.0,2026-10-09 08:15,4,273.0,,0.0,26.0,1,0,,,,,,,,,,,,,,,,,,300,350,150,200,90,100,50,60,20,30,10,20,0,0,0,0,20261009,2026-10-09 08:17
DDP(동대문디자인플라자),POI083,서행,21.0,2026-10-09 08:15,9,2596.0,138.0,3.0,11.0,5,0,1100,1200,1300,1400,200,250,400,450,90,100,150,200,40,50,60,70,20261009,400,450,150,200,20,30,40,50,0,10,20,30,0,0,0,10,20261009,2026-10-09 08:17
DMC(디지털미디어시티),POI084,서행,21.0,2026-10-09 08:15,25,9176.0,,4.0,68.0,0,0,1400,1500,950,1000,400,450,250,300,150,200,90,100,80,90,60,70,20261009,400,450,500,550,100,150,100,150,30,40,50,60,0,10,20,30,20261009,2026-10-09 08:17
강서한강공원,POI085,원활,56.0,2026-10-09 08:15,2,106.0,16.0,0.0,1.0,0,0,,,,,,,,,,,,,,,,,,0,0,0,0,0,0,0,0,0,0,0,0,0,0,0,0,20261009,2026-10-09 08:17
고척돔,POI086,원활,29.0,2026-10-09 08:15,0,,,1.0,3.0,4,0,450,500,150,200,90,100,60,70,40,50,20,30,0,0,0,0,20261009,150,200,150,200,40,50,20,30,10,20,0,10,0,0,0,10,20261009,2026-10-09 08:17
광나루한강공원,POI087,원활,64.0,2026-10-09 08:15,4,718.0,205.0,0.0,0.0,0,0,,,,,,,,,,,,,,,,,,,,,,,,,,,,,,,,,,,2026-10-09 08:17
광화문광장,POI088,서행,22.0,2026-10-09 08:15,3,2932.0,185.0,2.0,12.0,5,0,550,600,1600,1700,150,200,450,500,60,70,150,200,20,30,60,70,20261009,200,250,400,450,50,60,100,150,10,20,50,60,0,10,20,30,20261009,2026-10-09 08:17
국립중앙박물관·용산가족공원,POI089,원활,35.0,2026-10-09 08:15,4,931.0,,3.0,3.0,3,0,500,550,1000,1100,90,100,400,450,30,40,200,250,0,10,100,150,20261009,0,10,40,50,0,10,10,20,0,0,10,20,0,0,0,0,20261009,2026-10-09 08:17
난지한강공원,POI090,원활,58.0,2026-10-09 08:15,4,1240.0,0.0,0.0,7.0,0,0,,,,,,,,,,,,,,,,,,0,0,0,0,0,0,0,0,0,0,0,0,0,0,0,0,20261009,2026-10-09 08:17
남산공원,POI091,원활,33.0,2026-10-09 08:15,33,2148.0,20.0,5.0,37.0,6,0,1200,1300,3300,3400,300,350,1000,1100,100,150,350,400,40,50,150,200,20261009,200,250,400,450,60,70,100,150,20,30,30,40,0,10,10,20,20261009,2026-10-09 08:17
노들섬,POI092,원활,30.0,2026-10-09 08:15,1,99.0,,0.0,4.0,4,0,,,,,,,,,,,,,,,,,,50,60,80,90,0,10,10,20,0,10,0,10,0,0,0,0,20261009,2026-10-09 08:17
뚝섬한강공원,POI093,원활,55.0,2026-10-09 08:15,8,1342.0,272.0,1.0,1.0,1,0,550,600,200,250,100,150,60,70,40,50,10,20,10,20,0,10,20261009,0,0,0,0,0,0,0,0,0,0,0,0,0,0,0,0,20261009,2026-10-09 08:17
망원한강공원,POI094,원활,40.0,2026-10-09 08:15,2,458.0,0.0,2.0,10.0,0,0,1500,1600,1100,1200,250,300,300,350,100,150,80,90,50,60,30,40,20261009,300,350,350,400,40,50,80,90,10,20,20,30,0,0,10,20,20261009,2026-10-09 08:17
반포한강공원,POI095,원활,48.0,2026-10-09 08:15,9,1483.0,9.0,0.0,6.0,0,0,,,,,,,,,,,,,,,,,,0,10,0,10,0,10,0,0,0,0,0,0,0,0,0,0,20261009,2026-10-09 08:17
북서울꿈의숲,POI096,서행,22.0,2026-10-09 08:15,3,549.0,,0.0,17.0,1,0,,,,,,,,,,,,,,,,,,200,250,70,80,40,50,20,30,20,30,10,20,10,20,0,10,20261009,2026-10-09 08:17
서리풀공원·몽마르뜨공원,POI098,원활,28.0,2026-10-09 08:15,0,,,4.0,7.0,0,0,1900,2000,6400,6500,650,700,2100,2200,250,300,750,800,100,150,350,400,20261009,600,650,1100,1200,100,150,250,300,60,70,90,100,10,20,40,50,20261009,2026-10-09 08:17
서울대공원,POI100,원활,30.0,2026-10-09 08:15,0,,,1.0,0.0,0,0,30,40,250,300,10,20,70,80,0,10,30,40,0,0,0,0,20261009,,,,,,,,,,,,,,,,,,2026-10-09 08:17
서울숲공원,POI101,원활,39.0,2026-10-09 08:15,2,996.0,,1.0,9.0,2,0,250,300,300,350,40,50,70,80,10,20,40,50,0,0,0,0,20261009,20,30,70,80,0,10,10,20,0,0,0,10,0,0,0,10,20261009,2026-10-09 08:17
아차산,POI102,원활,33.0,2026-10-09 08:15,0,,,0.0,3.0,0,0,,,,,,,,,,,,,,,,,,10,20,0,0,0,10,0,0,0,0,0,0,0,0,0,0,20261009,2026-10-09 08:17
양화한강공원,POI103,원활,43.0,2026-10-09 08:15,6,1002.0,76.0,0.0,5.0,0,0,,,,,,,,,,,,,,,,,,0,10,20,30,0,0,0,10,0,0,0,0,0,0,0,0,20261009,2026-10-09 08:17
어린이대공원,POI104,서행,20.0,2026-10-09 08:15,4,945.0,,2.0,9.0,4,0,1400,1500,800,850,300,350,250,300,100,150,90,100,40,50,40,50,20261009,100,150,150,200,30,40,20,30,10,20,0,10,0,0,0,0,20261009,2026-10-09 08:17
여의도한강공원,POI105,원활,41.0,2026-10-09 08:15,6,2866.0,140.0,1.0,3.0,0,0,150,200,350,400,20,30,100,150,10,20,60,70,0,10,40,50,20261009,40,50,50,60,0,10,0,10,0,10,0,10,0,0,0,0,20261009,2026-10-09 08:17
월드컵공원,POI106,원활,32.0,2026-10-09 08:15,9,3537.0,,4.0,34.0,0,1,1400,1500,2200,2300,400,450,700,750,100,150,200,250,80,90,100,150,20261009,100,150,500,550,30,40,200,250,0,10,40,50,0,10,20,30,20261009,2026-10-09 08:17
응봉산,POI107,원활,26.0,2026-10-09 08:15,3,88.0,,1.0,24.0,0,0,150,200,30,40,20,30,0,10,0,10,0,0,0,0,0,0,20261009,150,200,80,90,40,50,10,20,20,30,0,10,0,10,0,10,20261009,2026-10-09 08:17
이촌한강공원,POI108,원활,43.0,2026-10-09 08:15,2,514.0,0.0,0.0,4.0,1,0,,,,,,,,,,,,,,,,,,0,0,10,20,0,0,0,10,0,0,0,0,0,0,0,0,20261009,2026-10-09 08:17
잠실종합운동장,POI109,원활,26.0,2026-10-09 08:15,1,876.0,,2.0,4.0,0,0,350,400,1300,1400,80,90,150,200,30,40,30,40,10,20,0,10,20261009,70,80,100,150,0,10,10,20,0,10,0,10,0,0,0,10,20261009,2026-10-09 08:17
잠실한강공원,POI110,원활,44.0,2026-10-09 08:15,4,1326.0,116.0,1.0,9.0,0,0,500,550,400,450,150,200,100,150,50,60,30,40,20,30,10,20,20261009,10,20,90,100,0,0,10,20,0,0,0,10,0,0,0,0,20261009,2026-10-09 08:17
잠원한강공원,POI111,원활,57.0,2026-10-09 08:15,3,1540.0,0.0,0.0,5.0,0,0,,,,,,,,,,,,,,,,,,20,30,30,40,0,10,0,0,0,0,0,0,0,0,0,0,20261009,2026-10-09 08:17
청계산,POI112,원활,58.0,2026-10-09 08:15,0,,,0.0,9.0,0,0,,,,,,,,,,,,,,,,,,0,10,0,0,0,10,0,0,0,10,0,0,0,0,0,0,20261009,2026-10-09 08:17
북창동 먹자골목,POI114,서행,16.0,2026-10-09 08:15,20,552.0,0.0,0.0,11.0,0,0,,,,,,,,,,,,,,,,,,200,250,450,500,40,50,100,150,10,20,40,50,0,10,30,40,20261009,2026-10-09 08:17
남대문시장,POI115,서행,19.0,2026-10-09 08:15,16,1456.0,4.0,1.0,7.0,0,0,,,,,,,,,,,,,,,,,,100,150,350,400,30,40,100,150,10,20,50,60,0,10,30,40,20261009,2026-10-09 08:17
익선동,POI116,서행,16.0,2026-10-09 08:15,10,187.0,1.0,3.0,11.0,1,0,900,950,1400,1500,150,200,400,450,50,60,100,150,20,30,50,60,20261009,350,400,300,350,40,50,60,70,10,20,10,20,0,10,0,10,20261009,2026-10-09 08:17
신정네거리역,POI117,서행,19.0,2026-10-09 08:15,3,119.0,,1.0,9.0,0,0,,,,,,,,,,,,,,,,,,,,,,,,,,,,,,,,,,,2026-10-09 08:17
잠실새내역,POI118,서행,20.0,2026-10-09 08:15,31,1541.0,,1.0,18.0,0,0,700,750,400,450,150,200,100,150,60,70,40,50,20,30,20,30,20261009,250,300,300,350,70,80,70,80,10,20,20,30,0,10,10,20,20261009,2026-10-09 08:17
잠실역,POI119,서행,23.0,2026-10-09 08:15,5,6749.0,79.0,2.0,21.0,0,0,,,,,,,,,,,,,,,,,,650,700,1300,1400,100,150,250,300,50,60,100,150,10,20,50,60,20261009,2026-10-09 08:17
잠실롯데타워·석촌호수,POI120,서행,21.0,2026-10-09 08:15,33,9281.0,79.0,3.0,0.0,3,0,,,,,,,,,,,,,,,,,,,,,,,,,,,,,,,,,,,2026-10-09 08:17
송리단길·호수단길,POI121,서행,23.0,2026-10-09 08:15,21,878.0,,1.0,15.0,0,0,300,350,300,350,70,80,100,150,10,20,60,70,10,20,30,40,20261009,350,400,400,450,80,90,80,90,20,30,20,30,10,20,10,20,20261009,2026-10-09 08:17
신촌 스타광장,POI122,서행,16.0,2026-10-09 08:15,4,235.0,,1.0,4.0,0,0,,,,,,,,,,,,,,,,,,300,350,300,350,50,60,60,70,20,30,20,30,10,20,10,20,20261009,2026-10-09 08:17
보라매공원,POI123,서행,15.0,2026-10-09 08:15,1,78.0,,2.0,5.0,0,0,200,250,200,250,60,70,40,50,20,30,10,20,0,0,0,0,20261009,0,0,0,10,0,0,0,0,0,0,0,0,0,0,0,0,20261009,2026-10-09 08:17
서대문독립공원,POI124,원활,27.0,2026-10-09 08:15,2,150.0,,1.0,18.0,0,0,300,350,0,0,70,80,0,0,30,40,0,0,10,20,0,0,20261009,300,350,300,350,70,80,60,70,30,40,30,40,10,20,10,20,20261009,2026-10-09 08:17
안양천,POI125,원활,46.0,2026-10-09 08:15,1,294.0,,0.0,1.0,0,0,,,,,,,,,,,,,,,,,,0,0,0,0,0,0,0,0,0,0,0,0,0,0,0,0,20261009,2026-10-09 08:17
여의서로,POI126,원활,35.0,2026-10-09 08:15,2,168.0,38.0,0.0,0.0,0,0,,,,,,,,,,,,,,,,,,,,,,,,,,,,,,,,,,,2026-10-09 08:17
올림픽공원,POI127,원활,26.0,2026-10-09 08:15,4,2716.0,,4.0,17.0,8,0,,,,,,,,,,,,,,,,,,150,200,200,250,40,50,60,70,10,20,20,30,0,10,10,20,20261009,2026-10-09 08:17
홍제폭포,POI128,원활,30.0,2026-10-09 08:15,0,,,0.0,0.0,0,0,,,,,,,,,,,,,,,,,,,,,,,,,,,,,,,,,,,2026-10-09 08:17
송현녹지광장,POI129,서행,22.0,2026-10-09 08:15,4,1546.0,,1.0,25.0,8,0,200,250,750,800,60,70,200,250,20,30,70,80,10,20,30,40,20261009,250,300,500,550,60,70,100,150,20,30,50,60,10,20,20,30,20261009,2026-10-09 08:17
시의회 앞,POI130,서행,21.0,2026-10-09 08:15,9,1723.0,,3.0,25.0,6,0,750,800,3600,3700,200,250,900,950,70,80,250,300,30,40,100,150,20261009,300,350,850,900,70,80,150,200,30,40,60,70,10,20,10,20,20261009,2026-10-09 08:17
강남 MICE 관광특구,POI001,서행,19.0,2026-10-09 09:05,3,4428.0,,2.0,6.0,1,0,1000,1100,4000,4100,200,250,800,850,70,80,250,300,20,30,100,150,20261009,100,150,250,300,10,20,30,40,0,10,10,20,0,0,0,10,20261009,2026-10-09 09:07
동대문 관광특구,POI002,서행,19.0,2026-10-09 09:05,47,8302.0,159.0,7.0,32.0,7,0,5500,5600,6800,6900,1000,1100,1800,1900,300,350,650,700,200,250,350,400,20261009,1300,1400,800,850,100,150,150,200,50,60,40,50,20,30,10,20,20261009,2026-10-09 09:07
명동 관광특구,POI003,서행,19.0,2026-10-09 09:05,93,12070.0,6.0,7.0,54.0,7,1,3300,3400,12900,13000,950,1000,3600,3700,350,400,1300,1400,150,200,700,750,20261009,1200,1300,2900,3000,300,350,600,650,150,200,250,300,60,70,70,80,20261009,2026-10-09 09:07
이태원 관광특구,POI004,서행,21.0,2026-10-09 09:05,8,853.0,,3.0,17.0,0,0,2000,2100,2400,2500,150,200,350,400,50,60,100,150,40,50,60,70,20261009,1100,1200,550,600,50,60,60,70,10,20,40,50,0,10,0,10,20261009,2026-10-09 09:07
잠실 관광특구,POI005,서행,23.0,2026-10-09 09:05,37,11997.0,90.0,6.0,50.0,11,0,5200,5300,8000,8100,1100,1200,2100,2200,350,400,800,850,200,250,400,450,20261009,950,1000,1800,1900,200,250,400,450,60,70,100,150,30,40,20,30,20261009,2026-10-09 09:07
종로·청계 관광특구,POI006,서행,19.0,2026-10-09 09:05,48,2496.0,39.0,10.0,62.0,0,0,6300,6400,12400,12500,1300,1400,3400,3500,450,500,1200,1300,250,300,650,700,20261009,2500,2600,2600,2700,300,350,500,550,100,150,150,200,40,50,60,70,20261009,2026-10-09 09:07
홍대 관광특구,POI007,서행,16.0,2026-10-09 09:05,51,3098.0,,8.0,70.0,0,0,8000,8100,5300,5400,1300,1400,1500,1600,450,500,550,600,250,300,300,350,20261009,1800,1900,1700,1800,250,300,400,450,100,150,100,150,50,60,80,90,20261009,2026-10-09 09:07
경복궁,POI008,서행,19.0,2026-10-09 09:05,2,267.0,,1.0,11.0,4,0,550,600,1400,1500,150,200,500,550,50,60,100,150,10,20,10,20,20261009,10,20,60,70,10,20,20,30,0,10,0,10,0,0,0,0,20261009,2026-10-09 09:07
광화문·덕수궁,POI009,서행,18.0,2026-10-09 09:05,29,7988.0,244.0,4.0,41.0,13,1,1800,1900,7400,7500,450,500,2200,2300,150,200,900,950,60,70,450,500,20261009,950,1000,1800,1900,200,250,400,450,90,100,200,250,30,40,70,80,20261009,2026-10-09 09:07
보신각,POI010,서행,18.0,2026-10-09 09:05,14,2572.0,7.0,1.0,14.0,1,0,650,700,2000,2100,100,150,600,650,30,40,150,200,10,20,40,50,20261009,450,500,650,700,90,100,100,150,30,40,70,80,10,20,20,30,20261009,2026-10-09 09:07
서울 암사동 유적,POI011,서행,24.0,2026-10-09 09:05,1,108.0,,0.0,3.0,0,0,,,,,,,,,,,,,,,,,,0,10,0,10,0,10,0,0,0,0,0,0,0,0,0,0,20261009,2026-10-09 09:07
창덕궁·종묘,POI012,서행,19.0,2026-10-09 09:05,16,3155.0,338.0,4.0,19.0,2,0,1900,2000,4300,4400,450,500,1000,1100,150,200,350,400,100,150,200,250,20261009,150,200,500,550,20,30,80,90,10,20,30,40,0,10,10,20,20261009,2026-10-09 09:07
가산디지털단지역,POI013,서행,23.0,2026-10-09 09:05,20,8291.0,,2.0,71.0,0,0,1900,2000,1700,1800,350,400,450,500,100,150,150,200,70,80,90,100,20261009,650,700,1100,1200,150,200,200,250,50,60,90,100,20,30,40,50,20261009,2026-10-09 09:07
강남역,POI014,서행,20.0,2026-10-09 09:05,95,7876.0,,4.0,55.0,0,0,3300,3400,5400,5500,650,700,1700,1800,200,250,600,650,100,150,450,500,20261009,1700,1800,1600,1700,300,350,350,400,100,150,100,150,30,40,50,60,20261009,2026-10-09 09:07
건대입구역,POI015,서행,21.0,2026-10-09 09:05,23,6603.0,,2.0,11.0,3,0,3100,3200,1900,2000,650,700,450,500,200,250,150,200,80,90,90,100,20261009,450,500,450,500,70,80,100,150,20,30,20,30,10,20,10,20,20261009,2026-10-09 09:07
고덕역,POI016,원활,25.0,2026-10-09 09:05,15,1615.0,,1.0,5.0,0,0,550,600,350,400,100,150,70,80,50,60,10,20,30,40,0,0,20261009,100,150,80,90,10,20,20,30,0,10,10,20,0,0,10,20,20261009,2026-10-09 09:07
고속터미널역,POI017,원활,27.0,2026-10-09 09:05,3,4291.0,,3.0,10.0,0,0,3000,3100,9500,9600,1000,1100,2200,2300,350,400,700,750,200,250,350,400,20261009,950,1000,1800,1900,200,250,300,350,80,90,100,150,40,50,40,50,20261009,2026-10-09 09:07
교대역,POI018,서행,19.0,2026-10-09 09:05,14,760.0,,2.0,13.0,0,0,1200,1300,2800,2900,250,300,450,500,90,100,150,200,60,70,100,150,20261009,250,300,200,250,50,60,50,60,20,30,20,30,0,10,10,20,20261009,2026-10-09 09:07
구로디지털단지역,POI019,서행,20.0,2026-10-09 09:05,20,6911.0,,1.0,29.0,0,0,4900,5000,1800,1900,1000,1100,400,450,250,300,150,200,150,200,100,150,20261009,450,500,300,350,80,90,80,90,20,30,20,30,0,10,10,20,20261009,2026-10-09 09:07
구로역,POI020,원활,28.0,2026-10-09 09:05,3,1047.0,,1.0,5.0,0,0,2300,2400,950,1000,300,350,200,250,100,150,80,90,50,60,20,30,20261009,100,150,450,500,30,40,60,70,10,20,30,40,0,10,0,10,20261009,2026-10-09 09:07
군자역,POI021,서행,19.0,2026-10-09 09:05,11,573.0,,2.0,16.0,0,0,2400,2500,1000,1100,500,550,250,300,150,200,90,100,60,70,30,40,20261009,450,500,500,550,70,80,90,100,20,30,20,30,10,20,0,10,20261009,2026-10-09 09:07
대림역,POI023,서행,21.0,2026-10-09 09:05,4,221.0,,2.0,29.0,0,0,5000,5100,1400,1500,950,1000,350,400,300,350,100,150,200,250,80,90,20261009,700,750,850,900,90,100,150,200,30,40,60,70,10,20,20,30,20261009,2026-10-09 09:07
동대문역,POI024,서행,18.0,2026-10-09 09:05,17,892.0,0.0,2.0,7.0,0,0,2100,2200,2900,3000,350,400,750,800,100,150,250,300,60,70,150,200,20261009,550,600,700,750,70,80,100,150,10,20,30,40,0,10,0,0,20261009,2026-10-09 09:07
뚝섬역,POI025,서행,20.0,2026-10-09 09:05,9,767.0,,1.0,4.0,1,0,650,700,900,950,150,200,200,250,40,50,90,100,10,20,30,40,20261009,60,70,100,150,10,20,20,30,0,10,0,10,0,0,0,10,20261009,2026-10-09 09:07
미아사거리역,POI026,서행,16.0,2026-10-09 09:05,11,1409.0,,1.0,29.0,0,0,2700,2800,950,1000,650,700,250,300,200,250,80,90,100,150,30,40,20261009,1900,2000,2100,2200,400,450,500,550,150,200,150,200,60,70,60,70,20261009,2026-10-09 09:07
발산역,POI027,서행,17.0,2026-10-09 09:05,13,2880.0,,1.0,37.0,0,0,900,950,1100,1200,200,250,250,300,50,60,70,80,10,20,0,0,20261009,400,450,500,550,70,80,100,150,20,30,50,60,0,10,20,30,20261009,2026-10-09 09:07
사당역,POI029,서행,19.0,2026-10-09 09:05,13,520.0,,2.0,17.0,1,0,4100,4200,4300,4400,900,950,750,800,250,300,250,300,100,150,150,200,20261009,500,550,750,800,100,150,150,200,30,40,70,80,10,20,30,40,20261009,2026-10-09 09:07
삼각지역,POI030,원활,25.0,2026-10-09 09:05,0,,,2.0,7.0,0,0,550,600,550,600,100,150,100,150,50,60,30,40,20,30,10,20,20261009,550,600,500,550,90,100,90,100,20,30,30,40,10,20,10,20,20261009,2026-10-09 09:07
서울대입구역,POI031,서행,20.0,2026-10-09 09:05,2,52.0,,1.0,15.0,0,0,3800,3900,1500,1600,850,900,400,450,250,300,100,150,100,150,0,0,20261009,1500,1600,1800,1900,300,350,350,400,100,150,100,150,30,40,20,30,20261009,2026-10-09 09:07
서울식물원·마곡나루역,POI032,서행,17.0,2026-10-09 09:05,2,2651.0,,2.0,15.0,3,0,1200,1300,1100,1200,300,350,250,300,90,100,100,150,70,80,50,60,20261009,70,80,200,250,10,20,50,60,0,10,10,20,0,0,10,20,20261009,2026-10-09 09:07
서울역,POI033,서행,19.0,2026-10-09 09:05,23,3968.0,0.0,8.0,34.0,1,0,8500,8600,17400,17500,2500,2600,3700,3800,850,900,1300,1400,600,650,750,800,20261009,1500,1600,3500,3600,450,500,450,500,150,200,150,200,40,50,80,90,20261009,2026-10-09 09:07
선릉역,POI034,서행,20.0,2026-10-09 09:05,94,11160.0,28.0,4.0,20.0,0,0,1800,1900,3900,4000,400,450,850,900,100,150,250,300,50,60,100,150,20261009,650,700,600,650,100,150,100,150,30,40,40,50,10,20,10,20,20261009,2026-10-09 09:07
성신여대입구역,POI035,서행,15.0,2026-10-09 09:05,2,38.0,,2.0,9.0,1,0,1700,1800,1000,1100,400,450,250,300,100,150,100,150,90,100,70,80,20261009,800,850,1000,1100,150,200,200,250,50,60,50,60,20,30,20,30,20261009,2026-10-09 09:07
수유역,POI036,서행,17.0,2026-10-09 09:05,8,802.0,,1.0,32.0,0,0,4100,4200,1400,1500,900,950,400,450,250,300,100,150,100,150,20,30,20261009,2500,2600,2900,3000,500,550,550,600,150,200,200,250,80,90,90,100,20261009,2026-10-09 09:07
신논현역·논현역,POI037,서행,23.0,2026-10-09 09:05,32,1053.0,,3.0,13.0,0,0,1600,1700,2200,2300,300,350,650,700,100,150,200,250,60,70,200,250,20261009,750,800,600,650,150,200,100,150,70,80,40,50,20,30,10,20,20261009,2026-10-09 09:07
신도림역,POI038,원활,42.0,2026-10-09 09:05,1,1644.0,,2.0,2.0,0,0,4400,4500,2300,2400,850,900,450,500,250,300,150,200,100,150,60,70,20261009,200,250,800,850,40,50,100,150,10,20,50,60,0,10,20,30,20261009,2026-10-09 09:07
신림역,POI039,서행,18.0,2026-10-09 09:05,2,282.0,,2.0,15.0,0,0,6400,6500,1800,1900,1400,1500,300,350,400,450,70,80,250,300,50,60,20261009,1900,2000,3200,3300,350,400,650,700,90,100,150,200,30,40,50,60,20261009,2026-10-09 09:07
신촌·이대역,POI040,서행,18.0,2026-10-09 09:05,25,1943.0,80.0,4.0,41.0,0,0,2300,2400,2000,2100,500,550,600,650,150,200,200,250,100,150,100,150,20261009,1400,1500,1600,1700,250,300,300,350,90,100,100,150,50,60,50,60,20261009,2026-10-09 09:07
양재역,POI041,원활,26.0,2026-10-09 09:05,16,1881.0,,2.0,27.0,0,0,1500,1600,3100,3200,350,400,550,600,100,150,150,200,90,100,70,80,20261009,1000,1100,950,1000,200,250,150,200,100,150,80,90,40,50,40,50,20261009,2026-10-09 09:07
역삼역,POI042,서행,19.0,2026-10-09 09:05,47,7473.0,1.0,1.0,10.0,0,0,800,850,1800,1900,150,200,500,550,60,70,150,200,20,30,80,90,20261009,400,450,500,550,70,80,80,90,10,20,30,40,0,0,0,10,20261009,2026-10-09 09:07
연신내역,POI043,서행,21.0,2026-10-09 09:05,5,208.0,,3.0,14.0,0,0,5000,5100,2100,2200,1100,1200,550,600,350,400,150,200,100,150,40,50,20261009,650,700,1000,1100,100,150,200,250,50,60,90,100,20,30,50,60,20261009,2026-10-09 09:07
오목교역·목동운동장,POI044,원활,27.0,2026-10-09 09:05,14,5304.0,,1.0,33.0,0,0,1000,1100,1000,1100,250,300,250,300,70,80,90,100,60,70,80,90,20261009,800,850,1100,1200,150,200,250,300,60,70,100,150,20,30,50,60,20261009,2026-10-09 09:07
왕십리역,POI045,서행,20.0,2026-10-09 09:05,4,1478.0,,5.0,22.0,0,0,2800,2900,2100,2200,650,700,550,600,150,200,150,200,70,80,90,100,20261009,200,250,500,550,40,50,100,150,10,20,40,50,0,10,30,40,20261009,2026-10-09 09:07
용산역,POI046,서행,22.0,2026-10-09 09:05,11,5014.0,91.0,2.0,33.0,0,0,2100,2200,8300,8400,800,850,1800,1900,400,450,600,650,250,300,300,350,20261009,600,650,750,800,100,150,100,150,60,70,40,50,20,30,20,30,20261009,2026-10-09 09:07
이태원역,POI047,서행,16.0,2026-10-09 09:05,4,66.0,,1.0,9.0,0,0,1600,1700,1300,1400,90,100,100,150,30,40,20,30,20,30,20,30,20261009,850,900,250,300,30,40,30,40,10,20,20,30,0,10,0,10,20261009,2026-10-09 09:07
장지역,POI048,서행,22.0,2026-10-09 09:05,4,10611.0,,1.0,20.0,0,0,1000,1100,900,950,200,250,150,200,60,70,60,70,40,50,10,20,20261009,400,450,450,500,60,70,100,150,20,30,50,60,0,10,10,20,20261009,2026-10-09 09:07
장한평역,POI049,서행,24.0,2026-10-09 09:05,15,847.0,,1.0,16.0,0,0,1400,1500,1100,1200,350,400,250,300,100,150,100,150,70,80,60,70,20261009,900,950,1200,1300,150,200,250,300,50,60,70,80,20,30,30,40,20261009,2026-10-09 09:07
천호역,POI050,서행,19.0,2026-10-09 09:05,14,3331.0,,2.0,12.0,0,0,2700,2800,1800,1900,600,650,400,450,150,200,100,150,80,90,60,70,20261009,200,250,500,550,40,50,80,90,0,10,20,30,0,10,10,20,20261009,2026-10-09 09:07
총신대입구(이수)역,POI051,서행,18.0,2026-10-09 09:05,7,533.0,,2.0,18.0,0,0,2200,2300,1700,1800,500,550,400,450,100,150,150,200,50,60,80,90,20261009,650,700,550,600,150,200,100,150,70,80,50,60,30,40,20,30,20261009,2026-10-09 09:07
충정로역,POI052,원활,25.0,2026-10-09 09:05,5,834.0,,2.0,19.0,0,0,700,750,600,650,150,200,100,150,60,70,40,50,30,40,20,30,20261009,400,450,350,400,80,90,80,90,20,30,30,40,0,10,20,30,20261009,2026-10-09 09:07
합정역,POI053,서행,23.0,2026-10-09 09:05,6,207.0,,2.0,30.0,0,0,2200,2300,1700,1800,400,450,400,450,100,150,150,200,60,70,40,50,20261009,500,550,550,600,80,90,100,150,20,30,40,50,10,20,20,30,20261009,2026-10-09 09:07
혜화역,POI054,서행,20.0,2026-10-09 09:05,24,955.0,,1.0,12.0,7,0,850,900,1200,1300,200,250,300,350,60,70,70,80,40,50,70,80,20261009,650,700,600,650,150,200,100,150,50,60,50,60,30,40,20,30,20261009,2026-10-09 09:07
홍대입구역(2호선),POI055,서행,17.0,2026-10-09 09:05,16,1196.0,,1.0,17.0,0,0,3100,3200,1900,2000,450,500,600,650,150,200,200,250,100,150,150,200,20261009,1000,1100,1100,1200,150,200,250,300,90,100,90,100,40,50,40,50,20261009,2026-10-09 09:07
회기역,POI056,서행,19.0,2026-10-09 09:05,21,408.0,,1.0,22.0,0,0,2200,2300,1000,1100,500,550,200,250,150,200,100,150,80,90,40,50,20261009,1300,1400,1400,1500,300,350,200,250,100,150,80,90,60,70,20,30,20261009,2026-10-09 09:07
가락시장,POI058,원활,27.0,2026-10-09 09:05,4,2884.0,,2.0,16.0,0,0,1300,1400,1100,1200,200,250,250,300,80,90,100,150,20,30,80,90,20261009,900,950,750,800,100,150,100,150,60,70,40,50,30,40,20,30,20261009,2026-10-09 09:07
가로수길,POI059,원활,27.0,2026-10-09 09:05,51,2767.0,60.0,2.0,14.0,0,0,1300,1400,3000,3100,250,300,900,950,80,90,350,400,60,70,200,250,20261009,250,300,450,500,60,70,80,90,20,30,30,40,10,20,0,10,20261009,2026-10-09 09:07
광장(전통)시장,POI060,서행,17.0,2026-10-09 09:05,7,103.0,5.0,1.0,11.0,0,0,500,550,1800,1900,100,150,450,500,50,60,150,200,10,20,40,50,20261009,150,200,550,600,40,50,100,150,10,20,50,60,0,10,20,30,20261009,2026-10-09 09:07
김포공항,POI061,원활,31.0,2026-10-09 09:05,6,16594.0,,6.0,27.0,0,0,1700,1800,3100,3200,600,650,600,650,200,250,200,250,100,150,100,150,20261009,150,200,350,400,50,60,60,70,20,30,20,30,10,20,10,20,20261009,2026-10-09 09:07
노량진,POI063,서행,21.0,2026-10-09 09:05,11,1218.0,,3.0,22.0,1,0,3700,3800,3200,3300,650,700,950,1000,200,250,300,350,100,150,200,250,20261009,1100,1200,2600,2700,200,250,500,550,80,90,150,200,40,50,100,150,20261009,2026-10-09 09:07
덕수궁길·정동길,POI064,서행,18.0,2026-10-09 09:05,10,620.0,,3.0,10.0,0,0,1400,1500,4300,4400,350,400,950,1000,100,150,350,400,70,80,150,200,20261009,300,350,500,550,80,90,90,100,20,30,30,40,10,20,10,20,20261009,2026-10-09 09:07
북촌한옥마을,POI066,서행,19.0,2026-10-09 09:05,16,1756.0,,1.0,55.0,9,0,350,400,1500,1600,100,150,450,500,30,40,150,200,10,20,80,90,20261009,500,550,900,950,150,200,250,300,50,60,90,100,30,40,50,60,20261009,2026-10-09 09:07
서촌,POI067,서행,20.0,2026-10-09 09:05,9,308.0,,1.0,32.0,4,0,550,600,1400,1500,150,200,500,550,50,60,100,150,10,20,10,20,20261009,650,700,850,900,200,250,250,300,50,60,90,100,30,40,30,40,20261009,2026-10-09 09:07
성수카페거리,POI068,서행,17.0,2026-10-09 09:05,28,2824.0,,2.0,35.0,1,0,1600,1700,3600,3700,350,400,850,900,100,150,350,400,60,70,200,250,20261009,250,300,450,500,40,50,50,60,10,20,20,30,0,10,0,10,20261009,2026-10-09 09:07
쌍문역,POI070,서행,19.0,2026-10-09 09:05,8,345.0,,1.0,18.0,0,0,3900,4000,900,950,900,950,250,300,300,350,90,100,200,250,40,50,20261009,950,1000,1800,1900,200,250,400,450,80,90,200,250,20,30,100,150,20261009,2026-10-09 09:07
압구정로데오거리,POI071,서행,20.0,2026-10-09 09:05,55,1976.0,1.0,1.0,16.0,1,0,300,350,1100,1200,60,70,300,350,20,30,100,150,10,20,40,50,20261009,450,500,1000,1100,80,90,200,250,30,40,90,100,10,20,50,60,20261009,2026-10-09 09:07
여의도,POI072,원활,26.0,2026-10-09 09:05,116,24820.0,233.0,9.0,63.0,4,1,3800,3900,4800,4900,750,800,1100,1200,250,300,350,400,100,150,200,250,20261009,1700,1800,3200,3300,300,350,650,700,100,150,200,250,50,60,100,150,20261009,2026-10-09 09:07
연남동,POI073,서행,17.0,2026-10-09 09:05,45,132.0,,0.0,20.0,0,0,,,,,,,,,,,,,,,,,,450,500,450,500,80,90,80,90,40,50,50,60,20,30,20,30,20261009,2026-10-09 09:07
영등포 타임스퀘어,POI074,서행,22.0,2026-10-09 09:05,10,1195.0,59.0,3.0,24.0,0,0,3500,3600,3600,3700,600,650,750,800,200,250,300,350,100,150,250,300,20261009,900,950,1600,1700,150,200,250,300,50,60,100,150,20,30,50,60,20261009,2026-10-09 09:07
용리단길,POI076,서행,24.0,2026-10-09 09:05,0,,,3.0,7.0,0,0,1000,1100,2000,2100,250,300,500,550,90,100,100,150,40,50,10,20,20261009,150,200,650,700,40,50,100,150,20,30,40,50,10,20,20,30,20261009,2026-10-09 09:07
이태원 앤틱가구거리,POI077,서행,19.0,2026-10-09 09:05,4,51.0,,1.0,13.0,0,0,1600,1700,1300,1400,90,100,100,150,30,40,20,30,20,30,20,30,20261009,400,450,350,400,40,50,40,50,10,20,20,30,0,10,0,10,20261009,2026-10-09 09:07
인사동,POI078,서행,19.0,2026-10-09 09:05,21,2465.0,0.0,2.0,26.0,7,0,1000,1100,3500,3600,200,250,1100,1200,70,80,350,400,20,30,100,150,20261009,800,850,800,850,150,200,150,200,50,60,70,80,20,30,20,30,20261009,2026-10-09 09:07
창동 신경제 중심지,POI079,서행,19.0,2026-10-09 09:05,46,4927.0,20.0,4.0,55.0,5,0,5600,5700,3000,3100,1200,1300,850,900,400,450,350,400,200,250,200,250,20261009,1100,1200,1600,1700,200,250,400,450,90,100,100,150,40,50,90,100,20261009,2026-10-09 09:07
청담동 명품거리,POI080,서행,21.0,2026-10-09 09:05,16,910.0,,1.0,10.0,0,0,300,350,1100,1200,60,70,300,350,20,30,100,150,10,20,40,50,20261009,150,200,450,500,40,50,100,150,10,20,30,40,0,10,20,30,20261009,2026-10-09 09:07
청량리 제기동 일대 전통시장,POI081,서행,20.0,2026-10-09 09:05,12,2214.0,,2.0,23.0,0,0,2700,2800,2300,2400,600,650,500,550,150,200,150,200,60,70,90,100,20261009,2000,2100,3200,3300,400,450,600,650,100,150,200,250,50,60,90,100,20261009,2026-10-09 09:07
해방촌·경리단길,POI082,원활,33.0,2026-10-09 09:05,4,273.0,,0.0,26.0,1,0,,,,,,,,,,,,,,,,,,550,600,300,350,150,200,60,70,50,60,20,30,20,30,0,10,20261009,2026-10-09 09:07
DDP(동대문디자인플라자),POI083,서행,18.0,2026-10-09 09:05,9,2596.0,151.0,3.0,11.0,5,0,1600,1700,2200,2300,350,400,600,650,100,150,200,250,90,100,100,150,20261009,450,500,250,300,20,30,30,40,0,10,10,20,0,0,0,0,20261009,2026-10-09 09:07
DMC(디지털미디어시티),POI084,서행,22.0,2026-10-09 09:05,25,9176.0,,4.0,68.0,0,0,2100,2200,1400,1500,450,500,250,300,100,150,100,150,60,70,30,40,20261009,600,650,800,850,100,150,150,200,50,60,70,80,10,20,20,30,20261009,2026-10-09 09:07
강서한강공원,POI085,원활,54.0,2026-10-09 09:05,2,106.0,22.0,0.0,1.0,0,0,,,,,,,,,,,,,,,,,,0,0,0,0,0,0,0,0,0,0,0,0,0,0,0,0,20261009,2026-10-09 09:07
고척돔,POI086,원활,30.0,2026-10-09 09:05,0,,,1.0,3.0,4,0,700,750,300,350,100,150,60,70,50,60,10,20,30,40,0,0,20261009,250,300,200,250,40,50,50,60,10,20,20,30,0,10,0,10,20261009,2026-10-09 09:07
광나루한강공원,POI087,원활,63.0,2026-10-09 09:05,4,718.0,255.0,0.0,0.0,0,0,,,,,,,,,,,,,,,,,,,,,,,,,,,,,,,,,,,2026-10-09 09:07
광화문광장,POI088,서행,18.0,2026-10-09 09:05,3,2932.0,244.0,2.0,12.0,5,0,900,950,3200,3300,200,250,1100,1200,80,90,400,450,20,30,150,200,20261009,350,400,650,700,100,150,150,200,40,50,90,100,10,20,30,40,20261009,2026-10-09 09:07
국립중앙박물관·용산가족공원,POI089,원활,34.0,2026-10-09 09:05,4,931.0,,3.0,3.0,3,0,750,800,2400,2500,150,200,1100,1200,60,70,250,300,30,40,100,150,20261009,10,20,100,150,0,10,50,60,0,0,0,10,0,0,0,10,20261009,2026-10-09 09:07
난지한강공원,POI090,원활,55.0,2026-10-09 09:05,4,1240.0,0.0,0.0,7.0,0,0,,,,,,,,,,,,,,,,,,0,0,0,0,0,0,0,0,0,0,0,0,0,0,0,0,20261009,2026-10-09 09:07
남산공원,POI091,원활,33.0,2026-10-09 09:05,33,2148.0,19.0,5.0,37.0,6,0,2100,2200,5600,5700,600,650,1600,1700,200,250,650,700,100,150,300,350,20261009,350,400,650,700,80,90,150,200,20,30,70,80,10,20,40,50,20261009,2026-10-09 09:07
노들섬,POI092,원활,29.0,2026-10-09 09:05,1,99.0,,0.0,4.0,4,0,,,,,,,,,,,,,,,,,,90,100,100,150,20,30,30,40,10,20,10,20,0,0,0,10,20261009,2026-10-09 09:07
뚝섬한강공원,POI093,원활,55.0,2026-10-09 09:05,8,1342.0,319.0,1.0,1.0,1,0,850,900,350,400,200,250,100,150,60,70,40,50,40,50,30,40,20261009,0,0,0,0,0,0,0,0,0,0,0,0,0,0,0,0,20261009,2026-10-09 09:07
망원한강공원,POI094,원활,35.0,2026-10-09 09:05,2,458.0,0.0,2.0,10.0,0,0,2200,2300,1700,1800,400,450,400,450,100,150,150,200,60,70,40,50,20261009,350,400,500,550,50,60,90,100,10,20,30,40,10,20,10,20,20261009,2026-10-09 09:07
반포한강공원,POI095,원활,45.0,2026-10-09 09:05,9,1483.0,9.0,0.0,6.0,0,0,,,,,,,,,,,,,,,,,,0,10,10,20,0,10,0,10,0,0,0,0,0,0,0,0,20261009,2026-10-09 09:07
북서울꿈의숲,POI096,서행,21.0,2026-10-09 09:05,3,549.0,,0.0,17.0,1,0,,,,,,,,,,,,,,,,,,250,300,100,150,40,50,20,30,10,20,10,20,0,10,10,20,20261009,2026-10-09 09:07
서리풀공원·몽마르뜨공원,POI098,원활,27.0,2026-10-09 09:05,0,,,4.0,7.0,0,0,3600,3700,10200,10300,1100,1200,2400,2500,350,400,750,800,250,300,350,400,20261009,900,950,1600,1700,200,250,300,350,70,80,100,150,30,40,30,40,20261009,2026-10-09 09:07
서울대공원,POI100,원활,34.0,2026-10-09 09:05,0,,,1.0,0.0,0,0,50,60,600,650,10,20,250,300,0,10,100,150,0,10,20,30,20261009,,,,,,,,,,,,,,,,,,2026-10-09 09:07
서울숲공원,POI101,원활,40.0,2026-10-09 09:05,2,996.0,,1.0,9.0,2,0,350,400,500,550,80,90,100,150,30,40,50,60,10,20,0,10,20261009,30,40,90,100,10,20,10,20,0,10,0,10,0,10,0,10,20261009,2026-10-09 09:07
아차산,POI102,원활,29.0,2026-10-09 09:05,0,,,0.0,3.0,0,0,,,,,,,,,,,,,,,,,,10,20,0,0,0,10,0,0,0,0,0,0,0,0,0,0,20261009,2026-10-09 09:07
양화한강공원,POI103,원활,43.0,2026-10-09 09:05,6,1002.0,109.0,0.0,5.0,0,0,,,,,,,,,,,,,,,,,,0,10,20,30,0,0,0,0,0,0,0,0,0,0,0,0,20261009,2026-10-09 09:07
어린이대공원,POI104,서행,22.0,2026-10-09 09:05,4,945.0,,2.0,9.0,4,0,2300,2400,1400,1500,550,600,400,450,150,200,100,150,100,150,100,150,20261009,200,250,200,250,40,50,30,40,10,20,10,20,0,10,0,10,20261009,2026-10-09 09:07
여의도한강공원,POI105,원활,39.0,2026-10-09 09:05,6,2866.0,154.0,1.0,3.0,0,0,250,300,650,700,60,70,150,200,20,30,50,60,10,20,20,30,20261009,50,60,80,90,10,20,10,20,0,10,0,10,0,10,0,0,20261009,2026-10-09 09:07
월드컵공원,POI106,원활,32.0,2026-10-09 09:05,9,3537.0,,4.0,34.0,0,1,2100,2200,2800,2900,450,500,350,400,100,150,100,150,60,70,20,30,20261009,150,200,600,650,40,50,50,60,10,20,10,20,0,10,0,10,20261009,2026-10-09 09:07
응봉산,POI107,원활,27.0,2026-10-09 09:05,3,88.0,,1.0,24.0,0,0,200,250,50,60,50,60,10,20,20,30,0,10,10,20,0,0,20261009,200,250,100,150,60,70,20,30,20,30,0,10,0,10,0,0,20261009,2026-10-09 09:07
이촌한강공원,POI108,원활,44.0,2026-10-09 09:05,2,514.0,0.0,0.0,4.0,1,0,,,,,,,,,,,,,,,,,,0,0,10,20,0,0,0,10,0,0,0,0,0,0,0,0,20261009,2026-10-09 09:07
잠실종합운동장,POI109,원활,25.0,2026-10-09 09:05,1,876.0,,2.0,4.0,0,0,600,650,1600,1700,100,150,200,250,40,50,80,90,20,30,40,50,20261009,90,100,150,200,10,20,10,20,0,10,0,10,0,10,0,0,20261009,2026-10-09 09:07
잠실한강공원,POI110,원활,45.0,2026-10-09 09:05,4,1326.0,133.0,1.0,9.0,0,0,800,850,550,600,200,250,100,150,60,70,40,50,20,30,10,20,20261009,20,30,100,150,0,0,20,30,0,0,0,10,0,0,0,0,20261009,2026-10-09 09:07
잠원한강공원,POI111,원활,57.0,2026-10-09 09:05,3,1540.0,0.0,0.0,5.0,0,0,,,,,,,,,,,,,,,,,,30,40,60,70,0,10,10,20,0,10,0,10,0,0,0,10,20261009,2026-10-09 09:07
청계산,POI112,원활,50.0,2026-10-09 09:05,0,,,0.0,9.0,0,0,,,,,,,,,,,,,,,,,,10,20,0,10,0,0,0,0,0,0,0,0,0,0,0,0,20261009,2026-10-09 09:07
북창동 먹자골목,POI114,서행,17.0,2026-10-09 09:05,20,552.0,0.0,0.0,11.0,0,0,,,,,,,,,,,,,,,,,,350,400,750,800,90,100,150,200,40,50,80,90,10,20,30,40,20261009,2026-10-09 09:07
남대문시장,POI115,서행,19.0,2026-10-09 09:05,16,1456.0,3.0,1.0,7.0,0,0,,,,,,,,,,,,,,,,,,200,250,600,650,50,60,100,150,20,30,60,70,10,20,20,30,20261009,2026-10-09 09:07
익선동,POI116,서행,16.0,2026-10-09 09:05,10,187.0,0.0,3.0,11.0,1,0,1400,1500,2400,2500,300,350,600,650,100,150,200,250,80,90,150,200,20261009,500,550,450,500,60,70,90,100,10,20,30,40,10,20,10,20,20261009,2026-10-09 09:07
신정네거리역,POI117,서행,17.0,2026-10-09 09:05,3,119.0,,1.0,9.0,0,0,,,,,,,,,,,,,,,,,,,,,,,,,,,,,,,,,,,2026-10-09 09:07
잠실새내역,POI118,서행,20.0,2026-10-09 09:05,31,1541.0,,1.0,18.0,0,0,1000,1100,600,650,150,200,100,150,50,60,40,50,30,40,30,40,20261009,400,450,500,550,80,90,100,150,20,30,30,40,0,10,10,20,20261009,2026-10-09 09:07
잠실역,POI119,서행,22.0,2026-10-09 09:05,5,6749.0,90.0,2.0,21.0,0,0,,,,,,,,,,,,,,,,,,900,950,2000,2100,150,200,400,450,30,40,100,150,10,20,30,40,20261009,2026-10-09 09:07
잠실롯데타워·석촌호수,POI120,서행,21.0,2026-10-09 09:05,33,9281.0,90.0,3.0,0.0,3,0,,,,,,,,,,,,,,,,,,,,,,,,,,,,,,,,,,,2026-10-09 09:07
송리단길·호수단길,POI121,서행,20.0,2026-10-09 09:05,21,878.0,,1.0,15.0,0,0,500,550,400,450,100,150,80,90,40,50,20,30,10,20,0,0,20261009,550,600,550,600,100,150,100,150,40,50,50,60,10,20,10,20,20261009,2026-10-09 09:07
신촌 스타광장,POI122,서행,18.0,2026-10-09 09:05,4,235.0,,1.0,4.0,0,0,,,,,,,,,,,,,,,,,,400,450,450,500,80,90,90,100,20,30,20,30,10,20,10,20,20261009,2026-10-09 09:07
보라매공원,POI123,서행,15.0,2026-10-09 09:05,1,78.0,,2.0,5.0,0,0,350,400,300,350,60,70,60,70,20,30,10,20,0,0,0,0,20261009,0,10,10,20,0,0,0,10,0,0,0,0,0,0,0,0,20261009,2026-10-09 09:07
서대문독립공원,POI124,원활,29.0,2026-10-09 09:05,2,150.0,,1.0,18.0,0,0,450,500,0,0,100,150,0,0,30,40,0,0,10,20,0,0,20261009,450,500,400,450,80,90,70,80,30,40,30,40,10,20,10,20,20261009,2026-10-09 09:07
안양천,POI125,원활,39.0,2026-10-09 09:05,1,294.0,,0.0,1.0,0,0,,,,,,,,,,,,,,,,,,0,0,0,0,0,0,0,0,0,0,0,0,0,0,0,0,20261009,2026-10-09 09:07
여의서로,POI126,원활,33.0,2026-10-09 09:05,2,168.0,38.0,0.0,0.0,0,0,,,,,,,,,,,,,,,,,,,,,,,,,,,,,,,,,,,2026-10-09 09:07
올림픽공원,POI127,원활,26.0,2026-10-09 09:05,4,2716.0,,4.0,17.0,8,0,,,,,,,,,,,,,,,,,,250,300,300,350,60,70,80,90,20,30,30,40,0,10,10,20,20261009,2026-10-09 09:07
홍제폭포,POI128,원활,31.0,2026-10-09 09:05,0,,,0.0,0.0,0,0,,,,,,,,,,,,,,,,,,,,,,,,,,,,,,,,,,,2026-10-09 09:07
송현녹지광장,POI129,서행,18.0,2026-10-09 09:05,4,1546.0,,1.0,25.0,8,0,350,400,1500,1600,100,150,450,500,30,40,150,200,10,20,80,90,20261009,350,400,800,850,100,150,200,250,30,40,60,70,10,20,20,30,20261009,2026-10-09 09:07
시의회 앞,POI130,서행,20.0,2026-10-09 09:05,9,1723.0,,3.0,25.0,6,0,1200,1300,6000,6100,300,350,1700,1800,100,150,750,800,40,50,450,500,20261009,450,500,1200,1300,100,150,200,250,40,50,100,150,10,20,40,50,20261009,2026-10-09 09:07
강남 MICE 관광특구,POI001,서행,16.0,2026-10-09 10:05,3,4428.0,,2.0,6.0,1,0,1500,1600,6400,6500,250,300,1400,1500,90,100,400,450,20,30,200,250,20261009,100,150,350,400,10,20,80,90,0,10,30,40,0,0,20,30,20261009,2026-10-09 10:07
동대문 관광특구,POI002,서행,17.0,2026-10-09 10:05,47,8302.0,179.0,7.0,32.0,7,0,8700,8800,11400,11500,1700,1800,2300,2400,500,550,800,850,200,250,450,500,20261009,1700,1800,1200,1300,200,250,200,250,70,80,100,150,50,60,50,60,20261009,2026-10-09 10:07
명동 관광특구,POI003,서행,17.0,2026-10-09 10:05,93,12070.0,7.0,7.0,54.0,7,2,6300,6400,25000,25100,1700,1800,7100,7200,550,600,2500,2600,250,300,1100,1200,20261009,2100,2200,4700,4800,500,550,950,1000,100,150,300,350,70,80,200,250,20261009,2026-10-09 10:07
이태원 관광특구,POI004,서행,21.0,2026-10-09 10:05,8,853.0,,3.0,17.0,0,0,2500,2600,3400,3500,200,250,550,600,60,70,200,250,40,50,100,150,20261009,1200,1300,700,750,70,80,80,90,30,40,40,50,20,30,20,30,20261009,2026-10-09 10:07
잠실 관광특구,POI005,서행,21.0,2026-10-09 10:05,37,11997.0,124.0,6.0,50.0,11,1,8600,8700,14800,14900,1800,1900,3600,3700,550,600,800,850,350,400,600,650,20261009,1500,1600,3100,3200,250,300,650,700,90,100,200,250,70,80,100,150,20261009,2026-10-09 10:07
종로·청계 관광특구,POI006,서행,18.0,2026-10-09 10:05,48,2496.0,40.0,10.0,62.0,0,0,10000,10100,22900,23000,2000,2100,5900,6000,550,600,2100,2200,300,350,1100,1200,20261009,3400,3500,4100,4200,500,550,750,800,150,200,250,300,100,150,150,200,20261009,2026-10-09 10:07
홍대 관광특구,POI007,서행,15.0,2026-10-09 10:05,51,3098.0,,8.0,70.0,0,0,11900,12000,11000,11100,2100,2200,3400,3500,600,650,1200,1300,350,400,650,700,20261009,2500,2600,2900,3000,400,450,650,700,100,150,200,250,80,90,150,200,20261009,2026-10-09 10:07
경복궁,POI008,서행,16.0,2026-10-09 10:05,2,267.0,,1.0,11.0,4,0,1000,1100,3700,3800,250,300,1300,1400,70,80,550,600,20,30,100,150,20261009,30,40,150,200,10,20,50,60,0,0,20,30,0,0,0,10,20261009,2026-10-09 10:07
광화문·덕수궁,POI009,서행,16.0,2026-10-09 10:05,29,7988.0,372.0,4.0,41.0,13,2,3100,3200,15400,15500,600,650,4700,4800,150,200,1700,1800,60,70,750,800,20261009,1600,1700,3400,3500,350,400,900,950,100,150,250,300,70,80,150,200,20261009,2026-10-09 10:07
보신각,POI010,서행,19.0,2026-10-09 10:05,14,2572.0,7.0,1.0,14.0,1,0,950,1000,3800,3900,150,200,1000,1100,40,50,350,400,10,20,100,150,20261009,700,750,1000,1100,100,150,200,250,40,50,70,80,20,30,40,50,20261009,2026-10-09 10:07
서울 암사동 유적,POI011,서행,24.0,2026-10-09 10:05,1,108.0,,0.0,3.0,0,0,,,,,,,,,,,,,,,,,,0,10,0,10,0,0,0,10,0,0,0,0,0,0,0,0,20261009,2026-10-09 10:07
창덕궁·종묘,POI012,서행,16.0,2026-10-09 10:05,16,3155.0,437.0,4.0,19.0,2,0,3200,3300,7700,7800,700,750,1900,2000,200,250,700,750,150,200,450,500,20261009,250,300,800,850,50,60,150,200,20,30,60,70,10,20,20,30,20261009,2026-10-09 10:07
가산디지털단지역,POI013,서행,21.0,2026-10-09 10:05,20,8291.0,,2.0,71.0,0,0,2800,2900,2900,3000,450,500,650,700,100,150,250,300,50,60,90,100,20261009,950,1000,1600,1700,150,200,250,300,50,60,80,90,20,30,40,50,20261009,2026-10-09 10:07
강남역,POI014,서행,18.0,2026-10-09 10:05,95,7876.0,,4.0,55.0,0,0,5300,5400,11300,11400,1100,1200,3500,3600,350,400,1000,1100,200,250,800,850,20261009,2700,2800,2700,2800,500,550,600,650,150,200,200,250,60,70,100,150,20261009,2026-10-09 10:07
건대입구역,POI015,서행,20.0,2026-10-09 10:05,23,6603.0,,2.0,11.0,3,0,4900,5000,3200,3300,1000,1100,750,800,250,300,300,350,100,150,150,200,20261009,600,650,700,750,80,90,150,200,20,30,40,50,20,30,30,40,20261009,2026-10-09 10:07
고덕역,POI016,서행,21.0,2026-10-09 10:05,15,1615.0,,1.0,5.0,0,0,950,1000,600,650,200,250,100,150,50,60,60,70,30,40,50,60,20261009,100,150,100,150,10,20,20,30,0,0,10,20,0,0,0,10,20261009,2026-10-09 10:07
고속터미널역,POI017,원활,25.0,2026-10-09 10:05,3,4291.0,,3.0,10.0,0,0,6300,6400,16000,16100,1800,1900,3500,3600,550,600,1200,1300,300,350,550,600,20261009,1600,1700,2700,2800,350,400,550,600,100,150,200,250,90,100,150,200,20261009,2026-10-09 10:07
교대역,POI018,서행,17.0,2026-10-09 10:05,14,760.0,,2.0,13.0,0,0,2000,2100,3900,4000,450,500,600,650,100,150,200,250,50,60,100,150,20261009,450,500,350,400,100,150,80,90,40,50,30,40,30,40,10,20,20261009,2026-10-09 10:07
구로디지털단지역,POI019,서행,19.0,2026-10-09 10:05,20,6911.0,,1.0,29.0,0,0,7600,7700,2800,2900,1300,1400,550,600,350,400,250,300,200,250,100,150,20261009,650,700,500,550,100,150,90,100,30,40,20,30,20,30,10,20,20261009,2026-10-09 10:07
구로역,POI020,원활,25.0,2026-10-09 10:05,3,1047.0,,1.0,5.0,0,0,3100,3200,1500,1600,350,400,200,250,100,150,60,70,20,30,0,10,20261009,150,200,550,600,30,40,60,70,10,20,20,30,0,10,10,20,20261009,2026-10-09 10:07
군자역,POI021,서행,17.0,2026-10-09 10:05,11,573.0,,2.0,16.0,0,0,3800,3900,1500,1600,700,750,250,300,200,250,90,100,80,90,30,40,20261009,650,700,750,800,100,150,100,150,40,50,30,40,20,30,20,30,20261009,2026-10-09 10:07
대림역,POI023,서행,20.0,2026-10-09 10:05,4,221.0,,2.0,29.0,0,0,7200,7300,2300,2400,1000,1100,500,550,300,350,150,200,200,250,100,150,20261009,950,1000,1400,1500,150,200,300,350,30,40,100,150,10,20,50,60,20261009,2026-10-09 10:07
동대문역,POI024,서행,18.0,2026-10-09 10:05,17,892.0,0.0,2.0,7.0,0,0,3200,3300,5100,5200,650,700,1100,1200,150,200,400,450,80,90,200,250,20261009,800,850,1000,1100,100,150,100,150,40,50,60,70,20,30,30,40,20261009,2026-10-09 10:07
뚝섬역,POI025,서행,17.0,2026-10-09 10:05,9,767.0,,1.0,4.0,1,0,1000,1100,1500,1600,200,250,350,400,40,50,80,90,10,20,0,10,20261009,90,100,200,250,10,20,50,60,0,10,20,30,0,10,10,20,20261009,2026-10-09 10:07
미아사거리역,POI026,서행,15.0,2026-10-09 10:05,11,1409.0,,1.0,29.0,0,0,4200,4300,1700,1800,750,800,400,450,200,250,200,250,80,90,80,90,20261009,2700,2800,3500,3600,400,450,700,750,100,150,200,250,70,80,100,150,20261009,2026-10-09 10:07
발산역,POI027,서행,17.0,2026-10-09 10:05,13,2880.0,,1.0,37.0,0,0,1400,1500,1800,1900,200,250,350,400,60,70,100,150,20,30,0,0,20261009,600,650,800,850,100,150,150,200,30,40,70,80,10,20,50,60,20261009,2026-10-09 10:07
사당역,POI029,서행,18.0,2026-10-09 10:05,13,520.0,,2.0,17.0,1,0,7100,7200,6300,6400,1400,1500,1000,1100,450,500,400,450,200,250,100,150,20261009,800,850,1100,1200,150,200,200,250,60,70,90,100,40,50,50,60,20261009,2026-10-09 10:07
삼각지역,POI030,서행,23.0,2026-10-09 10:05,0,,,2.0,7.0,0,0,900,950,950,1000,200,250,200,250,60,70,80,90,20,30,30,40,20261009,800,850,700,750,100,150,100,150,20,30,40,50,10,20,20,30,20261009,2026-10-09 10:07
서울대입구역,POI031,서행,20.0,2026-10-09 10:05,2,52.0,,1.0,15.0,0,0,6100,6200,2600,2700,1200,1300,550,600,350,400,100,150,100,150,10,20,20261009,2400,2500,2800,2900,450,500,550,600,100,150,150,200,100,150,100,150,20261009,2026-10-09 10:07
서울식물원·마곡나루역,POI032,서행,17.0,2026-10-09 10:05,2,2651.0,,2.0,15.0,3,0,1900,2000,1900,2000,350,400,400,450,100,150,150,200,70,80,80,90,20261009,100,150,300,350,20,30,50,60,0,0,10,20,0,0,0,10,20261009,2026-10-09 10:07
서울역,POI033,서행,18.0,2026-10-09 10:05,23,3968.0,0.0,8.0,34.0,1,0,16100,16200,27900,28000,4000,4100,5900,6000,1100,1200,1900,2000,450,500,650,700,20261009,2800,2900,4800,4900,650,700,650,700,200,250,200,250,100,150,100,150,20261009,2026-10-09 10:07
선릉역,POI034,서행,19.0,2026-10-09 10:05,94,11160.0,28.0,4.0,20.0,0,0,2900,3000,6800,6900,600,650,1600,1700,150,200,450,500,50,60,150,200,20261009,950,1000,950,1000,150,200,100,150,40,50,40,50,20,30,20,30,20261009,2026-10-09 10:07
성신여대입구역,POI035,서행,16.0,2026-10-09 10:05,2,38.0,,2.0,9.0,1,0,2800,2900,1700,1800,600,650,400,450,150,200,150,200,70,80,100,150,20261009,1100,1200,1600,1700,200,250,300,350,60,70,100,150,40,50,80,90,20261009,2026-10-09 10:07
수유역,POI036,서행,17.0,2026-10-09 10:05,8,802.0,,1.0,32.0,0,0,6300,6400,2200,2300,1100,1200,350,400,300,350,90,100,100,150,40,50,20261009,3600,3700,4400,4500,550,600,750,800,150,200,250,300,100,150,150,200,20261009,2026-10-09 10:07
신논현역·논현역,POI037,서행,22.0,2026-10-09 10:05,32,1053.0,,3.0,13.0,0,0,2600,2700,4500,4600,550,600,1400,1500,150,200,450,500,100,150,400,450,20261009,1100,1200,950,1000,200,250,200,250,80,90,80,90,40,50,30,40,20261009,2026-10-09 10:07
신도림역,POI038,서행,18.0,2026-10-09 10:05,1,1644.0,,2.0,2.0,0,0,6600,6700,3500,3600,1000,1100,600,650,250,300,200,250,100,150,60,70,20261009,300,350,1100,1200,70,80,150,200,20,30,60,70,10,20,40,50,20261009,2026-10-09 10:07
신림역,POI039,서행,16.0,2026-10-09 10:05,2,282.0,,2.0,15.0,0,0,10300,10400,2700,2800,2000,2100,450,500,500,550,150,200,300,350,100,150,20261009,2800,2900,4900,5000,400,450,950,1000,150,200,250,300,90,100,200,250,20261009,2026-10-09 10:07
신촌·이대역,POI040,서행,18.0,2026-10-09 10:05,25,1943.0,110.0,4.0,41.0,0,0,3900,4000,3800,3900,900,950,1000,1100,250,300,300,350,100,150,150,200,20261009,2100,2200,2400,2500,350,400,450,500,100,150,100,150,80,90,80,90,20261009,2026-10-09 10:07
양재역,POI041,원활,25.0,2026-10-09 10:05,16,1881.0,,2.0,27.0,0,0,2400,2500,4600,4700,500,550,700,750,150,200,300,350,70,80,20,30,20261009,1500,1600,1500,1600,300,350,300,350,90,100,100,150,60,70,50,60,20261009,2026-10-09 10:07
역삼역,POI042,서행,20.0,2026-10-09 10:05,47,7473.0,1.0,1.0,10.0,0,0,1200,1300,3100,3200,200,250,700,750,70,80,200,250,10,20,50,60,20261009,650,700,800,850,100,150,100,150,60,70,30,40,20,30,20,30,20261009,2026-10-09 10:07
연신내역,POI043,서행,19.0,2026-10-09 10:05,5,208.0,,3.0,14.0,0,0,7700,7800,3500,3600,1400,1500,700,750,400,450,200,250,100,150,70,80,20261009,1000,1100,1500,1600,150,200,250,300,40,50,50,60,20,30,40,50,20261009,2026-10-09 10:07
오목교역·목동운동장,POI044,원활,26.0,2026-10-09 10:05,14,5304.0,,1.0,33.0,0,0,1700,1800,1900,2000,350,400,450,500,90,100,90,100,50,60,0,10,20261009,1300,1400,1900,2000,250,300,400,450,80,90,100,150,60,70,100,150,20261009,2026-10-09 10:07
왕십리역,POI045,서행,18.0,2026-10-09 10:05,4,1478.0,,5.0,22.0,0,0,4600,4700,3400,3500,950,1000,650,700,250,300,250,300,80,90,100,150,20261009,300,350,850,900,50,60,200,250,10,20,70,80,0,10,40,50,20261009,2026-10-09 10:07
용산역,POI046,서행,21.0,2026-10-09 10:05,11,5014.0,93.0,2.0,33.0,0,0,4300,4400,13100,13200,1300,1400,2500,2600,400,450,950,1000,100,150,30,40,20261009,1000,1100,1100,1200,200,250,200,250,70,80,60,70,50,60,40,50,20261009,2026-10-09 10:07
이태원역,POI047,서행,17.0,2026-10-09 10:05,4,66.0,,1.0,9.0,0,0,1800,1900,1600,1700,100,150,200,250,30,40,80,90,20,30,50,60,20261009,950,1000,300,350,50,60,30,40,20,30,20,30,10,20,10,20,20261009,2026-10-09 10:07
장지역,POI048,서행,21.0,2026-10-09 10:05,4,10611.0,,1.0,20.0,0,0,1700,1800,1500,1600,350,400,300,350,100,150,100,150,90,100,100,150,20261009,600,650,750,800,100,150,150,200,40,50,50,60,20,30,40,50,20261009,2026-10-09 10:07
장한평역,POI049,서행,22.0,2026-10-09 10:05,15,847.0,,1.0,16.0,0,0,2400,2500,1500,1600,450,500,200,250,100,150,80,90,90,100,60,70,20261009,1400,1500,1800,1900,250,300,350,400,90,100,100,150,50,60,80,90,20261009,2026-10-09 10:07
천호역,POI050,서행,18.0,2026-10-09 10:05,14,3331.0,,2.0,12.0,0,0,4300,4400,3200,3300,800,850,750,800,250,300,250,300,90,100,100,150,20261009,300,350,750,800,60,70,100,150,20,30,30,40,10,20,20,30,20261009,2026-10-09 10:07
총신대입구(이수)역,POI051,서행,16.0,2026-10-09 10:05,7,533.0,,2.0,18.0,0,0,3700,3800,2800,2900,750,800,600,650,200,250,200,250,80,90,100,150,20261009,1000,1100,950,1000,200,250,200,250,70,80,80,90,30,40,50,60,20261009,2026-10-09 10:07
충정로역,POI052,서행,24.0,2026-10-09 10:05,5,834.0,,2.0,19.0,0,0,1100,1200,950,1000,250,300,150,200,80,90,60,70,20,30,30,40,20261009,650,700,550,600,100,150,90,100,60,70,30,40,20,30,10,20,20261009,2026-10-09 10:07
합정역,POI053,서행,21.0,2026-10-09 10:05,6,207.0,,2.0,30.0,0,0,3300,3400,3300,3400,600,650,800,850,150,200,300,350,90,100,100,150,20261009,800,850,900,950,150,200,150,200,60,70,80,90,50,60,40,50,20261009,2026-10-09 10:07
혜화역,POI054,서행,19.0,2026-10-09 10:05,24,955.0,,1.0,12.0,7,0,1300,1400,2300,2400,250,300,600,650,90,100,200,250,50,60,150,200,20261009,950,1000,950,1000,150,200,150,200,60,70,60,70,20,30,20,30,20261009,2026-10-09 10:07
홍대입구역(2호선),POI055,정체,14.0,2026-10-09 10:05,16,1196.0,,1.0,17.0,0,0,4600,4700,4400,4500,800,850,1600,1700,250,300,500,550,150,200,400,450,20261009,1400,1500,1900,2000,250,300,400,450,70,80,100,150,50,60,100,150,20261009,2026-10-09 10:07
회기역,POI056,서행,19.0,2026-10-09 10:05,21,408.0,,1.0,22.0,0,0,3600,3700,1600,1700,700,750,300,350,250,300,150,200,40,50,40,50,20261009,1900,2000,2000,2100,300,350,300,350,100,150,100,150,70,80,60,70,20261009,2026-10-09 10:07
가락시장,POI058,서행,24.0,2026-10-09 10:05,4,2884.0,,2.0,16.0,0,0,2000,2100,1700,1800,350,400,300,350,100,150,100,150,60,70,10,20,20261009,1200,1300,1000,1100,150,200,100,150,50,60,40,50,30,40,30,40,20261009,2026-10-09 10:07
가로수길,POI059,원활,26.0,2026-10-09 10:05,51,2767.0,73.0,2.0,14.0,0,0,2100,2200,6400,6500,400,450,2100,2200,100,150,700,750,80,90,500,550,20261009,450,500,750,800,100,150,150,200,30,40,80,90,20,30,40,50,20261009,2026-10-09 10:07
광장(전통)시장,POI060,서행,17.0,2026-10-09 10:05,7,103.0,6.0,1.0,11.0,0,0,950,1000,3200,3300,250,300,750,800,70,80,250,300,20,30,100,150,20261009,300,350,950,1000,90,100,200,250,30,40,90,100,20,30,40,50,20261009,2026-10-09 10:07
김포공항,POI061,원활,30.0,2026-10-09 10:05,6,16594.0,,6.0,27.0,0,0,2900,3000,4800,4900,650,700,850,900,200,250,250,300,100,150,100,150,20261009,250,300,500,550,60,70,90,100,10,20,20,30,10,20,20,30,20261009,2026-10-09 10:07
노량진,POI063,서행,22.0,2026-10-09 10:05,11,1218.0,,3.0,22.0,1,0,5500,5600,5000,5100,1000,1100,700,750,300,350,200,250,100,150,100,150,20261009,1700,1800,3800,3900,250,300,600,650,100,150,200,250,60,70,80,90,20261009,2026-10-09 10:07
덕수궁길·정동길,POI064,서행,18.0,2026-10-09 10:05,10,620.0,,3.0,10.0,0,0,2400,2500,7000,7100,500,550,1600,1700,150,200,450,500,50,60,200,250,20261009,450,500,750,800,80,90,100,150,30,40,30,40,20,30,20,30,20261009,2026-10-09 10:07
북촌한옥마을,POI066,서행,17.0,2026-10-09 10:05,16,1756.0,,1.0,55.0,9,1,750,800,3200,3300,200,250,1000,1100,70,80,250,300,30,40,50,60,20261009,900,950,1800,1900,200,250,450,500,90,100,150,200,80,90,100,150,20261009,2026-10-09 10:07
서촌,POI067,서행,17.0,2026-10-09 10:05,9,308.0,,1.0,32.0,4,0,1000,1100,3700,3800,250,300,1300,1400,70,80,550,600,20,30,100,150,20261009,1300,1400,1400,1500,350,400,300,350,150,200,100,150,90,100,50,60,20261009,2026-10-09 10:07
성수카페거리,POI068,서행,17.0,2026-10-09 10:05,28,2824.0,,2.0,35.0,1,0,2500,2600,6400,6500,500,550,1600,1700,100,150,500,550,80,90,250,300,20261009,400,450,600,650,90,100,80,90,20,30,30,40,10,20,20,30,20261009,2026-10-09 10:07
쌍문역,POI070,서행,18.0,2026-10-09 10:05,8,345.0,,1.0,18.0,0,0,5900,6000,1300,1400,1000,1100,250,300,250,300,100,150,150,200,60,70,20261009,1400,1500,2600,2700,200,250,450,500,60,70,150,200,40,50,80,90,20261009,2026-10-09 10:07
압구정로데오거리,POI071,서행,18.0,2026-10-09 10:05,55,1976.0,1.0,1.0,16.0,1,0,450,500,2800,2900,80,90,900,950,30,40,250,300,0,10,0,10,20261009,700,750,1800,1900,100,150,450,500,30,40,150,200,20,30,100,150,20261009,2026-10-09 10:07
여의도,POI072,서행,24.0,2026-10-09 10:05,116,24820.0,336.0,9.0,63.0,4,1,6000,6100,8000,8100,1100,1200,1700,1800,350,400,550,600,100,150,200,250,20261009,2600,2700,4800,4900,450,500,900,950,150,200,300,350,100,150,150,200,20261009,2026-10-09 10:07
연남동,POI073,서행,18.0,2026-10-09 10:05,45,132.0,,0.0,20.0,0,0,,,,,,,,,,,,,,,,,,750,800,700,750,150,200,150,200,70,80,60,70,40,50,30,40,20261009,2026-10-09 10:07
영등포 타임스퀘어,POI074,서행,18.0,2026-10-09 10:05,10,1195.0,90.0,3.0,24.0,0,0,5600,5700,5900,6000,1000,1100,1300,1400,300,350,450,500,40,50,20,30,20261009,1300,1400,2500,2600,200,250,500,550,80,90,200,250,50,60,150,200,20261009,2026-10-09 10:07
용리단길,POI076,서행,22.0,2026-10-09 10:05,0,,,3.0,7.0,0,0,1800,1900,3400,3500,450,500,850,900,150,200,200,250,40,50,40,50,20261009,300,350,950,1000,60,70,150,200,20,30,70,80,10,20,40,50,20261009,2026-10-09 10:07
이태원 앤틱가구거리,POI077,서행,21.0,2026-10-09 10:05,4,51.0,,1.0,13.0,0,0,1800,1900,1600,1700,100,150,200,250,30,40,80,90,20,30,50,60,20261009,500,550,450,500,50,60,40,50,20,30,20,30,10,20,0,10,20261009,2026-10-09 10:07
인사동,POI078,서행,16.0,2026-10-09 10:05,21,2465.0,2.0,2.0,26.0,7,0,1700,1800,7100,7200,350,400,2000,2100,100,150,600,650,40,50,150,200,20261009,1200,1300,1300,1400,200,250,250,300,60,70,80,90,40,50,50,60,20261009,2026-10-09 10:07
창동 신경제 중심지,POI079,서행,18.0,2026-10-09 10:05,46,4927.0,21.0,4.0,55.0,5,0,8800,8900,5500,5600,1600,1700,1200,1300,500,550,450,500,300,350,250,300,20261009,1600,1700,2700,2800,300,350,550,600,100,150,150,200,70,80,100,150,20261009,2026-10-09 10:07
청담동 명품거리,POI080,서행,20.0,2026-10-09 10:05,16,910.0,,1.0,10.0,0,0,450,500,2800,2900,80,90,900,950,30,40,250,300,0,10,0,10,20261009,250,300,850,900,50,60,150,200,20,30,60,70,10,20,30,40,20261009,2026-10-09 10:07
청량리 제기동 일대 전통시장,POI081,서행,19.0,2026-10-09 10:05,12,2214.0,,2.0,23.0,0,0,4400,4500,4300,4400,900,950,1000,1100,250,300,300,350,100,150,150,200,20261009,3200,3300,4900,5000,600,650,900,950,200,250,300,350,100,150,150,200,20261009,2026-10-09 10:07
해방촌·경리단길,POI082,원활,32.0,2026-10-09 10:05,4,273.0,,0.0,26.0,1,0,,,,,,,,,,,,,,,,,,850,900,500,550,100,150,100,150,50,60,40,50,20,30,10,20,20261009,2026-10-09 10:07
DDP(동대문디자인플라자),POI083,서행,17.0,2026-10-09 10:05,9,2596.0,171.0,3.0,11.0,5,0,2800,2900,3700,3800,600,650,800,850,150,200,250,300,70,80,150,200,20261009,550,600,400,450,50,60,80,90,20,30,30,40,10,20,10,20,20261009,2026-10-09 10:07
DMC(디지털미디어시티),POI084,서행,22.0,2026-10-09 10:05,25,9176.0,,4.0,68.0,0,0,3300,3400,2100,2200,600,650,350,400,200,250,100,150,60,70,60,70,20261009,1000,1100,1300,1400,200,250,250,300,80,90,60,70,60,70,50,60,20261009,2026-10-09 10:07
강서한강공원,POI085,원활,55.0,2026-10-09 10:05,2,106.0,33.0,0.0,1.0,0,0,,,,,,,,,,,,,,,,,,0,0,0,0,0,0,0,0,0,0,0,0,0,0,0,0,20261009,2026-10-09 10:07
고척돔,POI086,원활,28.0,2026-10-09 10:05,0,,,1.0,3.0,4,0,1100,1200,450,500,150,200,50,60,60,70,10,20,20,30,0,0,20261009,400,450,350,400,80,90,70,80,40,50,30,40,20,30,30,40,20261009,2026-10-09 10:07
광나루한강공원,POI087,원활,59.0,2026-10-09 10:05,4,718.0,263.0,0.0,0.0,0,0,,,,,,,,,,,,,,,,,,,,,,,,,,,,,,,,,,,2026-10-09 10:07
광화문광장,POI088,서행,17.0,2026-10-09 10:05,3,2932.0,372.0,2.0,12.0,5,0,1600,1700,7700,7800,350,400,2500,2600,90,100,1000,1100,30,40,350,400,20261009,700,750,1300,1400,150,200,400,450,50,60,100,150,40,50,90,100,20261009,2026-10-09 10:07
국립중앙박물관·용산가족공원,POI089,원활,32.0,2026-10-09 10:05,4,931.0,,3.0,3.0,3,1,1200,1300,4100,4200,300,350,950,1000,90,100,350,400,20,30,150,200,20261009,50,60,150,200,10,20,50,60,0,0,10,20,0,0,10,20,20261009,2026-10-09 10:07
난지한강공원,POI090,원활,38.0,2026-10-09 10:05,4,1240.0,0.0,0.0,7.0,0,0,,,,,,,,,,,,,,,,,,0,0,10,20,0,0,0,10,0,0,0,0,0,0,0,0,20261009,2026-10-09 10:07
남산공원,POI091,원활,30.0,2026-10-09 10:05,33,2148.0,20.0,5.0,37.0,6,0,4100,4200,9700,9800,1100,1200,2300,2400,350,400,850,900,200,250,400,450,20261009,750,800,1200,1300,200,250,350,400,90,100,100,150,60,70,100,150,20261009,2026-10-09 10:07
노들섬,POI092,정체,6.0,2026-10-09 10:05,1,99.0,,0.0,4.0,4,0,,,,,,,,,,,,,,,,,,100,150,200,250,20,30,50,60,0,10,10,20,0,10,10,20,20261009,2026-10-09 10:07
뚝섬한강공원,POI093,원활,55.0,2026-10-09 10:05,8,1342.0,383.0,1.0,1.0,1,0,1200,1300,700,750,200,250,150,200,60,70,60,70,40,50,40,50,20261009,0,0,0,0,0,0,0,0,0,0,0,0,0,0,0,0,20261009,2026-10-09 10:07
망원한강공원,POI094,원활,32.0,2026-10-09 10:05,2,458.0,0.0,2.0,10.0,0,0,3300,3400,3300,3400,600,650,800,850,150,200,300,350,90,100,100,150,20261009,500,550,750,800,80,90,150,200,30,40,60,70,20,30,10,20,20261009,2026-10-09 10:07
반포한강공원,POI095,원활,40.0,2026-10-09 10:05,9,1483.0,9.0,0.0,6.0,0,0,,,,,,,,,,,,,,,,,,20,30,40,50,0,10,10,20,0,10,0,10,0,10,0,10,20261009,2026-10-09 10:07
북서울꿈의숲,POI096,서행,20.0,2026-10-09 10:05,3,549.0,,0.0,17.0,1,0,,,,,,,,,,,,,,,,,,400,450,150,200,70,80,40,50,10,20,20,30,10,20,20,30,20261009,2026-10-09 10:07
서리풀공원·몽마르뜨공원,POI098,원활,25.0,2026-10-09 10:05,0,,,4.0,7.0,0,0,7300,7400,17200,17300,2000,2100,3800,3900,650,700,1400,1500,350,400,650,700,20261009,1500,1600,2500,2600,300,350,500,550,100,150,200,250,90,100,150,200,20261009,2026-10-09 10:07
서울대공원,POI100,서행,16.0,2026-10-09 10:05,0,,,1.0,0.0,0,0,100,150,1800,1900,30,40,550,600,10,20,80,90,0,0,0,0,20261009,,,,,,,,,,,,,,,,,,2026-10-09 10:07
서울숲공원,POI101,원활,34.0,2026-10-09 10:05,2,996.0,,1.0,9.0,2,0,650,700,950,1000,100,150,300,350,30,40,100,150,0,10,70,80,20261009,50,60,150,200,10,20,30,40,0,10,10,20,0,0,10,20,20261009,2026-10-09 10:07
아차산,POI102,원활,33.0,2026-10-09 10:05,0,,,0.0,3.0,0,0,,,,,,,,,,,,,,,,,,30,40,0,10,0,10,0,0,0,0,0,0,0,0,0,0,20261009,2026-10-09 10:07
양화한강공원,POI103,원활,41.0,2026-10-09 10:05,6,1002.0,220.0,0.0,5.0,0,0,,,,,,,,,,,,,,,,,,0,10,30,40,0,0,0,10,0,0,0,10,0,0,0,10,20261009,2026-10-09 10:07
어린이대공원,POI104,서행,21.0,2026-10-09 10:05,4,945.0,,2.0,9.0,4,0,3600,3700,2700,2800,650,700,700,750,150,200,250,300,90,100,100,150,20261009,300,350,300,350,60,70,60,70,10,20,10,20,0,10,10,20,20261009,2026-10-09 10:07
여의도한강공원,POI105,원활,38.0,2026-10-09 10:05,6,2866.0,252.0,1.0,3.0,0,0,400,450,1100,1200,90,100,250,300,30,40,100,150,10,20,40,50,20261009,90,100,100,150,10,20,10,20,0,10,0,10,0,10,0,10,20261009,2026-10-09 10:07
월드컵공원,POI106,원활,27.0,2026-10-09 10:05,9,3537.0,,4.0,34.0,0,0,3500,3600,4000,4100,800,850,650,700,250,300,250,300,90,100,150,200,20261009,400,450,750,800,150,200,100,150,40,50,20,30,30,40,20,30,20261009,2026-10-09 10:07
응봉산,POI107,서행,24.0,2026-10-09 10:05,3,88.0,,1.0,24.0,0,0,350,400,80,90,50,60,10,20,20,30,0,0,0,10,0,0,20261009,400,450,200,250,100,150,30,40,20,30,0,10,20,30,0,10,20261009,2026-10-09 10:07
이촌한강공원,POI108,원활,40.0,2026-10-09 10:05,2,514.0,0.0,0.0,4.0,1,0,,,,,,,,,,,,,,,,,,0,0,20,30,0,0,0,0,0,0,0,0,0,0,0,0,20261009,2026-10-09 10:07
잠실종합운동장,POI109,원활,28.0,2026-10-09 10:05,1,876.0,,2.0,4.0,0,0,1000,1100,2100,2200,200,250,200,250,60,70,90,100,30,40,50,60,20261009,100,150,150,200,10,20,20,30,0,0,0,0,0,0,0,0,20261009,2026-10-09 10:07
잠실한강공원,POI110,원활,38.0,2026-10-09 10:05,4,1326.0,161.0,1.0,9.0,0,0,1400,1500,900,950,300,350,150,200,90,100,60,70,30,40,40,50,20261009,30,40,150,200,0,10,10,20,0,0,0,10,0,0,0,10,20261009,2026-10-09 10:07
잠원한강공원,POI111,원활,50.0,2026-10-09 10:05,3,1540.0,0.0,0.0,5.0,0,0,,,,,,,,,,,,,,,,,,60,70,100,150,10,20,20,30,0,10,10,20,0,10,0,10,20261009,2026-10-09 10:07
청계산,POI112,원활,45.0,2026-10-09 10:05,0,,,0.0,9.0,0,0,,,,,,,,,,,,,,,,,,10,20,20,30,0,10,0,10,0,0,0,10,0,0,0,0,20261009,2026-10-09 10:07
북창동 먹자골목,POI114,정체,14.0,2026-10-09 10:05,20,552.0,0.0,0.0,11.0,0,0,,,,,,,,,,,,,,,,,,600,650,1300,1400,100,150,300,350,50,60,100,150,40,50,60,70,20261009,2026-10-09 10:07
남대문시장,POI115,서행,17.0,2026-10-09 10:05,16,1456.0,4.0,1.0,7.0,0,0,,,,,,,,,,,,,,,,,,350,400,1100,1200,90,100,250,300,20,30,80,90,10,20,40,50,20261009,2026-10-09 10:07
익선동,POI116,서행,15.0,2026-10-09 10:05,10,187.0,2.0,3.0,11.0,1,0,2200,2300,4500,4600,450,500,1200,1300,150,200,450,500,100,150,350,400,20261009,700,750,750,800,100,150,150,200,30,40,40,50,30,40,30,40,20261009,2026-10-09 10:07
신정네거리역,POI117,서행,19.0,2026-10-09 10:05,3,119.0,,1.0,9.0,0,0,,,,,,,,,,,,,,,,,,,,,,,,,,,,,,,,,,,2026-10-09 10:07
잠실새내역,POI118,서행,19.0,2026-10-09 10:05,31,1541.0,,1.0,18.0,0,0,2000,2100,1200,1300,400,450,300,350,90,100,60,70,50,60,50,60,20261009,650,700,800,850,100,150,150,200,50,60,60,70,30,40,30,40,20261009,2026-10-09 10:07
잠실역,POI119,서행,21.0,2026-10-09 10:05,5,6749.0,124.0,2.0,21.0,0,0,,,,,,,,,,,,,,,,,,1300,1400,3300,3400,200,250,650,700,70,80,250,300,40,50,100,150,20261009,2026-10-09 10:07
잠실롯데타워·석촌호수,POI120,서행,19.0,2026-10-09 10:05,33,9281.0,124.0,3.0,0.0,3,0,,,,,,,,,,,,,,,,,,,,,,,,,,,,,,,,,,,2026-10-09 10:07
송리단길·호수단길,POI121,서행,19.0,2026-10-09 10:05,21,878.0,,1.0,15.0,0,0,850,900,750,800,150,200,200,250,60,70,60,70,10,20,50,60,20261009,850,900,900,950,150,200,150,200,60,70,70,80,30,40,40,50,20261009,2026-10-09 10:07
신촌 스타광장,POI122,서행,18.0,2026-10-09 10:05,4,235.0,,1.0,4.0,0,0,,,,,,,,,,,,,,,,,,600,650,650,700,90,100,100,150,20,30,40,50,10,20,20,30,20261009,2026-10-09 10:07
보라매공원,POI123,서행,15.0,2026-10-09 10:05,1,78.0,,2.0,5.0,0,0,600,650,500,550,150,200,100,150,40,50,20,30,0,0,0,0,20261009,0,10,20,30,0,0,0,10,0,0,0,0,0,0,0,0,20261009,2026-10-09 10:07
서대문독립공원,POI124,원활,25.0,2026-10-09 10:05,2,150.0,,1.0,18.0,0,0,750,800,0,0,150,200,0,0,40,50,0,0,20,30,0,0,20261009,750,800,700,750,150,200,150,200,50,60,60,70,30,40,40,50,20261009,2026-10-09 10:07
안양천,POI125,원활,31.0,2026-10-09 10:05,1,294.0,,0.0,1.0,0,0,,,,,,,,,,,,,,,,,,0,0,0,0,0,0,0,0,0,0,0,0,0,0,0,0,20261009,2026-10-09 10:07
여의서로,POI126,원활,34.0,2026-10-09 10:05,2,168.0,38.0,0.0,0.0,0,0,,,,,,,,,,,,,,,,,,,,,,,,,,,,,,,,,,,2026-10-09 10:07
올림픽공원,POI127,서행,22.0,2026-10-09 10:05,4,2716.0,,4.0,17.0,8,1,,,,,,,,,,,,,,,,,,400,450,550,600,80,90,100,150,20,30,40,50,10,20,30,40,20261009,2026-10-09 10:07
홍제폭포,POI128,원활,28.0,2026-10-09 10:05,0,,,0.0,0.0,0,0,,,,,,,,,,,,,,,,,,,,,,,,,,,,,,,,,,,2026-10-09 10:07
송현녹지광장,POI129,서행,15.0,2026-10-09 10:05,4,1546.0,,1.0,25.0,8,1,750,800,3200,3300,200,250,1000,1100,70,80,250,300,30,40,50,60,20261009,700,750,1500,1600,200,250,350,400,80,90,100,150,60,70,100,150,20261009,2026-10-09 10:07
시의회 앞,POI130,서행,17.0,2026-10-09 10:05,9,1723.0,,3.0,25.0,6,0,2000,2100,11600,11700,350,400,3300,3400,80,90,1100,1200,30,40,650,700,20261009,800,850,2000,2100,150,200,450,500,40,50,100,150,20,30,80,90,20261009,2026-10-09 10:07
강남 MICE 관광특구,POI001,서행,15.0,2026-10-09 11:05,3,4428.0,,2.0,6.0,1,0,2300,2400,10000,10100,400,450,1900,2000,100,150,500,550,80,90,150,200,20261009,200,250,650,700,30,40,100,150,10,20,50,60,0,0,20,30,20261009,2026-10-09 11:07
동대문 관광특구,POI002,서행,16.0,2026-10-09 11:05,47,8302.0,212.0,7.0,32.0,7,0,12400,12500,17600,17700,2000,2100,3200,3300,600,650,950,1000,400,450,600,650,20261009,2200,2300,1900,2000,200,250,350,400,70,80,100,150,20,30,30,40,20261009,2026-10-09 11:07
명동 관광특구,POI003,서행,15.0,2026-10-09 11:05,93,12070.0,7.0,7.0,54.0,7,2,11000,11100,42100,42200,2500,2600,9000,9100,800,850,2700,2800,400,450,1900,2000,20261009,3400,3500,7200,7300,700,750,1300,1400,200,250,450,500,100,150,100,150,20261009,2026-10-09 11:07
이태원 관광특구,POI004,서행,20.0,2026-10-09 11:05,8,853.0,,3.0,17.0,0,0,3000,3100,5300,5400,300,350,1000,1100,80,90,250,300,40,50,250,300,20261009,1400,1500,1000,1100,100,150,150,200,30,40,50,60,20,30,20,30,20261009,2026-10-09 11:07
잠실 관광특구,POI005,서행,19.0,2026-10-09 11:05,37,11997.0,188.0,6.0,50.0,11,1,12700,12800,23500,23600,2100,2200,4300,4400,650,700,1400,1500,450,500,1400,1500,20261009,2100,2200,4700,4800,300,350,750,800,100,150,300,350,60,70,100,150,20261009,2026-10-09 11:07
종로·청계 관광특구,POI006,정체,14.0,2026-10-09 11:05,48,2496.0,40.0,10.0,62.0,0,0,15100,15200,38300,38400,2800,2900,8300,8400,950,1000,2500,2600,550,600,1600,1700,20261009,4600,4700,6100,6200,650,700,1100,1200,250,300,400,450,100,150,200,250,20261009,2026-10-09 11:07
홍대 관광특구,POI007,서행,15.0,2026-10-09 11:05,51,3098.0,,8.0,70.0,0,0,17000,17100,20500,20600,2700,2800,5100,5200,800,850,1700,1800,500,550,1100,1200,20261009,3500,3600,4700,4800,500,550,900,950,150,200,300,350,50,60,100,150,20261009,2026-10-09 11:07
경복궁,POI008,서행,16.0,2026-10-09 11:05,2,267.0,,1.0,11.0,4,0,1800,1900,7700,7800,400,450,1900,2000,100,150,500,550,40,50,300,350,20261009,70,80,300,350,10,20,70,80,0,0,30,40,0,0,10,20,20261009,2026-10-09 11:07
광화문·덕수궁,POI009,서행,15.0,2026-10-09 11:05,29,7988.0,520.0,4.0,41.0,13,2,4900,5000,27400,27500,1100,1200,6400,6500,350,400,2100,2200,200,250,1500,1600,20261009,2900,3000,5600,5700,700,750,1100,1200,300,350,400,450,150,200,150,200,20261009,2026-10-09 11:07
보신각,POI010,정체,14.0,2026-10-09 11:05,14,2572.0,7.0,1.0,14.0,1,0,1400,1500,6100,6200,200,250,1200,1300,70,80,300,350,20,30,250,300,20261009,950,1000,1500,1600,100,150,250,300,60,70,100,150,10,20,50,60,20261009,2026-10-09 11:07
서울 암사동 유적,POI011,서행,20.0,2026-10-09 11:05,1,108.0,,0.0,3.0,0,0,,,,,,,,,,,,,,,,,,10,20,10,20,0,10,0,0,0,10,0,0,0,10,0,0,20261009,2026-10-09 11:07
창덕궁·종묘,POI012,서행,15.0,2026-10-09 11:05,16,3155.0,579.0,4.0,19.0,2,0,5200,5300,13300,13400,1100,1200,2900,3000,400,450,850,900,200,250,450,500,20261009,500,550,1200,1300,100,150,200,250,50,60,70,80,20,30,30,40,20261009,2026-10-09 11:07
가산디지털단지역,POI013,서행,20.0,2026-10-09 11:05,20,8291.0,,2.0,71.0,0,0,3900,4000,4400,4500,500,550,800,850,150,200,250,300,100,150,150,200,20261009,1300,1400,2400,2500,150,200,350,400,60,70,100,150,20,30,30,40,20261009,2026-10-09 11:07
강남역,POI014,서행,18.0,2026-10-09 11:05,95,7876.0,,4.0,55.0,0,0,8100,8200,17600,17700,1600,1700,2800,2900,400,450,900,950,250,300,550,600,20261009,4000,4100,4100,4200,750,800,700,750,350,400,250,300,100,150,100,150,20261009,2026-10-09 11:07
건대입구역,POI015,서행,17.0,2026-10-09 11:05,23,6603.0,,2.0,11.0,3,0,6800,6900,5400,5500,950,1000,1200,1300,250,300,400,450,150,200,200,250,20261009,800,850,1100,1200,100,150,200,250,30,40,70,80,0,10,20,30,20261009,2026-10-09 11:07
고덕역,POI016,서행,21.0,2026-10-09 11:05,15,1615.0,,1.0,5.0,0,0,1400,1500,900,950,200,250,150,200,70,80,30,40,50,60,30,40,20261009,200,250,200,250,30,40,40,50,10,20,10,20,10,20,0,10,20261009,2026-10-09 11:07
고속터미널역,POI017,서행,21.0,2026-10-09 11:05,3,4291.0,,3.0,10.0,0,0,11100,11200,23600,23700,2500,2600,3800,3900,750,800,1100,1200,450,500,850,900,20261009,2400,2500,3800,3900,450,500,550,600,100,150,200,250,50,60,80,90,20261009,2026-10-09 11:07
교대역,POI018,서행,18.0,2026-10-09 11:05,14,760.0,,2.0,13.0,0,0,3000,3100,5200,5300,500,550,600,650,150,200,200,250,100,150,100,150,20261009,600,650,500,550,90,100,80,90,20,30,30,40,10,20,10,20,20261009,2026-10-09 11:07
구로디지털단지역,POI019,서행,19.0,2026-10-09 11:05,20,6911.0,,1.0,29.0,0,0,10200,10300,4300,4400,1300,1400,700,750,350,400,150,200,250,300,80,90,20261009,900,950,750,800,100,150,100,150,40,50,40,50,0,10,10,20,20261009,2026-10-09 11:07
구로역,POI020,서행,21.0,2026-10-09 11:05,3,1047.0,,1.0,5.0,0,0,3900,4000,2400,2500,350,400,450,500,100,150,100,150,40,50,50,60,20261009,250,300,750,800,30,40,90,100,0,10,30,40,0,0,10,20,20261009,2026-10-09 11:07
군자역,POI021,서행,16.0,2026-10-09 11:05,11,573.0,,2.0,16.0,0,0,5100,5200,2300,2400,650,700,350,400,150,200,100,150,60,70,80,90,20261009,950,1000,1000,1100,100,150,100,150,50,60,40,50,10,20,10,20,20261009,2026-10-09 11:07
대림역,POI023,서행,16.0,2026-10-09 11:05,4,221.0,,2.0,29.0,0,0,9200,9300,3700,3800,950,1000,700,750,250,300,200,250,150,200,200,250,20261009,1300,1400,2000,2100,100,150,250,300,60,70,100,150,40,50,80,90,20261009,2026-10-09 11:07
동대문역,POI024,서행,17.0,2026-10-09 11:05,17,892.0,0.0,2.0,7.0,0,0,4600,4700,8100,8200,750,800,1500,1600,200,250,500,550,150,200,300,350,20261009,1000,1100,1400,1500,100,150,200,250,40,50,80,90,20,30,30,40,20261009,2026-10-09 11:07
뚝섬역,POI025,서행,18.0,2026-10-09 11:05,9,767.0,,1.0,4.0,1,0,1500,1600,2700,2800,250,300,650,700,90,100,300,350,30,40,100,150,20261009,100,150,300,350,10,20,50,60,0,0,10,20,0,0,0,0,20261009,2026-10-09 11:07
미아사거리역,POI026,정체,14.0,2026-10-09 11:05,11,1409.0,,1.0,29.0,0,0,5800,5900,2500,2600,800,850,350,400,200,250,100,150,150,200,50,60,20261009,3800,3900,5000,5100,500,550,750,800,150,200,250,300,60,70,80,90,20261009,2026-10-09 11:07
발산역,POI027,서행,16.0,2026-10-09 11:05,13,2880.0,,1.0,37.0,0,0,1900,2000,3000,3100,300,350,600,650,80,90,250,300,50,60,150,200,20261009,900,950,1200,1300,150,200,200,250,40,50,60,70,20,30,30,40,20261009,2026-10-09 11:07
사당역,POI029,서행,18.0,2026-10-09 11:05,13,520.0,,2.0,17.0,1,0,10100,10200,8500,8600,1600,1700,1100,1200,500,550,350,400,250,300,200,250,20261009,1100,1200,1600,1700,100,150,200,250,30,40,90,100,10,20,30,40,20261009,2026-10-09 11:07
삼각지역,POI030,서행,20.0,2026-10-09 11:05,0,,,2.0,7.0,0,0,1300,1400,1600,1700,200,250,400,450,70,80,100,150,40,50,50,60,20261009,1000,1100,1000,1100,100,150,150,200,50,60,60,70,20,30,20,30,20261009,2026-10-09 11:07
서울대입구역,POI031,서행,18.0,2026-10-09 11:05,2,52.0,,1.0,15.0,0,0,8600,8700,4200,4300,1300,1400,600,650,350,400,100,150,100,150,20,30,20261009,3400,3500,4100,4200,500,550,600,650,100,150,200,250,40,50,100,150,20261009,2026-10-09 11:07
서울식물원·마곡나루역,POI032,서행,17.0,2026-10-09 11:05,2,2651.0,,2.0,15.0,3,0,2700,2800,3200,3300,400,450,600,650,100,150,200,250,80,90,60,70,20261009,200,250,500,550,40,50,100,150,10,20,30,40,10,20,20,30,20261009,2026-10-09 11:07
서울역,POI033,서행,17.0,2026-10-09 11:05,23,3968.0,0.0,8.0,34.0,1,0,25100,25200,41900,42000,4800,4900,6800,6900,1500,1600,2100,2200,850,900,1100,1200,20261009,4200,4300,6300,6400,800,850,750,800,250,300,250,300,90,100,80,90,20261009,2026-10-09 11:07
선릉역,POI034,서행,19.0,2026-10-09 11:05,94,11160.0,28.0,4.0,20.0,0,0,4400,4500,11000,11100,750,800,2300,2400,200,250,750,800,100,150,250,300,20261009,1300,1400,1300,1400,150,200,150,200,50,60,70,80,10,20,30,40,20261009,2026-10-09 11:07
성신여대입구역,POI035,서행,17.0,2026-10-09 11:05,2,38.0,,2.0,9.0,1,0,4100,4200,2600,2700,650,700,350,400,150,200,100,150,100,150,80,90,20261009,1700,1800,2400,2500,250,300,400,450,100,150,100,150,40,50,20,30,20261009,2026-10-09 11:07
수유역,POI036,서행,17.0,2026-10-09 11:05,8,802.0,,1.0,32.0,0,0,8500,8600,3100,3200,1000,1100,450,500,300,350,100,150,150,200,100,150,20261009,4800,4900,6100,6200,550,600,850,900,150,200,300,350,60,70,100,150,20261009,2026-10-09 11:07
신논현역·논현역,POI037,서행,19.0,2026-10-09 11:05,32,1053.0,,3.0,13.0,0,0,4000,4100,6800,6900,750,800,1000,1100,150,200,250,300,100,150,100,150,20261009,1600,1700,1400,1500,300,350,200,250,100,150,80,90,40,50,30,40,20261009,2026-10-09 11:07
신도림역,POI038,서행,18.0,2026-10-09 11:05,1,1644.0,,2.0,2.0,0,0,9300,9400,5600,5700,1300,1400,1100,1200,400,450,350,400,250,300,200,250,20261009,450,500,1500,1600,80,90,150,200,30,40,60,70,0,10,10,20,20261009,2026-10-09 11:07
신림역,POI039,서행,15.0,2026-10-09 11:05,2,282.0,,2.0,15.0,0,0,14100,14200,4000,4100,1900,2000,650,700,600,650,200,250,400,450,150,200,20261009,3600,3700,6800,6900,400,450,1000,1100,100,150,350,400,50,60,100,150,20261009,2026-10-09 11:07
신촌·이대역,POI040,서행,17.0,2026-10-09 11:05,25,1943.0,153.0,4.0,41.0,0,0,6000,6100,6400,6500,1100,1200,1200,1300,350,400,400,450,150,200,200,250,20261009,3000,3100,3600,3700,400,450,550,600,150,200,200,250,70,80,60,70,20261009,2026-10-09 11:07
양재역,POI041,서행,23.0,2026-10-09 11:05,16,1881.0,,2.0,27.0,0,0,3600,3700,6300,6400,600,650,900,950,150,200,250,300,100,150,200,250,20261009,2200,2300,2100,2200,350,400,350,400,150,200,100,150,70,80,80,90,20261009,2026-10-09 11:07
역삼역,POI042,서행,19.0,2026-10-09 11:05,47,7473.0,1.0,1.0,10.0,0,0,1800,1900,4500,4600,300,350,600,650,100,150,150,200,40,50,10,20,20261009,900,950,1100,1200,100,150,150,200,30,40,50,60,10,20,30,40,20261009,2026-10-09 11:07
연신내역,POI043,서행,18.0,2026-10-09 11:05,5,208.0,,3.0,14.0,0,0,10600,10700,5400,5500,1500,1600,900,950,400,450,250,300,150,200,80,90,20261009,1500,1600,2100,2200,250,300,250,300,80,90,90,100,30,40,30,40,20261009,2026-10-09 11:07
오목교역·목동운동장,POI044,원활,26.0,2026-10-09 11:05,14,5304.0,,1.0,33.0,0,0,2600,2700,2900,3000,450,500,400,450,100,150,150,200,100,150,80,90,20261009,1900,2000,2800,2900,300,350,400,450,100,150,150,200,80,90,90,100,20261009,2026-10-09 11:07
왕십리역,POI045,서행,18.0,2026-10-09 11:05,4,1478.0,,5.0,22.0,0,0,6600,6700,5500,5600,1100,1200,1100,1200,300,350,350,400,100,150,150,200,20261009,450,500,1200,1300,80,90,200,250,40,50,90,100,20,30,40,50,20261009,2026-10-09 11:07
용산역,POI046,서행,21.0,2026-10-09 11:05,11,5014.0,96.0,2.0,33.0,0,0,6800,6900,19700,19800,1000,1100,3500,3600,300,350,1100,1200,150,200,500,550,20261009,1400,1500,1600,1700,200,250,250,300,90,100,80,90,40,50,20,30,20261009,2026-10-09 11:07
이태원역,POI047,서행,16.0,2026-10-09 11:05,4,66.0,,1.0,9.0,0,0,2000,2100,2300,2400,100,150,300,350,30,40,80,90,10,20,70,80,20261009,1000,1100,450,500,60,70,70,80,10,20,20,30,10,20,10,20,20261009,2026-10-09 11:07
장지역,POI048,서행,19.0,2026-10-09 11:05,4,10611.0,,1.0,20.0,0,0,2500,2600,2200,2300,400,450,350,400,100,150,100,150,90,100,80,90,20261009,750,800,1100,1200,80,90,150,200,20,30,80,90,0,0,40,50,20261009,2026-10-09 11:07
장한평역,POI049,서행,22.0,2026-10-09 11:05,15,847.0,,1.0,16.0,0,0,3300,3400,2000,2100,500,550,250,300,150,200,80,90,100,150,60,70,20261009,1900,2000,2500,2600,250,300,350,400,90,100,100,150,10,20,10,20,20261009,2026-10-09 11:07
천호역,POI050,정체,14.0,2026-10-09 11:05,14,3331.0,,2.0,12.0,0,0,6100,6200,4800,4900,850,900,750,800,250,300,250,300,150,200,100,150,20261009,400,450,1100,1200,50,60,100,150,10,20,80,90,0,10,10,20,20261009,2026-10-09 11:07
총신대입구(이수)역,POI051,서행,15.0,2026-10-09 11:05,7,533.0,,2.0,18.0,0,0,5500,5600,4100,4200,950,1000,650,700,250,300,200,250,150,200,100,150,20261009,1400,1500,1500,1600,200,250,300,350,100,150,100,150,50,60,70,80,20261009,2026-10-09 11:07
충정로역,POI052,서행,21.0,2026-10-09 11:05,5,834.0,,2.0,19.0,0,0,1700,1800,1400,1500,250,300,300,350,80,90,100,150,60,70,70,80,20261009,900,950,700,750,150,200,80,90,60,70,30,40,20,30,0,10,20261009,2026-10-09 11:07
합정역,POI053,서행,20.0,2026-10-09 11:05,6,207.0,,2.0,30.0,0,0,4600,4700,5600,5700,700,750,1200,1300,200,250,350,400,100,150,200,250,20261009,1100,1200,1400,1500,150,200,250,300,60,70,100,150,20,30,50,60,20261009,2026-10-09 11:07
혜화역,POI054,서행,18.0,2026-10-09 11:05,24,955.0,,1.0,12.0,7,0,2000,2100,3900,4000,300,350,800,850,100,150,300,350,70,80,150,200,20261009,1300,1400,1500,1600,150,200,250,300,60,70,100,150,20,30,50,60,20261009,2026-10-09 11:07
홍대입구역(2호선),POI055,서행,15.0,2026-10-09 11:05,16,1196.0,,1.0,17.0,0,0,6700,6800,8800,8900,1100,1200,2300,2400,300,350,800,850,200,250,500,550,20261009,2000,2100,3000,3100,300,350,550,600,90,100,200,250,20,30,70,80,20261009,2026-10-09 11:07
회기역,POI056,서행,20.0,2026-10-09 11:05,21,408.0,,1.0,22.0,0,0,5200,5300,2200,2300,800,850,300,350,200,250,60,70,70,80,40,50,20261009,2600,2700,2800,2900,350,400,350,400,100,150,100,150,40,50,50,60,20261009,2026-10-09 11:07
가락시장,POI058,서행,24.0,2026-10-09 11:05,4,2884.0,,2.0,16.0,0,0,2900,3000,2400,2500,450,500,300,350,150,200,100,150,80,90,100,150,20261009,1600,1700,1300,1400,150,200,150,200,60,70,60,70,30,40,30,40,20261009,2026-10-09 11:07
가로수길,POI059,원활,25.0,2026-10-09 11:05,51,2767.0,124.0,2.0,14.0,0,0,3200,3300,10100,10200,600,650,1800,1900,200,250,650,700,100,150,450,500,20261009,700,750,1100,1200,100,150,150,200,40,50,60,70,20,30,10,20,20261009,2026-10-09 11:07
광장(전통)시장,POI060,서행,16.0,2026-10-09 11:05,7,103.0,6.0,1.0,11.0,0,0,1700,1800,5000,5100,450,500,950,1000,150,200,300,350,60,70,50,60,20261009,600,650,1500,1600,100,150,250,300,60,70,100,150,20,30,50,60,20261009,2026-10-09 11:07
김포공항,POI061,원활,27.0,2026-10-09 11:05,6,16594.0,,6.0,27.0,0,0,4700,4800,6600,6700,1000,1100,950,1000,300,350,350,400,100,150,150,200,20261009,400,450,650,700,80,90,60,70,30,40,10,20,0,10,10,20,20261009,2026-10-09 11:07
노량진,POI063,서행,21.0,2026-10-09 11:05,11,1218.0,,3.0,22.0,1,0,7800,7900,6500,6600,1200,1300,750,800,350,400,200,250,200,250,150,200,20261009,2300,2400,5300,5400,300,350,650,700,100,150,200,250,60,70,100,150,20261009,2026-10-09 11:07
덕수궁길·정동길,POI064,서행,18.0,2026-10-09 11:05,10,620.0,,3.0,10.0,0,0,3600,3700,11000,11100,650,700,2100,2200,200,250,700,750,100,150,600,650,20261009,700,750,1000,1100,100,150,150,200,30,40,60,70,10,20,10,20,20261009,2026-10-09 11:07
북촌한옥마을,POI066,서행,15.0,2026-10-09 11:05,16,1756.0,,1.0,55.0,9,1,1200,1300,6500,6600,250,300,1700,1800,70,80,450,500,20,30,40,50,20261009,1400,1500,3200,3300,250,300,650,700,100,150,250,300,60,70,100,150,20261009,2026-10-09 11:07
서촌,POI067,서행,17.0,2026-10-09 11:05,9,308.0,,1.0,32.0,4,0,1800,1900,7700,7800,400,450,1900,2000,100,150,500,550,40,50,300,350,20261009,2000,2100,2200,2300,350,400,300,350,150,200,100,150,50,60,50,60,20261009,2026-10-09 11:07
성수카페거리,POI068,서행,17.0,2026-10-09 11:05,28,2824.0,,2.0,35.0,1,0,3600,3700,12200,12300,600,650,3100,3200,200,250,1100,1200,100,150,750,800,20261009,550,600,850,900,60,70,100,150,10,20,30,40,10,20,20,30,20261009,2026-10-09 11:07
쌍문역,POI070,서행,17.0,2026-10-09 11:05,8,345.0,,1.0,18.0,0,0,7900,8000,1800,1900,1000,1100,200,250,250,300,90,100,150,200,40,50,20261009,1900,2000,3600,3700,250,300,450,500,80,90,100,150,30,40,60,70,20261009,2026-10-09 11:07
압구정로데오거리,POI071,서행,17.0,2026-10-09 11:05,55,1976.0,1.0,1.0,16.0,1,0,700,750,4600,4700,100,150,750,800,40,50,200,250,10,20,150,200,20261009,1000,1100,2700,2800,100,150,350,400,20,30,90,100,0,10,10,20,20261009,2026-10-09 11:07
여의도,POI072,서행,23.0,2026-10-09 11:05,116,24820.0,422.0,9.0,63.0,4,1,8500,8600,12500,12600,1300,1400,2300,2400,400,450,750,800,200,250,400,450,20261009,3600,3700,6900,7000,500,550,1000,1100,150,200,400,450,70,80,150,200,20261009,2026-10-09 11:07
연남동,POI073,서행,17.0,2026-10-09 11:05,45,132.0,,0.0,20.0,0,0,,,,,,,,,,,,,,,,,,1000,1100,1100,1200,150,200,200,250,50,60,70,80,20,30,50,60,20261009,2026-10-09 11:07
영등포 타임스퀘어,POI074,서행,19.0,2026-10-09 11:05,10,1195.0,89.0,3.0,24.0,0,0,7900,8000,9300,9400,1200,1300,1600,1700,350,400,500,550,100,150,150,200,20261009,1900,2000,3800,3900,300,350,650,700,100,150,200,250,30,40,90,100,20261009,2026-10-09 11:07
용리단길,POI076,서행,19.0,2026-10-09 11:05,0,,,3.0,7.0,0,0,2800,2900,5600,5700,450,500,1200,1300,150,200,350,400,60,70,150,200,20261009,450,500,1400,1500,70,80,250,300,30,40,90,100,10,20,50,60,20261009,2026-10-09 11:07
이태원 앤틱가구거리,POI077,서행,19.0,2026-10-09 11:05,4,51.0,,1.0,13.0,0,0,2000,2100,2300,2400,100,150,300,350,30,40,80,90,10,20,70,80,20261009,650,700,600,650,60,70,80,90,20,30,40,50,10,20,10,20,20261009,2026-10-09 11:07
인사동,POI078,정체,13.0,2026-10-09 11:05,21,2465.0,2.0,2.0,26.0,7,0,2600,2700,12700,12800,450,500,2900,3000,150,200,750,800,50,60,300,350,20261009,1800,1900,2200,2300,250,300,450,500,100,150,150,200,40,50,70,80,20261009,2026-10-09 11:07
창동 신경제 중심지,POI079,서행,17.0,2026-10-09 11:05,46,4927.0,24.0,4.0,55.0,5,0,12200,12300,8400,8500,1700,1800,1300,1400,500,550,400,450,300,350,300,350,20261009,2300,2400,4100,4200,300,350,650,700,150,200,250,300,90,100,100,150,20261009,2026-10-09 11:07
청담동 명품거리,POI080,서행,19.0,2026-10-09 11:05,16,910.0,,1.0,10.0,0,0,700,750,4600,4700,100,150,750,800,40,50,200,250,10,20,150,200,20261009,450,500,1100,1200,70,80,100,150,20,30,40,50,0,0,10,20,20261009,2026-10-09 11:07
청량리 제기동 일대 전통시장,POI081,서행,18.0,2026-10-09 11:05,12,2214.0,,2.0,23.0,0,0,6600,6700,7100,7200,1200,1300,1500,1600,350,400,450,500,100,150,150,200,20261009,4600,4700,6800,6900,750,800,1000,1100,200,250,300,350,90,100,100,150,20261009,2026-10-09 11:07
해방촌·경리단길,POI082,원활,31.0,2026-10-09 11:05,4,273.0,,0.0,26.0,1,0,,,,,,,,,,,,,,,,,,1300,1400,750,800,200,250,150,200,90,100,60,70,30,40,20,30,20261009,2026-10-09 11:07
DDP(동대문디자인플라자),POI083,서행,16.0,2026-10-09 11:05,9,2596.0,204.0,3.0,11.0,5,0,4300,4400,6200,6300,800,850,1200,1300,200,250,300,350,150,200,150,200,20261009,700,750,700,750,70,80,150,200,20,30,50,60,10,20,20,30,20261009,2026-10-09 11:07
DMC(디지털미디어시티),POI084,서행,21.0,2026-10-09 11:05,25,9176.0,,4.0,68.0,0,0,4500,4600,2900,3000,650,700,400,450,150,200,100,150,100,150,50,60,20261009,1400,1500,1900,2000,150,200,300,350,60,70,90,100,20,30,40,50,20261009,2026-10-09 11:07
강서한강공원,POI085,원활,55.0,2026-10-09 11:05,2,106.0,42.0,0.0,1.0,0,0,,,,,,,,,,,,,,,,,,0,0,0,0,0,0,0,0,0,0,0,0,0,0,0,0,20261009,2026-10-09 11:07
고척돔,POI086,원활,26.0,2026-10-09 11:05,0,,,1.0,3.0,4,0,1500,1600,650,700,200,250,90,100,50,60,50,60,20,30,10,20,20261009,550,600,500,550,70,80,90,100,20,30,40,50,0,10,10,20,20261009,2026-10-09 11:07
광나루한강공원,POI087,원활,53.0,2026-10-09 11:05,4,718.0,310.0,0.0,0.0,0,1,,,,,,,,,,,,,,,,,,,,,,,,,,,,,,,,,,,2026-10-09 11:07
광화문광장,POI088,서행,16.0,2026-10-09 11:05,3,2932.0,520.0,2.0,12.0,5,0,2700,2800,14500,14600,650,700,3500,3600,200,250,1000,1100,90,100,700,750,20261009,1200,1300,2200,2300,300,350,450,500,100,150,150,200,50,60,70,80,20261009,2026-10-09 11:07
국립중앙박물관·용산가족공원,POI089,원활,27.0,2026-10-09 11:05,4,931.0,,3.0,3.0,3,1,2000,2100,6200,6300,400,450,1200,1300,100,150,300,350,70,80,200,250,20261009,60,70,250,300,0,10,20,30,0,0,0,0,0,0,0,0,20261009,2026-10-09 11:07
난지한강공원,POI090,원활,47.0,2026-10-09 11:05,4,1240.0,0.0,0.0,7.0,0,0,,,,,,,,,,,,,,,,,,0,0,10,20,0,0,0,0,0,0,0,0,0,0,0,0,20261009,2026-10-09 11:07
남산공원,POI091,원활,29.0,2026-10-09 11:05,33,2148.0,22.0,5.0,37.0,6,0,6900,7000,15600,15700,1300,1400,3200,3300,350,400,900,950,200,250,500,550,20261009,1500,1600,2200,2300,450,500,600,650,100,150,150,200,70,80,80,90,20261009,2026-10-09 11:07
노들섬,POI092,서행,18.0,2026-10-09 11:05,1,99.0,,0.0,4.0,4,0,,,,,,,,,,,,,,,,,,200,250,300,350,40,50,70,80,0,10,20,30,0,10,10,20,20261009,2026-10-09 11:07
뚝섬한강공원,POI093,원활,35.0,2026-10-09 11:05,8,1342.0,524.0,1.0,1.0,1,0,1800,1900,1100,1200,250,300,250,300,50,60,100,150,40,50,60,70,20261009,0,0,0,0,0,0,0,0,0,0,0,0,0,0,0,0,20261009,2026-10-09 11:07
망원한강공원,POI094,원활,29.0,2026-10-09 11:05,2,458.0,0.0,2.0,10.0,0,0,4600,4700,5600,5700,700,750,1200,1300,200,250,350,400,100,150,200,250,20261009,750,800,1200,1300,90,100,200,250,30,40,70,80,10,20,50,60,20261009,2026-10-09 11:07
반포한강공원,POI095,원활,41.0,2026-10-09 11:05,9,1483.0,9.0,0.0,6.0,0,0,,,,,,,,,,,,,,,,,,20,30,50,60,0,10,0,10,0,0,0,0,0,0,0,0,20261009,2026-10-09 11:07
북서울꿈의숲,POI096,서행,21.0,2026-10-09 11:05,3,549.0,,0.0,17.0,1,0,,,,,,,,,,,,,,,,,,600,650,250,300,100,150,30,40,40,50,10,20,30,40,0,10,20261009,2026-10-09 11:07
서리풀공원·몽마르뜨공원,POI098,서행,24.0,2026-10-09 11:05,0,,,4.0,7.0,0,0,12600,12700,25400,25500,2800,2900,4100,4200,850,900,1300,1400,550,600,950,1000,20261009,2300,2400,3500,3600,400,450,550,600,100,150,200,250,50,60,80,90,20261009,2026-10-09 11:07
서울대공원,POI100,서행,18.0,2026-10-09 11:05,0,,,1.0,0.0,0,0,200,250,4100,4200,50,60,1200,1300,10,20,300,350,0,10,60,70,20261009,,,,,,,,,,,,,,,,,,2026-10-09 11:07
서울숲공원,POI101,원활,35.0,2026-10-09 11:05,2,996.0,,1.0,9.0,2,1,950,1000,1800,1900,150,200,450,500,50,60,10,20,10,20,10,20,20261009,60,70,250,300,0,10,60,70,0,10,30,40,0,0,10,20,20261009,2026-10-09 11:07
아차산,POI102,원활,32.0,2026-10-09 11:05,0,,,0.0,3.0,0,0,,,,,,,,,,,,,,,,,,50,60,10,20,0,10,0,10,0,10,0,10,0,0,0,0,20261009,2026-10-09 11:07
양화한강공원,POI103,서행,21.0,2026-10-09 11:05,6,1002.0,309.0,0.0,5.0,0,0,,,,,,,,,,,,,,,,,,0,10,50,60,0,0,10,20,0,0,0,0,0,0,0,0,20261009,2026-10-09 11:07
어린이대공원,POI104,서행,17.0,2026-10-09 11:05,4,945.0,,2.0,9.0,4,0,5000,5100,4900,5000,750,800,1000,1100,200,250,350,400,150,200,250,300,20261009,450,500,450,500,80,90,100,150,20,30,30,40,10,20,20,30,20261009,2026-10-09 11:07
여의도한강공원,POI105,원활,36.0,2026-10-09 11:05,6,2866.0,335.0,1.0,3.0,0,0,600,650,2100,2200,100,150,600,650,40,50,200,250,30,40,100,150,20261009,100,150,150,200,0,10,30,40,0,0,0,0,0,0,0,0,20261009,2026-10-09 11:07
월드컵공원,POI106,원활,26.0,2026-10-09 11:05,9,3537.0,,4.0,34.0,0,0,5300,5400,6100,6200,950,1000,1100,1200,250,300,300,350,100,150,100,150,20261009,850,900,1100,1200,250,300,200,250,100,150,80,90,70,80,40,50,20261009,2026-10-09 11:07
응봉산,POI107,서행,23.0,2026-10-09 11:05,3,88.0,,1.0,24.0,0,0,500,550,100,150,60,70,20,30,10,20,10,20,0,10,0,0,20261009,600,650,250,300,100,150,40,50,30,40,0,10,20,30,0,10,20261009,2026-10-09 11:07
이촌한강공원,POI108,원활,36.0,2026-10-09 11:05,2,514.0,0.0,0.0,4.0,1,0,,,,,,,,,,,,,,,,,,0,10,20,30,0,0,0,10,0,0,0,0,0,0,0,0,20261009,2026-10-09 11:07
잠실종합운동장,POI109,원활,27.0,2026-10-09 11:05,1,876.0,,2.0,4.0,0,0,1500,1600,2600,2700,300,350,250,300,80,90,80,90,60,70,60,70,20261009,150,200,250,300,20,30,30,40,0,10,0,10,0,10,0,10,20261009,2026-10-09 11:07
잠실한강공원,POI110,원활,35.0,2026-10-09 11:05,4,1326.0,181.0,1.0,9.0,0,0,2200,2300,1200,1300,400,450,150,200,150,200,60,70,70,80,10,20,20261009,50,60,200,250,10,20,30,40,0,10,10,20,0,0,10,20,20261009,2026-10-09 11:07
잠원한강공원,POI111,원활,44.0,2026-10-09 11:05,3,1540.0,0.0,0.0,5.0,0,0,,,,,,,,,,,,,,,,,,100,150,150,200,30,40,30,40,10,20,10,20,0,0,10,20,20261009,2026-10-09 11:07
청계산,POI112,원활,38.0,2026-10-09 11:05,0,,,0.0,9.0,0,0,,,,,,,,,,,,,,,,,,20,30,30,40,0,0,0,10,0,0,0,10,0,0,0,10,20261009,2026-10-09 11:07
북창동 먹자골목,POI114,정체,12.0,2026-10-09 11:05,20,552.0,0.0,0.0,11.0,0,0,,,,,,,,,,,,,,,,,,1000,1100,2100,2200,200,250,400,450,60,70,150,200,30,40,30,40,20261009,2026-10-09 11:07
남대문시장,POI115,정체,12.0,2026-10-09 11:05,16,1456.0,4.0,1.0,7.0,0,0,,,,,,,,,,,,,,,,,,600,650,1800,1900,150,200,300,350,60,70,100,150,20,30,30,40,20261009,2026-10-09 11:07
익선동,POI116,정체,13.0,2026-10-09 11:05,10,187.0,2.0,3.0,11.0,1,0,3400,3500,8200,8300,650,700,1900,2000,250,300,500,550,150,200,350,400,20261009,950,1000,1100,1200,100,150,200,250,60,70,100,150,20,30,40,50,20261009,2026-10-09 11:07
신정네거리역,POI117,서행,18.0,2026-10-09 11:05,3,119.0,,1.0,9.0,0,0,,,,,,,,,,,,,,,,,,,,,,,,,,,,,,,,,,,2026-10-09 11:07
잠실새내역,POI118,서행,17.0,2026-10-09 11:05,31,1541.0,,1.0,18.0,0,0,2900,3000,1700,1800,550,600,250,300,150,200,70,80,100,150,60,70,20261009,950,1000,1200,1300,150,200,200,250,60,70,60,70,30,40,30,40,20261009,2026-10-09 11:07
잠실역,POI119,서행,18.0,2026-10-09 11:05,5,6749.0,188.0,2.0,21.0,0,0,,,,,,,,,,,,,,,,,,1800,1900,5000,5100,200,250,800,850,60,70,300,350,30,40,100,150,20261009,2026-10-09 11:07
잠실롯데타워·석촌호수,POI120,서행,18.0,2026-10-09 11:05,33,9281.0,188.0,3.0,0.0,3,0,,,,,,,,,,,,,,,,,,,,,,,,,,,,,,,,,,,2026-10-09 11:07
송리단길·호수단길,POI121,서행,20.0,2026-10-09 11:05,21,878.0,,1.0,15.0,0,0,1300,1400,1100,1200,200,250,200,250,40,50,100,150,20,30,30,40,20261009,1100,1200,1300,1400,100,150,150,200,50,60,70,80,10,20,20,30,20261009,2026-10-09 11:07
신촌 스타광장,POI122,서행,18.0,2026-10-09 11:05,4,235.0,,1.0,4.0,0,0,,,,,,,,,,,,,,,,,,850,900,1000,1100,100,150,150,200,50,60,70,80,20,30,10,20,20261009,2026-10-09 11:07
보라매공원,POI123,서행,15.0,2026-10-09 11:05,1,78.0,,2.0,5.0,0,0,900,950,850,900,150,200,100,150,80,90,70,80,40,50,30,40,20261009,0,10,30,40,0,0,10,20,0,0,0,10,0,0,0,10,20261009,2026-10-09 11:07
서대문독립공원,POI124,원활,26.0,2026-10-09 11:05,2,150.0,,1.0,18.0,0,0,1500,1600,2200,2300,550,600,2200,2300,80,90,150,200,60,70,80,90,20261009,1100,1200,1100,1200,200,250,200,250,70,80,40,50,30,40,20,30,20261009,2026-10-09 11:07
안양천,POI125,원활,27.0,2026-10-09 11:05,1,294.0,,0.0,1.0,0,0,,,,,,,,,,,,,,,,,,0,10,0,0,0,0,0,0,0,0,0,0,0,0,0,0,20261009,2026-10-09 11:07
여의서로,POI126,원활,33.0,2026-10-09 11:05,2,168.0,38.0,0.0,0.0,0,0,,,,,,,,,,,,,,,,,,,,,,,,,,,,,,,,,,,2026-10-09 11:07
올림픽공원,POI127,서행,22.0,2026-10-09 11:05,4,2716.0,,4.0,17.0,8,1,,,,,,,,,,,,,,,,,,600,650,800,850,100,150,100,150,40,50,40,50,10,20,20,30,20261009,2026-10-09 11:07
홍제폭포,POI128,원활,29.0,2026-10-09 11:05,0,,,0.0,0.0,0,0,,,,,,,,,,,,,,,,,,,,,,,,,,,,,,,,,,,2026-10-09 11:07
송현녹지광장,POI129,정체,12.0,2026-10-09 11:05,4,1546.0,,1.0,25.0,8,1,1200,1300,6500,6600,250,300,1700,1800,70,80,450,500,20,30,40,50,20261009,1100,1200,2600,2700,200,250,500,550,100,150,150,200,40,50,40,50,20261009,2026-10-09 11:07
시의회 앞,POI130,서행,17.0,2026-10-09 11:05,9,1723.0,,3.0,25.0,6,0,3100,3200,19700,19800,650,700,4400,4500,200,250,1500,1600,150,200,1200,1300,20261009,1400,1500,3300,3400,300,350,700,750,150,200,250,300,80,90,100,150,20261009,2026-10-09 11:07
강남 MICE 관광특구,POI001,서행,17.0,2026-10-09 12:05,3,4428.0,,2.0,6.0,1,0,3600,3700,14600,14700,700,750,2100,2200,200,250,650,700,150,200,400,450,20261009,250,300,950,1000,50,60,150,200,10,20,50,60,0,10,0,10,20261009,2026-10-09 12:07
동대문 관광특구,POI002,서행,16.0,2026-10-09 12:05,47,8302.0,233.0,7.0,32.0,7,0,16800,16900,25600,25700,2200,2300,4000,4100,650,700,1000,1100,450,500,750,800,20261009,2800,2900,2800,2900,300,350,450,500,100,150,200,250,50,60,70,80,20261009,2026-10-09 12:07
명동 관광특구,POI003,서행,15.0,2026-10-09 12:05,93,12070.0,7.0,7.0,54.0,7,2,17600,17700,65500,65600,3500,3600,11400,11500,1100,1200,3600,3700,650,700,2100,2200,20261009,5200,5300,10800,10900,950,1000,1800,1900,300,350,600,650,150,200,250,300,20261009,2026-10-09 12:07
이태원 관광특구,POI004,서행,19.0,2026-10-09 12:05,8,853.0,,3.0,17.0,0,0,3700,3800,8100,8200,350,400,1400,1500,100,150,500,550,90,100,250,300,20261009,1700,1800,1600,1700,100,150,250,300,50,60,100,150,20,30,50,60,20261009,2026-10-09 12:07
잠실 관광특구,POI005,서행,19.0,2026-10-09 12:05,37,11997.0,233.0,6.0,50.0,11,1,18300,18400,33000,33100,3000,3100,4800,4900,850,900,1400,1500,600,650,850,900,20261009,2900,3000,6500,6600,450,500,900,950,150,200,250,300,40,50,100,150,20261009,2026-10-09 12:07
종로·청계 관광특구,POI006,정체,14.0,2026-10-09 12:05,48,2496.0,40.0,10.0,62.0,0,0,22400,22500,60800,60900,3800,3900,11400,11500,1100,1200,3200,3300,650,700,2000,2100,20261009,6200,6300,9000,9100,850,900,1400,1500,250,300,500,550,60,70,150,200,20261009,2026-10-09 12:07
홍대 관광특구,POI007,정체,14.0,2026-10-09 12:05,51,3098.0,,8.0,70.0,0,0,23000,23100,34900,35000,3200,3300,7400,7500,950,1000,2300,2400,600,650,1600,1700,20261009,4900,5000,6900,7000,700,750,1100,1200,200,250,350,400,100,150,150,200,20261009,2026-10-09 12:07
경복궁,POI008,서행,15.0,2026-10-09 12:05,2,267.0,,1.0,11.0,4,0,2700,2800,11900,12000,500,550,1900,2000,150,200,500,550,100,150,200,250,20261009,150,200,500,550,40,50,80,90,20,30,30,40,20,30,20,30,20261009,2026-10-09 12:07
광화문·덕수궁,POI009,정체,14.0,2026-10-09 12:05,29,7988.0,663.0,4.0,41.0,13,2,8000,8100,43300,43400,1500,1600,7800,7900,500,550,2600,2700,350,400,1400,1500,20261009,4600,4700,8700,8800,850,900,1600,1700,200,250,450,500,90,100,150,200,20261009,2026-10-09 12:07
보신각,POI010,정체,13.0,2026-10-09 12:05,14,2572.0,7.0,1.0,14.0,1,0,2000,2100,9300,9400,350,400,1500,1600,100,150,550,600,40,50,250,300,20261009,1300,1400,2300,2400,200,250,400,450,80,90,100,150,40,50,30,40,20261009,2026-10-09 12:07
서울 암사동 유적,POI011,서행,22.0,2026-10-09 12:05,1,108.0,,0.0,3.0,0,0,,,,,,,,,,,,,,,,,,10,20,10,20,0,0,0,0,0,0,0,0,0,0,0,0,20261009,2026-10-09 12:07
창덕궁·종묘,POI012,정체,12.0,2026-10-09 12:05,16,3155.0,763.0,4.0,19.0,2,0,8200,8300,21600,21700,1500,1600,4200,4300,450,500,1000,1100,200,250,800,850,20261009,800,850,1700,1800,100,150,250,300,40,50,60,70,20,30,20,30,20261009,2026-10-09 12:07
가산디지털단지역,POI013,서행,21.0,2026-10-09 12:05,20,8291.0,,2.0,71.0,0,0,5100,5200,5900,6000,600,650,700,750,200,250,150,200,100,150,100,150,20261009,1600,1700,3100,3200,150,200,350,400,60,70,70,80,20,30,50,60,20261009,2026-10-09 12:07
강남역,POI014,서행,17.0,2026-10-09 12:05,95,7876.0,,4.0,55.0,0,0,12300,12400,23800,23900,2200,2300,3200,3300,650,700,1000,1100,400,450,800,850,20261009,5800,5900,5700,5800,900,950,750,800,250,300,250,300,100,150,100,150,20261009,2026-10-09 12:07
건대입구역,POI015,서행,20.0,2026-10-09 12:05,23,6603.0,,2.0,11.0,3,0,8800,8900,8200,8300,1000,1100,1400,1500,350,400,400,450,200,250,250,300,20261009,1000,1100,1500,1600,100,150,250,300,30,40,100,150,10,20,40,50,20261009,2026-10-09 12:07
고덕역,POI016,서행,20.0,2026-10-09 12:05,15,1615.0,,1.0,5.0,0,0,2000,2100,1200,1300,250,300,100,150,80,90,40,50,40,50,0,0,20261009,300,350,300,350,30,40,40,50,10,20,10,20,0,10,0,10,20261009,2026-10-09 12:07
고속터미널역,POI017,서행,20.0,2026-10-09 12:05,3,4291.0,,3.0,10.0,0,0,16700,16800,32400,32500,2900,3000,4400,4500,900,950,1400,1500,600,650,900,950,20261009,3600,3700,5100,5200,600,650,600,650,250,300,200,250,90,100,50,60,20261009,2026-10-09 12:07
교대역,POI018,서행,18.0,2026-10-09 12:05,14,760.0,,2.0,13.0,0,0,4200,4300,6600,6700,600,650,700,750,200,250,200,250,100,150,100,150,20261009,800,850,650,700,100,150,70,80,30,40,20,30,20,30,0,10,20261009,2026-10-09 12:07
구로디지털단지역,POI019,서행,17.0,2026-10-09 12:05,20,6911.0,,1.0,29.0,0,0,13000,13100,5600,5700,1400,1500,600,650,400,450,150,200,300,350,100,150,20261009,1200,1300,1000,1100,150,200,100,150,50,60,40,50,20,30,20,30,20261009,2026-10-09 12:07
구로역,POI020,원활,25.0,2026-10-09 12:05,3,1047.0,,1.0,5.0,0,0,4700,4800,3600,3700,450,500,650,700,150,200,200,250,80,90,100,150,20261009,300,350,950,1000,40,50,100,150,10,20,40,50,10,20,20,30,20261009,2026-10-09 12:07
군자역,POI021,서행,18.0,2026-10-09 12:05,11,573.0,,2.0,16.0,0,0,6500,6600,3300,3400,750,800,450,500,200,250,150,200,80,90,90,100,20261009,1200,1300,1300,1400,150,200,150,200,40,50,40,50,10,20,10,20,20261009,2026-10-09 12:07
대림역,POI023,서행,18.0,2026-10-09 12:05,4,221.0,,2.0,29.0,0,0,11100,11200,5500,5600,950,1000,900,950,250,300,300,350,200,250,150,200,20261009,1700,1800,2500,2600,150,200,250,300,70,80,100,150,30,40,40,50,20261009,2026-10-09 12:07
동대문역,POI024,서행,17.0,2026-10-09 12:05,17,892.0,0.0,2.0,7.0,0,0,6300,6400,12000,12100,850,900,2000,2100,250,300,500,550,150,200,350,400,20261009,1300,1400,1800,1900,100,150,200,250,50,60,80,90,10,20,30,40,20261009,2026-10-09 12:07
뚝섬역,POI025,서행,21.0,2026-10-09 12:05,9,767.0,,1.0,4.0,1,0,2100,2200,4500,4600,300,350,900,950,90,100,250,300,40,50,100,150,20261009,150,200,400,450,20,30,70,80,0,10,30,40,0,0,0,10,20261009,2026-10-09 12:07
미아사거리역,POI026,서행,15.0,2026-10-09 12:05,11,1409.0,,1.0,29.0,0,0,7300,7400,3500,3600,750,800,450,500,200,250,200,250,100,150,200,250,20261009,5000,5100,6600,6700,650,700,800,850,150,200,250,300,90,100,100,150,20261009,2026-10-09 12:07
발산역,POI027,서행,15.0,2026-10-09 12:05,13,2880.0,,1.0,37.0,0,0,2700,2800,4300,4400,400,450,700,750,80,90,250,300,60,70,150,200,20261009,1200,1300,1800,1900,150,200,300,350,50,60,100,150,20,30,40,50,20261009,2026-10-09 12:07
사당역,POI029,서행,18.0,2026-10-09 12:05,13,520.0,,2.0,17.0,1,0,13800,13900,11500,11600,1600,1700,1200,1300,600,650,350,400,400,450,250,300,20261009,1400,1500,2200,2300,150,200,300,350,50,60,100,150,10,20,20,30,20261009,2026-10-09 12:07
삼각지역,POI030,서행,19.0,2026-10-09 12:05,0,,,2.0,7.0,0,0,1800,1900,2800,2900,200,250,500,550,90,100,150,200,40,50,90,100,20261009,1300,1400,1400,1500,100,150,150,200,40,50,70,80,10,20,20,30,20261009,2026-10-09 12:07
서울대입구역,POI031,서행,18.0,2026-10-09 12:05,2,52.0,,1.0,15.0,0,0,11100,11200,5700,5800,1300,1400,600,650,400,450,200,250,100,150,60,70,20261009,4600,4700,5400,5500,550,600,650,700,150,200,200,250,50,60,60,70,20261009,2026-10-09 12:07
서울식물원·마곡나루역,POI032,서행,18.0,2026-10-09 12:05,2,2651.0,,2.0,15.0,3,0,3800,3900,4900,5000,550,600,750,800,200,250,200,250,100,150,150,200,20261009,250,300,650,700,30,40,90,100,20,30,40,50,0,0,0,0,20261009,2026-10-09 12:07
서울역,POI033,서행,18.0,2026-10-09 12:05,23,3968.0,0.0,8.0,34.0,1,0,36000,36100,58900,59000,5900,6000,8300,8400,2000,2100,2700,2800,1300,1400,1200,1300,20261009,6000,6100,8000,8100,900,950,850,900,300,350,250,300,150,200,100,150,20261009,2026-10-09 12:07
선릉역,POI034,서행,18.0,2026-10-09 12:05,94,11160.0,27.0,4.0,20.0,0,0,6300,6400,15500,15600,1000,1100,2200,2300,350,400,700,750,200,250,350,400,20261009,1600,1700,1600,1700,150,200,150,200,40,50,70,80,0,10,20,30,20261009,2026-10-09 12:07
성신여대입구역,POI035,서행,17.0,2026-10-09 12:05,2,38.0,,2.0,9.0,1,0,5500,5600,3600,3700,700,750,450,500,200,250,150,200,100,150,60,70,20261009,2300,2400,3300,3400,300,350,400,450,100,150,100,150,30,40,60,70,20261009,2026-10-09 12:07
수유역,POI036,서행,16.0,2026-10-09 12:05,8,802.0,,1.0,32.0,0,0,10600,10700,4200,4300,1000,1100,500,550,250,300,150,200,200,250,70,80,20261009,6200,6300,8000,8100,650,700,900,950,200,250,250,300,100,150,150,200,20261009,2026-10-09 12:07
신논현역·논현역,POI037,서행,17.0,2026-10-09 12:05,32,1053.0,,3.0,13.0,0,0,5900,6000,9400,9500,1000,1100,1200,1300,300,350,400,450,150,200,300,350,20261009,2200,2300,1900,2000,250,300,250,300,100,150,100,150,30,40,50,60,20261009,2026-10-09 12:07
신도림역,POI038,정체,14.0,2026-10-09 12:05,1,1644.0,,2.0,2.0,0,0,12000,12100,8000,8100,1300,1400,1200,1300,400,450,400,450,250,300,250,300,20261009,600,650,1900,2000,70,80,150,200,30,40,60,70,10,20,20,30,20261009,2026-10-09 12:07
신림역,POI039,서행,16.0,2026-10-09 12:05,2,282.0,,2.0,15.0,0,0,17500,17600,5700,5800,1800,1900,750,800,550,600,250,300,400,450,150,200,20261009,4700,4800,8800,8900,550,600,1000,1100,200,250,300,350,100,150,100,150,20261009,2026-10-09 12:07
신촌·이대역,POI040,서행,16.0,2026-10-09 12:05,25,1943.0,170.0,4.0,41.0,0,0,8700,8800,9200,9300,1400,1500,1400,1500,400,450,500,550,200,250,250,300,20261009,4200,4300,5000,5100,600,650,650,700,200,250,200,250,100,150,90,100,20261009,2026-10-09 12:07
양재역,POI041,서행,22.0,2026-10-09 12:05,16,1881.0,,2.0,27.0,0,0,5000,5100,8400,8500,750,800,1000,1100,250,300,400,450,150,200,250,300,20261009,2900,3000,2800,2900,300,350,350,400,60,70,80,90,20,30,30,40,20261009,2026-10-09 12:07
역삼역,POI042,서행,17.0,2026-10-09 12:05,47,7473.0,1.0,1.0,10.0,0,0,2500,2600,5900,6000,350,400,650,700,100,150,200,250,50,60,90,100,20261009,1100,1200,1400,1500,100,150,150,200,40,50,40,50,20,30,30,40,20261009,2026-10-09 12:07
연신내역,POI043,서행,16.0,2026-10-09 12:05,5,208.0,,3.0,14.0,0,0,13700,13800,7400,7500,1600,1700,1000,1100,450,500,350,400,150,200,100,150,20261009,2000,2100,2700,2800,200,250,250,300,90,100,80,90,50,60,40,50,20261009,2026-10-09 12:07
오목교역·목동운동장,POI044,서행,24.0,2026-10-09 12:05,14,5304.0,,1.0,33.0,0,0,3600,3700,3700,3800,500,550,400,450,150,200,100,150,100,150,90,100,20261009,2600,2700,3900,4000,350,400,500,550,100,150,100,150,30,40,20,30,20261009,2026-10-09 12:07
왕십리역,POI045,서행,18.0,2026-10-09 12:05,4,1478.0,,5.0,22.0,0,0,8900,9000,7700,7800,1200,1300,1100,1200,350,400,400,450,200,250,200,250,20261009,700,750,1700,1800,100,150,200,250,50,60,40,50,10,20,10,20,20261009,2026-10-09 12:07
용산역,POI046,서행,20.0,2026-10-09 12:05,11,5014.0,100.0,2.0,33.0,0,0,10300,10400,26800,26900,2000,2100,3800,3900,450,500,1200,1300,200,250,500,550,20261009,2000,2100,2100,2200,300,350,250,300,100,150,100,150,50,60,40,50,20261009,2026-10-09 12:07
이태원역,POI047,서행,15.0,2026-10-09 12:05,4,66.0,,1.0,9.0,0,0,2300,2400,3500,3600,150,200,650,700,60,70,200,250,40,50,100,150,20261009,1200,1300,750,800,70,80,100,150,20,30,40,50,0,10,10,20,20261009,2026-10-09 12:07
장지역,POI048,서행,18.0,2026-10-09 12:05,4,10611.0,,1.0,20.0,0,0,3400,3500,3000,3100,400,450,350,400,100,150,100,150,80,90,70,80,20261009,950,1000,1600,1700,100,150,250,300,30,40,90,100,10,20,40,50,20261009,2026-10-09 12:07
장한평역,POI049,서행,23.0,2026-10-09 12:05,15,847.0,,1.0,16.0,0,0,4300,4400,2700,2800,550,600,350,400,150,200,100,150,100,150,100,150,20261009,2400,2500,3200,3300,200,250,350,400,60,70,90,100,30,40,50,60,20261009,2026-10-09 12:07
천호역,POI050,서행,17.0,2026-10-09 12:05,14,3331.0,,2.0,12.0,0,0,8200,8300,7000,7100,1100,1200,1000,1100,300,350,350,400,200,250,200,250,20261009,600,650,1500,1600,90,100,200,250,30,40,60,70,20,30,20,30,20261009,2026-10-09 12:07
총신대입구(이수)역,POI051,정체,13.0,2026-10-09 12:05,7,533.0,,2.0,18.0,0,0,7600,7700,5600,5700,1000,1100,750,800,300,350,250,300,150,200,100,150,20261009,2000,2100,2300,2400,250,300,350,400,90,100,100,150,50,60,50,60,20261009,2026-10-09 12:07
충정로역,POI052,서행,22.0,2026-10-09 12:05,5,834.0,,2.0,19.0,0,0,2300,2400,1900,2000,300,350,200,250,100,150,60,70,80,90,30,40,20261009,1200,1300,950,1000,150,200,100,150,30,40,20,30,0,10,0,10,20261009,2026-10-09 12:07
합정역,POI053,서행,18.0,2026-10-09 12:05,6,207.0,,2.0,30.0,0,0,6200,6300,9000,9100,850,900,1700,1800,250,300,550,600,150,200,350,400,20261009,1500,1600,2100,2200,200,250,300,350,70,80,90,100,50,60,40,50,20261009,2026-10-09 12:07
혜화역,POI054,서행,17.0,2026-10-09 12:05,24,955.0,,1.0,12.0,7,0,2800,2900,6800,6900,400,450,1700,1800,100,150,550,600,60,70,550,600,20261009,1800,1900,2200,2300,250,300,400,450,100,150,100,150,30,40,60,70,20261009,2026-10-09 12:07
홍대입구역(2호선),POI055,정체,14.0,2026-10-09 12:05,16,1196.0,,1.0,17.0,0,0,9300,9400,15600,15700,1300,1400,3400,3500,350,400,1000,1100,250,300,700,750,20261009,2800,2900,4300,4400,400,450,600,650,100,150,150,200,80,90,80,90,20261009,2026-10-09 12:07
회기역,POI056,서행,19.0,2026-10-09 12:05,21,408.0,,1.0,22.0,0,0,7000,7100,3000,3100,950,1000,450,500,300,350,200,250,150,200,100,150,20261009,3500,3600,3700,3800,400,450,400,450,100,150,90,100,40,50,40,50,20261009,2026-10-09 12:07
가락시장,POI058,서행,24.0,2026-10-09 12:05,4,2884.0,,2.0,16.0,0,0,3900,4000,3300,3400,500,550,400,450,100,150,100,150,60,70,70,80,20261009,2000,2100,1600,1700,200,250,150,200,60,70,50,60,30,40,20,30,20261009,2026-10-09 12:07
가로수길,POI059,원활,25.0,2026-10-09 12:05,51,2767.0,155.0,2.0,14.0,0,0,4700,4800,13400,13500,700,750,1600,1700,200,250,550,600,100,150,400,450,20261009,900,950,1600,1700,100,150,200,250,30,40,80,90,0,0,10,20,20261009,2026-10-09 12:07
광장(전통)시장,POI060,서행,15.0,2026-10-09 12:05,7,103.0,6.0,1.0,11.0,0,0,2900,3000,7600,7700,600,650,1300,1400,150,200,300,350,70,80,250,300,20261009,1000,1100,2200,2300,250,300,350,400,60,70,100,150,20,30,40,50,20261009,2026-10-09 12:07
김포공항,POI061,원활,26.0,2026-10-09 12:05,6,16594.0,,6.0,27.0,0,0,6600,6700,9100,9200,1100,1200,1300,1400,350,400,450,500,200,250,250,300,20261009,500,550,850,900,60,70,90,100,20,30,40,50,0,10,10,20,20261009,2026-10-09 12:07
노량진,POI063,서행,23.0,2026-10-09 12:05,11,1218.0,,3.0,22.0,1,0,10200,10300,8500,8600,1200,1300,1100,1200,350,400,400,450,200,250,200,250,20261009,3100,3200,6800,6900,400,450,700,750,100,150,150,200,40,50,60,70,20261009,2026-10-09 12:07
덕수궁길·정동길,POI064,서행,16.0,2026-10-09 12:05,10,620.0,,3.0,10.0,0,0,5300,5400,16000,16100,850,900,2400,2500,250,300,900,950,200,250,550,600,20261009,900,950,1300,1400,100,150,150,200,10,20,40,50,0,10,20,30,20261009,2026-10-09 12:07
북촌한옥마을,POI066,정체,14.0,2026-10-09 12:05,16,1756.0,,1.0,55.0,9,1,1900,2000,11000,11100,350,400,2200,2300,100,150,500,550,50,60,400,450,20261009,2000,2100,4900,5000,300,350,750,800,100,150,250,300,40,50,100,150,20261009,2026-10-09 12:07
서촌,POI067,서행,17.0,2026-10-09 12:05,9,308.0,,1.0,32.0,4,0,2700,2800,11900,12000,500,550,1900,2000,150,200,500,550,100,150,200,250,20261009,3000,3100,3200,3300,450,500,550,600,150,200,100,150,90,100,60,70,20261009,2026-10-09 12:07
성수카페거리,POI068,서행,16.0,2026-10-09 12:05,28,2824.0,,2.0,35.0,1,0,5400,5500,20700,20800,900,950,4300,4400,300,350,1300,1400,150,200,800,850,20261009,700,750,1200,1300,80,90,150,200,30,40,60,70,10,20,30,40,20261009,2026-10-09 12:07
쌍문역,POI070,서행,18.0,2026-10-09 12:05,8,345.0,,1.0,18.0,0,0,10000,10100,2500,2600,950,1000,300,350,250,300,80,90,200,250,30,40,20261009,2500,2600,4500,4600,250,300,450,500,70,80,150,200,50,60,100,150,20261009,2026-10-09 12:07
압구정로데오거리,POI071,서행,17.0,2026-10-09 12:05,55,1976.0,1.0,1.0,16.0,1,0,1100,1200,6500,6600,200,250,950,1000,80,90,250,300,50,60,150,200,20261009,1400,1500,3500,3600,150,200,300,350,80,90,100,150,20,30,50,60,20261009,2026-10-09 12:07
여의도,POI072,서행,23.0,2026-10-09 12:05,116,24820.0,730.0,9.0,63.0,4,1,11500,11600,18400,18500,1500,1600,3000,3100,450,500,800,850,250,300,500,550,20261009,5000,5100,9700,9800,750,800,1500,1600,250,300,550,600,100,150,150,200,20261009,2026-10-09 12:07
연남동,POI073,서행,17.0,2026-10-09 12:05,45,132.0,,0.0,20.0,0,0,,,,,,,,,,,,,,,,,,1400,1500,1600,1700,200,250,250,300,50,60,100,150,20,30,30,40,20261009,2026-10-09 12:07
영등포 타임스퀘어,POI074,서행,17.0,2026-10-09 12:05,10,1195.0,83.0,3.0,24.0,0,0,10700,10800,13400,13500,1400,1500,2100,2200,450,500,700,750,200,250,400,450,20261009,2700,2800,5400,5500,400,450,800,850,100,150,250,300,50,60,100,150,20261009,2026-10-09 12:07
용리단길,POI076,서행,18.0,2026-10-09 12:05,0,,,3.0,7.0,0,0,4000,4100,8600,8700,650,700,1400,1500,200,250,350,400,90,100,100,150,20261009,600,650,2000,2100,80,90,300,350,30,40,100,150,10,20,40,50,20261009,2026-10-09 12:07
이태원 앤틱가구거리,POI077,서행,18.0,2026-10-09 12:05,4,51.0,,1.0,13.0,0,0,2300,2400,3500,3600,150,200,650,700,60,70,200,250,40,50,100,150,20261009,800,850,900,950,80,90,150,200,30,40,50,60,0,10,10,20,20261009,2026-10-09 12:07
인사동,POI078,정체,12.0,2026-10-09 12:05,21,2465.0,2.0,2.0,26.0,7,0,4000,4100,20400,20500,750,800,3800,3900,200,250,1000,1100,100,150,650,700,20261009,2500,2600,3300,3400,400,450,600,650,100,150,200,250,50,60,40,50,20261009,2026-10-09 12:07
창동 신경제 중심지,POI079,서행,17.0,2026-10-09 12:05,46,4927.0,35.0,4.0,55.0,5,0,16100,16200,11700,11800,2000,2100,1700,1800,550,600,450,500,300,350,300,350,20261009,3100,3200,5500,5600,400,450,750,800,100,150,200,250,70,80,100,150,20261009,2026-10-09 12:07
청담동 명품거리,POI080,서행,19.0,2026-10-09 12:05,16,910.0,,1.0,10.0,0,0,1100,1200,6500,6600,200,250,950,1000,80,90,250,300,50,60,150,200,20261009,600,650,1400,1500,80,90,100,150,20,30,40,50,10,20,10,20,20261009,2026-10-09 12:07
청량리 제기동 일대 전통시장,POI081,서행,18.0,2026-10-09 12:05,12,2214.0,,2.0,23.0,0,0,9400,9500,11100,11200,1500,1600,2100,2200,450,500,650,700,200,250,250,300,20261009,6400,6500,9200,9300,900,950,1100,1200,350,400,450,500,100,150,150,200,20261009,2026-10-09 12:07
해방촌·경리단길,POI082,원활,31.0,2026-10-09 12:05,4,273.0,,0.0,26.0,1,0,,,,,,,,,,,,,,,,,,1800,1900,1200,1300,200,250,250,300,60,70,100,150,40,50,60,70,20261009,2026-10-09 12:07
DDP(동대문디자인플라자),POI083,서행,16.0,2026-10-09 12:05,9,2596.0,225.0,3.0,11.0,5,0,5900,6000,9200,9300,800,850,1500,1600,200,250,350,400,150,200,250,300,20261009,850,900,1000,1100,80,90,200,250,20,30,90,100,0,10,30,40,20261009,2026-10-09 12:07
DMC(디지털미디어시티),POI084,서행,21.0,2026-10-09 12:05,25,9176.0,,4.0,68.0,0,0,5800,5900,4000,4100,650,700,500,550,150,200,150,200,100,150,80,90,20261009,1800,1900,2400,2500,200,250,250,300,70,80,80,90,20,30,30,40,20261009,2026-10-09 12:07
강서한강공원,POI085,원활,56.0,2026-10-09 12:05,2,106.0,53.0,0.0,1.0,0,0,,,,,,,,,,,,,,,,,,0,0,0,0,0,0,0,0,0,0,0,0,0,0,0,0,20261009,2026-10-09 12:07
고척돔,POI086,서행,24.0,2026-10-09 12:05,0,,,1.0,3.0,4,0,2000,2100,800,850,200,250,100,150,90,100,50,60,40,50,20,30,20261009,800,850,650,700,100,150,60,70,40,50,10,20,20,30,0,10,20261009,2026-10-09 12:07
광나루한강공원,POI087,원활,55.0,2026-10-09 12:05,4,718.0,329.0,0.0,0.0,0,0,,,,,,,,,,,,,,,,,,,,,,,,,,,,,,,,,,,2026-10-09 12:07
광화문광장,POI088,정체,14.0,2026-10-09 12:05,3,2932.0,663.0,2.0,12.0,5,0,4400,4500,23100,23200,900,950,4100,4200,250,300,1200,1300,200,250,650,700,20261009,2100,2200,3600,3700,400,450,700,750,100,150,200,250,30,40,60,70,20261009,2026-10-09 12:07
국립중앙박물관·용산가족공원,POI089,원활,25.0,2026-10-09 12:05,4,931.0,,3.0,3.0,3,0,3000,3100,8700,8800,500,550,1300,1400,150,200,350,400,100,150,250,300,20261009,100,150,350,400,20,30,40,50,0,10,10,20,0,0,10,20,20261009,2026-10-09 12:07
난지한강공원,POI090,원활,44.0,2026-10-09 12:05,4,1240.0,0.0,0.0,7.0,0,0,,,,,,,,,,,,,,,,,,0,10,10,20,0,10,0,10,0,10,0,0,0,10,0,0,20261009,2026-10-09 12:07
남산공원,POI091,원활,29.0,2026-10-09 12:05,33,2148.0,23.0,5.0,37.0,6,0,9900,10000,23400,23500,1500,1600,3800,3900,450,500,1100,1200,250,300,550,600,20261009,2500,2600,3500,3600,500,550,600,650,150,200,150,200,50,60,50,60,20261009,2026-10-09 12:07
노들섬,POI092,서행,18.0,2026-10-09 12:05,1,99.0,,0.0,4.0,4,0,,,,,,,,,,,,,,,,,,250,300,500,550,40,50,100,150,10,20,30,40,0,0,0,10,20261009,2026-10-09 12:07
뚝섬한강공원,POI093,원활,50.0,2026-10-09 12:05,8,1342.0,657.0,1.0,1.0,1,0,2300,2400,1900,2000,250,300,300,350,70,80,70,80,60,70,50,60,20261009,0,0,0,0,0,0,0,0,0,0,0,0,0,0,0,0,20261009,2026-10-09 12:07
망원한강공원,POI094,원활,28.0,2026-10-09 12:05,2,458.0,0.0,2.0,10.0,0,0,6200,6300,9000,9100,850,900,1700,1800,250,300,550,600,150,200,350,400,20261009,1000,1100,1600,1700,150,200,200,250,40,50,60,70,30,40,30,40,20261009,2026-10-09 12:07
반포한강공원,POI095,원활,38.0,2026-10-09 12:05,9,1483.0,9.0,0.0,6.0,0,0,,,,,,,,,,,,,,,,,,40,50,90,100,0,10,10,20,0,0,0,0,0,0,0,0,20261009,2026-10-09 12:07
북서울꿈의숲,POI096,서행,20.0,2026-10-09 12:05,3,549.0,,0.0,17.0,1,0,,,,,,,,,,,,,,,,,,750,800,350,400,70,80,40,50,30,40,20,30,10,20,10,20,20261009,2026-10-09 12:07
서리풀공원·몽마르뜨공원,POI098,원활,25.0,2026-10-09 12:05,0,,,4.0,7.0,0,0,18900,19000,34700,34800,3200,3300,4700,4800,1000,1100,1500,1600,700,750,1000,1100,20261009,3500,3600,4800,4900,550,600,600,650,250,300,200,250,80,90,40,50,20261009,2026-10-09 12:07
서울대공원,POI100,정체,13.0,2026-10-09 12:05,0,,,1.0,0.0,0,0,350,400,6100,6200,80,90,1200,1300,40,50,400,450,10,20,100,150,20261009,,,,,,,,,,,,,,,,,,2026-10-09 12:07
서울숲공원,POI101,원활,32.0,2026-10-09 12:05,2,996.0,,1.0,9.0,2,1,1300,1400,3700,3800,200,250,900,950,80,90,250,300,30,40,150,200,20261009,100,150,400,450,40,50,100,150,20,30,30,40,20,30,10,20,20261009,2026-10-09 12:07
아차산,POI102,원활,28.0,2026-10-09 12:05,0,,,0.0,3.0,0,0,,,,,,,,,,,,,,,,,,60,70,10,20,0,10,0,10,0,10,0,0,0,0,0,0,20261009,2026-10-09 12:07
양화한강공원,POI103,서행,23.0,2026-10-09 12:05,6,1002.0,429.0,0.0,5.0,0,0,,,,,,,,,,,,,,,,,,10,20,80,90,0,0,0,10,0,0,0,10,0,0,0,10,20261009,2026-10-09 12:07
어린이대공원,POI104,서행,18.0,2026-10-09 12:05,4,945.0,,2.0,9.0,4,0,6500,6600,7400,7500,750,800,1200,1300,200,250,400,450,100,150,250,300,20261009,600,650,650,700,70,80,70,80,10,20,20,30,0,0,0,10,20261009,2026-10-09 12:07
여의도한강공원,POI105,원활,35.0,2026-10-09 12:05,6,2866.0,641.0,1.0,3.0,0,0,850,900,3600,3700,150,200,750,800,50,60,200,250,20,30,150,200,20261009,150,200,300,350,10,20,70,80,0,10,30,40,0,0,0,10,20261009,2026-10-09 12:07
월드컵공원,POI106,원활,27.0,2026-10-09 12:05,9,3537.0,,4.0,34.0,0,0,6900,7000,8600,8700,750,800,1100,1200,200,250,350,400,90,100,90,100,20261009,1200,1300,1400,1500,150,200,150,200,30,40,60,70,0,10,40,50,20261009,2026-10-09 12:07
응봉산,POI107,원활,25.0,2026-10-09 12:05,3,88.0,,1.0,24.0,0,0,700,750,200,250,100,150,30,40,20,30,10,20,10,20,0,10,20261009,850,900,350,400,100,150,50,60,20,30,20,30,10,20,10,20,20261009,2026-10-09 12:07
이촌한강공원,POI108,원활,37.0,2026-10-09 12:05,2,514.0,0.0,0.0,4.0,1,0,,,,,,,,,,,,,,,,,,0,10,30,40,0,0,0,0,0,0,0,0,0,0,0,0,20261009,2026-10-09 12:07
잠실종합운동장,POI109,원활,28.0,2026-10-09 12:05,1,876.0,,2.0,4.0,0,0,2200,2300,3000,3100,350,400,200,250,100,150,60,70,80,90,30,40,20261009,200,250,300,350,10,20,30,40,0,10,10,20,0,0,0,10,20261009,2026-10-09 12:07
잠실한강공원,POI110,원활,31.0,2026-10-09 12:05,4,1326.0,203.0,1.0,9.0,0,0,3000,3100,1600,1700,450,500,150,200,100,150,30,40,40,50,10,20,20261009,60,70,250,300,0,10,30,40,0,0,0,10,0,0,0,10,20261009,2026-10-09 12:07
잠원한강공원,POI111,원활,52.0,2026-10-09 12:05,3,1540.0,0.0,0.0,5.0,0,0,,,,,,,,,,,,,,,,,,150,200,200,250,30,40,30,40,10,20,0,10,10,20,0,0,20261009,2026-10-09 12:07
청계산,POI112,원활,41.0,2026-10-09 12:05,0,,,0.0,9.0,0,0,,,,,,,,,,,,,,,,,,20,30,30,40,0,0,0,10,0,0,0,0,0,0,0,0,20261009,2026-10-09 12:07
북창동 먹자골목,POI114,정체,14.0,2026-10-09 12:05,20,552.0,0.0,0.0,11.0,0,0,,,,,,,,,,,,,,,,,,1700,1800,3200,3300,300,350,500,550,100,150,150,200,30,40,60,70,20261009,2026-10-09 12:07
남대문시장,POI115,정체,13.0,2026-10-09 12:05,16,1456.0,4.0,1.0,7.0,0,0,,,,,,,,,,,,,,,,,,1000,1100,2800,2900,200,250,500,550,80,90,150,200,30,40,80,90,20261009,2026-10-09 12:07
익선동,POI116,정체,14.0,2026-10-09 12:05,10,187.0,2.0,3.0,11.0,1,0,5300,5400,13900,14000,900,950,2800,2900,250,300,750,800,150,200,550,600,20261009,1300,1400,1700,1800,150,200,200,250,50,60,80,90,0,10,30,40,20261009,2026-10-09 12:07
신정네거리역,POI117,서행,19.0,2026-10-09 12:05,3,119.0,,1.0,9.0,0,0,,,,,,,,,,,,,,,,,,,,,,,,,,,,,,,,,,,2026-10-09 12:07
잠실새내역,POI118,서행,20.0,2026-10-09 12:05,31,1541.0,,1.0,18.0,0,0,4100,4200,2200,2300,600,650,250,300,150,200,90,100,100,150,70,80,20261009,1300,1400,1700,1800,200,250,200,250,50,60,80,90,20,30,40,50,20261009,2026-10-09 12:07
잠실역,POI119,서행,19.0,2026-10-09 12:05,5,6749.0,233.0,2.0,21.0,0,0,,,,,,,,,,,,,,,,,,2400,2500,6900,7000,350,400,950,1000,100,150,250,300,30,40,100,150,20261009,2026-10-09 12:07
잠실롯데타워·석촌호수,POI120,서행,17.0,2026-10-09 12:05,33,9281.0,233.0,3.0,0.0,3,0,,,,,,,,,,,,,,,,,,,,,,,,,,,,,,,,,,,2026-10-09 12:07
송리단길·호수단길,POI121,서행,16.0,2026-10-09 12:05,21,878.0,,1.0,15.0,0,0,1700,1800,1600,1700,200,250,200,250,70,80,70,80,20,30,10,20,20261009,1400,1500,1900,2000,150,200,300,350,50,60,90,100,10,20,30,40,20261009,2026-10-09 12:07
신촌 스타광장,POI122,서행,16.0,2026-10-09 12:05,4,235.0,,1.0,4.0,0,0,,,,,,,,,,,,,,,,,,1100,1200,1500,1600,150,200,200,250,60,70,70,80,20,30,20,30,20261009,2026-10-09 12:07
보라매공원,POI123,정체,13.0,2026-10-09 12:05,1,78.0,,2.0,5.0,0,0,1200,1300,1200,1300,100,150,150,200,30,40,40,50,30,40,40,50,20261009,10,20,50,60,0,10,10,20,0,0,0,10,0,0,0,10,20261009,2026-10-09 12:07
서대문독립공원,POI124,서행,20.0,2026-10-09 12:05,2,150.0,,1.0,18.0,0,0,2100,2200,3100,3200,300,350,400,450,90,100,100,150,60,70,90,100,20261009,1500,1600,1400,1500,200,250,150,200,70,80,50,60,10,20,10,20,20261009,2026-10-09 12:07
안양천,POI125,원활,32.0,2026-10-09 12:05,1,294.0,,0.0,1.0,0,0,,,,,,,,,,,,,,,,,,0,10,0,10,0,0,0,0,0,0,0,0,0,0,0,0,20261009,2026-10-09 12:07
여의서로,POI126,원활,32.0,2026-10-09 12:05,2,168.0,38.0,0.0,0.0,0,0,,,,,,,,,,,,,,,,,,,,,,,,,,,,,,,,,,,2026-10-09 12:07
올림픽공원,POI127,서행,22.0,2026-10-09 12:05,4,2716.0,,4.0,17.0,8,1,,,,,,,,,,,,,,,,,,800,850,1100,1200,100,150,150,200,50,60,60,70,20,30,30,40,20261009,2026-10-09 12:07
홍제폭포,POI128,원활,25.0,2026-10-09 12:05,0,,,0.0,0.0,0,0,,,,,,,,,,,,,,,,,,,,,,,,,,,,,,,,,,,2026-10-09 12:07
송현녹지광장,POI129,정체,12.0,2026-10-09 12:05,4,1546.0,,1.0,25.0,8,1,1900,2000,11000,11100,350,400,2200,2300,100,150,500,550,50,60,400,450,20261009,1600,1700,3900,4000,250,300,650,700,100,150,200,250,30,40,60,70,20261009,2026-10-09 12:07
시의회 앞,POI130,서행,17.0,2026-10-09 12:05,9,1723.0,,3.0,25.0,6,0,5200,5300,31400,31500,1000,1100,5900,6000,350,400,2000,2100,250,300,1200,1300,20261009,2200,2300,5100,5200,400,450,950,1000,100,150,300,350,50,60,100,150,20261009,2026-10-09 12:07
강남 MICE 관광특구,POI001,서행,16.0,2026-10-09 13:05,3,4428.0,,2.0,6.0,1,0,5300,5400,18900,19000,900,950,2100,2200,200,250,600,650,100,150,350,400,20261009,450,500,1400,1500,100,150,150,200,50,60,40,50,10,20,10,20,20261009,2026-10-09 13:07
동대문 관광특구,POI002,서행,16.0,2026-10-09 13:05,47,8302.0,264.0,7.0,32.0,7,0,21900,22000,34200,34300,2600,2700,4200,4300,850,900,1300,1400,550,600,1000,1100,20261009,3500,3600,3700,3800,350,400,450,500,150,200,200,250,80,90,90,100,20261009,2026-10-09 13:07
명동 관광특구,POI003,정체,14.0,2026-10-09 13:05,93,12070.0,7.0,7.0,54.0,7,2,25700,25800,88500,88600,4100,4200,11300,11400,1300,1400,3600,3700,750,800,2200,2300,20261009,7800,7900,14800,14900,1300,1400,1900,2000,450,500,600,650,150,200,200,250,20261009,2026-10-09 13:07
이태원 관광특구,POI004,서행,17.0,2026-10-09 13:05,8,853.0,,3.0,17.0,0,0,4700,4800,11700,11800,500,550,1800,1900,150,200,600,650,100,150,300,350,20261009,2000,2100,2300,2400,150,200,400,450,40,50,100,150,20,30,80,90,20261009,2026-10-09 13:07
잠실 관광특구,POI005,서행,20.0,2026-10-09 13:05,37,11997.0,290.0,6.0,50.0,11,1,24400,24500,42800,42900,3200,3300,4800,4900,1000,1100,1600,1700,650,700,1000,1100,20261009,4000,4100,8700,8800,550,600,1100,1200,150,200,400,450,70,80,150,200,20261009,2026-10-09 13:07
종로·청계 관광특구,POI006,정체,13.0,2026-10-09 13:05,48,2496.0,40.0,10.0,62.0,0,0,32000,32100,85200,85300,5000,5100,11700,11800,1600,1700,3600,3700,950,1000,2400,2500,20261009,8300,8400,12300,12400,1000,1100,1500,1600,350,400,500,550,150,200,250,300,20261009,2026-10-09 13:07
홍대 관광특구,POI007,정체,14.0,2026-10-09 13:05,51,3098.0,,8.0,70.0,0,0,30500,30600,51800,51900,3900,4000,8500,8600,1200,1300,2600,2700,750,800,1300,1400,20261009,6600,6700,9500,9600,800,850,1200,1300,250,300,450,500,100,150,100,150,20261009,2026-10-09 13:07
경복궁,POI008,정체,12.0,2026-10-09 13:05,2,267.0,,1.0,11.0,4,0,4100,4200,16300,16400,700,750,1900,2000,250,300,550,600,150,200,350,400,20261009,300,350,650,700,100,150,100,150,20,30,10,20,10,20,10,20,20261009,2026-10-09 13:07
광화문·덕수궁,POI009,정체,14.0,2026-10-09 13:05,29,7988.0,795.0,4.0,41.0,13,2,12000,12100,60100,60200,2100,2200,8100,8200,700,750,2400,2500,500,550,1800,1900,20261009,6500,6600,12000,12100,1000,1100,1600,1700,300,350,450,500,100,150,250,300,20261009,2026-10-09 13:07
보신각,POI010,정체,12.0,2026-10-09 13:05,14,2572.0,7.0,1.0,14.0,1,0,3000,3100,12600,12700,500,550,1600,1700,150,200,400,450,70,80,250,300,20261009,1900,2000,3200,3300,250,300,450,500,100,150,150,200,60,70,90,100,20261009,2026-10-09 13:07
서울 암사동 유적,POI011,서행,23.0,2026-10-09 13:05,1,108.0,,0.0,3.0,0,0,,,,,,,,,,,,,,,,,,20,30,10,20,0,10,0,0,0,10,0,0,0,10,0,0,20261009,2026-10-09 13:07
창덕궁·종묘,POI012,정체,10.0,2026-10-09 13:05,16,3155.0,899.0,4.0,19.0,2,0,12100,12200,30800,30900,2000,2100,4300,4400,600,650,1300,1400,350,400,900,950,20261009,1200,1300,2300,2400,200,250,250,300,70,80,90,100,30,40,30,40,20261009,2026-10-09 13:07
가산디지털단지역,POI013,서행,21.0,2026-10-09 13:05,20,8291.0,,2.0,71.0,0,0,6500,6600,7700,7800,800,850,850,900,250,300,250,300,100,150,150,200,20261009,2000,2100,3900,4000,200,250,350,400,50,60,80,90,20,30,40,50,20261009,2026-10-09 13:07
강남역,POI014,서행,16.0,2026-10-09 13:05,95,7876.0,,4.0,55.0,0,0,17300,17400,31100,31200,2700,2800,3500,3600,850,900,1000,1100,450,500,700,750,20261009,8000,8100,7500,7600,1100,1200,950,1000,400,450,350,400,90,100,100,150,20261009,2026-10-09 13:07
건대입구역,POI015,서행,17.0,2026-10-09 13:05,23,6603.0,,2.0,11.0,3,0,11200,11300,11700,11800,1200,1300,1700,1800,350,400,600,650,250,300,400,450,20261009,1300,1400,2000,2100,100,150,200,250,50,60,90,100,20,30,20,30,20261009,2026-10-09 13:07
고덕역,POI016,서행,24.0,2026-10-09 13:05,15,1615.0,,1.0,5.0,0,0,2600,2700,1500,1600,250,300,100,150,90,100,60,70,40,50,60,70,20261009,350,400,400,450,40,50,30,40,0,10,10,20,0,10,0,10,20261009,2026-10-09 13:07
고속터미널역,POI017,서행,23.0,2026-10-09 13:05,3,4291.0,,3.0,10.0,0,0,23600,23700,40600,40700,3500,3600,3900,4000,1100,1200,950,1000,700,750,600,650,20261009,5000,5100,6600,6700,650,700,650,700,200,250,250,300,100,150,90,100,20261009,2026-10-09 13:07
교대역,POI018,서행,17.0,2026-10-09 13:05,14,760.0,,2.0,13.0,0,0,5600,5700,8300,8400,750,800,900,950,200,250,250,300,150,200,150,200,20261009,1000,1100,850,900,100,150,80,90,30,40,10,20,20,30,0,10,20261009,2026-10-09 13:07
구로디지털단지역,POI019,서행,18.0,2026-10-09 13:05,20,6911.0,,1.0,29.0,0,0,15700,15800,7000,7100,1400,1500,750,800,450,500,250,300,350,400,100,150,20261009,1600,1700,1300,1400,150,200,100,150,40,50,40,50,30,40,20,30,20261009,2026-10-09 13:07
구로역,POI020,서행,24.0,2026-10-09 13:05,3,1047.0,,1.0,5.0,0,0,5500,5600,4600,4700,400,450,500,550,100,150,150,200,90,100,100,150,20261009,400,450,1100,1200,50,60,80,90,10,20,10,20,10,20,0,10,20261009,2026-10-09 13:07
군자역,POI021,서행,18.0,2026-10-09 13:05,11,573.0,,2.0,16.0,0,0,8000,8100,4400,4500,700,750,500,550,200,250,150,200,80,90,70,80,20261009,1500,1600,1600,1700,150,200,150,200,60,70,50,60,50,60,10,20,20261009,2026-10-09 13:07
대림역,POI023,서행,18.0,2026-10-09 13:05,4,221.0,,2.0,29.0,0,0,12900,13000,7100,7200,900,950,800,850,300,350,250,300,200,250,200,250,20261009,2000,2100,3100,3200,150,200,300,350,60,70,100,150,20,30,90,100,20261009,2026-10-09 13:07
동대문역,POI024,서행,16.0,2026-10-09 13:05,17,892.0,0.0,2.0,7.0,0,0,8400,8500,15800,15900,1100,1200,1800,1900,350,400,550,600,250,300,350,400,20261009,1600,1700,2300,2400,150,200,200,250,40,50,70,80,20,30,50,60,20261009,2026-10-09 13:07
뚝섬역,POI025,서행,19.0,2026-10-09 13:05,9,767.0,,1.0,4.0,1,0,2900,3000,6200,6300,350,400,850,900,100,150,250,300,80,90,250,300,20261009,250,300,600,650,50,60,80,90,20,30,20,30,0,0,0,10,20261009,2026-10-09 13:07
미아사거리역,POI026,서행,16.0,2026-10-09 13:05,11,1409.0,,1.0,29.0,0,0,8900,9000,4500,4600,750,800,500,550,200,250,150,200,100,150,70,80,20261009,6500,6600,8400,8500,700,750,900,950,250,300,250,300,100,150,100,150,20261009,2026-10-09 13:07
발산역,POI027,정체,14.0,2026-10-09 13:05,13,2880.0,,1.0,37.0,0,0,3700,3800,5600,5700,500,550,500,550,150,200,100,150,90,100,100,150,20261009,1600,1700,2500,2600,200,250,300,350,70,80,100,150,40,50,30,40,20261009,2026-10-09 13:07
사당역,POI029,서행,19.0,2026-10-09 13:05,13,520.0,,2.0,17.0,1,0,18100,18200,15600,15700,2400,2500,2600,2700,1100,1200,1600,1700,950,1000,1400,1500,20261009,1900,2000,2900,3000,200,250,300,350,100,150,100,150,40,50,20,30,20261009,2026-10-09 13:07
삼각지역,POI030,서행,20.0,2026-10-09 13:05,0,,,2.0,7.0,0,0,2600,2700,4200,4300,400,450,650,700,100,150,200,250,70,80,100,150,20261009,1700,1800,1800,1900,200,250,250,300,60,70,100,150,10,20,50,60,20261009,2026-10-09 13:07
서울대입구역,POI031,서행,17.0,2026-10-09 13:05,2,52.0,,1.0,15.0,0,0,13900,14000,7200,7300,1400,1500,750,800,450,500,200,250,150,200,100,150,20261009,5900,6000,7000,7100,650,700,750,800,200,250,200,250,100,150,100,150,20261009,2026-10-09 13:07
서울식물원·마곡나루역,POI032,서행,17.0,2026-10-09 13:05,2,2651.0,,2.0,15.0,3,0,4900,5000,6600,6700,600,650,950,1000,200,250,300,350,100,150,100,150,20261009,350,400,900,950,60,70,100,150,10,20,20,30,0,0,0,0,20261009,2026-10-09 13:07
서울역,POI033,서행,16.0,2026-10-09 13:05,23,3968.0,0.0,8.0,34.0,1,0,46800,46900,75500,75600,5400,5500,8300,8400,1900,2000,2600,2700,1100,1200,1200,1300,20261009,8000,8100,9900,10000,1000,1100,1000,1100,350,400,300,350,150,200,90,100,20261009,2026-10-09 13:07
선릉역,POI034,서행,17.0,2026-10-09 13:05,94,11160.0,26.0,4.0,20.0,0,0,8800,8900,20000,20100,1400,1500,2300,2400,400,450,650,700,200,250,300,350,20261009,2000,2100,2000,2100,150,200,150,200,70,80,70,80,30,40,30,40,20261009,2026-10-09 13:07
성신여대입구역,POI035,서행,15.0,2026-10-09 13:05,2,38.0,,2.0,9.0,1,0,7100,7200,4800,4900,850,900,600,650,250,300,150,200,100,150,100,150,20261009,3000,3100,4200,4300,350,400,450,500,100,150,150,200,60,70,50,60,20261009,2026-10-09 13:07
수유역,POI036,서행,16.0,2026-10-09 13:05,8,802.0,,1.0,32.0,0,0,12800,12900,5400,5500,1100,1200,500,550,300,350,150,200,200,250,100,150,20261009,7600,7700,9900,10000,700,750,900,950,250,300,300,350,100,150,150,200,20261009,2026-10-09 13:07
신논현역·논현역,POI037,서행,18.0,2026-10-09 13:05,32,1053.0,,3.0,13.0,0,0,8100,8200,12000,12100,1200,1300,1300,1400,350,400,400,450,200,250,200,250,20261009,2800,2900,2500,2600,250,300,250,300,100,150,100,150,50,60,40,50,20261009,2026-10-09 13:07
신도림역,POI038,서행,21.0,2026-10-09 13:05,1,1644.0,,2.0,2.0,0,0,14900,15000,10800,10900,1400,1500,1300,1400,400,450,450,500,250,300,300,350,20261009,800,850,2300,2400,70,80,150,200,30,40,40,50,0,10,10,20,20261009,2026-10-09 13:07
신림역,POI039,서행,15.0,2026-10-09 13:05,2,282.0,,2.0,15.0,0,0,21100,21200,7500,7600,1900,2000,950,1000,550,600,300,350,400,450,150,200,20261009,5700,5800,10600,10700,450,500,850,900,150,200,300,350,80,90,100,150,20261009,2026-10-09 13:07
신촌·이대역,POI040,서행,15.0,2026-10-09 13:05,25,1943.0,168.0,4.0,41.0,0,0,11700,11800,12200,12300,1500,1600,1500,1600,550,600,400,450,300,350,300,350,20261009,5700,5800,6600,6700,800,850,750,800,250,300,250,300,100,150,100,150,20261009,2026-10-09 13:07
양재역,POI041,서행,21.0,2026-10-09 13:05,16,1881.0,,2.0,27.0,0,0,6500,6600,10200,10300,800,850,850,900,200,250,200,250,150,200,150,200,20261009,3700,3800,3600,3700,350,400,350,400,100,150,100,150,60,70,50,60,20261009,2026-10-09 13:07
역삼역,POI042,서행,16.0,2026-10-09 13:05,47,7473.0,1.0,1.0,10.0,0,0,3400,3500,7300,7400,450,500,700,750,100,150,200,250,60,70,70,80,20261009,1400,1500,1700,1800,100,150,150,200,40,50,40,50,0,10,10,20,20261009,2026-10-09 13:07
연신내역,POI043,서행,17.0,2026-10-09 13:05,5,208.0,,3.0,14.0,0,0,16700,16800,9300,9400,1400,1500,1000,1100,450,500,300,350,150,200,100,150,20261009,2600,2700,3400,3500,300,350,300,350,100,150,100,150,30,40,70,80,20261009,2026-10-09 13:07
오목교역·목동운동장,POI044,원활,25.0,2026-10-09 13:05,14,5304.0,,1.0,33.0,0,0,4700,4800,4600,4700,550,600,450,500,200,250,100,150,100,150,100,150,20261009,3600,3700,5100,5200,450,500,550,600,100,150,200,250,60,70,100,150,20261009,2026-10-09 13:07
왕십리역,POI045,서행,19.0,2026-10-09 13:05,4,1478.0,,5.0,22.0,0,0,11500,11600,10200,10300,1400,1500,1200,1300,400,450,350,400,200,250,200,250,20261009,950,1000,2200,2300,100,150,250,300,50,60,100,150,30,40,50,60,20261009,2026-10-09 13:07
용산역,POI046,서행,21.0,2026-10-09 13:05,11,5014.0,101.0,2.0,33.0,0,0,14100,14200,35600,35700,2000,2100,4400,4500,750,800,1300,1400,400,450,500,550,20261009,2700,2800,2800,2900,400,450,300,350,100,150,90,100,70,80,40,50,20261009,2026-10-09 13:07
이태원역,POI047,정체,13.0,2026-10-09 13:05,4,66.0,,1.0,9.0,0,0,2800,2900,5300,5400,200,250,900,950,60,70,300,350,40,50,150,200,20261009,1400,1500,1000,1100,100,150,150,200,20,30,50,60,10,20,30,40,20261009,2026-10-09 13:07
장지역,POI048,서행,18.0,2026-10-09 13:05,4,10611.0,,1.0,20.0,0,0,4200,4300,3800,3900,400,450,400,450,100,150,100,150,70,80,100,150,20261009,1200,1300,2100,2200,100,150,200,250,50,60,70,80,10,20,20,30,20261009,2026-10-09 13:07
장한평역,POI049,서행,23.0,2026-10-09 13:05,15,847.0,,1.0,16.0,0,0,5300,5400,3400,3500,450,500,300,350,100,150,90,100,80,90,50,60,20261009,3000,3100,3900,4000,300,350,350,400,100,150,100,150,30,40,50,60,20261009,2026-10-09 13:07
천호역,POI050,서행,17.0,2026-10-09 13:05,14,3331.0,,2.0,12.0,0,0,10400,10500,9500,9600,1100,1200,1100,1200,300,350,350,400,200,250,250,300,20261009,750,800,1900,2000,80,90,150,200,30,40,50,60,10,20,20,30,20261009,2026-10-09 13:07
총신대입구(이수)역,POI051,서행,16.0,2026-10-09 13:05,7,533.0,,2.0,18.0,0,0,9800,9900,7600,7700,1100,1200,950,1000,300,350,300,350,150,200,150,200,20261009,2700,2800,3100,3200,400,450,400,450,100,150,150,200,60,70,60,70,20261009,2026-10-09 13:07
충정로역,POI052,서행,18.0,2026-10-09 13:05,5,834.0,,2.0,19.0,0,0,2900,3000,2400,2500,300,350,250,300,100,150,70,80,70,80,40,50,20261009,1500,1600,1300,1400,200,250,150,200,60,70,50,60,20,30,20,30,20261009,2026-10-09 13:07
합정역,POI053,서행,18.0,2026-10-09 13:05,6,207.0,,2.0,30.0,0,0,8300,8400,12500,12600,1000,1100,1700,1800,350,400,350,400,200,250,250,300,20261009,2200,2300,2900,3000,300,350,400,450,100,150,100,150,50,60,70,80,20261009,2026-10-09 13:07
혜화역,POI054,서행,19.0,2026-10-09 13:05,24,955.0,,1.0,12.0,7,0,3700,3800,10700,10800,500,550,1800,1900,150,200,450,500,100,150,250,300,20261009,2400,2500,3300,3400,250,300,450,500,100,150,150,200,40,50,90,100,20261009,2026-10-09 13:07
홍대입구역(2호선),POI055,정체,14.0,2026-10-09 13:05,16,1196.0,,1.0,17.0,0,0,12200,12300,24100,24200,1500,1600,4300,4400,400,450,1400,1500,250,300,700,750,20261009,3800,3900,5900,6000,450,500,750,800,150,200,250,300,50,60,60,70,20261009,2026-10-09 13:07
회기역,POI056,서행,20.0,2026-10-09 13:05,21,408.0,,1.0,22.0,0,0,8700,8800,3800,3900,900,950,400,450,250,300,100,150,150,200,60,70,20261009,4400,4500,4600,4700,400,450,400,450,100,150,100,150,80,90,50,60,20261009,2026-10-09 13:07
가락시장,POI058,원활,25.0,2026-10-09 13:05,4,2884.0,,2.0,16.0,0,0,4800,4900,4200,4300,500,550,400,450,150,200,100,150,70,80,20,30,20261009,2400,2500,1900,2000,200,250,100,150,70,80,50,60,40,50,20,30,20261009,2026-10-09 13:07
가로수길,POI059,서행,24.0,2026-10-09 13:05,51,2767.0,178.0,2.0,14.0,0,0,6500,6600,16600,16700,950,1000,1400,1500,300,350,450,500,200,250,300,350,20261009,1300,1400,2000,2100,150,200,200,250,50,60,80,90,20,30,30,40,20261009,2026-10-09 13:07
광장(전통)시장,POI060,정체,13.0,2026-10-09 13:05,7,103.0,6.0,1.0,11.0,0,0,4300,4400,10200,10300,700,750,1100,1200,200,250,350,400,100,150,150,200,20261009,1600,1700,3000,3100,300,350,350,400,100,150,100,150,30,40,60,70,20261009,2026-10-09 13:07
김포공항,POI061,원활,27.0,2026-10-09 13:05,6,16594.0,,6.0,27.0,0,0,8800,8900,11500,11600,1000,1100,1200,1300,350,400,350,400,200,250,200,250,20261009,600,650,1100,1200,40,50,90,100,10,20,30,40,0,10,20,30,20261009,2026-10-09 13:07
노량진,POI063,서행,21.0,2026-10-09 13:05,11,1218.0,,3.0,22.0,1,0,12700,12800,11100,11200,1300,1400,1300,1400,400,450,450,500,250,300,300,350,20261009,4200,4300,8300,8400,550,600,700,750,150,200,200,250,100,150,100,150,20261009,2026-10-09 13:07
덕수궁길·정동길,POI064,서행,16.0,2026-10-09 13:05,10,620.0,,3.0,10.0,0,0,7200,7300,21000,21100,1000,1100,2400,2500,300,350,750,800,200,250,500,550,20261009,1100,1200,1700,1800,100,150,150,200,50,60,50,60,0,10,10,20,20261009,2026-10-09 13:07
북촌한옥마을,POI066,정체,13.0,2026-10-09 13:05,16,1756.0,,1.0,55.0,9,1,3100,3200,15400,15500,700,750,2000,2100,200,250,500,550,70,80,70,80,20261009,3000,3100,6700,6800,500,550,950,1000,150,200,350,400,80,90,150,200,20261009,2026-10-09 13:07
서촌,POI067,서행,15.0,2026-10-09 13:05,9,308.0,,1.0,32.0,4,0,4100,4200,16300,16400,700,750,1900,2000,250,300,550,600,150,200,350,400,20261009,3900,4000,4500,4600,500,550,650,700,200,250,250,300,90,100,100,150,20261009,2026-10-09 13:07
성수카페거리,POI068,서행,17.0,2026-10-09 13:05,28,2824.0,,2.0,35.0,1,0,7800,7900,29500,29600,1300,1400,4400,4500,450,500,1300,1400,250,300,950,1000,20261009,900,950,1600,1700,100,150,200,250,30,40,50,60,10,20,20,30,20261009,2026-10-09 13:07
쌍문역,POI070,서행,19.0,2026-10-09 13:05,8,345.0,,1.0,18.0,0,0,11800,11900,3400,3500,950,1000,450,500,250,300,150,200,200,250,100,150,20261009,3100,3200,5600,5700,250,300,500,550,60,70,150,200,30,40,70,80,20261009,2026-10-09 13:07
압구정로데오거리,POI071,서행,16.0,2026-10-09 13:05,55,1976.0,1.0,1.0,16.0,1,0,1700,1800,7900,8000,350,400,600,650,100,150,250,300,60,70,150,200,20261009,1900,2000,4300,4400,250,300,400,450,80,90,100,150,10,20,30,40,20261009,2026-10-09 13:07
여의도,POI072,서행,23.0,2026-10-09 13:05,116,24820.0,1220.0,9.0,63.0,4,1,15000,15100,24600,24700,1800,1900,3000,3100,600,650,900,950,300,350,550,600,20261009,6600,6700,12400,12500,800,850,1300,1400,250,300,350,400,80,90,100,150,20261009,2026-10-09 13:07
연남동,POI073,서행,16.0,2026-10-09 13:05,45,132.0,,0.0,20.0,0,0,,,,,,,,,,,,,,,,,,1900,2000,2200,2300,200,250,300,350,70,80,100,150,40,50,60,70,20261009,2026-10-09 13:07
영등포 타임스퀘어,POI074,서행,17.0,2026-10-09 13:05,10,1195.0,87.0,3.0,24.0,0,0,13800,13900,17800,17900,1600,1700,2400,2500,550,600,850,900,300,350,450,500,20261009,3700,3800,7300,7400,550,600,800,850,150,200,300,350,100,150,100,150,20261009,2026-10-09 13:07
용리단길,POI076,서행,19.0,2026-10-09 13:05,0,,,3.0,7.0,0,0,5800,5900,12300,12400,950,1000,1700,1800,300,350,400,450,150,200,200,250,20261009,850,900,2700,2800,100,150,450,500,30,40,100,150,20,30,70,80,20261009,2026-10-09 13:07
이태원 앤틱가구거리,POI077,서행,17.0,2026-10-09 13:05,4,51.0,,1.0,13.0,0,0,2800,2900,5300,5400,200,250,900,950,60,70,300,350,40,50,150,200,20261009,950,1000,1200,1300,90,100,150,200,10,20,30,40,10,20,20,30,20261009,2026-10-09 13:07
인사동,POI078,정체,12.0,2026-10-09 13:05,21,2465.0,2.0,2.0,26.0,7,0,6200,6300,28100,28200,1200,1300,3600,3700,350,400,950,1000,100,150,350,400,20261009,3400,3500,4700,4800,400,450,650,700,100,150,200,250,80,90,100,150,20261009,2026-10-09 13:07
창동 신경제 중심지,POI079,서행,17.0,2026-10-09 13:05,46,4927.0,51.0,4.0,55.0,5,0,20200,20300,15400,15500,2000,2100,1800,1900,600,650,550,600,350,400,350,400,20261009,4200,4300,7200,7300,600,650,800,850,200,250,250,300,100,150,100,150,20261009,2026-10-09 13:07
청담동 명품거리,POI080,서행,17.0,2026-10-09 13:05,16,910.0,,1.0,10.0,0,0,1700,1800,7900,8000,350,400,600,650,100,150,250,300,60,70,150,200,20261009,850,900,1700,1800,100,150,100,150,30,40,40,50,20,30,20,30,20261009,2026-10-09 13:07
청량리 제기동 일대 전통시장,POI081,서행,16.0,2026-10-09 13:05,12,2214.0,,2.0,23.0,0,0,12800,12900,14900,15000,1700,1800,1900,2000,500,550,650,700,200,250,150,200,20261009,8800,8900,11600,11700,1200,1300,1100,1200,400,450,350,400,100,150,100,150,20261009,2026-10-09 13:07
해방촌·경리단길,POI082,원활,30.0,2026-10-09 13:05,4,273.0,,0.0,26.0,1,0,,,,,,,,,,,,,,,,,,2300,2400,1800,1900,250,300,250,300,70,80,80,90,40,50,40,50,20261009,2026-10-09 13:07
DDP(동대문디자인플라자),POI083,서행,15.0,2026-10-09 13:05,9,2596.0,256.0,3.0,11.0,5,0,7800,7900,12500,12600,900,950,1700,1800,250,300,600,650,150,200,450,500,20261009,1000,1100,1400,1500,80,90,200,250,30,40,100,150,10,20,40,50,20261009,2026-10-09 13:07
DMC(디지털미디어시티),POI084,서행,20.0,2026-10-09 13:05,25,9176.0,,4.0,68.0,0,0,7200,7300,5100,5200,650,700,500,550,200,250,150,200,100,150,90,100,20261009,2200,2300,3000,3100,200,250,250,300,80,90,80,90,30,40,40,50,20261009,2026-10-09 13:07
강서한강공원,POI085,원활,52.0,2026-10-09 13:05,2,106.0,53.0,0.0,1.0,0,0,,,,,,,,,,,,,,,,,,0,0,0,0,0,0,0,0,0,0,0,0,0,0,0,0,20261009,2026-10-09 13:07
고척돔,POI086,서행,23.0,2026-10-09 13:05,0,,,1.0,3.0,4,0,2400,2500,950,1000,200,250,70,80,80,90,20,30,40,50,10,20,20261009,1000,1100,800,850,100,150,80,90,30,40,30,40,20,30,10,20,20261009,2026-10-09 13:07
광나루한강공원,POI087,원활,53.0,2026-10-09 13:05,4,718.0,359.0,0.0,0.0,0,0,,,,,,,,,,,,,,,,,,,,,,,,,,,,,,,,,,,2026-10-09 13:07
광화문광장,POI088,정체,14.0,2026-10-09 13:05,3,2932.0,795.0,2.0,12.0,5,0,6800,6900,32400,32500,1200,1300,4300,4400,400,450,1300,1400,300,350,950,1000,20261009,2900,3000,4900,5000,400,450,650,700,100,150,150,200,40,50,80,90,20261009,2026-10-09 13:07
국립중앙박물관·용산가족공원,POI089,서행,21.0,2026-10-09 13:05,4,931.0,,3.0,3.0,3,0,4400,4500,11100,11200,800,850,1200,1300,250,300,400,450,150,200,350,400,20261009,200,250,450,500,40,50,40,50,10,20,0,10,10,20,0,10,20261009,2026-10-09 13:07
난지한강공원,POI090,원활,51.0,2026-10-09 13:05,4,1240.0,0.0,0.0,7.0,0,0,,,,,,,,,,,,,,,,,,10,20,10,20,0,10,0,0,0,0,0,0,0,0,0,0,20261009,2026-10-09 13:07
남산공원,POI091,원활,29.0,2026-10-09 13:05,33,2148.0,23.0,5.0,37.0,6,0,13100,13200,31500,31600,1600,1700,3900,4000,500,550,1300,1400,250,300,600,650,20261009,3900,4000,5100,5200,650,700,700,750,200,250,200,250,150,200,150,200,20261009,2026-10-09 13:07
노들섬,POI092,정체,13.0,2026-10-09 13:05,1,99.0,,0.0,4.0,4,0,,,,,,,,,,,,,,,,,,400,450,800,850,50,60,150,200,10,20,40,50,0,10,10,20,20261009,2026-10-09 13:07
뚝섬한강공원,POI093,원활,53.0,2026-10-09 13:05,8,1342.0,670.0,1.0,1.0,1,0,2800,2900,3000,3100,300,350,500,550,90,100,200,250,50,60,100,150,20261009,0,0,0,0,0,0,0,0,0,0,0,0,0,0,0,0,20261009,2026-10-09 13:07
망원한강공원,POI094,원활,29.0,2026-10-09 13:05,2,458.0,0.0,2.0,10.0,0,0,8300,8400,12500,12600,1000,1100,1700,1800,350,400,350,400,200,250,250,300,20261009,1500,1600,2300,2400,200,250,300,350,80,90,100,150,30,40,70,80,20261009,2026-10-09 13:07
반포한강공원,POI095,원활,40.0,2026-10-09 13:05,9,1483.0,9.0,0.0,6.0,0,0,,,,,,,,,,,,,,,,,,40,50,100,150,0,0,20,30,0,0,0,0,0,0,0,0,20261009,2026-10-09 13:07
북서울꿈의숲,POI096,서행,20.0,2026-10-09 13:05,3,549.0,,0.0,17.0,1,0,,,,,,,,,,,,,,,,,,900,950,450,500,80,90,50,60,10,20,10,20,0,10,0,10,20261009,2026-10-09 13:07
서리풀공원·몽마르뜨공원,POI098,원활,25.0,2026-10-09 13:05,0,,,4.0,7.0,0,0,26400,26500,43600,43700,3800,3900,4200,4300,1200,1300,1000,1100,750,800,700,750,20261009,4800,4900,6100,6200,650,700,600,650,200,250,200,250,90,100,80,90,20261009,2026-10-09 13:07
서울대공원,POI100,정체,14.0,2026-10-09 13:05,0,,,1.0,0.0,0,0,700,750,8000,8100,200,250,1100,1200,90,100,500,550,40,50,250,300,20261009,,,,,,,,,,,,,,,,,,2026-10-09 13:07
서울숲공원,POI101,원활,36.0,2026-10-09 13:05,2,996.0,,1.0,9.0,2,0,1800,1900,5100,5200,250,300,600,650,90,100,250,300,50,60,20,30,20261009,150,200,550,600,30,40,80,90,0,10,10,20,0,10,0,10,20261009,2026-10-09 13:07
아차산,POI102,원활,28.0,2026-10-09 13:05,0,,,0.0,3.0,0,0,,,,,,,,,,,,,,,,,,90,100,20,30,10,20,0,10,0,0,0,0,0,0,0,0,20261009,2026-10-09 13:07
양화한강공원,POI103,서행,23.0,2026-10-09 13:05,6,1002.0,499.0,0.0,5.0,0,0,,,,,,,,,,,,,,,,,,10,20,100,150,0,10,10,20,0,0,0,10,0,0,0,0,20261009,2026-10-09 13:07
어린이대공원,POI104,서행,19.0,2026-10-09 13:05,4,945.0,,2.0,9.0,4,0,8400,8500,9700,9800,950,1000,1200,1300,300,350,350,400,200,250,250,300,20261009,750,800,800,850,70,80,50,60,20,30,10,20,10,20,0,10,20261009,2026-10-09 13:07
여의도한강공원,POI105,원활,37.0,2026-10-09 13:05,6,2866.0,1131.0,1.0,3.0,0,0,1300,1400,5500,5600,250,300,950,1000,100,150,200,250,60,70,150,200,20261009,200,250,400,450,20,30,60,70,0,10,20,30,0,0,0,10,20261009,2026-10-09 13:07
월드컵공원,POI106,원활,27.0,2026-10-09 13:05,9,3537.0,,4.0,34.0,0,0,8600,8700,10700,10800,900,950,950,1000,300,350,250,300,150,200,150,200,20261009,1500,1600,1800,1900,150,200,150,200,50,60,50,60,30,40,20,30,20261009,2026-10-09 13:07
응봉산,POI107,원활,26.0,2026-10-09 13:05,3,88.0,,1.0,24.0,0,0,800,850,250,300,70,80,40,50,30,40,20,30,10,20,20,30,20261009,1000,1100,500,550,100,150,50,60,20,30,10,20,10,20,0,10,20261009,2026-10-09 13:07
이촌한강공원,POI108,원활,42.0,2026-10-09 13:05,2,514.0,0.0,0.0,4.0,1,0,,,,,,,,,,,,,,,,,,0,10,40,50,0,0,0,10,0,0,0,0,0,0,0,0,20261009,2026-10-09 13:07
잠실종합운동장,POI109,원활,27.0,2026-10-09 13:05,1,876.0,,2.0,4.0,0,0,2700,2800,3500,3600,200,250,300,350,70,80,90,100,40,50,50,60,20261009,200,250,350,400,10,20,20,30,0,10,10,20,0,10,0,10,20261009,2026-10-09 13:07
잠실한강공원,POI110,원활,40.0,2026-10-09 13:05,4,1326.0,220.0,1.0,9.0,0,0,3800,3900,2000,2100,400,450,200,250,80,90,80,90,30,40,40,50,20261009,90,100,400,450,10,20,60,70,0,10,10,20,0,0,0,10,20261009,2026-10-09 13:07
잠원한강공원,POI111,원활,44.0,2026-10-09 13:05,3,1540.0,0.0,0.0,5.0,0,0,,,,,,,,,,,,,,,,,,200,250,250,300,30,40,30,40,10,20,0,10,0,0,0,10,20261009,2026-10-09 13:07
청계산,POI112,원활,43.0,2026-10-09 13:05,0,,,0.0,9.0,0,0,,,,,,,,,,,,,,,,,,30,40,30,40,0,10,0,0,0,0,0,0,0,0,0,0,20261009,2026-10-09 13:07
북창동 먹자골목,POI114,정체,13.0,2026-10-09 13:05,20,552.0,0.0,0.0,11.0,0,0,,,,,,,,,,,,,,,,,,2700,2800,4600,4700,550,600,650,700,200,250,250,300,90,100,90,100,20261009,2026-10-09 13:07
남대문시장,POI115,정체,12.0,2026-10-09 13:05,16,1456.0,4.0,1.0,7.0,0,0,,,,,,,,,,,,,,,,,,1800,1900,4000,4100,400,450,600,650,150,200,200,250,60,70,90,100,20261009,2026-10-09 13:07
익선동,POI116,정체,13.0,2026-10-09 13:05,10,187.0,2.0,3.0,11.0,1,0,7800,7900,20600,20700,1300,1400,3200,3300,400,450,950,1000,250,300,700,750,20261009,1700,1800,2300,2400,200,250,300,350,70,80,100,150,30,40,40,50,20261009,2026-10-09 13:07
신정네거리역,POI117,서행,19.0,2026-10-09 13:05,3,119.0,,1.0,9.0,0,0,,,,,,,,,,,,,,,,,,,,,,,,,,,,,,,,,,,2026-10-09 13:07
잠실새내역,POI118,서행,16.0,2026-10-09 13:05,31,1541.0,,1.0,18.0,0,0,6000,6100,4000,4100,1200,1300,1500,1600,150,200,100,150,100,150,100,150,20261009,1800,1900,2200,2300,200,250,250,300,90,100,90,100,30,40,30,40,20261009,2026-10-09 13:07
잠실역,POI119,서행,17.0,2026-10-09 13:05,5,6749.0,290.0,2.0,21.0,0,0,,,,,,,,,,,,,,,,,,3400,3500,9100,9200,500,550,1100,1200,150,200,400,450,80,90,150,200,20261009,2026-10-09 13:07
잠실롯데타워·석촌호수,POI120,서행,16.0,2026-10-09 13:05,33,9281.0,290.0,3.0,0.0,3,0,,,,,,,,,,,,,,,,,,,,,,,,,,,,,,,,,,,2026-10-09 13:07
송리단길·호수단길,POI121,서행,17.0,2026-10-09 13:05,21,878.0,,1.0,15.0,0,0,2200,2300,2400,2500,200,250,300,350,50,60,100,150,20,30,50,60,20261009,1800,1900,2600,2700,150,200,350,400,60,70,150,200,20,30,40,50,20261009,2026-10-09 13:07
신촌 스타광장,POI122,정체,14.0,2026-10-09 13:05,4,235.0,,1.0,4.0,0,0,,,,,,,,,,,,,,,,,,1600,1700,2000,2100,200,250,200,250,80,90,100,150,40,50,30,40,20261009,2026-10-09 13:07
보라매공원,POI123,정체,12.0,2026-10-09 13:05,1,78.0,,2.0,5.0,0,0,1600,1700,1600,1700,150,200,200,250,40,50,40,50,40,50,40,50,20261009,10,20,70,80,0,0,0,10,0,0,0,0,0,0,0,0,20261009,2026-10-09 13:07
서대문독립공원,POI124,서행,23.0,2026-10-09 13:05,2,150.0,,1.0,18.0,0,0,2800,2900,3900,4000,350,400,350,400,100,150,100,150,60,70,80,90,20261009,2000,2100,1800,1900,250,300,150,200,100,150,70,80,60,70,40,50,20261009,2026-10-09 13:07
안양천,POI125,원활,29.0,2026-10-09 13:05,1,294.0,,0.0,1.0,0,0,,,,,,,,,,,,,,,,,,10,20,0,10,0,0,0,0,0,0,0,0,0,0,0,0,20261009,2026-10-09 13:07
여의서로,POI126,원활,31.0,2026-10-09 13:05,2,168.0,38.0,0.0,0.0,0,0,,,,,,,,,,,,,,,,,,,,,,,,,,,,,,,,,,,2026-10-09 13:07
올림픽공원,POI127,서행,24.0,2026-10-09 13:05,4,2716.0,,4.0,17.0,8,1,,,,,,,,,,,,,,,,,,1000,1100,1400,1500,100,150,150,200,30,40,60,70,0,10,20,30,20261009,2026-10-09 13:07
홍제폭포,POI128,원활,33.0,2026-10-09 13:05,0,,,0.0,0.0,0,0,,,,,,,,,,,,,,,,,,,,,,,,,,,,,,,,,,,2026-10-09 13:07
송현녹지광장,POI129,정체,12.0,2026-10-09 13:05,4,1546.0,,1.0,25.0,8,1,3100,3200,15400,15500,700,750,2000,2100,200,250,500,550,70,80,70,80,20261009,2500,2600,5400,5500,450,500,750,800,150,200,300,350,80,90,100,150,20261009,2026-10-09 13:07
시의회 앞,POI130,서행,16.0,2026-10-09 13:05,9,1723.0,,3.0,25.0,6,0,7800,7900,43800,43900,1400,1500,6100,6200,450,500,1900,2000,300,350,1400,1500,20261009,3200,3300,7200,7300,450,500,950,1000,150,200,250,300,90,100,150,200,20261009,2026-10-09 13:07
강남 MICE 관광특구,POI001,정체,12.0,2026-10-09 15:00,3,4428.0,,2.0,6.0,1,0,10900,11000,26800,26900,1700,1800,2000,2100,550,600,750,800,200,250,200,250,20261009,1000,1100,2100,2200,150,200,150,200,30,40,30,40,0,10,10,20,20261009,2026-10-09 15:00
동대문 관광특구,POI002,서행,15.0,2026-10-09 15:00,47,8302.0,324.0,7.0,32.0,7,0,34600,34700,50900,51000,3800,3900,4100,4200,1400,1500,1200,1300,500,550,400,450,20261009,5200,5300,5600,5700,450,500,450,500,150,200,150,200,80,90,60,70,20261009,2026-10-09 15:00
명동 관광특구,POI003,정체,13.0,2026-10-09 15:00,93,12070.0,7.0,7.0,54.0,7,2,50600,50700,130100,130200,8200,8300,10500,10600,2700,2800,3200,3300,1200,1300,1500,1600,20261009,14500,14600,22900,23000,2100,2200,2100,2200,750,800,600,650,400,450,300,350,20261009,2026-10-09 15:00
이태원 관광특구,POI004,서행,15.0,2026-10-09 15:00,8,853.0,,3.0,17.0,0,0,8000,8100,18900,19000,1000,1100,1800,1900,350,400,650,700,100,150,300,350,20261009,3100,3200,3900,4000,350,400,400,450,100,150,150,200,40,50,90,100,20261009,2026-10-09 15:00
잠실 관광특구,POI005,서행,19.0,2026-10-09 15:00,37,11997.0,348.0,6.0,50.0,11,1,38500,38600,62800,62900,4100,4200,5200,5300,1300,1400,1600,1700,500,550,500,550,20261009,6700,6800,12700,12800,750,800,950,1000,250,300,300,350,100,150,150,200,20261009,2026-10-09 15:00
종로·청계 관광특구,POI006,정체,12.0,2026-10-09 15:00,48,2496.0,58.0,10.0,62.0,0,0,59200,59300,128100,128200,8800,8900,10100,10200,2900,3000,3000,3100,1100,1200,1300,1400,20261009,13500,13600,18800,18900,1500,1600,1700,1800,500,550,550,600,200,250,250,300,20261009,2026-10-09 15:00
홍대 관광특구,POI007,정체,13.0,2026-10-09 15:00,51,3098.0,,8.0,70.0,0,0,48600,48700,86600,86700,5400,5500,8200,8300,1600,1700,2600,2700,550,600,1000,1100,20261009,11000,11100,14700,14800,1200,1300,1400,1500,350,400,450,500,200,250,200,250,20261009,2026-10-09 15:00
경복궁,POI008,정체,10.0,2026-10-09 15:00,2,267.0,,1.0,11.0,4,1,9000,9100,24600,24700,1600,1700,1800,1900,500,550,400,450,150,200,250,300,20261009,600,650,1000,1100,60,70,80,90,20,30,30,40,0,10,0,10,20261009,2026-10-09 15:00
광화문·덕수궁,POI009,정체,11.0,2026-10-09 15:00,29,7988.0,879.0,4.0,41.0,13,2,26400,26500,90000,90100,4900,5000,6900,7000,1500,1600,2100,2200,500,550,1100,1200,20261009,11700,11800,18700,18800,1500,1600,1800,1900,400,450,600,650,200,250,300,350,20261009,2026-10-09 15:00
보신각,POI010,정체,11.0,2026-10-09 15:00,14,2572.0,7.0,1.0,14.0,1,0,5800,5900,18000,18100,1000,1100,1100,1200,350,400,350,400,100,150,200,250,20261009,3300,3400,4900,5000,400,450,400,450,100,150,150,200,50,60,60,70,20261009,2026-10-09 15:00
서울 암사동 유적,POI011,서행,23.0,2026-10-09 15:00,1,108.0,,0.0,3.0,0,0,,,,,,,,,,,,,,,,,,30,40,20,30,0,0,0,0,0,0,0,0,0,0,0,0,20261009,2026-10-09 15:00
창덕궁·종묘,POI012,정체,11.0,2026-10-09 15:00,16,3155.0,1099.0,4.0,19.0,2,0,22500,22600,46900,47000,3300,3400,3600,3700,1100,1200,900,950,450,500,300,350,20261009,2300,2400,3400,3500,300,350,250,300,100,150,90,100,50,60,50,60,20261009,2026-10-09 15:00
가산디지털단지역,POI013,서행,22.0,2026-10-09 15:00,20,8291.0,,2.0,71.0,0,0,9400,9500,10600,10700,800,850,800,850,200,250,200,250,60,70,90,100,20261009,2900,3000,5400,5500,250,300,350,400,60,70,100,150,30,40,50,60,20261009,2026-10-09 15:00
강남역,POI014,서행,17.0,2026-10-09 15:00,95,7876.0,,4.0,55.0,0,0,28500,28600,44400,44500,3100,3200,3000,3100,950,1000,900,950,350,400,200,250,20261009,12300,12400,11100,11200,1100,1200,900,950,400,450,300,350,200,250,100,150,20261009,2026-10-09 15:00
건대입구역,POI015,서행,18.0,2026-10-09 15:00,23,6603.0,,2.0,11.0,3,0,16700,16800,18700,18800,1600,1700,1800,1900,450,500,500,550,200,250,150,200,20261009,1800,1900,3000,3100,150,200,200,250,50,60,100,150,30,40,70,80,20261009,2026-10-09 15:00
고덕역,POI016,서행,23.0,2026-10-09 15:00,15,1615.0,,1.0,5.0,0,0,3700,3800,2300,2400,250,300,200,250,80,90,20,30,30,40,20,30,20261009,650,700,600,650,90,100,50,60,40,50,10,20,0,0,0,10,20261009,2026-10-09 15:00
고속터미널역,POI017,서행,16.0,2026-10-09 15:00,3,4291.0,,3.0,10.0,0,0,37300,37400,55800,55900,3800,3900,3900,4000,1200,1300,1100,1200,400,450,350,400,20261009,7700,7800,9300,9400,750,800,700,750,250,300,250,300,100,150,100,150,20261009,2026-10-09 15:00
교대역,POI018,서행,18.0,2026-10-09 15:00,14,760.0,,2.0,13.0,0,0,8500,8600,11200,11300,850,900,650,700,250,300,250,300,90,100,90,100,20261009,1500,1600,1200,1300,100,150,100,150,20,30,20,30,10,20,0,10,20261009,2026-10-09 15:00
구로디지털단지역,POI019,서행,18.0,2026-10-09 15:00,20,6911.0,,1.0,29.0,0,0,20500,20600,10400,10500,1200,1300,750,800,400,450,250,300,150,200,60,70,20261009,2400,2500,1900,2000,200,250,100,150,60,70,40,50,10,20,0,10,20261009,2026-10-09 15:00
구로역,POI020,원활,26.0,2026-10-09 15:00,3,1047.0,,1.0,5.0,0,0,7400,7500,6400,6500,450,500,450,500,100,150,100,150,0,10,10,20,20261009,650,700,1400,1500,60,70,50,60,0,0,0,10,0,0,0,0,20261009,2026-10-09 15:00
군자역,POI021,서행,16.0,2026-10-09 15:00,11,573.0,,2.0,16.0,0,0,10900,11000,6800,6900,850,900,650,700,250,300,200,250,100,150,100,150,20261009,2100,2200,2300,2400,150,200,150,200,40,50,50,60,30,40,10,20,20261009,2026-10-09 15:00
대림역,POI023,서행,18.0,2026-10-09 15:00,4,221.0,,2.0,29.0,0,0,16400,16500,10000,10100,950,1000,750,800,300,350,200,250,100,150,50,60,20261009,2800,2900,4100,4200,200,250,200,250,100,150,90,100,20,30,20,30,20261009,2026-10-09 15:00
동대문역,POI024,서행,15.0,2026-10-09 15:00,17,892.0,0.0,2.0,7.0,0,0,14100,14200,22600,22700,1700,1800,1700,1800,550,600,500,550,200,250,150,200,20261009,2400,2500,3200,3300,200,250,200,250,80,90,90,100,30,40,40,50,20261009,2026-10-09 15:00
뚝섬역,POI025,서행,21.0,2026-10-09 15:00,9,767.0,,1.0,4.0,1,0,5000,5100,9900,10000,650,700,900,950,200,250,250,300,80,90,150,200,20261009,550,600,950,1000,80,90,90,100,0,10,20,30,0,0,0,10,20261009,2026-10-09 15:00
미아사거리역,POI026,서행,16.0,2026-10-09 15:00,11,1409.0,,1.0,29.0,0,0,11900,12000,6700,6800,800,850,550,600,200,250,150,200,80,90,100,150,20261009,9600,9700,11800,11900,850,900,850,900,300,350,250,300,100,150,100,150,20261009,2026-10-09 15:00
발산역,POI027,정체,14.0,2026-10-09 15:00,13,2880.0,,1.0,37.0,0,0,6200,6300,8100,8200,700,750,600,650,250,300,200,250,70,80,80,90,20261009,2700,2800,3800,3900,300,350,300,350,90,100,100,150,40,50,60,70,20261009,2026-10-09 15:00
사당역,POI029,서행,17.0,2026-10-09 15:00,13,520.0,,2.0,17.0,1,0,25600,25700,21100,21200,1900,2000,1300,1400,550,600,400,450,200,250,100,150,20261009,2700,2800,4000,4100,250,300,250,300,100,150,100,150,50,60,70,80,20261009,2026-10-09 15:00
삼각지역,POI030,서행,18.0,2026-10-09 15:00,0,,,2.0,7.0,0,0,4600,4700,6800,6900,550,600,650,700,150,200,200,250,70,80,100,150,20261009,2700,2800,2800,2900,200,250,200,250,90,100,70,80,50,60,40,50,20261009,2026-10-09 15:00
서울대입구역,POI031,서행,19.0,2026-10-09 15:00,2,52.0,,1.0,15.0,0,0,19400,19500,10700,10800,1500,1600,800,850,500,550,200,250,200,250,80,90,20261009,8400,8500,10000,10100,750,800,750,800,150,200,150,200,100,150,100,150,20261009,2026-10-09 15:00
서울식물원·마곡나루역,POI032,서행,16.0,2026-10-09 15:00,2,2651.0,,2.0,15.0,3,0,7800,7900,10100,10200,850,900,650,700,250,300,100,150,100,150,80,90,20261009,650,700,1300,1400,80,90,80,90,20,30,20,30,0,10,10,20,20261009,2026-10-09 15:00
서울역,POI033,정체,14.0,2026-10-09 15:00,23,3968.0,0.0,8.0,34.0,1,0,71700,71800,103700,103800,6100,6200,6700,6800,1900,2000,1900,2000,800,850,850,900,20261009,12200,12300,13700,13800,1100,1200,900,950,400,450,350,400,200,250,150,200,20261009,2026-10-09 15:00
선릉역,POI034,서행,17.0,2026-10-09 15:00,94,11160.0,25.0,4.0,20.0,0,0,15100,15200,28400,28500,1900,2000,1900,2000,700,750,650,700,250,300,200,250,20261009,3000,3100,2900,3000,200,250,200,250,90,100,80,90,40,50,50,60,20261009,2026-10-09 15:00
성신여대입구역,POI035,서행,15.0,2026-10-09 15:00,2,38.0,,2.0,9.0,1,0,10200,10300,7600,7700,850,900,750,800,200,250,300,350,80,90,100,150,20261009,4600,4700,6200,6300,400,450,450,500,100,150,150,200,50,60,60,70,20261009,2026-10-09 15:00
수유역,POI036,정체,14.0,2026-10-09 15:00,8,802.0,,1.0,32.0,0,0,16900,17000,7800,7900,1000,1100,550,600,300,350,100,150,100,150,10,20,20261009,10400,10500,13700,13800,800,850,950,1000,250,300,350,400,150,200,200,250,20261009,2026-10-09 15:00
신논현역·논현역,POI037,서행,18.0,2026-10-09 15:00,32,1053.0,,3.0,13.0,0,0,12700,12800,17400,17500,1200,1300,1100,1200,350,400,300,350,100,150,100,150,20261009,4000,4100,3700,3800,300,350,300,350,100,150,100,150,60,70,50,60,20261009,2026-10-09 15:00
신도림역,POI038,원활,35.0,2026-10-09 15:00,1,1644.0,,2.0,2.0,0,0,21100,21200,16500,16600,1600,1700,1300,1400,500,550,300,350,150,200,60,70,20261009,1100,1200,3000,3100,90,100,150,200,20,30,40,50,10,20,30,40,20261009,2026-10-09 15:00
신림역,POI039,서행,16.0,2026-10-09 15:00,2,282.0,,2.0,15.0,0,0,27500,27600,11600,11700,1600,1700,1200,1300,500,550,400,450,150,200,150,200,20261009,8100,8200,14100,14200,700,750,850,900,200,250,250,300,100,150,150,200,20261009,2026-10-09 15:00
신촌·이대역,POI040,서행,15.0,2026-10-09 15:00,25,1943.0,188.0,4.0,41.0,0,0,17800,17900,18800,18900,1600,1700,1700,1800,500,550,550,600,150,200,200,250,20261009,9200,9300,10300,10400,950,1000,900,950,300,350,250,300,150,200,100,150,20261009,2026-10-09 15:00
양재역,POI041,원활,25.0,2026-10-09 15:00,16,1881.0,,2.0,27.0,0,0,10200,10300,13400,13500,950,1000,700,750,300,350,150,200,100,150,50,60,20261009,5300,5400,5000,5100,400,450,350,400,150,200,100,150,80,90,70,80,20261009,2026-10-09 15:00
역삼역,POI042,서행,17.0,2026-10-09 15:00,47,7473.0,1.0,1.0,10.0,0,0,5500,5600,10100,10200,550,600,600,650,150,200,200,250,100,150,100,150,20261009,1900,2000,2500,2600,150,200,200,250,70,80,80,90,30,40,20,30,20261009,2026-10-09 15:00
연신내역,POI043,서행,16.0,2026-10-09 15:00,5,208.0,,3.0,14.0,0,0,22200,22300,13300,13400,1400,1500,1000,1100,500,550,400,450,250,300,200,250,20261009,3800,3900,4600,4700,300,350,250,300,100,150,80,90,40,50,30,40,20261009,2026-10-09 15:00
오목교역·목동운동장,POI044,원활,25.0,2026-10-09 15:00,14,5304.0,,1.0,33.0,0,0,6800,6900,6600,6700,550,600,550,600,100,150,150,200,40,50,90,100,20261009,5600,5700,7600,7700,600,650,650,700,200,250,150,200,100,150,90,100,20261009,2026-10-09 15:00
왕십리역,POI045,서행,17.0,2026-10-09 15:00,4,1478.0,,5.0,22.0,0,0,17000,17100,15600,15700,1500,1600,1400,1500,450,500,450,500,150,200,150,200,20261009,1600,1700,3200,3300,150,200,200,250,50,60,80,90,30,40,40,50,20261009,2026-10-09 15:00
용산역,POI046,서행,19.0,2026-10-09 15:00,11,5014.0,98.0,2.0,33.0,0,0,23300,23400,52000,52100,2500,2600,4100,4200,650,700,1200,1300,150,200,150,200,20261009,4500,4600,4200,4300,500,550,350,400,150,200,100,150,70,80,50,60,20261009,2026-10-09 15:00
이태원역,POI047,정체,13.0,2026-10-09 15:00,4,66.0,,1.0,9.0,0,0,4600,4700,8400,8500,550,600,700,750,150,200,200,250,70,80,80,90,20261009,2000,2100,1800,1900,150,200,150,200,50,60,60,70,20,30,30,40,20261009,2026-10-09 15:00
장지역,POI048,서행,20.0,2026-10-09 15:00,4,10611.0,,1.0,20.0,0,0,6100,6200,5400,5500,450,500,400,450,100,150,100,150,50,60,70,80,20261009,1900,2000,3000,3100,200,250,200,250,70,80,80,90,30,40,30,40,20261009,2026-10-09 15:00
장한평역,POI049,서행,22.0,2026-10-09 15:00,15,847.0,,1.0,16.0,0,0,7100,7200,4600,4700,400,450,300,350,100,150,80,90,40,50,10,20,20261009,4200,4300,5300,5400,300,350,350,400,90,100,100,150,50,60,40,50,20261009,2026-10-09 15:00
천호역,POI050,서행,16.0,2026-10-09 15:00,14,3331.0,,2.0,12.0,0,0,15300,15400,14600,14700,1300,1400,1200,1300,400,450,400,450,150,200,150,200,20261009,1300,1400,2700,2800,100,150,150,200,40,50,40,50,20,30,10,20,20261009,2026-10-09 15:00
총신대입구(이수)역,POI051,서행,16.0,2026-10-09 15:00,7,533.0,,2.0,18.0,0,0,14000,14100,11800,11900,1100,1200,950,1000,350,400,250,300,150,200,90,100,20261009,4300,4400,4500,4600,450,500,350,400,150,200,100,150,70,80,50,60,20261009,2026-10-09 15:00
충정로역,POI052,서행,23.0,2026-10-09 15:00,5,834.0,,2.0,19.0,0,0,4100,4200,3600,3700,350,400,250,300,100,150,80,90,30,40,20,30,20261009,2200,2300,1800,1900,200,250,150,200,60,70,50,60,20,30,20,30,20261009,2026-10-09 15:00
합정역,POI053,서행,18.0,2026-10-09 15:00,6,207.0,,2.0,30.0,0,0,13100,13200,19900,20000,1300,1400,1700,1800,400,450,650,700,100,150,300,350,20261009,3500,3600,4700,4800,300,350,450,500,100,150,150,200,60,70,80,90,20261009,2026-10-09 15:00
혜화역,POI054,서행,17.0,2026-10-09 15:00,24,955.0,,1.0,12.0,7,0,6200,6300,20100,20200,800,850,1900,2000,250,300,550,600,80,90,200,250,20261009,3800,3900,5500,5600,400,450,550,600,150,200,250,300,90,100,100,150,20261009,2026-10-09 15:00
홍대입구역(2호선),POI055,정체,11.0,2026-10-09 15:00,16,1196.0,,1.0,17.0,0,0,19900,20000,41500,41600,2400,2500,4100,4200,700,750,1300,1400,250,300,400,450,20261009,6400,6500,9300,9400,750,800,900,950,200,250,250,300,150,200,100,150,20261009,2026-10-09 15:00
회기역,POI056,서행,20.0,2026-10-09 15:00,21,408.0,,1.0,22.0,0,0,11700,11800,5700,5800,750,800,500,550,100,150,150,200,20,30,20,30,20261009,6300,6400,6600,6700,500,550,500,550,150,200,150,200,80,90,50,60,20261009,2026-10-09 15:00
가락시장,POI058,서행,24.0,2026-10-09 15:00,4,2884.0,,2.0,16.0,0,0,6600,6700,5800,5900,500,550,450,500,150,200,150,200,70,80,40,50,20261009,3300,3400,2600,2700,200,250,100,150,60,70,50,60,30,40,30,40,20261009,2026-10-09 15:00
가로수길,POI059,서행,21.0,2026-10-09 15:00,51,2767.0,178.0,2.0,14.0,0,0,11100,11200,22600,22700,1300,1400,1300,1400,400,450,400,450,150,200,150,200,20261009,2000,2100,3100,3200,150,200,250,300,50,60,100,150,20,30,50,60,20261009,2026-10-09 15:00
광장(전통)시장,POI060,정체,13.0,2026-10-09 15:00,7,103.0,5.0,1.0,11.0,0,0,8200,8300,14600,14700,1200,1300,950,1000,450,500,250,300,200,250,100,150,20261009,3000,3100,4500,4600,400,450,300,350,100,150,100,150,70,80,50,60,20261009,2026-10-09 15:00
김포공항,POI061,원활,29.0,2026-10-09 15:00,6,16594.0,,6.0,27.0,0,0,13200,13300,16400,16500,1000,1100,1200,1300,300,350,350,400,100,150,100,150,20261009,950,1000,1500,1600,90,100,100,150,30,40,40,50,10,20,30,40,20261009,2026-10-09 15:00
노량진,POI063,서행,23.0,2026-10-09 15:00,11,1218.0,,3.0,22.0,1,0,18300,18400,17100,17200,1300,1400,1500,1600,350,400,450,500,80,90,90,100,20261009,7000,7100,11300,11400,800,850,700,750,250,300,250,300,150,200,100,150,20261009,2026-10-09 15:00
덕수궁길·정동길,POI064,정체,14.0,2026-10-09 15:00,10,620.0,,3.0,10.0,0,0,12700,12800,29900,30000,1800,1900,2200,2300,550,600,650,700,200,250,350,400,20261009,1700,1800,2500,2600,150,200,200,250,60,70,80,90,30,40,40,50,20261009,2026-10-09 15:00
북촌한옥마을,POI066,정체,11.0,2026-10-09 15:00,16,1756.0,,1.0,55.0,9,1,6900,7000,24000,24100,1300,1400,2100,2200,500,550,700,750,200,250,300,350,20261009,5600,5700,10000,10100,750,800,900,950,250,300,250,300,100,150,100,150,20261009,2026-10-09 15:00
서촌,POI067,정체,14.0,2026-10-09 15:00,9,308.0,,1.0,32.0,4,1,9000,9100,24600,24700,1600,1700,1800,1900,500,550,400,450,150,200,250,300,20261009,6400,6500,7300,7400,600,650,700,750,150,200,200,250,80,90,150,200,20261009,2026-10-09 15:00
성수카페거리,POI068,서행,15.0,2026-10-09 15:00,28,2824.0,,2.0,35.0,1,0,15700,15800,47200,47300,2400,2500,4400,4500,750,800,1200,1300,250,300,400,450,20261009,1500,1600,2400,2500,150,200,150,200,50,60,80,90,20,30,30,40,20261009,2026-10-09 15:00
쌍문역,POI070,서행,19.0,2026-10-09 15:00,8,345.0,,1.0,18.0,0,0,14900,15000,5100,5200,750,800,450,500,200,250,100,150,70,80,30,40,20261009,4400,4500,7300,7400,350,400,400,450,100,150,150,200,40,50,70,80,20261009,2026-10-09 15:00
압구정로데오거리,POI071,서행,16.0,2026-10-09 15:00,55,1976.0,1.0,1.0,16.0,1,0,3300,3400,10400,10500,400,450,550,600,80,90,60,70,0,10,0,10,20261009,3300,3400,5900,6000,400,450,300,350,100,150,80,90,40,50,20,30,20261009,2026-10-09 15:00
여의도,POI072,서행,22.0,2026-10-09 15:00,116,24820.0,1516.0,9.0,63.0,4,2,23500,23600,38700,38800,2500,2600,3800,3900,800,850,1200,1300,250,300,550,600,20261009,10700,10800,18400,18500,1200,1300,1600,1700,350,400,600,650,150,200,250,300,20261009,2026-10-09 15:00
연남동,POI073,서행,16.0,2026-10-09 15:00,45,132.0,,0.0,20.0,0,0,,,,,,,,,,,,,,,,,,2700,2800,3300,3400,250,300,300,350,70,80,70,80,40,50,30,40,20261009,2026-10-09 15:00
영등포 타임스퀘어,POI074,서행,16.0,2026-10-09 15:00,10,1195.0,109.0,3.0,24.0,0,0,19800,19900,26000,26100,1600,1700,2100,2200,350,400,450,500,60,70,90,100,20261009,6300,6400,11000,11100,750,800,1000,1100,250,300,300,350,100,150,150,200,20261009,2026-10-09 15:00
용리단길,POI076,서행,16.0,2026-10-09 15:00,0,,,3.0,7.0,0,0,10300,10400,19600,19700,1300,1400,1800,1900,400,450,600,650,150,200,200,250,20261009,1500,1600,4100,4200,200,250,300,350,60,70,100,150,30,40,60,70,20261009,2026-10-09 15:00
이태원 앤틱가구거리,POI077,서행,16.0,2026-10-09 15:00,4,51.0,,1.0,13.0,0,0,4600,4700,8400,8500,550,600,700,750,150,200,200,250,70,80,80,90,20261009,1500,1600,2000,2100,150,200,150,200,60,70,80,90,20,30,30,40,20261009,2026-10-09 15:00
인사동,POI078,정체,11.0,2026-10-09 15:00,21,2465.0,1.0,2.0,26.0,7,0,12800,12900,42000,42100,2300,2400,3200,3300,900,950,1000,1100,350,400,550,600,20261009,5500,5600,7200,7300,650,700,750,800,200,250,150,200,100,150,90,100,20261009,2026-10-09 15:00
창동 신경제 중심지,POI079,서행,17.0,2026-10-09 15:00,46,4927.0,49.0,4.0,55.0,5,0,28000,28100,23100,23200,2100,2200,2000,2100,650,700,650,700,200,250,200,250,20261009,6600,6700,10300,10400,700,750,800,850,200,250,300,350,100,150,150,200,20261009,2026-10-09 15:00
청담동 명품거리,POI080,서행,17.0,2026-10-09 15:00,16,910.0,,1.0,10.0,0,0,3300,3400,10400,10500,400,450,550,600,80,90,60,70,0,10,0,10,20261009,1400,1500,2300,2400,150,200,150,200,50,60,50,60,30,40,30,40,20261009,2026-10-09 15:00
청량리 제기동 일대 전통시장,POI081,서행,16.0,2026-10-09 15:00,12,2214.0,,2.0,23.0,0,0,19900,20000,22000,22100,2100,2200,1900,2000,800,850,650,700,350,400,300,350,20261009,13900,14000,16400,16500,1400,1500,1200,1300,450,500,400,450,250,300,200,250,20261009,2026-10-09 15:00
해방촌·경리단길,POI082,원활,29.0,2026-10-09 15:00,4,273.0,,0.0,26.0,1,0,,,,,,,,,,,,,,,,,,3500,3600,3400,3500,300,350,400,450,100,150,100,150,40,50,20,30,20261009,2026-10-09 15:00
DDP(동대문디자인플라자),POI083,서행,15.0,2026-10-09 15:00,9,2596.0,316.0,3.0,11.0,5,0,12200,12300,19500,19600,1400,1500,1800,1900,600,650,500,550,200,250,150,200,20261009,1500,1600,2200,2300,100,150,150,200,50,60,90,100,20,30,30,40,20261009,2026-10-09 15:00
DMC(디지털미디어시티),POI084,서행,21.0,2026-10-09 15:00,25,9176.0,,4.0,68.0,0,0,9800,9900,7100,7200,600,650,500,550,200,250,150,200,100,150,70,80,20261009,3200,3300,4200,4300,250,300,250,300,70,80,90,100,40,50,40,50,20261009,2026-10-09 15:00
강서한강공원,POI085,원활,54.0,2026-10-09 15:00,2,106.0,53.0,0.0,1.0,0,0,,,,,,,,,,,,,,,,,,0,0,0,0,0,0,0,0,0,0,0,0,0,0,0,0,20261009,2026-10-09 15:00
고척돔,POI086,원활,26.0,2026-10-09 15:00,0,,,1.0,3.0,4,0,3200,3300,1400,1500,150,200,100,150,40,50,0,10,0,0,0,0,20261009,1300,1400,1100,1200,100,150,80,90,50,60,20,30,40,50,20,30,20261009,2026-10-09 15:00
광나루한강공원,POI087,원활,55.0,2026-10-09 15:00,4,718.0,359.0,0.0,0.0,0,0,,,,,,,,,,,,,,,,,,,,,,,,,,,,,,,,,,,2026-10-09 15:00
광화문광장,POI088,정체,9.0,2026-10-09 15:00,3,2932.0,879.0,2.0,12.0,5,1,15200,15300,49000,49100,2800,2900,3700,3800,900,950,1100,1200,300,350,500,550,20261009,5400,5500,7600,7700,700,750,750,800,150,200,250,300,90,100,100,150,20261009,2026-10-09 15:00
국립중앙박물관·용산가족공원,POI089,원활,29.0,2026-10-09 15:00,4,931.0,,3.0,3.0,3,0,8300,8400,15900,16000,1000,1100,1100,1200,300,350,350,400,100,150,70,80,20261009,450,500,750,800,50,60,60,70,20,30,30,40,10,20,30,40,20261009,2026-10-09 15:00
난지한강공원,POI090,원활,44.0,2026-10-09 15:00,4,1240.0,0.0,0.0,7.0,0,0,,,,,,,,,,,,,,,,,,30,40,30,40,0,10,0,10,0,0,0,0,0,0,0,0,20261009,2026-10-09 15:00
남산공원,POI091,원활,26.0,2026-10-09 15:00,33,2148.0,24.0,5.0,37.0,6,0,22000,22100,47200,47300,2800,2900,4200,4300,900,950,1300,1400,400,450,600,650,20261009,6900,7000,8300,8400,800,850,900,950,350,400,300,350,250,300,150,200,20261009,2026-10-09 15:00
노들섬,POI092,서행,16.0,2026-10-09 15:00,1,99.0,,0.0,4.0,4,0,,,,,,,,,,,,,,,,,,750,800,1800,1900,150,200,300,350,50,60,100,150,20,30,50,60,20261009,2026-10-09 15:00
뚝섬한강공원,POI093,원활,51.0,2026-10-09 15:00,8,1342.0,671.0,1.0,1.0,1,0,4000,4100,5400,5500,350,400,650,700,100,150,150,200,30,40,50,60,20261009,0,0,0,0,0,0,0,0,0,0,0,0,0,0,0,0,20261009,2026-10-09 15:00
망원한강공원,POI094,원활,31.0,2026-10-09 15:00,2,458.0,0.0,2.0,10.0,0,0,13100,13200,19900,20000,1300,1400,1700,1800,400,450,650,700,100,150,300,350,20261009,2400,2500,3500,3600,200,250,350,400,100,150,100,150,50,60,70,80,20261009,2026-10-09 15:00
반포한강공원,POI095,원활,38.0,2026-10-09 15:00,9,1483.0,9.0,0.0,6.0,0,0,,,,,,,,,,,,,,,,,,90,100,250,300,10,20,40,50,0,0,0,10,0,0,0,10,20261009,2026-10-09 15:00
북서울꿈의숲,POI096,서행,20.0,2026-10-09 15:00,3,549.0,,0.0,17.0,1,0,,,,,,,,,,,,,,,,,,1200,1300,700,750,100,150,70,80,30,40,10,20,0,10,10,20,20261009,2026-10-09 15:00
서리풀공원·몽마르뜨공원,POI098,서행,23.0,2026-10-09 15:00,0,,,4.0,7.0,0,0,41400,41500,59900,60000,4200,4300,4100,4200,1300,1400,1200,1300,450,500,400,450,20261009,7500,7600,8700,8800,700,750,650,700,250,300,250,300,100,150,100,150,20261009,2026-10-09 15:00
서울대공원,POI100,정체,12.0,2026-10-09 15:00,0,,,1.0,0.0,0,0,2000,2100,10800,10900,400,450,650,700,70,80,60,70,0,10,0,10,20261009,,,,,,,,,,,,,,,,,,2026-10-09 15:00
서울숲공원,POI101,원활,35.0,2026-10-09 15:00,2,996.0,,1.0,9.0,2,0,3100,3200,8100,8200,400,450,750,800,80,90,150,200,0,10,50,60,20261009,400,450,1000,1100,70,80,100,150,30,40,40,50,0,10,0,10,20261009,2026-10-09 15:00
아차산,POI102,원활,27.0,2026-10-09 15:00,0,,,0.0,3.0,0,0,,,,,,,,,,,,,,,,,,100,150,30,40,0,10,0,0,0,10,0,0,0,0,0,0,20261009,2026-10-09 15:00
양화한강공원,POI103,원활,26.0,2026-10-09 15:00,6,1002.0,485.0,0.0,5.0,0,0,,,,,,,,,,,,,,,,,,40,50,150,200,0,10,20,30,0,10,0,10,0,10,0,10,20261009,2026-10-09 15:00
어린이대공원,POI104,서행,18.0,2026-10-09 15:00,4,945.0,,2.0,9.0,4,0,12600,12700,14300,14400,1100,1200,1100,1200,350,400,350,400,100,150,200,250,20261009,1100,1200,1200,1300,100,150,90,100,30,40,30,40,0,10,20,30,20261009,2026-10-09 15:00
여의도한강공원,POI105,원활,33.0,2026-10-09 15:00,6,2866.0,1418.0,1.0,3.0,0,0,2600,2700,10100,10200,400,450,1300,1400,100,150,450,500,50,60,250,300,20261009,350,400,750,800,40,50,50,60,10,20,20,30,0,10,0,10,20261009,2026-10-09 15:00
월드컵공원,POI106,원활,26.0,2026-10-09 15:00,9,3537.0,,4.0,34.0,0,0,12600,12700,14500,14600,1100,1200,1100,1200,450,500,400,450,200,250,200,250,20261009,2300,2400,2600,2700,250,300,200,250,90,100,80,90,20,30,40,50,20261009,2026-10-09 15:00
응봉산,POI107,서행,21.0,2026-10-09 15:00,3,88.0,,1.0,24.0,0,0,1000,1100,400,450,40,50,40,50,0,10,10,20,0,0,0,0,20261009,1400,1500,800,850,90,100,70,80,20,30,20,30,10,20,0,10,20261009,2026-10-09 15:00
이촌한강공원,POI108,원활,40.0,2026-10-09 15:00,2,514.0,0.0,0.0,4.0,1,0,,,,,,,,,,,,,,,,,,10,20,60,70,0,10,0,10,0,10,0,0,0,0,0,0,20261009,2026-10-09 15:00
잠실종합운동장,POI109,원활,27.0,2026-10-09 15:00,1,876.0,,2.0,4.0,0,0,4000,4100,4800,4900,300,350,350,400,100,150,100,150,40,50,50,60,20261009,300,350,500,550,10,20,30,40,0,10,10,20,0,0,0,0,20261009,2026-10-09 15:00
잠실한강공원,POI110,원활,33.0,2026-10-09 15:00,4,1326.0,258.0,1.0,9.0,0,0,5200,5300,3100,3200,350,400,300,350,100,150,150,200,70,80,80,90,20261009,100,150,550,600,0,10,40,50,0,0,10,20,0,0,0,10,20261009,2026-10-09 15:00
잠원한강공원,POI111,원활,36.0,2026-10-09 15:00,3,1540.0,0.0,0.0,5.0,0,0,,,,,,,,,,,,,,,,,,400,450,550,600,50,60,60,70,20,30,20,30,10,20,0,10,20261009,2026-10-09 15:00
청계산,POI112,원활,47.0,2026-10-09 15:00,0,,,0.0,9.0,0,0,,,,,,,,,,,,,,,,,,40,50,50,60,0,0,0,10,0,0,0,0,0,0,0,0,20261009,2026-10-09 15:00
북창동 먹자골목,POI114,정체,9.0,2026-10-09 15:00,20,552.0,0.0,0.0,11.0,0,0,,,,,,,,,,,,,,,,,,5200,5300,7200,7300,800,850,700,750,200,250,150,200,100,150,100,150,20261009,2026-10-09 15:00
남대문시장,POI115,정체,11.0,2026-10-09 15:00,16,1456.0,4.0,1.0,7.0,0,0,,,,,,,,,,,,,,,,,,3700,3800,6200,6300,600,650,500,550,200,250,100,150,100,150,60,70,20261009,2026-10-09 15:00
익선동,POI116,정체,11.0,2026-10-09 15:00,10,187.0,1.0,3.0,11.0,1,0,14200,14300,32300,32400,2100,2200,2600,2700,650,700,650,700,250,300,200,250,20261009,2900,3000,3700,3800,350,400,300,350,90,100,80,90,40,50,40,50,20261009,2026-10-09 15:00
신정네거리역,POI117,서행,17.0,2026-10-09 15:00,3,119.0,,1.0,9.0,0,0,,,,,,,,,,,,,,,,,,,,,,,,,,,,,,,,,,,2026-10-09 15:00
잠실새내역,POI118,서행,19.0,2026-10-09 15:00,31,1541.0,,1.0,18.0,0,0,8000,8100,5600,5700,550,600,250,300,200,250,70,80,100,150,10,20,20261009,2800,2900,3300,3400,250,300,250,300,80,90,90,100,20,30,40,50,20261009,2026-10-09 15:00
잠실역,POI119,서행,16.0,2026-10-09 15:00,5,6749.0,348.0,2.0,21.0,0,0,,,,,,,,,,,,,,,,,,5900,6000,13000,13100,750,800,950,1000,250,300,300,350,100,150,150,200,20261009,2026-10-09 15:00
잠실롯데타워·석촌호수,POI120,서행,16.0,2026-10-09 15:00,33,9281.0,348.0,3.0,0.0,3,0,,,,,,,,,,,,,,,,,,,,,,,,,,,,,,,,,,,2026-10-09 15:00
송리단길·호수단길,POI121,서행,16.0,2026-10-09 15:00,21,878.0,,1.0,15.0,0,0,3000,3100,3700,3800,200,250,350,400,60,70,100,150,30,40,80,90,20261009,2700,2800,3900,4000,200,250,250,300,70,80,90,100,20,30,30,40,20261009,2026-10-09 15:00
신촌 스타광장,POI122,정체,14.0,2026-10-09 15:00,4,235.0,,1.0,4.0,0,0,,,,,,,,,,,,,,,,,,2600,2700,3100,3200,250,300,250,300,70,80,80,90,30,40,30,40,20261009,2026-10-09 15:00
보라매공원,POI123,정체,13.0,2026-10-09 15:00,1,78.0,,2.0,5.0,0,0,2300,2400,2400,2500,150,200,200,250,90,100,100,150,30,40,50,60,20261009,30,40,100,150,0,10,0,10,0,10,0,10,0,0,0,0,20261009,2026-10-09 15:00
서대문독립공원,POI124,원활,25.0,2026-10-09 15:00,2,150.0,,1.0,18.0,0,0,4100,4200,5300,5400,350,400,350,400,100,150,80,90,60,70,40,50,20261009,3000,3100,2500,2600,250,300,200,250,80,90,70,80,40,50,30,40,20261009,2026-10-09 15:00
안양천,POI125,원활,29.0,2026-10-09 15:00,1,294.0,,0.0,1.0,0,0,,,,,,,,,,,,,,,,,,20,30,0,10,0,0,0,0,0,0,0,0,0,0,0,0,20261009,2026-10-09 15:00
여의서로,POI126,원활,32.0,2026-10-09 15:00,2,168.0,38.0,0.0,0.0,0,0,,,,,,,,,,,,,,,,,,,,,,,,,,,,,,,,,,,2026-10-09 15:00
올림픽공원,POI127,서행,23.0,2026-10-09 15:00,4,2716.0,,4.0,17.0,8,1,,,,,,,,,,,,,,,,,,1600,1700,2200,2300,100,150,150,200,40,50,50,60,20,30,20,30,20261009,2026-10-09 15:00
홍제폭포,POI128,원활,29.0,2026-10-09 15:00,0,,,0.0,0.0,0,0,,,,,,,,,,,,,,,,,,,,,,,,,,,,,,,,,,,2026-10-09 15:00
송현녹지광장,POI129,정체,10.0,2026-10-09 15:00,4,1546.0,,1.0,25.0,8,1,6900,7000,24000,24100,1300,1400,2100,2200,500,550,700,750,200,250,300,350,20261009,4600,4700,8100,8200,650,700,700,750,200,250,200,250,100,150,90,100,20261009,2026-10-09 15:00
시의회 앞,POI130,서행,15.0,2026-10-09 15:00,9,1723.0,,3.0,25.0,6,0,17400,17500,65400,65500,3200,3300,5100,5200,1000,1100,1700,1800,350,400,850,900,20261009,6000,6100,11400,11500,850,900,1200,1300,200,250,350,400,150,200,150,200,20261009,2026-10-09 15:00
강남 MICE 관광특구,POI001,서행,15.0,2026-10-09 16:05,3,4428.0,,2.0,6.0,1,0,15100,15200,30900,31000,1900,2000,1800,1900,550,600,400,450,250,300,150,200,20261009,1400,1500,2500,2600,200,250,150,200,90,100,50,60,20,30,10,20,20261009,2026-10-09 16:07
동대문 관광특구,POI002,정체,14.0,2026-10-09 16:05,47,8302.0,316.0,7.0,32.0,7,0,44300,44400,59400,59500,4700,4800,3700,3800,1500,1600,1100,1200,1000,1100,750,800,20261009,6600,6700,6800,6900,550,600,550,600,200,250,150,200,60,70,80,90,20261009,2026-10-09 16:07
명동 관광특구,POI003,정체,12.0,2026-10-09 16:05,93,12070.0,7.0,7.0,54.0,7,2,71700,71800,150000,150100,10400,10500,8800,8900,3400,3500,2600,2700,1700,1800,1500,1600,20261009,19700,19800,27500,27600,2300,2400,2100,2200,750,800,650,700,250,300,250,300,20261009,2026-10-09 16:07
이태원 관광특구,POI004,서행,16.0,2026-10-09 16:05,8,853.0,,3.0,17.0,0,0,10800,10900,23100,23200,1300,1400,1800,1900,400,450,550,600,250,300,350,400,20261009,4100,4200,4900,5000,500,550,450,500,250,300,200,250,50,60,60,70,20261009,2026-10-09 16:07
잠실 관광특구,POI005,서행,19.0,2026-10-09 16:05,37,11997.0,337.0,6.0,50.0,11,1,48700,48800,75400,75500,4800,4900,5600,5700,1400,1500,1700,1800,950,1000,1000,1100,20261009,8800,8900,14900,15000,1000,1100,1000,1100,300,350,300,350,100,150,100,150,20261009,2026-10-09 16:07
종로·청계 관광특구,POI006,정체,12.0,2026-10-09 16:05,48,2496.0,39.0,10.0,62.0,0,0,82100,82200,149400,149500,11200,11300,9100,9200,3500,3600,2800,2900,2100,2200,1700,1800,20261009,17500,17600,22700,22800,2000,2100,1800,1900,600,650,600,650,250,300,250,300,20261009,2026-10-09 16:07
홍대 관광특구,POI007,정체,13.0,2026-10-09 16:05,51,3098.0,,8.0,70.0,0,0,62400,62500,105200,105300,6500,6600,8000,8100,2500,2600,3100,3200,1800,1900,2300,2400,20261009,14100,14200,18000,18100,1400,1500,1300,1400,450,500,500,550,100,150,250,300,20261009,2026-10-09 16:07
경복궁,POI008,정체,10.0,2026-10-09 16:05,2,267.0,,1.0,11.0,4,0,13200,13300,28200,28300,2100,2200,1400,1500,750,800,400,450,300,350,150,200,20261009,700,750,1100,1200,60,70,70,80,0,10,20,30,0,10,20,30,20261009,2026-10-09 16:07
광화문·덕수궁,POI009,정체,10.0,2026-10-09 16:05,29,7988.0,835.0,4.0,41.0,13,1,40600,40700,103100,103200,7000,7100,5400,5500,2400,2500,1600,1700,1300,1400,1000,1100,20261009,15800,15900,22800,22900,2000,2100,2100,2200,550,600,700,750,150,200,250,300,20261009,2026-10-09 16:07
보신각,POI010,정체,11.0,2026-10-09 16:05,14,2572.0,7.0,1.0,14.0,1,0,8600,8700,20400,20500,1400,1500,1000,1100,450,500,300,350,150,200,150,200,20261009,4400,4500,5800,5900,500,550,350,400,100,150,100,150,30,40,50,60,20261009,2026-10-09 16:07
서울 암사동 유적,POI011,서행,24.0,2026-10-09 16:05,1,108.0,,0.0,3.0,0,0,,,,,,,,,,,,,,,,,,40,50,30,40,0,10,0,10,0,0,0,0,0,0,0,0,20261009,2026-10-09 16:07
창덕궁·종묘,POI012,정체,9.0,2026-10-09 16:05,16,3155.0,1098.0,4.0,19.0,2,0,31100,31200,55800,55900,4100,4200,3800,3900,1300,1400,1100,1200,800,850,650,700,20261009,3000,3100,4100,4200,250,300,250,300,80,90,70,80,40,50,30,40,20261009,2026-10-09 16:07
가산디지털단지역,POI013,서행,21.0,2026-10-09 16:05,20,8291.0,,2.0,71.0,0,0,11300,11400,12400,12500,850,900,850,900,250,300,300,350,150,200,150,200,20261009,3700,3800,6200,6300,300,350,300,350,100,150,100,150,40,50,50,60,20261009,2026-10-09 16:07
강남역,POI014,서행,16.0,2026-10-09 16:05,95,7876.0,,4.0,55.0,0,0,36100,36200,51800,51900,3700,3800,3100,3200,1000,1100,1000,1100,700,750,600,650,20261009,15000,15100,13400,13500,1200,1300,1000,1100,400,450,300,350,100,150,100,150,20261009,2026-10-09 16:07
건대입구역,POI015,서행,16.0,2026-10-09 16:05,23,6603.0,,2.0,11.0,3,0,20400,20500,23200,23300,1800,1900,2100,2200,550,600,750,800,300,350,250,300,20261009,2300,2400,3500,3600,200,250,250,300,100,150,80,90,30,40,30,40,20261009,2026-10-09 16:07
고덕역,POI016,서행,24.0,2026-10-09 16:05,15,1615.0,,1.0,5.0,0,0,4300,4400,2800,2900,250,300,250,300,70,80,90,100,30,40,90,100,20261009,800,850,750,800,70,80,40,50,20,30,10,20,10,20,10,20,20261009,2026-10-09 16:07
고속터미널역,POI017,서행,18.0,2026-10-09 16:05,3,4291.0,,3.0,10.0,0,0,46900,47000,65200,65300,4500,4600,4300,4400,1300,1400,1300,1400,950,1000,1000,1100,20261009,9500,9600,10900,11000,800,850,750,800,200,250,200,250,80,90,100,150,20261009,2026-10-09 16:07
교대역,POI018,서행,16.0,2026-10-09 16:05,14,760.0,,2.0,13.0,0,0,10500,10600,12700,12800,950,1000,700,750,300,350,200,250,150,200,100,150,20261009,1900,2000,1400,1500,150,200,100,150,40,50,30,40,20,30,10,20,20261009,2026-10-09 16:07
구로디지털단지역,POI019,서행,18.0,2026-10-09 16:05,20,6911.0,,1.0,29.0,0,0,23200,23300,12600,12700,1200,1300,950,1000,350,400,350,400,250,300,150,200,20261009,3000,3100,2300,2400,250,300,150,200,100,150,70,80,40,50,30,40,20261009,2026-10-09 16:07
구로역,POI020,원활,25.0,2026-10-09 16:05,3,1047.0,,1.0,5.0,0,0,8600,8700,7500,7600,500,550,450,500,150,200,150,200,90,100,100,150,20261009,900,950,1600,1700,100,150,80,90,50,60,20,30,30,40,10,20,20261009,2026-10-09 16:07
군자역,POI021,서행,15.0,2026-10-09 16:05,11,573.0,,2.0,16.0,0,0,12500,12600,8300,8400,700,750,650,700,200,250,250,300,80,90,100,150,20261009,2500,2600,2700,2800,150,200,200,250,50,60,70,80,20,30,30,40,20261009,2026-10-09 16:07
대림역,POI023,서행,19.0,2026-10-09 16:05,4,221.0,,2.0,29.0,0,0,18300,18400,11900,12000,900,950,950,1000,200,250,250,300,100,150,150,200,20261009,3400,3500,4600,4700,250,300,250,300,90,100,90,100,30,40,20,30,20261009,2026-10-09 16:07
동대문역,POI024,정체,14.0,2026-10-09 16:05,17,892.0,0.0,2.0,7.0,0,0,18300,18400,26100,26200,2000,2100,1500,1600,600,650,500,550,400,450,350,400,20261009,3000,3100,3700,3800,250,300,200,250,70,80,50,60,30,40,20,30,20261009,2026-10-09 16:07
뚝섬역,POI025,서행,18.0,2026-10-09 16:05,9,767.0,,1.0,4.0,1,0,6500,6600,11700,11800,750,800,750,800,200,250,150,200,100,150,50,60,20261009,750,800,1100,1200,80,90,90,100,10,20,0,10,0,10,0,10,20261009,2026-10-09 16:07
미아사거리역,POI026,서행,15.0,2026-10-09 16:05,11,1409.0,,1.0,29.0,0,0,13500,13600,8300,8400,750,800,750,800,200,250,200,250,100,150,100,150,20261009,11800,11900,13700,13800,1000,1100,900,950,350,400,250,300,150,200,150,200,20261009,2026-10-09 16:07
발산역,POI027,정체,14.0,2026-10-09 16:05,13,2880.0,,1.0,37.0,0,0,7900,8000,9400,9500,750,800,650,700,250,300,250,300,100,150,100,150,20261009,3400,3500,4500,4600,300,350,250,300,100,150,100,150,30,40,40,50,20261009,2026-10-09 16:07
사당역,POI029,서행,18.0,2026-10-09 16:05,13,520.0,,2.0,17.0,1,0,30600,30700,25200,25300,1800,1900,1200,1300,600,650,350,400,300,350,200,250,20261009,3300,3400,4600,4700,250,300,300,350,70,80,100,150,30,40,30,40,20261009,2026-10-09 16:07
삼각지역,POI030,서행,18.0,2026-10-09 16:05,0,,,2.0,7.0,0,0,5900,6000,8100,8200,650,700,550,600,200,250,150,200,100,150,80,90,20261009,3300,3400,3400,3500,250,300,250,300,70,80,80,90,40,50,50,60,20261009,2026-10-09 16:07
서울대입구역,POI031,서행,18.0,2026-10-09 16:05,2,52.0,,1.0,15.0,0,0,22300,22400,12900,13000,1300,1400,1000,1100,400,450,300,350,150,200,150,200,20261009,9900,10000,11700,11800,700,750,750,800,300,350,300,350,100,150,100,150,20261009,2026-10-09 16:07
서울식물원·마곡나루역,POI032,서행,16.0,2026-10-09 16:05,2,2651.0,,2.0,15.0,3,0,9700,9800,11600,11700,850,900,600,650,250,300,100,150,150,200,50,60,20261009,900,950,1500,1600,100,150,100,150,50,60,30,40,20,30,10,20,20261009,2026-10-09 16:07
서울역,POI033,서행,16.0,2026-10-09 16:05,23,3968.0,0.0,8.0,34.0,1,1,87000,87100,117700,117800,7500,7600,6300,6400,2500,2600,1800,1900,1300,1400,1000,1100,20261009,14700,14800,16100,16200,1100,1200,1000,1100,350,400,400,450,200,250,150,200,20261009,2026-10-09 16:07
선릉역,POI034,서행,17.0,2026-10-09 16:05,94,11160.0,27.0,4.0,20.0,0,0,19700,19800,32600,32700,2100,2200,1700,1800,650,700,450,500,300,350,250,300,20261009,3500,3600,3400,3500,250,300,200,250,70,80,60,70,20,30,20,30,20261009,2026-10-09 16:07
성신여대입구역,POI035,정체,14.0,2026-10-09 16:05,2,38.0,,2.0,9.0,1,0,12100,12200,9300,9400,800,850,700,750,200,250,250,300,150,200,150,200,20261009,5900,6000,7400,7500,500,550,500,550,200,250,200,250,50,60,60,70,20261009,2026-10-09 16:07
수유역,POI036,서행,16.0,2026-10-09 16:05,8,802.0,,1.0,32.0,0,0,19100,19200,9700,9800,1000,1100,850,900,300,350,250,300,100,150,70,80,20261009,12400,12500,15900,16000,950,1000,1000,1100,350,400,350,400,150,200,150,200,20261009,2026-10-09 16:07
신논현역·논현역,POI037,서행,17.0,2026-10-09 16:05,32,1053.0,,3.0,13.0,0,0,15900,16000,20600,20700,1500,1600,1300,1400,400,450,450,500,250,300,300,350,20261009,4800,4900,4400,4500,350,400,300,350,100,150,100,150,60,70,30,40,20261009,2026-10-09 16:07
신도림역,POI038,원활,32.0,2026-10-09 16:05,1,1644.0,,2.0,2.0,0,0,24600,24700,19900,20000,1600,1700,1400,1500,500,550,450,500,150,200,200,250,20261009,1300,1400,3300,3400,70,80,100,150,20,30,30,40,0,10,0,10,20261009,2026-10-09 16:07
신림역,POI039,서행,15.0,2026-10-09 16:05,2,282.0,,2.0,15.0,0,0,30800,30900,14500,14600,1400,1500,1300,1400,300,350,400,450,250,300,250,300,20261009,9900,10000,15900,16000,850,900,800,850,300,350,250,300,80,90,90,100,20261009,2026-10-09 16:07
신촌·이대역,POI040,서행,16.0,2026-10-09 16:05,25,1943.0,157.0,4.0,41.0,0,0,21600,21700,22500,22600,1700,1800,1600,1700,500,550,500,550,300,350,350,400,20261009,11600,11700,12500,12600,1000,1100,950,1000,350,400,350,400,200,250,200,250,20261009,2026-10-09 16:07
양재역,POI041,서행,22.0,2026-10-09 16:05,16,1881.0,,2.0,27.0,0,0,12400,12500,15300,15400,1000,1100,800,850,300,350,300,350,200,250,150,200,20261009,6400,6500,5800,5900,450,500,350,400,100,150,100,150,60,70,50,60,20261009,2026-10-09 16:07
역삼역,POI042,정체,14.0,2026-10-09 16:05,47,7473.0,1.0,1.0,10.0,0,0,6900,7000,11400,11500,650,700,550,600,200,250,150,200,90,100,40,50,20261009,2200,2300,2900,3000,100,150,150,200,50,60,50,60,30,40,30,40,20261009,2026-10-09 16:07
연신내역,POI043,서행,16.0,2026-10-09 16:05,5,208.0,,3.0,14.0,0,0,25100,25200,16000,16100,1300,1400,1200,1300,400,450,400,450,150,200,200,250,20261009,4700,4800,5300,5400,450,500,300,350,150,200,100,150,60,70,60,70,20261009,2026-10-09 16:07
오목교역·목동운동장,POI044,서행,24.0,2026-10-09 16:05,14,5304.0,,1.0,33.0,0,0,8000,8100,7900,8000,550,600,600,650,150,200,200,250,90,100,150,200,20261009,6900,7000,9000,9100,600,650,650,700,150,200,200,250,80,90,80,90,20261009,2026-10-09 16:07
왕십리역,POI045,서행,17.0,2026-10-09 16:05,4,1478.0,,5.0,22.0,0,0,20500,20600,18500,18600,1600,1700,1200,1300,500,550,450,500,250,300,250,300,20261009,2100,2200,3700,3800,200,250,200,250,50,60,40,50,30,40,20,30,20261009,2026-10-09 16:07
용산역,POI046,서행,19.0,2026-10-09 16:05,11,5014.0,97.0,2.0,33.0,0,0,30900,31000,61200,61300,3900,4000,4000,4100,1200,1300,1100,1200,600,650,650,700,20261009,5900,6000,5200,5300,650,700,400,450,200,250,100,150,60,70,60,70,20261009,2026-10-09 16:07
이태원역,POI047,정체,14.0,2026-10-09 16:05,4,66.0,,1.0,9.0,0,0,6000,6100,10200,10300,650,700,700,750,200,250,200,250,100,150,100,150,20261009,2500,2600,2300,2400,250,300,200,250,100,150,80,90,30,40,30,40,20261009,2026-10-09 16:07
장지역,POI048,서행,19.0,2026-10-09 16:05,4,10611.0,,1.0,20.0,0,0,7400,7500,6400,6500,600,650,450,500,150,200,150,200,100,150,150,200,20261009,2400,2500,3500,3600,200,250,200,250,70,80,80,90,20,30,20,30,20261009,2026-10-09 16:07
장한평역,POI049,서행,21.0,2026-10-09 16:05,15,847.0,,1.0,16.0,0,0,8100,8200,5400,5500,450,500,300,350,100,150,90,100,70,80,90,100,20261009,4900,5000,6000,6100,300,350,350,400,80,90,100,150,20,30,20,30,20261009,2026-10-09 16:07
천호역,POI050,서행,16.0,2026-10-09 16:05,14,3331.0,,2.0,12.0,0,0,18500,18600,17500,17600,1500,1600,1400,1500,500,550,450,500,250,300,250,300,20261009,1700,1800,3200,3300,150,200,200,250,70,80,90,100,30,40,50,60,20261009,2026-10-09 16:07
총신대입구(이수)역,POI051,정체,14.0,2026-10-09 16:05,7,533.0,,2.0,18.0,0,0,16300,16400,14200,14300,1000,1100,1100,1200,300,350,400,450,100,150,150,200,20261009,5300,5400,5300,5400,450,500,300,350,150,200,100,150,70,80,50,60,20261009,2026-10-09 16:07
충정로역,POI052,서행,23.0,2026-10-09 16:05,5,834.0,,2.0,19.0,0,0,4900,5000,4300,4400,300,350,350,400,100,150,100,150,50,60,30,40,20261009,2600,2700,2200,2300,150,200,200,250,40,50,70,80,0,10,20,30,20261009,2026-10-09 16:07
합정역,POI053,서행,20.0,2026-10-09 16:05,6,207.0,,2.0,30.0,0,0,16400,16500,23800,23900,1400,1500,1700,1800,450,500,550,600,200,250,250,300,20261009,4500,4600,5700,5800,400,450,450,500,100,150,100,150,40,50,30,40,20261009,2026-10-09 16:07
혜화역,POI054,서행,18.0,2026-10-09 16:05,24,955.0,,1.0,12.0,7,0,8700,8800,23900,24000,1300,1400,1600,1700,450,500,450,500,300,350,250,300,20261009,4800,4900,6700,6800,450,500,550,600,100,150,150,200,40,50,70,80,20261009,2026-10-09 16:07
홍대입구역(2호선),POI055,정체,10.0,2026-10-09 16:05,16,1196.0,,1.0,17.0,0,0,26300,26400,50800,50900,3100,3200,4000,4100,1300,1400,1700,1800,1300,1400,1600,1700,20261009,8100,8200,11300,11400,750,800,800,850,250,300,300,350,60,70,150,200,20261009,2026-10-09 16:07
회기역,POI056,서행,17.0,2026-10-09 16:05,21,408.0,,1.0,22.0,0,0,13600,13700,7100,7200,800,850,500,550,200,250,250,300,100,150,50,60,20261009,7400,7500,7900,8000,500,550,600,650,100,150,150,200,80,90,90,100,20261009,2026-10-09 16:07
가락시장,POI058,서행,24.0,2026-10-09 16:05,4,2884.0,,2.0,16.0,0,0,7800,7900,6900,7000,500,550,500,550,150,200,200,250,90,100,30,40,20261009,3800,3900,2900,3000,200,250,150,200,70,80,70,80,20,30,40,50,20261009,2026-10-09 16:07
가로수길,POI059,서행,22.0,2026-10-09 16:05,51,2767.0,186.0,2.0,14.0,0,0,14400,14500,25600,25700,1400,1500,1400,1500,500,550,400,450,350,400,250,300,20261009,2500,2600,3700,3800,200,250,250,300,90,100,100,150,40,50,30,40,20261009,2026-10-09 16:07
광장(전통)시장,POI060,정체,14.0,2026-10-09 16:05,7,103.0,5.0,1.0,11.0,0,0,11000,11100,16800,16900,1300,1400,1000,1100,350,400,300,350,150,200,70,80,20261009,3900,4000,5300,5400,350,400,350,400,100,150,100,150,50,60,50,60,20261009,2026-10-09 16:07
김포공항,POI061,원활,28.0,2026-10-09 16:05,6,16594.0,,6.0,27.0,0,0,16200,16300,18900,19000,1400,1500,1100,1200,450,500,350,400,250,300,250,300,20261009,1100,1200,1700,1800,90,100,90,100,10,20,20,30,0,10,10,20,20261009,2026-10-09 16:07
노량진,POI063,서행,22.0,2026-10-09 16:05,11,1218.0,,3.0,22.0,1,0,21600,21700,20800,20900,1400,1500,1700,1800,400,450,550,600,250,300,350,400,20261009,8700,8800,12900,13000,800,850,650,700,300,350,200,250,150,200,90,100,20261009,2026-10-09 16:07
덕수궁길·정동길,POI064,서행,15.0,2026-10-09 16:05,10,620.0,,3.0,10.0,0,0,17700,17800,34300,34400,2300,2400,1900,2000,800,850,550,600,300,350,200,250,20261009,2200,2300,3000,3100,150,200,200,250,40,50,70,80,0,10,40,50,20261009,2026-10-09 16:07
북촌한옥마을,POI066,정체,10.0,2026-10-09 16:05,16,1756.0,,1.0,55.0,9,0,10600,10700,27600,27700,1800,1900,1500,1600,550,600,350,400,200,250,80,90,20261009,7500,7600,12100,12200,950,1000,950,1000,300,350,300,350,100,150,100,150,20261009,2026-10-09 16:07
서촌,POI067,정체,13.0,2026-10-09 16:05,9,308.0,,1.0,32.0,4,0,13200,13300,28200,28300,2100,2200,1400,1500,750,800,400,450,300,350,150,200,20261009,7900,8000,9000,9100,650,700,700,750,150,200,250,300,50,60,90,100,20261009,2026-10-09 16:07
성수카페거리,POI068,서행,15.0,2026-10-09 16:05,28,2824.0,,2.0,35.0,1,0,22600,22700,56700,56800,3500,3600,4000,4100,1100,1200,1100,1200,700,750,750,800,20261009,2000,2100,2900,3000,200,250,250,300,50,60,60,70,40,50,40,50,20261009,2026-10-09 16:07
쌍문역,POI070,서행,18.0,2026-10-09 16:05,8,345.0,,1.0,18.0,0,0,16500,16600,6500,6600,650,700,700,750,200,250,250,300,100,150,100,150,20261009,5300,5400,8300,8400,400,450,400,450,100,150,100,150,50,60,60,70,20261009,2026-10-09 16:07
압구정로데오거리,POI071,서행,15.0,2026-10-09 16:05,55,1976.0,1.0,1.0,16.0,1,0,4700,4800,11700,11800,550,600,500,550,150,200,100,150,100,150,100,150,20261009,4300,4400,6600,6700,450,500,350,400,150,200,100,150,60,70,40,50,20261009,2026-10-09 16:07
여의도,POI072,서행,21.0,2026-10-09 16:05,116,24820.0,1516.0,9.0,63.0,4,0,29700,29800,46800,46900,3000,3100,3800,3900,900,950,1200,1300,550,600,750,800,20261009,13600,13700,21600,21700,1300,1400,1500,1600,450,500,450,500,150,200,200,250,20261009,2026-10-09 16:07
연남동,POI073,서행,15.0,2026-10-09 16:05,45,132.0,,0.0,20.0,0,0,,,,,,,,,,,,,,,,,,3300,3400,4000,4100,200,250,250,300,90,100,90,100,40,50,60,70,20261009,2026-10-09 16:07
영등포 타임스퀘어,POI074,서행,16.0,2026-10-09 16:05,10,1195.0,108.0,3.0,24.0,0,0,24100,24200,30800,30900,1800,1900,1900,2000,700,750,700,750,350,400,450,500,20261009,8300,8400,13100,13200,950,1000,950,1000,300,350,300,350,150,200,100,150,20261009,2026-10-09 16:07
용리단길,POI076,서행,16.0,2026-10-09 16:05,0,,,3.0,7.0,0,0,13500,13600,23600,23700,1600,1700,1700,1800,500,550,500,550,250,300,200,250,20261009,2000,2100,5000,5100,200,250,350,400,80,90,100,150,50,60,80,90,20261009,2026-10-09 16:07
이태원 앤틱가구거리,POI077,서행,17.0,2026-10-09 16:05,4,51.0,,1.0,13.0,0,0,6000,6100,10200,10300,650,700,700,750,200,250,200,250,100,150,100,150,20261009,2000,2100,2600,2700,250,300,250,300,150,200,100,150,30,40,20,30,20261009,2026-10-09 16:07
인사동,POI078,정체,10.0,2026-10-09 16:05,21,2465.0,2.0,2.0,26.0,7,0,19200,19300,48100,48200,3300,3400,2500,2600,1000,1100,700,750,400,450,250,300,20261009,7200,7300,8900,9000,850,900,750,800,250,300,250,300,90,100,90,100,20261009,2026-10-09 16:07
창동 신경제 중심지,POI079,서행,16.0,2026-10-09 16:05,46,4927.0,46.0,4.0,55.0,5,0,32500,32600,27900,28000,2100,2200,2200,2300,650,700,700,750,400,450,400,450,20261009,8300,8400,11900,12000,800,850,750,800,200,250,250,300,100,150,100,150,20261009,2026-10-09 16:07
청담동 명품거리,POI080,서행,17.0,2026-10-09 16:05,16,910.0,,1.0,10.0,0,0,4700,4800,11700,11800,550,600,500,550,150,200,100,150,100,150,100,150,20261009,1800,1900,2700,2800,150,200,150,200,60,70,50,60,30,40,20,30,20261009,2026-10-09 16:07
청량리 제기동 일대 전통시장,POI081,서행,17.0,2026-10-09 16:05,12,2214.0,,2.0,23.0,0,0,24200,24300,25500,25600,1900,2000,1600,1700,550,600,500,550,200,250,250,300,20261009,17200,17300,18900,19000,1500,1600,1100,1200,500,550,350,400,200,250,100,150,20261009,2026-10-09 16:07
해방촌·경리단길,POI082,서행,23.0,2026-10-09 16:05,4,273.0,,0.0,26.0,1,0,,,,,,,,,,,,,,,,,,4400,4500,4600,4700,400,450,550,600,100,150,200,250,80,90,100,150,20261009,2026-10-09 16:07
DDP(동대문디자인플라자),POI083,정체,14.0,2026-10-09 16:05,9,2596.0,308.0,3.0,11.0,5,0,16000,16100,23000,23100,1800,1900,1500,1600,600,650,450,500,400,450,300,350,20261009,1900,2000,2700,2800,150,200,200,250,70,80,60,70,20,30,30,40,20261009,2026-10-09 16:07
DMC(디지털미디어시티),POI084,서행,20.0,2026-10-09 16:05,25,9176.0,,4.0,68.0,0,0,11200,11300,8400,8500,650,700,550,600,150,200,150,200,90,100,100,150,20261009,3800,3900,4800,4900,300,350,250,300,100,150,100,150,40,50,40,50,20261009,2026-10-09 16:07
강서한강공원,POI085,원활,55.0,2026-10-09 16:05,2,106.0,53.0,0.0,1.0,0,0,,,,,,,,,,,,,,,,,,0,0,0,0,0,0,0,0,0,0,0,0,0,0,0,0,20261009,2026-10-09 16:07
고척돔,POI086,원활,25.0,2026-10-09 16:05,0,,,1.0,3.0,4,0,3600,3700,1700,1800,100,150,150,200,40,50,80,90,20,30,70,80,20261009,1500,1600,1300,1400,100,150,100,150,20,30,30,40,10,20,10,20,20261009,2026-10-09 16:07
광나루한강공원,POI087,원활,55.0,2026-10-09 16:05,4,718.0,359.0,0.0,0.0,0,1,,,,,,,,,,,,,,,,,,,,,,,,,,,,,,,,,,,2026-10-09 16:07
광화문광장,POI088,정체,10.0,2026-10-09 16:05,3,2932.0,835.0,2.0,12.0,5,0,23300,23400,56200,56300,4000,4100,2900,3000,1400,1500,900,950,750,800,550,600,20261009,7100,7200,9200,9300,900,950,800,850,200,250,250,300,40,50,50,60,20261009,2026-10-09 16:07
국립중앙박물관·용산가족공원,POI089,서행,24.0,2026-10-09 16:05,4,931.0,,3.0,3.0,3,0,11100,11200,18600,18700,1300,1400,1000,1100,450,500,250,300,150,200,100,150,20261009,550,600,850,900,70,80,60,70,10,20,20,30,0,0,0,0,20261009,2026-10-09 16:07
난지한강공원,POI090,원활,40.0,2026-10-09 16:05,4,1240.0,0.0,0.0,7.0,0,0,,,,,,,,,,,,,,,,,,40,50,40,50,0,10,0,10,0,0,0,0,0,0,0,0,20261009,2026-10-09 16:07
남산공원,POI091,원활,25.0,2026-10-09 16:05,33,2148.0,24.0,5.0,37.0,6,0,28900,29000,55300,55400,3400,3500,3600,3700,1100,1200,1100,1200,600,650,700,750,20261009,9100,9200,10700,10800,1000,1100,950,1000,350,400,400,450,150,200,100,150,20261009,2026-10-09 16:07
노들섬,POI092,정체,12.0,2026-10-09 16:05,1,99.0,,0.0,4.0,4,0,,,,,,,,,,,,,,,,,,1200,1300,2600,2700,200,250,350,400,70,80,100,150,30,40,40,50,20261009,2026-10-09 16:07
뚝섬한강공원,POI093,원활,44.0,2026-10-09 16:05,8,1342.0,671.0,1.0,1.0,1,0,4900,5000,7700,7800,450,500,1000,1100,150,200,300,350,100,150,200,250,20261009,0,0,0,0,0,0,0,0,0,0,0,0,0,0,0,0,20261009,2026-10-09 16:07
망원한강공원,POI094,원활,32.0,2026-10-09 16:05,2,458.0,0.0,2.0,10.0,0,0,16400,16500,23800,23900,1400,1500,1700,1800,450,500,550,600,200,250,250,300,20261009,3100,3200,4200,4300,300,350,250,300,90,100,70,80,20,30,20,30,20261009,2026-10-09 16:07
반포한강공원,POI095,원활,34.0,2026-10-09 16:05,9,1483.0,9.0,0.0,6.0,0,0,,,,,,,,,,,,,,,,,,150,200,350,400,30,40,40,50,20,30,20,30,0,0,0,0,20261009,2026-10-09 16:07
북서울꿈의숲,POI096,서행,22.0,2026-10-09 16:05,3,549.0,,0.0,17.0,1,0,,,,,,,,,,,,,,,,,,1400,1500,900,950,80,90,60,70,40,50,20,30,20,30,0,10,20261009,2026-10-09 16:07
서리풀공원·몽마르뜨공원,POI098,서행,22.0,2026-10-09 16:05,0,,,4.0,7.0,0,0,51800,51900,70000,70100,4900,5000,4600,4700,1400,1500,1400,1500,1000,1100,1000,1100,20261009,9200,9300,10200,10300,750,800,700,750,200,250,200,250,80,90,100,150,20261009,2026-10-09 16:07
서울대공원,POI100,원활,26.0,2026-10-09 16:05,0,,,1.0,0.0,0,0,3500,3600,11800,11900,650,700,300,350,250,300,70,80,150,200,50,60,20261009,,,,,,,,,,,,,,,,,,2026-10-09 16:07
서울숲공원,POI101,원활,34.0,2026-10-09 16:05,2,996.0,,1.0,9.0,2,0,4500,4600,9800,9900,650,700,600,650,250,300,100,150,150,200,40,50,20261009,600,650,1300,1400,100,150,150,200,20,30,40,50,0,0,20,30,20261009,2026-10-09 16:07
아차산,POI102,원활,30.0,2026-10-09 16:05,0,,,0.0,3.0,0,0,,,,,,,,,,,,,,,,,,150,200,30,40,0,10,0,0,0,0,0,0,0,0,0,0,20261009,2026-10-09 16:07
양화한강공원,POI103,서행,21.0,2026-10-09 16:05,6,1002.0,490.0,0.0,5.0,0,0,,,,,,,,,,,,,,,,,,60,70,200,250,10,20,10,20,0,10,0,10,0,0,0,10,20261009,2026-10-09 16:07
어린이대공원,POI104,서행,15.0,2026-10-09 16:05,4,945.0,,2.0,9.0,4,0,15400,15500,16700,16800,1300,1400,1000,1100,400,450,350,400,300,350,200,250,20261009,1300,1400,1400,1500,90,100,100,150,30,40,30,40,10,20,20,30,20261009,2026-10-09 16:07
여의도한강공원,POI105,원활,30.0,2026-10-09 16:05,6,2866.0,1415.0,1.0,3.0,0,0,4000,4100,13200,13300,750,800,1500,1600,200,250,450,500,100,150,300,350,20261009,500,550,950,1000,70,80,90,100,30,40,20,30,20,30,10,20,20261009,2026-10-09 16:07
월드컵공원,POI106,원활,27.0,2026-10-09 16:05,9,3537.0,,4.0,34.0,0,0,15300,15400,16500,16600,1200,1300,900,950,350,400,250,300,100,150,200,250,20261009,2800,2900,3000,3100,200,250,150,200,100,150,70,80,30,40,10,20,20261009,2026-10-09 16:07
응봉산,POI107,서행,20.0,2026-10-09 16:05,3,88.0,,1.0,24.0,0,0,1100,1200,550,600,40,50,60,70,10,20,30,40,0,10,30,40,20261009,1600,1700,950,1000,100,150,70,80,30,40,20,30,10,20,10,20,20261009,2026-10-09 16:07
이촌한강공원,POI108,원활,36.0,2026-10-09 16:05,2,514.0,0.0,0.0,4.0,1,0,,,,,,,,,,,,,,,,,,10,20,90,100,0,10,0,10,0,0,0,0,0,0,0,0,20261009,2026-10-09 16:07
잠실종합운동장,POI109,서행,24.0,2026-10-09 16:05,1,876.0,,2.0,4.0,0,0,4800,4900,6100,6200,300,350,750,800,100,150,250,300,80,90,150,200,20261009,300,350,550,600,10,20,20,30,0,10,0,10,0,0,0,10,20261009,2026-10-09 16:07
잠실한강공원,POI110,원활,36.0,2026-10-09 16:05,4,1326.0,240.0,1.0,9.0,0,1,5900,6000,3800,3900,350,400,400,450,100,150,100,150,40,50,60,70,20261009,150,200,650,700,0,10,40,50,0,10,20,30,0,0,0,10,20261009,2026-10-09 16:07
잠원한강공원,POI111,원활,34.0,2026-10-09 16:05,3,1540.0,0.0,0.0,5.0,0,0,,,,,,,,,,,,,,,,,,500,550,700,750,40,50,70,80,10,20,20,30,0,10,0,10,20261009,2026-10-09 16:07
청계산,POI112,원활,40.0,2026-10-09 16:05,0,,,0.0,9.0,0,0,,,,,,,,,,,,,,,,,,40,50,60,70,0,10,0,0,0,0,0,0,0,0,0,0,20261009,2026-10-09 16:07
북창동 먹자골목,POI114,정체,11.0,2026-10-09 16:05,20,552.0,0.0,0.0,11.0,0,0,,,,,,,,,,,,,,,,,,7000,7100,8600,8700,800,850,600,650,250,300,200,250,100,150,90,100,20261009,2026-10-09 16:07
남대문시장,POI115,정체,12.0,2026-10-09 16:05,16,1456.0,4.0,1.0,7.0,0,0,,,,,,,,,,,,,,,,,,5100,5200,7400,7500,650,700,400,450,200,250,100,150,50,60,40,50,20261009,2026-10-09 16:07
익선동,POI116,정체,11.0,2026-10-09 16:05,10,187.0,2.0,3.0,11.0,1,0,20100,20200,38900,39000,2800,2900,2800,2900,900,950,800,850,600,650,600,650,20261009,3800,3900,4500,4600,350,400,400,450,100,150,100,150,60,70,60,70,20261009,2026-10-09 16:07
신정네거리역,POI117,서행,17.0,2026-10-09 16:05,3,119.0,,1.0,9.0,0,0,,,,,,,,,,,,,,,,,,,,,,,,,,,,,,,,,,,2026-10-09 16:07
잠실새내역,POI118,서행,18.0,2026-10-09 16:05,31,1541.0,,1.0,18.0,0,0,9500,9600,6300,6400,650,700,400,450,200,250,150,200,100,150,100,150,20261009,3400,3500,3900,4000,200,250,250,300,50,60,100,150,40,50,50,60,20261009,2026-10-09 16:07
잠실역,POI119,서행,16.0,2026-10-09 16:05,5,6749.0,337.0,2.0,21.0,0,0,,,,,,,,,,,,,,,,,,7900,8000,15200,15300,1000,1100,1000,1100,300,350,300,350,100,150,100,150,20261009,2026-10-09 16:07
잠실롯데타워·석촌호수,POI120,서행,16.0,2026-10-09 16:05,33,9281.0,337.0,3.0,0.0,3,0,,,,,,,,,,,,,,,,,,,,,,,,,,,,,,,,,,,2026-10-09 16:07
송리단길·호수단길,POI121,서행,17.0,2026-10-09 16:05,21,878.0,,1.0,15.0,0,0,3600,3700,4500,4600,250,300,350,400,80,90,80,90,30,40,70,80,20261009,3200,3300,4600,4700,200,250,300,350,60,70,100,150,10,20,40,50,20261009,2026-10-09 16:07
신촌 스타광장,POI122,서행,15.0,2026-10-09 16:05,4,235.0,,1.0,4.0,0,0,,,,,,,,,,,,,,,,,,3300,3400,3700,3800,300,350,250,300,80,90,60,70,50,60,30,40,20261009,2026-10-09 16:07
보라매공원,POI123,정체,13.0,2026-10-09 16:05,1,78.0,,2.0,5.0,0,0,2700,2800,2700,2800,150,200,100,150,50,60,20,30,0,0,0,0,20261009,40,50,100,150,0,10,0,10,0,10,0,10,0,0,0,0,20261009,2026-10-09 16:07
서대문독립공원,POI124,서행,24.0,2026-10-09 16:05,2,150.0,,1.0,18.0,0,0,5000,5100,6000,6100,350,400,300,350,100,150,100,150,90,100,100,150,20261009,3500,3600,2900,3000,250,300,150,200,100,150,60,70,40,50,30,40,20261009,2026-10-09 16:07
안양천,POI125,원활,34.0,2026-10-09 16:05,1,294.0,,0.0,1.0,0,0,,,,,,,,,,,,,,,,,,20,30,0,10,0,0,0,0,0,0,0,0,0,0,0,0,20261009,2026-10-09 16:07
여의서로,POI126,원활,30.0,2026-10-09 16:05,2,168.0,38.0,0.0,0.0,0,0,,,,,,,,,,,,,,,,,,,,,,,,,,,,,,,,,,,2026-10-09 16:07
올림픽공원,POI127,서행,23.0,2026-10-09 16:05,4,2716.0,,4.0,17.0,8,1,,,,,,,,,,,,,,,,,,2100,2200,2800,2900,200,250,200,250,60,70,70,80,30,40,30,40,20261009,2026-10-09 16:07
홍제폭포,POI128,원활,33.0,2026-10-09 16:05,0,,,0.0,0.0,0,0,,,,,,,,,,,,,,,,,,,,,,,,,,,,,,,,,,,2026-10-09 16:07
송현녹지광장,POI129,정체,9.0,2026-10-09 16:05,4,1546.0,,1.0,25.0,8,0,10600,10700,27600,27700,1800,1900,1500,1600,550,600,350,400,200,250,80,90,20261009,6400,6500,9700,9800,850,900,800,850,300,350,250,300,100,150,100,150,20261009,2026-10-09 16:07
시의회 앞,POI130,정체,14.0,2026-10-09 16:05,9,1723.0,,3.0,25.0,6,0,27300,27400,74800,74900,4800,4900,3900,4000,1600,1700,1200,1300,1000,1100,800,850,20261009,8300,8400,14000,14100,1100,1200,1300,1400,300,350,400,450,100,150,200,250,20261009,2026-10-09 16:07
강남 MICE 관광특구,POI001,정체,13.0,2026-10-09 17:05,3,4428.0,,2.0,6.0,1,0,19900,20000,34500,34600,2400,2500,1800,1900,750,800,500,550,500,550,400,450,20261009,1900,2000,2800,2900,250,300,200,250,50,60,60,70,40,50,40,50,20261009,2026-10-09 17:07
동대문 관광특구,POI002,정체,13.0,2026-10-09 17:05,47,8302.0,225.0,7.0,32.0,7,0,54600,54700,66700,66800,5500,5600,3600,3700,1600,1700,1100,1200,1100,1200,800,850,20261009,7800,7900,7700,7800,600,650,400,450,250,300,150,200,100,150,90,100,20261009,2026-10-09 17:07
명동 관광특구,POI003,정체,11.0,2026-10-09 17:05,93,12070.0,7.0,7.0,54.0,7,2,95400,95500,166600,166700,12000,12100,7900,8000,3500,3600,2500,2600,2000,2100,1300,1400,20261009,24500,24600,31000,31100,2300,2400,1500,1600,750,800,400,450,350,400,200,250,20261009,2026-10-09 17:07
이태원 관광특구,POI004,서행,17.0,2026-10-09 17:05,8,853.0,,3.0,17.0,0,0,14200,14300,26800,26900,1900,2000,1800,1900,550,600,550,600,300,350,500,550,20261009,5200,5300,5800,5900,550,600,400,450,150,200,100,150,60,70,50,60,20261009,2026-10-09 17:07
잠실 관광특구,POI005,서행,18.0,2026-10-09 17:05,37,11997.0,325.0,6.0,50.0,11,1,59400,59500,87900,88000,5500,5600,6400,6500,1600,1700,2000,2100,1000,1100,1400,1500,20261009,11200,11300,17100,17200,1200,1300,1000,1100,400,450,400,450,200,250,200,250,20261009,2026-10-09 17:07
종로·청계 관광특구,POI006,정체,11.0,2026-10-09 17:05,48,2496.0,39.0,10.0,62.0,0,0,106300,106400,166400,166500,12200,12300,8000,8100,3700,3800,2300,2400,2200,2300,1600,1700,20261009,21500,21600,25900,26000,2000,2100,1500,1600,700,750,500,550,350,400,250,300,20261009,2026-10-09 17:07
홍대 관광특구,POI007,정체,14.0,2026-10-09 17:05,51,3098.0,,8.0,70.0,0,0,77200,77300,122600,122700,9600,9700,11400,11500,2300,2400,2800,2900,1500,1600,2000,2100,20261009,17300,17400,20900,21000,1600,1700,1300,1400,550,600,450,500,300,350,250,300,20261009,2026-10-09 17:07
경복궁,POI008,정체,13.0,2026-10-09 17:05,2,267.0,,1.0,11.0,4,0,17600,17700,30800,30900,1900,2000,1100,1200,500,550,350,400,350,400,200,250,20261009,750,800,1200,1300,40,50,30,40,0,0,0,10,0,0,0,0,20261009,2026-10-09 17:07
광화문·덕수궁,POI009,정체,12.0,2026-10-09 17:05,29,7988.0,761.0,4.0,41.0,13,1,57000,57100,112100,112200,7800,7900,4300,4400,2200,2300,1300,1400,1500,1600,900,950,20261009,20000,20100,26000,26100,2100,2200,1600,1700,650,700,550,600,300,350,250,300,20261009,2026-10-09 17:07
보신각,POI010,정체,9.0,2026-10-09 17:05,14,2572.0,7.0,1.0,14.0,1,0,12000,12100,22500,22600,1800,1900,1000,1100,550,600,300,350,200,250,150,200,20261009,5500,5600,6600,6700,550,600,400,450,150,200,100,150,80,90,80,90,20261009,2026-10-09 17:07
서울 암사동 유적,POI011,서행,22.0,2026-10-09 17:05,1,108.0,,0.0,3.0,0,0,,,,,,,,,,,,,,,,,,60,70,30,40,10,20,0,0,0,10,0,0,0,0,0,0,20261009,2026-10-09 17:07
창덕궁·종묘,POI012,정체,9.0,2026-10-09 17:05,16,3155.0,1008.0,4.0,19.0,2,0,39800,39900,63500,63600,4400,4500,3700,3800,1300,1400,1000,1100,800,850,750,800,20261009,3600,3700,4600,4700,300,350,250,300,90,100,90,100,30,40,40,50,20261009,2026-10-09 17:07
가산디지털단지역,POI013,서행,21.0,2026-10-09 17:05,20,8291.0,,2.0,71.0,0,0,13400,13500,13900,14000,1000,1100,700,750,300,350,150,200,200,250,100,150,20261009,4400,4500,6800,6900,400,450,300,350,150,200,100,150,90,100,50,60,20261009,2026-10-09 17:07
강남역,POI014,서행,16.0,2026-10-09 17:05,95,7876.0,,4.0,55.0,0,0,43900,44000,58500,58600,3900,4000,3400,3500,1200,1300,1000,1100,750,800,700,750,20261009,17500,17600,15600,15700,1200,1300,1100,1200,450,500,450,500,200,250,200,250,20261009,2026-10-09 17:07
건대입구역,POI015,서행,17.0,2026-10-09 17:05,23,6603.0,,2.0,11.0,3,0,24300,24400,27500,27600,1900,2000,2100,2200,550,600,550,600,350,400,400,450,20261009,2700,2800,4100,4200,200,250,250,300,90,100,100,150,30,40,20,30,20261009,2026-10-09 17:07
고덕역,POI016,서행,21.0,2026-10-09 17:05,15,1615.0,,1.0,5.0,0,0,4800,4900,3400,3500,250,300,200,250,70,80,0,10,50,60,0,0,20261009,950,1000,850,900,70,80,70,80,10,20,10,20,10,20,10,20,20261009,2026-10-09 17:07
고속터미널역,POI017,서행,18.0,2026-10-09 17:05,3,4291.0,,3.0,10.0,0,0,55800,55900,73200,73300,4400,4500,3900,4000,1300,1400,1200,1300,850,900,600,650,20261009,11400,11500,12400,12500,850,900,750,800,400,450,300,350,250,300,100,150,20261009,2026-10-09 17:07
교대역,POI018,서행,17.0,2026-10-09 17:05,14,760.0,,2.0,13.0,0,0,12300,12400,14100,14200,950,1000,650,700,250,300,200,250,150,200,100,150,20261009,2200,2300,1600,1700,150,200,100,150,60,70,40,50,20,30,20,30,20261009,2026-10-09 17:07
구로디지털단지역,POI019,서행,17.0,2026-10-09 17:05,20,6911.0,,1.0,29.0,0,0,25700,25800,14700,14800,1300,1400,1100,1200,350,400,250,300,250,300,100,150,20261009,3700,3800,2700,2800,350,400,150,200,150,200,70,80,100,150,40,50,20261009,2026-10-09 17:07
구로역,POI020,원활,25.0,2026-10-09 17:05,3,1047.0,,1.0,5.0,0,0,9700,9800,8700,8800,450,500,650,700,150,200,300,350,90,100,200,250,20261009,1000,1100,1700,1800,70,80,90,100,20,30,20,30,0,10,10,20,20261009,2026-10-09 17:07
군자역,POI021,서행,15.0,2026-10-09 17:05,11,573.0,,2.0,16.0,0,0,14100,14200,10000,10100,850,900,750,800,250,300,200,250,100,150,80,90,20261009,2900,3000,3100,3200,150,200,200,250,40,50,50,60,30,40,20,30,20261009,2026-10-09 17:07
대림역,POI023,서행,16.0,2026-10-09 17:05,4,221.0,,2.0,29.0,0,0,20100,20200,13900,14000,900,950,1100,1200,200,250,450,500,150,200,250,300,20261009,3900,4000,5100,5200,250,300,250,300,80,90,50,60,50,60,40,50,20261009,2026-10-09 17:07
동대문역,POI024,정체,14.0,2026-10-09 17:05,17,892.0,0.0,2.0,7.0,0,0,22500,22600,28800,28900,2100,2200,1200,1300,650,700,300,350,400,450,250,300,20261009,3500,3600,4000,4100,200,250,150,200,100,150,50,60,50,60,30,40,20261009,2026-10-09 17:07
뚝섬역,POI025,서행,17.0,2026-10-09 17:05,9,767.0,,1.0,4.0,1,0,8400,8500,13300,13400,900,950,700,750,250,300,200,250,150,200,150,200,20261009,1000,1100,1300,1400,100,150,70,80,30,40,10,20,20,30,10,20,20261009,2026-10-09 17:07
미아사거리역,POI026,정체,14.0,2026-10-09 17:05,11,1409.0,,1.0,29.0,0,0,15000,15100,9900,10000,750,800,700,750,200,250,150,200,150,200,150,200,20261009,13900,14000,15500,15600,1000,1100,850,900,350,400,300,350,150,200,150,200,20261009,2026-10-09 17:07
발산역,POI027,서행,15.0,2026-10-09 17:05,13,2880.0,,1.0,37.0,0,0,9400,9500,10600,10700,750,800,600,650,200,250,200,250,100,150,100,150,20261009,4200,4300,5100,5200,400,450,300,350,100,150,100,150,70,80,70,80,20261009,2026-10-09 17:07
사당역,POI029,서행,15.0,2026-10-09 17:05,13,520.0,,2.0,17.0,1,0,35200,35300,29800,29900,2800,2900,3000,3100,500,550,600,650,350,400,350,400,20261009,3800,3900,5300,5400,250,300,250,300,100,150,90,100,50,60,60,70,20261009,2026-10-09 17:07
삼각지역,POI030,서행,18.0,2026-10-09 17:05,0,,,2.0,7.0,0,0,7300,7400,9500,9600,650,700,750,800,200,250,250,300,100,150,100,150,20261009,3900,4000,3900,4000,300,350,200,250,100,150,90,100,60,70,40,50,20261009,2026-10-09 17:07
서울대입구역,POI031,서행,18.0,2026-10-09 17:05,2,52.0,,1.0,15.0,0,0,25000,25100,15200,15300,1400,1500,1100,1200,400,450,450,500,150,200,200,250,20261009,11400,11500,13300,13400,750,800,800,850,300,350,300,350,150,200,100,150,20261009,2026-10-09 17:07
서울식물원·마곡나루역,POI032,서행,17.0,2026-10-09 17:05,2,2651.0,,2.0,15.0,3,0,11800,11900,13000,13100,1000,1100,650,700,250,300,250,300,150,200,150,200,20261009,1100,1200,1700,1800,90,100,90,100,40,50,20,30,20,30,10,20,20261009,2026-10-09 17:07
서울역,POI033,서행,15.0,2026-10-09 17:05,23,3968.0,0.0,8.0,34.0,1,0,102900,103000,130600,130700,7600,7700,6200,6300,2200,2300,1800,1900,1100,1200,900,950,20261009,17000,17100,18300,18400,1100,1200,1100,1200,450,500,400,450,250,300,200,250,20261009,2026-10-09 17:07
선릉역,POI034,서행,17.0,2026-10-09 17:05,94,11160.0,27.0,4.0,20.0,0,0,24800,24900,36400,36500,2500,2600,2000,2100,800,850,700,750,350,400,450,500,20261009,4000,4100,3800,3900,200,250,200,250,80,90,90,100,20,30,40,50,20261009,2026-10-09 17:07
성신여대입구역,POI035,서행,15.0,2026-10-09 17:05,2,38.0,,2.0,9.0,1,0,13800,13900,10900,11000,850,900,750,800,250,300,200,250,150,200,150,200,20261009,7000,7100,8400,8500,600,650,500,550,200,250,150,200,150,200,80,90,20261009,2026-10-09 17:07
수유역,POI036,서행,15.0,2026-10-09 17:05,8,802.0,,1.0,32.0,0,0,21100,21200,11900,12000,950,1000,1200,1300,250,300,250,300,150,200,150,200,20261009,14300,14400,17900,18000,950,1000,1000,1100,350,400,350,400,150,200,200,250,20261009,2026-10-09 17:07
신논현역·논현역,POI037,서행,15.0,2026-10-09 17:05,32,1053.0,,3.0,13.0,0,0,19200,19300,23300,23400,1700,1800,1400,1500,500,550,450,500,350,400,350,400,20261009,5500,5600,5200,5300,350,400,400,450,100,150,100,150,60,70,70,80,20261009,2026-10-09 17:07
신도림역,POI038,원활,34.0,2026-10-09 17:05,1,1644.0,,2.0,2.0,0,0,28000,28100,23400,23500,1800,1900,1900,2000,550,600,700,750,350,400,450,500,20261009,1500,1600,3600,3700,80,90,100,150,30,40,60,70,20,30,40,50,20261009,2026-10-09 17:07
신림역,POI039,서행,15.0,2026-10-09 17:05,2,282.0,,2.0,15.0,0,0,34100,34200,17700,17800,1600,1700,1500,1600,450,500,550,600,350,400,350,400,20261009,11800,11900,17600,17700,900,950,850,900,300,350,250,300,200,250,150,200,20261009,2026-10-09 17:07
신촌·이대역,POI040,서행,16.0,2026-10-09 17:05,25,1943.0,154.0,4.0,41.0,0,0,25300,25400,26000,26100,1900,2000,1500,1600,550,600,450,500,300,350,150,200,20261009,13800,13900,14400,14500,1100,1200,950,1000,350,400,300,350,200,250,150,200,20261009,2026-10-09 17:07
양재역,POI041,서행,15.0,2026-10-09 17:05,16,1881.0,,2.0,27.0,0,0,14700,14800,17200,17300,1200,1300,1000,1100,350,400,350,400,200,250,300,350,20261009,7300,7400,6600,6700,450,500,400,450,150,200,100,150,70,80,50,60,20261009,2026-10-09 17:07
역삼역,POI042,서행,15.0,2026-10-09 17:05,47,7473.0,1.0,1.0,10.0,0,0,8300,8400,12500,12600,750,800,550,600,200,250,200,250,80,90,100,150,20261009,2600,2700,3400,3500,100,150,200,250,50,60,70,80,20,30,50,60,20261009,2026-10-09 17:07
연신내역,POI043,정체,14.0,2026-10-09 17:05,5,208.0,,3.0,14.0,0,0,27900,28000,18800,18900,1400,1500,1400,1500,450,500,400,450,150,200,150,200,20261009,5500,5600,5900,6000,400,450,250,300,150,200,100,150,100,150,70,80,20261009,2026-10-09 17:07
오목교역·목동운동장,POI044,서행,21.0,2026-10-09 17:05,14,5304.0,,1.0,33.0,0,0,9200,9300,9200,9300,550,600,700,750,150,200,150,200,100,150,150,200,20261009,8300,8400,10300,10400,800,850,600,650,250,300,150,200,150,200,100,150,20261009,2026-10-09 17:07
왕십리역,POI045,서행,17.0,2026-10-09 17:05,4,1478.0,,5.0,22.0,0,0,23600,23700,21800,21900,1500,1600,1600,1700,500,550,500,550,250,300,250,300,20261009,2500,2600,4100,4200,200,250,200,250,70,80,60,70,30,40,30,40,20261009,2026-10-09 17:07
용산역,POI046,서행,19.0,2026-10-09 17:05,11,5014.0,99.0,2.0,33.0,0,0,39200,39300,69900,70000,3800,3900,4100,4200,1500,1600,1600,1700,800,850,600,650,20261009,7500,7600,6000,6100,700,750,400,450,200,250,100,150,100,150,80,90,20261009,2026-10-09 17:07
이태원역,POI047,정체,13.0,2026-10-09 17:05,4,66.0,,1.0,9.0,0,0,7900,8000,11800,11900,1000,1100,750,800,250,300,200,250,150,200,200,250,20261009,2900,3000,2700,2800,200,250,150,200,40,50,50,60,10,20,0,10,20261009,2026-10-09 17:07
장지역,POI048,서행,19.0,2026-10-09 17:05,4,10611.0,,1.0,20.0,0,0,8500,8600,7400,7500,550,600,550,600,150,200,150,200,100,150,100,150,20261009,3000,3100,3900,4000,250,300,200,250,80,90,90,100,60,70,70,80,20261009,2026-10-09 17:07
장한평역,POI049,서행,22.0,2026-10-09 17:05,15,847.0,,1.0,16.0,0,0,9100,9200,6300,6400,500,550,450,500,100,150,150,200,80,90,100,150,20261009,5800,5900,6700,6800,400,450,350,400,150,200,150,200,100,150,80,90,20261009,2026-10-09 17:07
천호역,POI050,서행,16.0,2026-10-09 17:05,14,3331.0,,2.0,12.0,0,0,21400,21500,20600,20700,1400,1500,1600,1700,400,450,650,700,250,300,250,300,20261009,2100,2200,3700,3800,200,250,250,300,70,80,50,60,50,60,30,40,20261009,2026-10-09 17:07
총신대입구(이수)역,POI051,정체,14.0,2026-10-09 17:05,7,533.0,,2.0,18.0,0,0,18600,18700,16600,16700,1200,1300,1200,1300,350,400,350,400,200,250,200,250,20261009,6400,6500,6100,6200,500,550,350,400,150,200,100,150,100,150,60,70,20261009,2026-10-09 17:07
충정로역,POI052,서행,20.0,2026-10-09 17:05,5,834.0,,2.0,19.0,0,0,5600,5700,5000,5100,350,400,350,400,90,100,100,150,50,60,90,100,20261009,2900,3000,2600,2700,150,200,150,200,70,80,90,100,40,50,50,60,20261009,2026-10-09 17:07
합정역,POI053,서행,20.0,2026-10-09 17:05,6,207.0,,2.0,30.0,0,0,19600,19700,27600,27700,1700,1800,1900,2000,450,500,650,700,350,400,500,550,20261009,5300,5400,6600,6700,350,400,450,500,150,200,150,200,40,50,100,150,20261009,2026-10-09 17:07
혜화역,POI054,서행,16.0,2026-10-09 17:05,24,955.0,,1.0,12.0,7,0,12700,12800,27300,27400,1900,2000,1600,1700,550,600,500,550,350,400,450,500,20261009,5800,5900,7800,7900,600,650,600,650,150,200,200,250,80,90,100,150,20261009,2026-10-09 17:07
홍대입구역(2호선),POI055,정체,12.0,2026-10-09 17:05,16,1196.0,,1.0,17.0,0,0,33400,33500,59300,59400,5600,5700,6900,7000,1000,1100,1200,1300,700,750,750,800,20261009,10000,10100,13000,13100,950,1000,800,850,400,450,250,300,200,250,150,200,20261009,2026-10-09 17:07
회기역,POI056,서행,18.0,2026-10-09 17:05,21,408.0,,1.0,22.0,0,0,15300,15400,8600,8700,850,900,800,850,300,350,300,350,150,200,100,150,20261009,8700,8800,9000,9100,650,700,550,600,200,250,200,250,150,200,100,150,20261009,2026-10-09 17:07
가락시장,POI058,서행,24.0,2026-10-09 17:05,4,2884.0,,2.0,16.0,0,0,8700,8800,8200,8300,450,500,600,650,100,150,250,300,60,70,150,200,20261009,4300,4400,3300,3400,200,250,150,200,90,100,60,70,50,60,30,40,20261009,2026-10-09 17:07
가로수길,POI059,서행,21.0,2026-10-09 17:05,51,2767.0,178.0,2.0,14.0,0,0,17600,17700,28500,28600,1600,1700,1300,1400,500,550,400,450,350,400,250,300,20261009,3000,3100,4300,4400,200,250,250,300,60,70,100,150,40,50,50,60,20261009,2026-10-09 17:07
광장(전통)시장,POI060,정체,12.0,2026-10-09 17:05,7,103.0,5.0,1.0,11.0,0,0,13700,13800,18600,18700,1300,1400,800,850,350,400,200,250,150,200,100,150,20261009,4800,4900,5900,6000,450,500,350,400,150,200,100,150,100,150,70,80,20261009,2026-10-09 17:07
김포공항,POI061,원활,29.0,2026-10-09 17:05,6,16594.0,,6.0,27.0,0,0,19000,19100,21200,21300,1200,1300,1100,1200,350,400,350,400,250,300,200,250,20261009,1300,1400,1900,2000,100,150,80,90,30,40,20,30,20,30,20,30,20261009,2026-10-09 17:07
노량진,POI063,서행,19.0,2026-10-09 17:05,11,1218.0,,3.0,22.0,1,0,24600,24700,24800,24900,1500,1600,2000,2100,500,550,600,650,300,350,250,300,20261009,10500,10600,14400,14500,900,950,750,800,300,350,250,300,200,250,100,150,20261009,2026-10-09 17:07
덕수궁길·정동길,POI064,서행,15.0,2026-10-09 17:05,10,620.0,,3.0,10.0,0,0,23300,23400,37700,37800,2800,2900,1600,1700,850,900,450,500,550,600,300,350,20261009,2500,2600,3400,3500,150,200,200,250,60,70,90,100,30,40,30,40,20261009,2026-10-09 17:07
북촌한옥마을,POI066,정체,12.0,2026-10-09 17:05,16,1756.0,,1.0,55.0,9,0,15300,15400,30200,30300,2300,2400,1000,1100,650,700,250,300,250,300,40,50,20261009,9500,9600,13600,13700,1000,1100,750,800,300,350,150,200,250,300,100,150,20261009,2026-10-09 17:07
서촌,POI067,서행,16.0,2026-10-09 17:05,9,308.0,,1.0,32.0,4,0,17600,17700,30800,30900,1900,2000,1100,1200,500,550,350,400,350,400,200,250,20261009,9400,9500,10500,10600,700,750,650,700,300,350,250,300,200,250,150,200,20261009,2026-10-09 17:07
성수카페거리,POI068,정체,14.0,2026-10-09 17:05,28,2824.0,,2.0,35.0,1,0,31100,31200,64100,64200,4300,4400,3300,3400,1300,1400,1200,1300,850,900,900,950,20261009,2500,2600,3300,3400,200,250,150,200,60,70,60,70,50,60,50,60,20261009,2026-10-09 17:07
쌍문역,POI070,서행,18.0,2026-10-09 17:05,8,345.0,,1.0,18.0,0,0,17800,17900,8100,8200,700,750,800,850,200,250,300,350,150,200,150,200,20261009,6100,6200,9200,9300,450,500,450,500,150,200,150,200,100,150,90,100,20261009,2026-10-09 17:07
압구정로데오거리,POI071,서행,17.0,2026-10-09 17:05,55,1976.0,1.0,1.0,16.0,1,0,6200,6300,13000,13100,700,750,650,700,250,300,200,250,100,150,40,50,20261009,5400,5500,7400,7500,550,600,350,400,200,250,100,150,100,150,80,90,20261009,2026-10-09 17:07
여의도,POI072,서행,21.0,2026-10-09 17:05,116,24820.0,1506.0,9.0,63.0,4,0,37200,37300,53900,54000,3900,4000,3500,3600,1000,1100,1100,1200,600,650,700,750,20261009,16900,17000,24900,25000,1800,1900,1600,1700,600,650,650,700,350,400,300,350,20261009,2026-10-09 17:07
연남동,POI073,서행,15.0,2026-10-09 17:05,45,132.0,,0.0,20.0,0,0,,,,,,,,,,,,,,,,,,3900,4000,4700,4800,300,350,300,350,100,150,150,200,80,90,80,90,20261009,2026-10-09 17:07
영등포 타임스퀘어,POI074,서행,15.0,2026-10-09 17:05,10,1195.0,107.0,3.0,24.0,0,0,28900,29000,35200,35300,2300,2400,2000,2100,850,900,900,950,450,500,450,500,20261009,10600,10700,15000,15100,1200,1300,950,1000,450,500,300,350,200,250,100,150,20261009,2026-10-09 17:07
용리단길,POI076,서행,16.0,2026-10-09 17:05,0,,,3.0,7.0,0,0,16900,17000,27700,27800,1700,1800,2100,2200,500,550,700,750,250,300,250,300,20261009,2500,2600,5800,5900,250,300,350,400,80,90,100,150,40,50,60,70,20261009,2026-10-09 17:07
이태원 앤틱가구거리,POI077,서행,18.0,2026-10-09 17:05,4,51.0,,1.0,13.0,0,0,7900,8000,11800,11900,1000,1100,750,800,250,300,200,250,150,200,200,250,20261009,2600,2700,3100,3200,300,350,200,250,70,80,50,60,30,40,10,20,20261009,2026-10-09 17:07
인사동,POI078,정체,10.0,2026-10-09 17:05,21,2465.0,2.0,2.0,26.0,7,0,27300,27400,52700,52800,4200,4300,2100,2200,1200,1300,550,600,500,550,200,250,20261009,8900,9000,10300,10400,850,900,700,750,250,300,200,250,150,200,150,200,20261009,2026-10-09 17:07
창동 신경제 중심지,POI079,서행,16.0,2026-10-09 17:05,46,4927.0,44.0,4.0,55.0,5,0,37100,37200,32800,32900,2300,2400,2500,2600,700,750,800,850,400,450,550,600,20261009,10100,10200,13300,13400,850,900,700,750,300,350,250,300,200,250,150,200,20261009,2026-10-09 17:07
청담동 명품거리,POI080,서행,19.0,2026-10-09 17:05,16,910.0,,1.0,10.0,0,0,6200,6300,13000,13100,700,750,650,700,250,300,200,250,100,150,40,50,20261009,2300,2400,3000,3100,200,250,100,150,90,100,50,60,70,80,40,50,20261009,2026-10-09 17:07
청량리 제기동 일대 전통시장,POI081,서행,16.0,2026-10-09 17:05,12,2214.0,,2.0,23.0,0,0,28100,28200,28600,28700,1900,2000,1500,1600,550,600,450,500,200,250,100,150,20261009,20500,20600,21000,21100,1600,1700,1000,1100,550,600,300,350,350,400,200,250,20261009,2026-10-09 17:07
해방촌·경리단길,POI082,서행,24.0,2026-10-09 17:05,4,273.0,,0.0,26.0,1,0,,,,,,,,,,,,,,,,,,5300,5400,5700,5800,500,550,550,600,100,150,150,200,100,150,100,150,20261009,2026-10-09 17:07
DDP(동대문디자인플라자),POI083,정체,13.0,2026-10-09 17:05,9,2596.0,217.0,3.0,11.0,5,0,20500,20600,26000,26100,2500,2600,1500,1600,700,750,450,500,500,550,350,400,20261009,2300,2400,3100,3200,150,200,150,200,40,50,50,60,30,40,20,30,20261009,2026-10-09 17:07
DMC(디지털미디어시티),POI084,서행,20.0,2026-10-09 17:05,25,9176.0,,4.0,68.0,0,0,12600,12700,9700,9800,700,750,650,700,200,250,150,200,100,150,70,80,20261009,4400,4500,5400,5500,300,350,300,350,100,150,100,150,40,50,60,70,20261009,2026-10-09 17:07
강서한강공원,POI085,원활,54.0,2026-10-09 17:05,2,106.0,53.0,0.0,1.0,0,0,,,,,,,,,,,,,,,,,,0,0,0,0,0,0,0,0,0,0,0,0,0,0,0,0,20261009,2026-10-09 17:07
고척돔,POI086,원활,25.0,2026-10-09 17:05,0,,,1.0,3.0,4,0,3900,4000,2100,2200,100,150,150,200,40,50,90,100,10,20,80,90,20261009,1700,1800,1500,1600,100,150,100,150,40,50,50,60,40,50,30,40,20261009,2026-10-09 17:07
광나루한강공원,POI087,원활,56.0,2026-10-09 17:05,4,718.0,359.0,0.0,0.0,0,0,,,,,,,,,,,,,,,,,,,,,,,,,,,,,,,,,,,2026-10-09 17:07
광화문광장,POI088,서행,15.0,2026-10-09 17:05,3,2932.0,761.0,2.0,12.0,5,0,32400,32500,61000,61100,4200,4300,2200,2300,1100,1200,700,750,750,800,450,500,20261009,8900,9000,10500,10600,800,850,650,700,200,250,200,250,100,150,100,150,20261009,2026-10-09 17:07
국립중앙박물관·용산가족공원,POI089,원활,33.0,2026-10-09 17:05,4,931.0,,3.0,3.0,3,0,14200,14300,20000,20100,1600,1700,600,650,550,600,200,250,300,350,150,200,20261009,750,800,950,1000,60,70,40,50,20,30,10,20,20,30,10,20,20261009,2026-10-09 17:07
난지한강공원,POI090,원활,44.0,2026-10-09 17:05,4,1240.0,0.0,0.0,7.0,0,0,,,,,,,,,,,,,,,,,,50,60,40,50,0,10,0,10,0,0,0,0,0,0,0,0,20261009,2026-10-09 17:07
남산공원,POI091,서행,24.0,2026-10-09 17:05,33,2148.0,25.0,5.0,37.0,6,0,36600,36700,63200,63300,3900,4000,3900,4000,1100,1200,1200,1300,600,650,600,650,20261009,11300,11400,12800,12900,1000,1100,1100,1200,350,400,300,350,200,250,200,250,20261009,2026-10-09 17:07
노들섬,POI092,서행,22.0,2026-10-09 17:05,1,99.0,,0.0,4.0,4,0,,,,,,,,,,,,,,,,,,1700,1800,3700,3800,250,300,500,550,100,150,150,200,50,60,70,80,20261009,2026-10-09 17:07
뚝섬한강공원,POI093,원활,39.0,2026-10-09 17:05,8,1342.0,671.0,1.0,1.0,1,0,6000,6100,10100,10200,550,600,1200,1300,150,200,250,300,100,150,150,200,20261009,0,0,0,0,0,0,0,0,0,0,0,0,0,0,0,0,20261009,2026-10-09 17:07
망원한강공원,POI094,원활,33.0,2026-10-09 17:05,2,458.0,0.0,2.0,10.0,0,0,19600,19700,27600,27700,1700,1800,1900,2000,450,500,650,700,350,400,500,550,20261009,3700,3800,4900,5000,300,350,300,350,100,150,100,150,30,40,90,100,20261009,2026-10-09 17:07
반포한강공원,POI095,원활,30.0,2026-10-09 17:05,9,1483.0,9.0,0.0,6.0,0,0,,,,,,,,,,,,,,,,,,150,200,450,500,10,20,50,60,0,10,20,30,0,0,0,0,20261009,2026-10-09 17:07
북서울꿈의숲,POI096,서행,20.0,2026-10-09 17:05,3,549.0,,0.0,17.0,1,0,,,,,,,,,,,,,,,,,,1600,1700,1000,1100,80,90,50,60,10,20,10,20,0,10,0,10,20261009,2026-10-09 17:07
서리풀공원·몽마르뜨공원,POI098,서행,23.0,2026-10-09 17:05,0,,,4.0,7.0,0,0,61300,61400,78700,78800,4700,4800,4300,4400,1400,1500,1300,1400,900,950,700,750,20261009,11000,11100,11700,11800,800,850,700,750,350,400,250,300,200,250,100,150,20261009,2026-10-09 17:07
서울대공원,POI100,원활,28.0,2026-10-09 17:05,0,,,1.0,0.0,0,0,5200,5300,12200,12300,800,850,150,200,350,400,40,50,150,200,40,50,20261009,,,,,,,,,,,,,,,,,,2026-10-09 17:07
서울숲공원,POI101,원활,30.0,2026-10-09 17:05,2,996.0,,1.0,9.0,2,0,6200,6300,11100,11200,750,800,550,600,300,350,200,250,150,200,20,30,20261009,850,900,1600,1700,100,150,100,150,40,50,50,60,10,20,40,50,20261009,2026-10-09 17:07
아차산,POI102,원활,27.0,2026-10-09 17:05,0,,,0.0,3.0,0,0,,,,,,,,,,,,,,,,,,150,200,30,40,0,0,0,0,0,0,0,0,0,0,0,0,20261009,2026-10-09 17:07
양화한강공원,POI103,원활,25.0,2026-10-09 17:05,6,1002.0,489.0,0.0,5.0,0,0,,,,,,,,,,,,,,,,,,80,90,250,300,0,10,20,30,0,10,0,10,0,10,0,10,20261009,2026-10-09 17:07
어린이대공원,POI104,서행,19.0,2026-10-09 17:05,4,945.0,,2.0,9.0,4,0,18200,18300,18600,18700,1300,1400,950,1000,350,400,250,300,250,300,200,250,20261009,1500,1600,1600,1700,100,150,100,150,50,60,40,50,30,40,30,40,20261009,2026-10-09 17:07
여의도한강공원,POI105,원활,29.0,2026-10-09 17:05,6,2866.0,1416.0,1.0,3.0,0,0,5700,5800,15800,15900,900,950,1300,1400,250,300,350,400,200,250,250,300,20261009,650,700,1100,1200,70,80,90,100,10,20,20,30,0,10,0,10,20261009,2026-10-09 17:07
월드컵공원,POI106,원활,27.0,2026-10-09 17:05,9,3537.0,,4.0,34.0,0,0,17900,18000,18300,18400,1300,1400,850,900,400,450,200,250,150,200,70,80,20261009,3400,3500,3400,3500,250,300,150,200,70,80,40,50,50,60,30,40,20261009,2026-10-09 17:07
응봉산,POI107,서행,19.0,2026-10-09 17:05,3,88.0,,1.0,24.0,0,0,1200,1300,650,700,50,60,30,40,20,30,10,20,10,20,10,20,20261009,1800,1900,1100,1200,100,150,90,100,30,40,20,30,20,30,10,20,20261009,2026-10-09 17:07
이촌한강공원,POI108,원활,36.0,2026-10-09 17:05,2,514.0,0.0,0.0,4.0,1,0,,,,,,,,,,,,,,,,,,30,40,100,150,10,20,30,40,0,0,0,10,0,0,0,10,20261009,2026-10-09 17:07
잠실종합운동장,POI109,원활,25.0,2026-10-09 17:05,1,876.0,,2.0,4.0,0,0,5600,5700,7700,7800,400,450,550,600,100,150,100,150,90,100,70,80,20261009,350,400,550,600,10,20,20,30,0,0,0,10,0,0,0,10,20261009,2026-10-09 17:07
잠실한강공원,POI110,원활,33.0,2026-10-09 17:05,4,1326.0,245.0,1.0,9.0,0,0,6600,6700,4500,4600,300,350,350,400,90,100,100,150,30,40,20,30,20261009,200,250,750,800,30,40,50,60,10,20,20,30,0,10,20,30,20261009,2026-10-09 17:07
잠원한강공원,POI111,원활,32.0,2026-10-09 17:05,3,1540.0,0.0,0.0,5.0,0,0,,,,,,,,,,,,,,,,,,600,650,900,950,40,50,80,90,20,30,40,50,10,20,10,20,20261009,2026-10-09 17:07
청계산,POI112,원활,52.0,2026-10-09 17:05,0,,,0.0,9.0,0,0,,,,,,,,,,,,,,,,,,60,70,60,70,0,10,0,0,0,10,0,0,0,0,0,0,20261009,2026-10-09 17:07
북창동 먹자골목,POI114,정체,9.0,2026-10-09 17:05,20,552.0,0.0,0.0,11.0,0,0,,,,,,,,,,,,,,,,,,8700,8800,9600,9700,850,900,500,550,300,350,150,200,100,150,100,150,20261009,2026-10-09 17:07
남대문시장,POI115,정체,10.0,2026-10-09 17:05,16,1456.0,4.0,1.0,7.0,0,0,,,,,,,,,,,,,,,,,,6400,6500,8200,8300,550,600,350,400,200,250,100,150,90,100,40,50,20261009,2026-10-09 17:07
익선동,POI116,정체,10.0,2026-10-09 17:05,10,187.0,2.0,3.0,11.0,1,0,26000,26100,44900,45000,3000,3100,2900,3000,900,950,800,850,650,700,600,650,20261009,4600,4700,5200,5300,350,400,350,400,100,150,100,150,50,60,50,60,20261009,2026-10-09 17:07
신정네거리역,POI117,서행,18.0,2026-10-09 17:05,3,119.0,,1.0,9.0,0,0,,,,,,,,,,,,,,,,,,,,,,,,,,,,,,,,,,,2026-10-09 17:07
잠실새내역,POI118,서행,17.0,2026-10-09 17:05,31,1541.0,,1.0,18.0,0,0,11100,11200,9500,9600,950,1000,3000,3100,100,150,150,200,80,90,100,150,20261009,4000,4100,4600,4700,300,350,300,350,100,150,100,150,60,70,50,60,20261009,2026-10-09 17:07
잠실역,POI119,서행,15.0,2026-10-09 17:05,5,6749.0,325.0,2.0,21.0,0,0,,,,,,,,,,,,,,,,,,10200,10300,17100,17200,1100,1200,900,950,400,450,350,400,200,250,200,250,20261009,2026-10-09 17:07
잠실롯데타워·석촌호수,POI120,서행,15.0,2026-10-09 17:05,33,9281.0,325.0,3.0,0.0,3,0,,,,,,,,,,,,,,,,,,,,,,,,,,,,,,,,,,,2026-10-09 17:07
송리단길·호수단길,POI121,서행,19.0,2026-10-09 17:05,21,878.0,,1.0,15.0,0,0,4100,4200,5100,5200,250,300,300,350,70,80,80,90,30,40,20,30,20261009,3800,3900,5300,5400,250,300,300,350,90,100,100,150,60,70,70,80,20261009,2026-10-09 17:07
신촌 스타광장,POI122,정체,14.0,2026-10-09 17:05,4,235.0,,1.0,4.0,0,0,,,,,,,,,,,,,,,,,,3900,4000,4300,4400,250,300,250,300,100,150,90,100,70,80,50,60,20261009,2026-10-09 17:07
보라매공원,POI123,정체,14.0,2026-10-09 17:05,1,78.0,,2.0,5.0,0,0,3200,3300,3100,3200,200,250,150,200,100,150,100,150,60,70,50,60,20261009,40,50,100,150,0,10,0,10,0,10,0,0,0,0,0,0,20261009,2026-10-09 17:07
서대문독립공원,POI124,서행,23.0,2026-10-09 17:05,2,150.0,,1.0,18.0,0,0,5800,5900,6600,6700,400,450,300,350,100,150,100,150,70,80,60,70,20261009,4000,4100,3300,3400,250,300,200,250,90,100,80,90,20,30,30,40,20261009,2026-10-09 17:07
안양천,POI125,원활,32.0,2026-10-09 17:05,1,294.0,,0.0,1.0,0,0,,,,,,,,,,,,,,,,,,20,30,0,10,0,0,0,0,0,0,0,0,0,0,0,0,20261009,2026-10-09 17:07
여의서로,POI126,원활,31.0,2026-10-09 17:05,2,168.0,38.0,0.0,0.0,0,0,,,,,,,,,,,,,,,,,,,,,,,,,,,,,,,,,,,2026-10-09 17:07
올림픽공원,POI127,서행,22.0,2026-10-09 17:05,4,2716.0,,4.0,17.0,8,1,,,,,,,,,,,,,,,,,,2500,2600,3300,3400,200,250,250,300,70,80,90,100,40,50,50,60,20261009,2026-10-09 17:07
홍제폭포,POI128,원활,31.0,2026-10-09 17:05,0,,,0.0,0.0,0,0,,,,,,,,,,,,,,,,,,,,,,,,,,,,,,,,,,,2026-10-09 17:07
송현녹지광장,POI129,정체,9.0,2026-10-09 17:05,4,1546.0,,1.0,25.0,8,0,15300,15400,30200,30300,2300,2400,1000,1100,650,700,250,300,250,300,40,50,20261009,8000,8100,11000,11100,850,900,650,700,250,300,150,200,200,250,150,200,20261009,2026-10-09 17:07
시의회 앞,POI130,정체,12.0,2026-10-09 17:05,9,1723.0,,3.0,25.0,6,0,39400,39500,81300,81400,5800,5900,3100,3200,1700,1800,900,950,1100,1200,650,700,20261009,10800,10900,16100,16200,1300,1400,1000,1100,450,500,400,450,250,300,150,200,20261009,2026-10-09 17:07
강남 MICE 관광특구,POI001,정체,14.0,2026-10-09 18:05,3,4428.0,,2.0,6.0,1,0,25200,25300,37700,37800,2400,2500,1500,1600,700,750,350,400,350,400,150,200,20261009,2400,2500,3200,3300,200,250,150,200,70,80,40,50,50,60,10,20,20261009,2026-10-09 18:07
동대문 관광특구,POI002,정체,14.0,2026-10-09 18:05,47,8302.0,162.0,7.0,32.0,7,0,65500,65600,73500,73600,5000,5100,3300,3400,1400,1500,950,1000,900,950,600,650,20261009,9100,9200,8500,8600,550,600,350,400,200,250,100,150,100,150,50,60,20261009,2026-10-09 18:07
명동 관광특구,POI003,정체,11.0,2026-10-09 18:05,93,12070.0,7.0,7.0,54.0,7,2,119400,119500,181600,181700,11700,11800,7000,7100,3300,3400,2000,2100,1900,2000,1200,1300,20261009,29500,29600,34300,34400,2300,2400,1500,1600,600,650,450,500,300,350,200,250,20261009,2026-10-09 18:07
이태원 관광특구,POI004,서행,15.0,2026-10-09 18:05,8,853.0,,3.0,17.0,0,0,18000,18100,30300,30400,1600,1700,1700,1800,450,500,650,700,300,350,200,250,20261009,6100,6200,6500,6600,450,500,350,400,100,150,90,100,50,60,20,30,20261009,2026-10-09 18:07
잠실 관광특구,POI005,서행,19.0,2026-10-09 18:05,37,11997.0,322.0,6.0,50.0,11,1,70800,70900,100500,100600,5800,5900,6100,6200,1600,1700,1600,1700,1000,1100,950,1000,20261009,13900,14000,19200,19300,1200,1300,1000,1100,300,350,350,400,100,150,150,200,20261009,2026-10-09 18:07
종로·청계 관광특구,POI006,정체,12.0,2026-10-09 18:05,48,2496.0,37.0,10.0,62.0,0,0,129800,129900,181400,181500,11300,11400,6700,6800,3200,3300,2000,2100,2000,2100,1300,1400,20261009,25600,25700,29100,29200,1900,2000,1400,1500,650,700,500,550,250,300,200,250,20261009,2026-10-09 18:07
홍대 관광특구,POI007,정체,13.0,2026-10-09 18:05,51,3098.0,,8.0,70.0,0,0,93500,93600,139800,139900,8200,8300,8200,8300,2500,2600,2400,2500,1500,1600,1600,1700,20261009,20600,20700,24100,24200,1600,1700,1500,1600,500,550,500,550,200,250,200,250,20261009,2026-10-09 18:07
경복궁,POI008,정체,14.0,2026-10-09 18:05,2,267.0,,1.0,11.0,4,0,21600,21700,32600,32700,1900,2000,850,900,550,600,150,200,350,400,150,200,20261009,1100,1200,1400,1500,150,200,60,70,70,80,20,30,40,50,10,20,20261009,2026-10-09 18:07
광화문·덕수궁,POI009,정체,12.0,2026-10-09 18:05,29,7988.0,641.0,4.0,41.0,13,1,71900,72000,119600,119700,7300,7400,3400,3500,2100,2200,900,950,1400,1500,750,800,20261009,23800,23900,29200,29300,1800,1900,1500,1600,550,600,500,550,200,250,250,300,20261009,2026-10-09 18:07
보신각,POI010,정체,12.0,2026-10-09 18:05,14,2572.0,7.0,1.0,14.0,1,0,15400,15500,24500,24600,1600,1700,800,850,500,550,250,300,200,250,100,150,20261009,6600,6700,7600,7700,550,600,450,500,150,200,150,200,40,50,70,80,20261009,2026-10-09 18:07
서울 암사동 유적,POI011,서행,19.0,2026-10-09 18:05,1,108.0,,0.0,3.0,0,0,,,,,,,,,,,,,,,,,,60,70,40,50,0,0,0,10,0,0,0,0,0,0,0,0,20261009,2026-10-09 18:07
창덕궁·종묘,POI012,정체,11.0,2026-10-09 18:05,16,3155.0,889.0,4.0,19.0,2,0,48800,48900,70800,70900,4200,4300,3200,3300,1200,1300,950,1000,750,800,650,700,20261009,4400,4500,5200,5300,350,400,250,300,80,90,80,90,30,40,20,30,20261009,2026-10-09 18:07
가산디지털단지역,POI013,서행,19.0,2026-10-09 18:05,20,8291.0,,2.0,71.0,0,0,15600,15700,15800,15900,1000,1100,900,950,300,350,300,350,150,200,200,250,20261009,5200,5300,7500,7600,450,500,300,350,90,100,90,100,70,80,60,70,20261009,2026-10-09 18:07
강남역,POI014,서행,16.0,2026-10-09 18:05,95,7876.0,,4.0,55.0,0,0,52100,52200,66500,66600,4000,4100,3400,3500,1100,1200,1000,1100,700,750,550,600,20261009,20000,20100,17900,18000,1200,1300,1100,1200,350,400,300,350,150,200,150,200,20261009,2026-10-09 18:07
건대입구역,POI015,서행,17.0,2026-10-09 18:05,23,6603.0,,2.0,11.0,3,0,28200,28300,32400,32500,1900,2000,2500,2600,500,550,700,750,300,350,500,550,20261009,3100,3200,4600,4700,200,250,250,300,60,70,80,90,20,30,30,40,20261009,2026-10-09 18:07
고덕역,POI016,서행,24.0,2026-10-09 18:05,15,1615.0,,1.0,5.0,0,0,5300,5400,3900,4000,250,300,300,350,70,80,100,150,30,40,100,150,20261009,1100,1200,1000,1100,60,70,70,80,10,20,10,20,0,10,0,10,20261009,2026-10-09 18:07
고속터미널역,POI017,서행,17.0,2026-10-09 18:05,3,4291.0,,3.0,10.0,0,0,64600,64700,81200,81300,4300,4400,3700,3800,1200,1300,1100,1200,750,800,700,750,20261009,13200,13300,13800,13900,950,1000,650,700,350,400,200,250,150,200,80,90,20261009,2026-10-09 18:07
교대역,POI018,정체,14.0,2026-10-09 18:05,14,760.0,,2.0,13.0,0,0,14100,14200,15900,16000,900,950,850,900,300,350,200,250,150,200,150,200,20261009,2500,2600,1800,1900,150,200,100,150,60,70,30,40,50,60,10,20,20261009,2026-10-09 18:07
구로디지털단지역,POI019,서행,16.0,2026-10-09 18:05,20,6911.0,,1.0,29.0,0,0,28000,28100,17900,18000,1200,1300,1500,1600,300,350,500,550,200,250,350,400,20261009,4400,4500,3100,3200,400,450,200,250,100,150,80,90,20,30,30,40,20261009,2026-10-09 18:07
구로역,POI020,원활,25.0,2026-10-09 18:05,3,1047.0,,1.0,5.0,0,0,10900,11000,10000,10100,600,650,600,650,200,250,200,250,100,150,60,70,20261009,1200,1300,1900,2000,100,150,60,70,10,20,0,10,0,10,0,0,20261009,2026-10-09 18:07
군자역,POI021,서행,16.0,2026-10-09 18:05,11,573.0,,2.0,16.0,0,0,15700,15800,11900,12000,750,800,900,950,200,250,250,300,90,100,100,150,20261009,3300,3400,3600,3700,150,200,200,250,60,70,70,80,20,30,20,30,20261009,2026-10-09 18:07
대림역,POI023,서행,18.0,2026-10-09 18:05,4,221.0,,2.0,29.0,0,0,21700,21800,16600,16700,750,800,1300,1400,200,250,250,300,100,150,200,250,20261009,4600,4700,5700,5800,300,350,250,300,90,100,80,90,30,40,10,20,20261009,2026-10-09 18:07
동대문역,POI024,정체,13.0,2026-10-09 18:05,17,892.0,0.0,2.0,7.0,0,0,26600,26700,31000,31100,1900,2000,1000,1100,550,600,300,350,350,400,150,200,20261009,4000,4100,4300,4400,200,250,150,200,70,80,70,80,30,40,40,50,20261009,2026-10-09 18:07
뚝섬역,POI025,서행,18.0,2026-10-09 18:05,9,767.0,,1.0,4.0,1,0,10500,10600,15000,15100,1000,1100,850,900,300,350,250,300,200,250,100,150,20261009,1300,1400,1500,1600,150,200,80,90,30,40,20,30,20,30,10,20,20261009,2026-10-09 18:07
미아사거리역,POI026,서행,16.0,2026-10-09 18:05,11,1409.0,,1.0,29.0,0,0,16400,16500,11700,11800,650,700,800,850,150,200,200,250,100,150,90,100,20261009,16100,16200,17200,17300,1000,1100,800,850,350,400,250,300,100,150,90,100,20261009,2026-10-09 18:07
발산역,POI027,정체,14.0,2026-10-09 18:05,13,2880.0,,1.0,37.0,0,0,10700,10800,11900,12000,600,650,650,700,150,200,100,150,100,150,100,150,20261009,4900,5000,5800,5900,300,350,300,350,70,80,100,150,30,40,40,50,20261009,2026-10-09 18:07
사당역,POI029,서행,17.0,2026-10-09 18:05,13,520.0,,2.0,17.0,1,0,38600,38700,33700,33800,1800,1900,2000,2100,550,600,600,650,350,400,450,500,20261009,4500,4600,5900,6000,250,300,300,350,100,150,100,150,20,30,30,40,20261009,2026-10-09 18:07
삼각지역,POI030,서행,17.0,2026-10-09 18:05,0,,,2.0,7.0,0,0,8700,8800,11100,11200,650,700,700,750,200,250,200,250,90,100,100,150,20261009,4700,4800,4500,4600,350,400,250,300,100,150,90,100,50,60,40,50,20261009,2026-10-09 18:07
서울대입구역,POI031,서행,17.0,2026-10-09 18:05,2,52.0,,1.0,15.0,0,0,27600,27700,17800,17900,1300,1400,1400,1500,400,450,300,350,150,200,50,60,20261009,13000,13100,14900,15000,750,800,800,850,250,300,250,300,100,150,100,150,20261009,2026-10-09 18:07
서울식물원·마곡나루역,POI032,서행,16.0,2026-10-09 18:05,2,2651.0,,2.0,15.0,3,0,14300,14400,14400,14500,950,1000,750,800,250,300,150,200,150,200,100,150,20261009,1300,1400,1800,1900,100,150,80,90,40,50,20,30,20,30,0,10,20261009,2026-10-09 18:07
서울역,POI033,서행,16.0,2026-10-09 18:05,23,3968.0,0.0,8.0,34.0,1,0,119200,119300,142700,142800,7400,7500,5800,5900,2200,2300,1700,1800,1100,1200,900,950,20261009,19500,19600,20400,20500,1100,1200,1000,1100,300,350,300,350,100,150,100,150,20261009,2026-10-09 18:07
선릉역,POI034,서행,16.0,2026-10-09 18:05,94,11160.0,26.0,4.0,20.0,0,0,29900,30000,39700,39800,2400,2500,1600,1700,750,800,400,450,300,350,100,150,20261009,4600,4700,4300,4400,250,300,200,250,60,70,50,60,10,20,10,20,20261009,2026-10-09 18:07
성신여대입구역,POI035,정체,14.0,2026-10-09 18:05,2,38.0,,2.0,9.0,1,0,15500,15600,12800,12900,900,950,950,1000,250,300,300,350,200,250,200,250,20261009,8200,8300,9400,9500,500,550,450,500,150,200,100,150,60,70,40,50,20261009,2026-10-09 18:07
수유역,POI036,정체,14.0,2026-10-09 18:05,8,802.0,,1.0,32.0,0,0,23000,23100,14400,14500,900,950,1200,1300,250,300,400,450,200,250,350,400,20261009,16200,16300,20100,20200,950,1000,1100,1200,300,350,350,400,150,200,150,200,20261009,2026-10-09 18:07
신논현역·논현역,POI037,서행,15.0,2026-10-09 18:05,32,1053.0,,3.0,13.0,0,0,22700,22800,26700,26800,1600,1700,1400,1500,450,500,400,450,300,350,250,300,20261009,6200,6300,5900,6000,350,400,350,400,100,150,100,150,60,70,60,70,20261009,2026-10-09 18:07
신도림역,POI038,원활,39.0,2026-10-09 18:05,1,1644.0,,2.0,2.0,0,0,31700,31800,27100,27200,1600,1700,1800,1900,450,500,600,650,300,350,400,450,20261009,1600,1700,3900,4000,80,90,100,150,20,30,40,50,10,20,10,20,20261009,2026-10-09 18:07
신림역,POI039,서행,15.0,2026-10-09 18:05,2,282.0,,2.0,15.0,0,0,37000,37100,21500,21600,1400,1500,1900,2000,450,500,650,700,300,350,350,400,20261009,13900,14000,19400,19500,1100,1200,850,900,300,350,250,300,100,150,100,150,20261009,2026-10-09 18:07
신촌·이대역,POI040,서행,16.0,2026-10-09 18:05,25,1943.0,164.0,4.0,41.0,0,0,29300,29400,29900,30000,1900,2000,1800,1900,550,600,700,750,300,350,400,450,20261009,16100,16200,16400,16500,1200,1300,1000,1100,350,400,300,350,200,250,150,200,20261009,2026-10-09 18:07
양재역,POI041,서행,23.0,2026-10-09 18:05,16,1881.0,,2.0,27.0,0,0,17100,17200,19300,19400,1000,1100,950,1000,300,350,350,400,150,200,150,200,20261009,8300,8400,7600,7700,500,550,350,400,150,200,90,100,100,150,40,50,20261009,2026-10-09 18:07
역삼역,POI042,서행,15.0,2026-10-09 18:05,47,7473.0,1.0,1.0,10.0,0,0,10200,10300,13700,13800,750,800,600,650,200,250,150,200,80,90,100,150,20261009,2900,3000,3800,3900,150,200,200,250,40,50,80,90,0,10,20,30,20261009,2026-10-09 18:07
연신내역,POI043,서행,16.0,2026-10-09 18:05,5,208.0,,3.0,14.0,0,0,30600,30700,22100,22200,1300,1400,1600,1700,350,400,400,450,100,150,200,250,20261009,6400,6500,6600,6700,400,450,250,300,150,200,100,150,90,100,50,60,20261009,2026-10-09 18:07
오목교역·목동운동장,POI044,서행,21.0,2026-10-09 18:05,14,5304.0,,1.0,33.0,0,0,10500,10600,10600,10700,600,650,750,800,150,200,100,150,100,150,100,150,20261009,9800,9900,11600,11700,700,750,650,700,200,250,200,250,70,80,100,150,20261009,2026-10-09 18:07
왕십리역,POI045,서행,17.0,2026-10-09 18:05,4,1478.0,,5.0,22.0,0,0,27000,27100,25500,25600,1700,1800,1700,1800,550,600,500,550,250,300,250,300,20261009,3100,3200,4600,4700,200,250,200,250,60,70,50,60,50,60,40,50,20261009,2026-10-09 18:07
용산역,POI046,서행,18.0,2026-10-09 18:05,11,5014.0,100.0,2.0,33.0,0,0,47200,47300,78100,78200,4200,4300,4000,4100,1300,1400,1300,1400,550,600,550,600,20261009,9100,9200,6900,7000,750,800,450,500,350,400,150,200,150,200,50,60,20261009,2026-10-09 18:07
이태원역,POI047,정체,14.0,2026-10-09 18:05,4,66.0,,1.0,9.0,0,0,9500,9600,13400,13500,700,750,700,750,200,250,200,250,100,150,100,150,20261009,3300,3400,3100,3200,200,250,200,250,50,60,40,50,30,40,10,20,20261009,2026-10-09 18:07
장지역,POI048,서행,18.0,2026-10-09 18:05,4,10611.0,,1.0,20.0,0,0,9600,9700,8400,8500,600,650,450,500,100,150,100,150,80,90,80,90,20261009,3600,3700,4400,4500,350,400,200,250,100,150,50,60,30,40,30,40,20261009,2026-10-09 18:07
장한평역,POI049,서행,22.0,2026-10-09 18:05,15,847.0,,1.0,16.0,0,0,10100,10200,7400,7500,500,550,550,600,150,200,200,250,90,100,100,150,20261009,6600,6700,7500,7600,450,500,400,450,150,200,100,150,70,80,40,50,20261009,2026-10-09 18:07
천호역,POI050,서행,15.0,2026-10-09 18:05,14,3331.0,,2.0,12.0,0,0,24200,24300,23600,23700,1400,1500,1400,1500,400,450,500,550,250,300,450,500,20261009,2600,2700,4200,4300,150,200,150,200,30,40,50,60,10,20,20,30,20261009,2026-10-09 18:07
총신대입구(이수)역,POI051,서행,16.0,2026-10-09 18:05,7,533.0,,2.0,18.0,0,0,21000,21100,19400,19500,1000,1100,1300,1400,250,300,400,450,150,200,250,300,20261009,7600,7700,7000,7100,600,650,400,450,200,250,100,150,100,150,90,100,20261009,2026-10-09 18:07
충정로역,POI052,서행,22.0,2026-10-09 18:05,5,834.0,,2.0,19.0,0,0,6300,6400,5800,5900,300,350,350,400,100,150,100,150,70,80,50,60,20261009,3300,3400,3000,3100,150,200,150,200,60,70,60,70,20,30,30,40,20261009,2026-10-09 18:07
합정역,POI053,서행,20.0,2026-10-09 18:05,6,207.0,,2.0,30.0,0,0,23200,23300,31900,32000,1800,1900,2000,2100,550,600,500,550,350,400,400,450,20261009,6300,6400,7700,7800,450,500,500,550,150,200,200,250,70,80,80,90,20261009,2026-10-09 18:07
혜화역,POI054,서행,19.0,2026-10-09 18:05,24,955.0,,1.0,12.0,7,0,16300,16400,31000,31100,1700,1800,1900,2000,550,600,550,600,350,400,200,250,20261009,7000,7100,9100,9200,550,600,600,650,200,250,200,250,100,150,100,150,20261009,2026-10-09 18:07
홍대입구역(2호선),POI055,정체,12.0,2026-10-09 18:05,16,1196.0,,1.0,17.0,0,0,41300,41400,67300,67400,3900,4000,3700,3800,1200,1300,1000,1100,750,800,750,800,20261009,12000,12100,14800,14900,1000,1100,850,900,300,350,300,350,100,150,100,150,20261009,2026-10-09 18:07
회기역,POI056,서행,20.0,2026-10-09 18:05,21,408.0,,1.0,22.0,0,0,17000,17100,10700,10800,800,850,1100,1200,250,300,500,550,100,150,300,350,20261009,9900,10000,10200,10300,550,600,600,650,150,200,250,300,70,80,90,100,20261009,2026-10-09 18:07
가락시장,POI058,서행,24.0,2026-10-09 18:05,4,2884.0,,2.0,16.0,0,0,9700,9800,9500,9600,400,450,700,750,100,150,150,200,60,70,100,150,20261009,4700,4800,3800,3900,200,250,200,250,60,70,60,70,10,20,20,30,20261009,2026-10-09 18:07
가로수길,POI059,서행,19.0,2026-10-09 18:05,51,2767.0,175.0,2.0,14.0,0,0,21200,21300,31400,31500,1700,1800,1400,1500,550,600,400,450,350,400,300,350,20261009,3500,3600,4900,5000,200,250,250,300,60,70,70,80,30,40,30,40,20261009,2026-10-09 18:07
광장(전통)시장,POI060,서행,16.0,2026-10-09 18:05,7,103.0,3.0,1.0,11.0,0,0,16300,16400,20100,20200,1100,1200,650,700,300,350,200,250,200,250,100,150,20261009,5600,5700,6600,6700,350,400,300,350,100,150,100,150,40,50,30,40,20261009,2026-10-09 18:07
김포공항,POI061,원활,28.0,2026-10-09 18:05,6,16594.0,,6.0,27.0,0,0,21700,21800,23600,23700,1300,1400,1100,1200,400,450,300,350,250,300,200,250,20261009,1500,1600,2000,2100,90,100,70,80,20,30,10,20,0,10,0,10,20261009,2026-10-09 18:07
노량진,POI063,서행,19.0,2026-10-09 18:05,11,1218.0,,3.0,22.0,1,0,27700,27800,30100,30200,1500,1600,2600,2700,450,500,850,900,250,300,650,700,20261009,12800,12900,16200,16300,1100,1200,900,950,350,400,250,300,150,200,150,200,20261009,2026-10-09 18:07
덕수궁길·정동길,POI064,서행,15.0,2026-10-09 18:05,10,620.0,,3.0,10.0,0,0,29000,29100,41000,41100,2800,2900,1600,1700,800,850,450,500,550,600,250,300,20261009,2900,3000,4000,4100,200,250,250,300,60,70,80,90,20,30,50,60,20261009,2026-10-09 18:07
북촌한옥마을,POI066,정체,13.0,2026-10-09 18:05,16,1756.0,,1.0,55.0,9,0,19600,19700,32000,32100,2100,2200,750,800,650,700,250,300,250,300,60,70,20261009,11600,11700,15100,15200,1000,1100,600,650,250,300,150,200,100,150,90,100,20261009,2026-10-09 18:07
서촌,POI067,서행,16.0,2026-10-09 18:05,9,308.0,,1.0,32.0,4,0,21600,21700,32600,32700,1900,2000,850,900,550,600,150,200,350,400,150,200,20261009,10900,11000,11900,12000,800,850,750,800,200,250,150,200,100,150,60,70,20261009,2026-10-09 18:07
성수카페거리,POI068,서행,15.0,2026-10-09 18:05,28,2824.0,,2.0,35.0,1,0,40400,40500,71000,71100,4600,4700,3500,3600,1300,1400,900,950,900,950,700,750,20261009,3100,3200,3800,3900,300,350,200,250,100,150,70,80,70,80,40,50,20261009,2026-10-09 18:07
쌍문역,POI070,서행,17.0,2026-10-09 18:05,8,345.0,,1.0,18.0,0,0,19100,19200,10100,10200,600,650,1100,1200,150,200,300,350,100,150,200,250,20261009,7100,7200,10100,10200,500,550,450,500,150,200,150,200,80,90,80,90,20261009,2026-10-09 18:07
압구정로데오거리,POI071,서행,16.0,2026-10-09 18:05,55,1976.0,1.0,1.0,16.0,1,0,7900,8000,14100,14200,800,850,450,500,250,300,150,200,100,150,40,50,20261009,6400,6500,8100,8200,500,550,350,400,150,200,100,150,50,60,50,60,20261009,2026-10-09 18:07
여의도,POI072,서행,22.0,2026-10-09 18:05,116,24820.0,1496.0,9.0,63.0,4,0,44800,44900,61300,61400,3600,3700,3400,3500,1100,1200,1000,1100,650,700,700,750,20261009,20200,20300,28100,28200,1600,1700,1500,1600,600,650,550,600,200,250,250,300,20261009,2026-10-09 18:07
연남동,POI073,서행,15.0,2026-10-09 18:05,45,132.0,,0.0,20.0,0,0,,,,,,,,,,,,,,,,,,4500,4600,5400,5500,250,300,300,350,100,150,100,150,20,30,40,50,20261009,2026-10-09 18:07
영등포 타임스퀘어,POI074,서행,15.0,2026-10-09 18:05,10,1195.0,103.0,3.0,24.0,0,0,33400,33500,39400,39500,2100,2200,2100,2200,800,850,700,750,350,400,300,350,20261009,13100,13200,16900,17000,1200,1300,900,950,400,450,300,350,200,250,100,150,20261009,2026-10-09 18:07
용리단길,POI076,정체,14.0,2026-10-09 18:05,0,,,3.0,7.0,0,0,20500,20600,32100,32200,1800,1900,2100,2200,550,600,650,700,200,250,200,250,20261009,3000,3100,6700,6800,250,300,350,400,100,150,100,150,30,40,50,60,20261009,2026-10-09 18:07
이태원 앤틱가구거리,POI077,서행,16.0,2026-10-09 18:05,4,51.0,,1.0,13.0,0,0,9500,9600,13400,13500,700,750,700,750,200,250,200,250,100,150,100,150,20261009,3200,3300,3500,3600,250,300,200,250,60,70,40,50,40,50,10,20,20261009,2026-10-09 18:07
인사동,POI078,정체,11.0,2026-10-09 18:05,21,2465.0,2.0,2.0,26.0,7,0,35000,35100,56500,56600,3700,3800,1600,1700,1100,1200,500,550,500,550,150,200,20261009,10600,10700,11800,11900,800,850,650,700,250,300,200,250,100,150,100,150,20261009,2026-10-09 18:07
창동 신경제 중심지,POI079,서행,16.0,2026-10-09 18:05,46,4927.0,48.0,4.0,55.0,5,0,41500,41600,38400,38500,2100,2200,2900,3000,650,700,950,1000,350,400,600,650,20261009,11900,12000,14800,14900,950,1000,800,850,300,350,300,350,200,250,200,250,20261009,2026-10-09 18:07
청담동 명품거리,POI080,서행,18.0,2026-10-09 18:05,16,910.0,,1.0,10.0,0,0,7900,8000,14100,14200,800,850,450,500,250,300,150,200,100,150,40,50,20261009,2700,2800,3300,3400,200,250,100,150,70,80,40,50,20,30,20,30,20261009,2026-10-09 18:07
청량리 제기동 일대 전통시장,POI081,서행,18.0,2026-10-09 18:05,12,2214.0,,2.0,23.0,0,0,31400,31500,31400,31500,1500,1600,1100,1200,400,450,300,350,150,200,150,200,20261009,23500,23600,22900,23000,1300,1400,900,950,350,400,250,300,150,200,100,150,20261009,2026-10-09 18:07
해방촌·경리단길,POI082,원활,26.0,2026-10-09 18:05,4,273.0,,0.0,26.0,1,0,,,,,,,,,,,,,,,,,,6100,6200,6800,6900,400,450,550,600,100,150,150,200,70,80,90,100,20261009,2026-10-09 18:07
DDP(동대문디자인플라자),POI083,정체,14.0,2026-10-09 18:05,9,2596.0,154.0,3.0,11.0,5,0,25200,25300,28900,29000,2100,2200,1300,1400,600,650,350,400,400,450,250,300,20261009,2800,2900,3400,3500,150,200,150,200,50,60,50,60,10,20,0,10,20261009,2026-10-09 18:07
DMC(디지털미디어시티),POI084,서행,19.0,2026-10-09 18:05,25,9176.0,,4.0,68.0,0,0,14000,14100,11300,11400,650,700,700,750,200,250,250,300,100,150,150,200,20261009,5100,5200,6100,6200,350,400,350,400,100,150,100,150,30,40,40,50,20261009,2026-10-09 18:07
강서한강공원,POI085,원활,55.0,2026-10-09 18:05,2,106.0,53.0,0.0,1.0,0,0,,,,,,,,,,,,,,,,,,0,0,0,0,0,0,0,0,0,0,0,0,0,0,0,0,20261009,2026-10-09 18:07
고척돔,POI086,원활,26.0,2026-10-09 18:05,0,,,1.0,3.0,4,0,4200,4300,2600,2700,150,200,250,300,60,70,100,150,30,40,40,50,20261009,1900,2000,1700,1800,100,150,100,150,40,50,30,40,10,20,10,20,20261009,2026-10-09 18:07
광나루한강공원,POI087,원활,55.0,2026-10-09 18:05,4,718.0,359.0,0.0,0.0,0,0,,,,,,,,,,,,,,,,,,,,,,,,,,,,,,,,,,,2026-10-09 18:07
광화문광장,POI088,정체,14.0,2026-10-09 18:05,3,2932.0,641.0,2.0,12.0,5,0,40400,40500,64800,64900,3900,4000,1700,1800,1100,1200,450,500,750,800,350,400,20261009,10600,10700,11600,11700,800,850,500,550,250,300,200,250,100,150,80,90,20261009,2026-10-09 18:07
국립중앙박물관·용산가족공원,POI089,원활,31.0,2026-10-09 18:05,4,931.0,,3.0,3.0,3,0,17800,17900,21100,21200,1900,2000,450,500,600,650,100,150,400,450,80,90,20261009,950,1000,1000,1100,100,150,30,40,50,60,0,10,50,60,0,10,20261009,2026-10-09 18:07
난지한강공원,POI090,원활,42.0,2026-10-09 18:05,4,1240.0,0.0,0.0,7.0,0,0,,,,,,,,,,,,,,,,,,70,80,50,60,0,10,0,0,0,10,0,0,0,10,0,0,20261009,2026-10-09 18:07
남산공원,POI091,원활,25.0,2026-10-09 18:05,33,2148.0,25.0,5.0,37.0,6,0,45500,45600,71100,71200,4200,4300,3800,3900,1200,1300,1100,1200,600,650,550,600,20261009,13500,13600,14900,15000,1100,1200,1100,1200,400,450,250,300,150,200,90,100,20261009,2026-10-09 18:07
노들섬,POI092,원활,37.0,2026-10-09 18:05,1,99.0,,0.0,4.0,4,0,,,,,,,,,,,,,,,,,,2400,2500,5300,5400,350,400,950,1000,100,150,300,350,30,40,100,150,20261009,2026-10-09 18:07
뚝섬한강공원,POI093,원활,44.0,2026-10-09 18:05,8,1342.0,671.0,1.0,1.0,1,0,7300,7400,13700,13800,700,750,1900,2000,200,250,650,700,150,200,400,450,20261009,0,0,0,0,0,0,0,0,0,0,0,0,0,0,0,0,20261009,2026-10-09 18:07
망원한강공원,POI094,원활,27.0,2026-10-09 18:05,2,458.0,0.0,2.0,10.0,0,0,23200,23300,31900,32000,1800,1900,2000,2100,550,600,500,550,350,400,400,450,20261009,4500,4600,5700,5800,350,400,350,400,100,150,150,200,60,70,80,90,20261009,2026-10-09 18:07
반포한강공원,POI095,원활,32.0,2026-10-09 18:05,9,1483.0,9.0,0.0,6.0,0,0,,,,,,,,,,,,,,,,,,200,250,550,600,20,30,40,50,20,30,40,50,0,0,0,0,20261009,2026-10-09 18:07
북서울꿈의숲,POI096,서행,22.0,2026-10-09 18:05,3,549.0,,0.0,17.0,1,0,,,,,,,,,,,,,,,,,,1800,1900,1100,1200,100,150,60,70,30,40,20,30,10,20,10,20,20261009,2026-10-09 18:07
서리풀공원·몽마르뜨공원,POI098,서행,23.0,2026-10-09 18:05,0,,,4.0,7.0,0,0,70800,70900,87400,87500,4600,4700,4100,4200,1300,1400,1200,1300,800,850,800,850,20261009,12700,12800,13000,13100,900,950,650,700,300,350,150,200,150,200,60,70,20261009,2026-10-09 18:07
서울대공원,POI100,원활,28.0,2026-10-09 18:05,0,,,1.0,0.0,0,0,7300,7400,12400,12500,1100,1200,90,100,400,450,30,40,200,250,20,30,20261009,,,,,,,,,,,,,,,,,,2026-10-09 18:07
서울숲공원,POI101,원활,31.0,2026-10-09 18:05,2,996.0,,1.0,9.0,2,0,7900,8000,12100,12200,800,850,450,500,250,300,100,150,100,150,20,30,20261009,1100,1200,1800,1900,100,150,100,150,30,40,20,30,0,10,0,10,20261009,2026-10-09 18:07
아차산,POI102,원활,30.0,2026-10-09 18:05,0,,,0.0,3.0,0,0,,,,,,,,,,,,,,,,,,150,200,30,40,0,10,0,0,0,0,0,0,0,0,0,0,20261009,2026-10-09 18:07
양화한강공원,POI103,서행,22.0,2026-10-09 18:05,6,1002.0,483.0,0.0,5.0,0,0,,,,,,,,,,,,,,,,,,100,150,300,350,10,20,20,30,0,10,0,10,0,0,0,10,20261009,2026-10-09 18:07
어린이대공원,POI104,서행,17.0,2026-10-09 18:05,4,945.0,,2.0,9.0,4,0,21200,21300,20300,20400,1500,1600,700,750,450,500,200,250,300,350,100,150,20261009,1800,1900,1800,1900,100,150,100,150,20,30,20,30,10,20,10,20,20261009,2026-10-09 18:07
여의도한강공원,POI105,원활,32.0,2026-10-09 18:05,6,2866.0,1408.0,1.0,3.0,0,0,8000,8100,18500,18600,1100,1200,1200,1300,300,350,350,400,200,250,250,300,20261009,900,950,1400,1500,100,150,90,100,10,20,30,40,0,10,20,30,20261009,2026-10-09 18:07
월드컵공원,POI106,원활,29.0,2026-10-09 18:05,9,3537.0,,4.0,34.0,0,0,20400,20500,20100,20200,1100,1200,800,850,400,450,250,300,200,250,100,150,20261009,4000,4100,3800,3900,300,350,150,200,80,90,50,60,40,50,10,20,20261009,2026-10-09 18:07
응봉산,POI107,서행,20.0,2026-10-09 18:05,3,88.0,,1.0,24.0,0,0,1300,1400,800,850,40,50,60,70,10,20,20,30,0,10,20,30,20261009,2000,2100,1300,1400,90,100,100,150,30,40,30,40,20,30,20,30,20261009,2026-10-09 18:07
이촌한강공원,POI108,원활,38.0,2026-10-09 18:05,2,514.0,0.0,0.0,4.0,1,0,,,,,,,,,,,,,,,,,,30,40,150,200,0,10,20,30,0,0,0,10,0,0,0,0,20261009,2026-10-09 18:07
잠실종합운동장,POI109,원활,28.0,2026-10-09 18:05,1,876.0,,2.0,4.0,0,0,6500,6600,8500,8600,400,450,450,500,100,150,150,200,60,70,90,100,20261009,400,450,600,650,20,30,10,20,10,20,0,10,0,0,0,10,20261009,2026-10-09 18:07
잠실한강공원,POI110,원활,40.0,2026-10-09 18:05,4,1326.0,250.0,1.0,9.0,0,0,7200,7300,5400,5500,300,350,400,450,80,90,100,150,30,40,50,60,20261009,250,300,850,900,30,40,50,60,10,20,20,30,0,0,10,20,20261009,2026-10-09 18:07
잠원한강공원,POI111,원활,30.0,2026-10-09 18:05,3,1540.0,0.0,0.0,5.0,0,0,,,,,,,,,,,,,,,,,,750,800,1000,1100,50,60,70,80,20,30,10,20,0,10,0,10,20261009,2026-10-09 18:07
청계산,POI112,원활,50.0,2026-10-09 18:05,0,,,0.0,9.0,0,0,,,,,,,,,,,,,,,,,,70,80,70,80,0,10,0,10,0,10,0,10,0,0,0,10,20261009,2026-10-09 18:07
북창동 먹자골목,POI114,정체,9.0,2026-10-09 18:05,20,552.0,0.0,0.0,11.0,0,0,,,,,,,,,,,,,,,,,,10400,10500,10400,10500,750,800,350,400,200,250,100,150,100,150,50,60,20261009,2026-10-09 18:07
남대문시장,POI115,정체,10.0,2026-10-09 18:05,16,1456.0,4.0,1.0,7.0,0,0,,,,,,,,,,,,,,,,,,7700,7800,8800,8900,550,600,250,300,150,200,80,90,90,100,30,40,20261009,2026-10-09 18:07
익선동,POI116,정체,10.0,2026-10-09 18:05,10,187.0,2.0,3.0,11.0,1,0,32400,32500,50700,50800,3000,3100,2600,2700,850,900,750,800,550,600,550,600,20261009,5500,5600,6100,6200,400,450,400,450,100,150,100,150,40,50,70,80,20261009,2026-10-09 18:07
신정네거리역,POI117,서행,17.0,2026-10-09 18:05,3,119.0,,1.0,9.0,0,0,,,,,,,,,,,,,,,,,,,,,,,,,,,,,,,,,,,2026-10-09 18:07
잠실새내역,POI118,서행,17.0,2026-10-09 18:05,31,1541.0,,1.0,18.0,0,0,12300,12400,11200,11300,500,550,600,650,150,200,150,200,90,100,100,150,20261009,4600,4700,5400,5500,300,350,350,400,100,150,100,150,40,50,40,50,20261009,2026-10-09 18:07
잠실역,POI119,서행,17.0,2026-10-09 18:05,5,6749.0,322.0,2.0,21.0,0,0,,,,,,,,,,,,,,,,,,12700,12800,18800,18900,1100,1200,800,850,300,350,300,350,90,100,100,150,20261009,2026-10-09 18:07
잠실롯데타워·석촌호수,POI120,서행,16.0,2026-10-09 18:05,33,9281.0,322.0,3.0,0.0,3,0,,,,,,,,,,,,,,,,,,,,,,,,,,,,,,,,,,,2026-10-09 18:07
송리단길·호수단길,POI121,서행,17.0,2026-10-09 18:05,21,878.0,,1.0,15.0,0,0,4600,4700,5900,6000,250,300,300,350,70,80,100,150,50,60,60,70,20261009,4400,4500,6100,6200,300,350,350,400,100,150,100,150,50,60,50,60,20261009,2026-10-09 18:07
신촌 스타광장,POI122,서행,16.0,2026-10-09 18:05,4,235.0,,1.0,4.0,0,0,,,,,,,,,,,,,,,,,,4500,4600,4900,5000,300,350,300,350,100,150,100,150,60,70,50,60,20261009,2026-10-09 18:07
보라매공원,POI123,정체,14.0,2026-10-09 18:05,1,78.0,,2.0,5.0,0,0,3600,3700,3500,3600,150,200,150,200,50,60,40,50,50,60,40,50,20261009,60,70,150,200,10,20,0,10,0,10,0,0,0,0,0,0,20261009,2026-10-09 18:07
서대문독립공원,POI124,원활,25.0,2026-10-09 18:05,2,150.0,,1.0,18.0,0,0,6400,6500,7100,7200,250,300,250,300,80,90,60,70,50,60,20,30,20261009,4600,4700,3700,3800,250,300,150,200,50,60,50,60,30,40,30,40,20261009,2026-10-09 18:07
안양천,POI125,원활,34.0,2026-10-09 18:05,1,294.0,,0.0,1.0,0,0,,,,,,,,,,,,,,,,,,30,40,0,10,0,0,0,0,0,0,0,0,0,0,0,0,20261009,2026-10-09 18:07
여의서로,POI126,원활,30.0,2026-10-09 18:05,2,168.0,38.0,0.0,0.0,0,0,,,,,,,,,,,,,,,,,,,,,,,,,,,,,,,,,,,2026-10-09 18:07
올림픽공원,POI127,서행,23.0,2026-10-09 18:05,4,2716.0,,4.0,17.0,8,1,,,,,,,,,,,,,,,,,,3000,3100,3800,3900,250,300,200,250,60,70,60,70,30,40,40,50,20261009,2026-10-09 18:07
홍제폭포,POI128,원활,31.0,2026-10-09 18:05,0,,,0.0,0.0,0,0,,,,,,,,,,,,,,,,,,,,,,,,,,,,,,,,,,,2026-10-09 18:07
송현녹지광장,POI129,정체,11.0,2026-10-09 18:05,4,1546.0,,1.0,25.0,8,0,19600,19700,32000,32100,2100,2200,750,800,650,700,250,300,250,300,60,70,20261009,9900,10000,12200,12300,900,950,450,500,250,300,100,150,150,200,80,90,20261009,2026-10-09 18:07
시의회 앞,POI130,정체,13.0,2026-10-09 18:05,9,1723.0,,3.0,25.0,6,0,50200,50300,87000,87100,5400,5500,2600,2700,1600,1700,750,800,1000,1100,600,650,20261009,12900,13000,18100,18200,1000,1100,1000,1100,250,300,350,400,80,90,150,200,20261009,2026-10-09 18:07
강남 MICE 관광특구,POI001,서행,15.0,2026-10-09 19:05,3,4428.0,,2.0,6.0,1,0,29600,29700,40100,40200,2100,2200,1000,1100,550,600,350,400,350,400,150,200,20261009,2900,3000,3500,3600,150,200,90,100,50,60,20,30,40,50,10,20,20261009,2026-10-09 19:07
동대문 관광특구,POI002,서행,15.0,2026-10-09 19:05,47,8302.0,137.0,7.0,32.0,7,0,74500,74600,79700,79800,4100,4200,3000,3100,1100,1200,900,950,750,800,600,650,20261009,10100,10200,9200,9300,400,450,250,300,70,80,30,40,60,70,10,20,20261009,2026-10-09 19:07
명동 관광특구,POI003,정체,14.0,2026-10-09 19:05,93,12070.0,7.0,7.0,54.0,7,2,140800,140900,193800,193900,10300,10400,5700,5800,3000,3100,1500,1600,1700,1800,550,600,20261009,33300,33400,36800,36900,1500,1600,1000,1100,450,500,300,350,250,300,200,250,20261009,2026-10-09 19:07
이태원 관광특구,POI004,서행,16.0,2026-10-09 19:05,8,853.0,,3.0,17.0,0,0,21500,21600,33500,33600,1800,1900,1400,1500,500,550,350,400,300,350,150,200,20261009,7000,7100,7300,7400,350,400,300,350,150,200,100,150,100,150,100,150,20261009,2026-10-09 19:07
잠실 관광특구,POI005,서행,20.0,2026-10-09 19:05,37,11997.0,308.0,6.0,50.0,11,0,81600,81700,109200,109300,5300,5400,4100,4200,1600,1700,1200,1300,1000,1100,1100,1200,20261009,16000,16100,20800,20900,900,950,650,700,200,250,150,200,100,150,100,150,20261009,2026-10-09 19:07
종로·청계 관광특구,POI006,정체,14.0,2026-10-09 19:05,48,2496.0,40.0,10.0,62.0,0,0,151100,151200,193200,193300,10000,10100,5600,5700,2700,2800,1500,1600,1600,1700,750,800,20261009,29200,29300,31600,31700,1500,1600,1000,1100,450,500,250,300,300,350,200,250,20261009,2026-10-09 19:07
홍대 관광특구,POI007,정체,13.0,2026-10-09 19:05,51,3098.0,,8.0,70.0,0,0,109700,109800,155500,155600,7900,8000,7000,7100,2400,2500,2400,2500,1500,1600,1400,1500,20261009,23500,23600,26700,26800,1200,1300,1000,1100,300,350,200,250,250,300,150,200,20261009,2026-10-09 19:07
경복궁,POI008,서행,16.0,2026-10-09 19:05,2,267.0,,1.0,11.0,4,0,25300,25400,33800,33900,1600,1700,500,550,350,400,100,150,200,250,100,150,20261009,1400,1500,1500,1600,100,150,50,60,10,20,0,10,10,20,0,10,20261009,2026-10-09 19:07
광화문·덕수궁,POI009,서행,15.0,2026-10-09 19:05,29,7988.0,503.0,4.0,41.0,13,1,86000,86100,125000,125100,6500,6600,2400,2500,1700,1800,600,650,1100,1200,400,450,20261009,27200,27300,31600,31700,1400,1500,1000,1100,450,500,350,400,300,350,250,300,20261009,2026-10-09 19:07
보신각,POI010,서행,15.0,2026-10-09 19:05,14,2572.0,7.0,1.0,14.0,1,0,18700,18800,26300,26400,1600,1700,850,900,400,450,200,250,150,200,90,100,20261009,7500,7600,8300,8400,300,350,300,350,100,150,100,150,70,80,90,100,20261009,2026-10-09 19:07
서울 암사동 유적,POI011,서행,22.0,2026-10-09 19:05,1,108.0,,0.0,3.0,0,0,,,,,,,,,,,,,,,,,,90,100,40,50,0,0,0,0,0,0,0,0,0,0,0,0,20261009,2026-10-09 19:07
창덕궁·종묘,POI012,서행,15.0,2026-10-09 19:05,16,3155.0,737.0,4.0,19.0,2,0,57000,57100,76700,76800,4000,4100,2800,2900,1100,1200,750,800,700,750,350,400,20261009,4900,5000,5600,5700,200,250,150,200,90,100,60,70,60,70,40,50,20261009,2026-10-09 19:07
가산디지털단지역,POI013,서행,22.0,2026-10-09 19:05,20,8291.0,,2.0,71.0,0,0,17500,17600,17300,17400,900,950,650,700,250,300,150,200,150,200,90,100,20261009,6000,6100,8100,8200,350,400,200,250,100,150,50,60,50,60,20,30,20261009,2026-10-09 19:07
강남역,POI014,서행,16.0,2026-10-09 19:05,95,7876.0,,4.0,55.0,0,0,59300,59400,74500,74600,3300,3400,3600,3700,950,1000,1000,1100,550,600,550,600,20261009,22200,22300,20200,20300,800,850,750,800,200,250,200,250,100,150,100,150,20261009,2026-10-09 19:07
건대입구역,POI015,서행,15.0,2026-10-09 19:05,23,6603.0,,2.0,11.0,3,0,32100,32200,37500,37600,1800,1900,2400,2500,500,550,700,750,250,300,500,550,20261009,3600,3700,5100,5200,200,250,200,250,30,40,60,70,20,30,30,40,20261009,2026-10-09 19:07
고덕역,POI016,서행,22.0,2026-10-09 19:05,15,1615.0,,1.0,5.0,0,0,5700,5800,4400,4500,150,200,250,300,60,70,100,150,30,40,10,20,20261009,1200,1300,1100,1200,40,50,40,50,20,30,10,20,10,20,0,10,20261009,2026-10-09 19:07
고속터미널역,POI017,서행,18.0,2026-10-09 19:05,3,4291.0,,3.0,10.0,0,0,71800,71900,87500,87600,3400,3500,3000,3100,1000,1100,900,950,700,750,450,500,20261009,14600,14700,14900,15000,500,550,400,450,100,150,100,150,90,100,90,100,20261009,2026-10-09 19:07
교대역,POI018,서행,16.0,2026-10-09 19:05,14,760.0,,2.0,13.0,0,0,16000,16100,17600,17700,850,900,750,800,250,300,200,250,150,200,100,150,20261009,2800,2900,2000,2100,100,150,70,80,30,40,10,20,30,40,10,20,20261009,2026-10-09 19:07
구로디지털단지역,POI019,서행,17.0,2026-10-09 19:05,20,6911.0,,1.0,29.0,0,0,30000,30100,20800,20900,950,1000,1400,1500,250,300,350,400,200,250,250,300,20261009,5100,5200,3400,3500,250,300,100,150,50,60,30,40,20,30,20,30,20261009,2026-10-09 19:07
구로역,POI020,서행,24.0,2026-10-09 19:05,3,1047.0,,1.0,5.0,0,0,11800,11900,11100,11200,400,450,450,500,100,150,200,250,60,70,100,150,20261009,1400,1500,2000,2100,50,60,30,40,10,20,0,10,0,0,0,10,20261009,2026-10-09 19:07
군자역,POI021,서행,15.0,2026-10-09 19:05,11,573.0,,2.0,16.0,0,0,17200,17300,13900,14000,750,800,950,1000,150,200,300,350,70,80,100,150,20261009,3600,3700,4000,4100,100,150,200,250,30,40,50,60,20,30,40,50,20261009,2026-10-09 19:07
대림역,POI023,서행,18.0,2026-10-09 19:05,4,221.0,,2.0,29.0,0,0,23100,23200,19000,19100,650,700,1000,1100,200,250,300,350,100,150,200,250,20261009,5100,5200,6100,6200,200,250,150,200,40,50,30,40,20,30,20,30,20261009,2026-10-09 19:07
동대문역,POI024,서행,16.0,2026-10-09 19:05,17,892.0,0.0,2.0,7.0,0,0,30000,30100,32700,32800,1500,1600,850,900,400,450,250,300,250,300,150,200,20261009,4400,4500,4500,4600,150,200,80,90,40,50,10,20,10,20,10,20,20261009,2026-10-09 19:07
뚝섬역,POI025,서행,20.0,2026-10-09 19:05,9,767.0,,1.0,4.0,1,0,12600,12700,16600,16700,1000,1100,700,750,300,350,200,250,100,150,150,200,20261009,1600,1700,1700,1800,100,150,60,70,20,30,10,20,0,10,0,10,20261009,2026-10-09 19:07
미아사거리역,POI026,서행,15.0,2026-10-09 19:05,11,1409.0,,1.0,29.0,0,0,17600,17700,13600,13700,500,550,900,950,150,200,250,300,90,100,150,200,20261009,18000,18100,18700,18800,900,950,650,700,250,300,100,150,150,200,100,150,20261009,2026-10-09 19:07
발산역,POI027,정체,14.0,2026-10-09 19:05,13,2880.0,,1.0,37.0,0,0,12000,12100,13200,13300,550,600,550,600,150,200,200,250,100,150,150,200,20261009,5600,5700,6400,6500,250,300,250,300,100,150,100,150,80,90,90,100,20261009,2026-10-09 19:07
사당역,POI029,서행,17.0,2026-10-09 19:05,13,520.0,,2.0,17.0,1,0,42700,42800,41600,41700,2300,2400,6100,6200,450,500,1100,1200,300,350,600,650,20261009,5000,5100,6600,6700,200,250,200,250,50,60,50,60,30,40,40,50,20261009,2026-10-09 19:07
삼각지역,POI030,서행,19.0,2026-10-09 19:05,0,,,2.0,7.0,0,0,10000,10100,12700,12800,600,650,650,700,150,200,150,200,90,100,100,150,20261009,5300,5400,5000,5100,300,350,250,300,100,150,100,150,80,90,80,90,20261009,2026-10-09 19:07
서울대입구역,POI031,서행,17.0,2026-10-09 19:05,2,52.0,,1.0,15.0,0,0,29800,29900,20600,20700,1000,1100,1400,1500,250,300,350,400,100,150,150,200,20261009,14300,14400,16300,16400,650,700,550,600,100,150,100,150,80,90,80,90,20261009,2026-10-09 19:07
서울식물원·마곡나루역,POI032,서행,17.0,2026-10-09 19:05,2,2651.0,,2.0,15.0,3,0,15900,16000,15800,15900,750,800,650,700,200,250,150,200,100,150,150,200,20261009,1500,1600,2000,2100,70,80,30,40,20,30,10,20,0,10,0,10,20261009,2026-10-09 19:07
서울역,POI033,서행,16.0,2026-10-09 19:05,23,3968.0,0.0,8.0,34.0,1,0,133400,133500,152700,152800,6500,6600,4800,4900,1900,2000,1500,1600,950,1000,750,800,20261009,21500,21600,22300,22400,750,800,700,750,150,200,200,250,80,90,100,150,20261009,2026-10-09 19:07
선릉역,POI034,서행,17.0,2026-10-09 19:05,94,11160.0,29.0,4.0,20.0,0,0,34500,34600,42600,42700,2200,2300,1200,1300,650,700,350,400,300,350,250,300,20261009,5100,5200,4700,4800,200,250,150,200,20,30,20,30,10,20,20,30,20261009,2026-10-09 19:07
성신여대입구역,POI035,서행,15.0,2026-10-09 19:05,2,38.0,,2.0,9.0,1,0,17000,17100,14700,14800,750,800,850,900,150,200,250,300,100,150,200,250,20261009,9200,9300,10500,10600,400,450,450,500,50,60,90,100,40,50,70,80,20261009,2026-10-09 19:07
수유역,POI036,서행,15.0,2026-10-09 19:05,8,802.0,,1.0,32.0,0,0,24700,24800,16900,17000,800,850,1200,1300,200,250,400,450,150,200,200,250,20261009,18100,18200,22000,22100,850,900,800,850,150,200,200,250,100,150,150,200,20261009,2026-10-09 19:07
신논현역·논현역,POI037,서행,19.0,2026-10-09 19:05,32,1053.0,,3.0,13.0,0,0,25800,25900,30100,30200,1400,1500,1400,1500,400,450,450,500,250,300,200,250,20261009,6800,6900,6700,6800,200,250,300,350,60,70,100,150,40,50,90,100,20261009,2026-10-09 19:07
신도림역,POI038,원활,37.0,2026-10-09 19:05,1,1644.0,,2.0,2.0,0,0,34500,34600,30600,30700,1200,1300,1600,1700,350,400,500,550,250,300,350,400,20261009,1800,1900,4100,4200,40,50,90,100,0,10,0,10,0,10,0,10,20261009,2026-10-09 19:07
신림역,POI039,서행,16.0,2026-10-09 19:05,2,282.0,,2.0,15.0,0,0,39500,39600,25500,25600,1200,1300,1800,1900,350,400,550,600,250,300,350,400,20261009,15800,15900,20800,20900,800,850,600,650,150,200,100,150,90,100,90,100,20261009,2026-10-09 19:07
신촌·이대역,POI040,서행,17.0,2026-10-09 19:05,25,1943.0,172.0,4.0,41.0,0,0,32800,32900,33600,33700,1600,1700,1800,1900,500,550,600,650,250,300,350,400,20261009,17900,18000,18200,18300,700,750,650,700,100,150,100,150,80,90,100,150,20261009,2026-10-09 19:07
양재역,POI041,서행,24.0,2026-10-09 19:05,16,1881.0,,2.0,27.0,0,0,19000,19100,21000,21100,850,900,700,750,200,250,200,250,150,200,150,200,20261009,9100,9200,8200,8300,250,300,200,250,60,70,50,60,30,40,30,40,20261009,2026-10-09 19:07
역삼역,POI042,서행,15.0,2026-10-09 19:05,47,7473.0,1.0,1.0,10.0,0,0,11500,11600,14900,15000,600,650,550,600,150,200,150,200,70,80,40,50,20261009,3200,3300,4200,4300,100,150,100,150,30,40,30,40,20,30,30,40,20261009,2026-10-09 19:07
연신내역,POI043,서행,16.0,2026-10-09 19:05,5,208.0,,3.0,14.0,0,0,32800,32900,25200,25300,1100,1200,1400,1500,300,350,350,400,100,150,60,70,20261009,7200,7300,7200,7300,350,400,250,300,80,90,60,70,60,70,50,60,20261009,2026-10-09 19:07
오목교역·목동운동장,POI044,서행,24.0,2026-10-09 19:05,14,5304.0,,1.0,33.0,0,0,11600,11700,12000,12100,500,550,600,650,150,200,150,200,100,150,100,150,20261009,11100,11200,13100,13200,550,600,500,550,100,150,150,200,100,150,100,150,20261009,2026-10-09 19:07
왕십리역,POI045,서행,18.0,2026-10-09 19:05,4,1478.0,,5.0,22.0,0,0,29800,29900,29200,29300,1300,1400,1600,1700,350,400,500,550,150,200,200,250,20261009,3600,3700,5000,5100,200,250,150,200,70,80,50,60,20,30,20,30,20261009,2026-10-09 19:07
용산역,POI046,서행,19.0,2026-10-09 19:05,11,5014.0,99.0,2.0,33.0,0,0,55000,55100,84800,84900,3800,3900,2900,3000,1100,1200,950,1000,550,600,400,450,20261009,10400,10500,7600,7700,500,550,250,300,250,300,90,100,150,200,50,60,20261009,2026-10-09 19:07
이태원역,POI047,정체,12.0,2026-10-09 19:05,4,66.0,,1.0,9.0,0,0,11000,11100,14700,14800,750,800,550,600,200,250,100,150,150,200,90,100,20261009,3800,3900,3500,3600,150,200,150,200,100,150,70,80,60,70,60,70,20261009,2026-10-09 19:07
장지역,POI048,서행,18.0,2026-10-09 19:05,4,10611.0,,1.0,20.0,0,0,10600,10700,9500,9600,450,500,450,500,100,150,100,150,80,90,100,150,20261009,4100,4200,4800,4900,250,300,150,200,50,60,40,50,30,40,10,20,20261009,2026-10-09 19:07
장한평역,POI049,서행,23.0,2026-10-09 19:05,15,847.0,,1.0,16.0,0,0,11000,11100,8400,8500,400,450,550,600,100,150,150,200,70,80,90,100,20261009,7300,7400,8100,8200,200,250,250,300,70,80,70,80,30,40,10,20,20261009,2026-10-09 19:07
천호역,POI050,서행,16.0,2026-10-09 19:05,14,3331.0,,2.0,12.0,0,0,26700,26800,26600,26700,1100,1200,1400,1500,350,400,500,550,200,250,350,400,20261009,3000,3100,4600,4700,150,200,200,250,60,70,70,80,50,60,60,70,20261009,2026-10-09 19:07
총신대입구(이수)역,POI051,서행,17.0,2026-10-09 19:05,7,533.0,,2.0,18.0,0,0,22700,22800,22100,22200,800,850,1200,1300,200,250,300,350,100,150,150,200,20261009,8400,8500,7700,7800,250,300,250,300,30,40,40,50,30,40,30,40,20261009,2026-10-09 19:07
충정로역,POI052,서행,24.0,2026-10-09 19:05,5,834.0,,2.0,19.0,0,0,6900,7000,6500,6600,250,300,300,350,70,80,80,90,50,60,50,60,20261009,3700,3800,3400,3500,100,150,150,200,20,30,40,50,0,10,20,30,20261009,2026-10-09 19:07
합정역,POI053,서행,19.0,2026-10-09 19:05,6,207.0,,2.0,30.0,0,0,26600,26700,36200,36300,1500,1600,1700,1800,450,500,650,700,200,250,250,300,20261009,7100,7200,8600,8700,350,400,300,350,70,80,70,80,40,50,30,40,20261009,2026-10-09 19:07
혜화역,POI054,서행,19.0,2026-10-09 19:05,24,955.0,,1.0,12.0,7,0,19800,19900,33600,33700,1700,1800,1000,1100,450,500,200,250,300,350,200,250,20261009,8000,8100,10100,10200,500,550,400,450,150,200,90,100,60,70,50,60,20261009,2026-10-09 19:07
홍대입구역(2호선),POI055,정체,13.0,2026-10-09 19:05,16,1196.0,,1.0,17.0,0,0,49600,49700,74600,74700,4000,4100,3200,3300,1200,1300,1100,1200,800,850,800,850,20261009,13600,13700,16200,16300,700,750,550,600,150,200,100,150,150,200,70,80,20261009,2026-10-09 19:07
회기역,POI056,서행,18.0,2026-10-09 19:05,21,408.0,,1.0,22.0,0,0,18200,18300,12800,12900,550,600,1000,1100,200,250,550,600,90,100,150,200,20261009,11100,11200,11300,11400,550,600,550,600,100,150,100,150,80,90,90,100,20261009,2026-10-09 19:07
가락시장,POI058,원활,25.0,2026-10-09 19:05,4,2884.0,,2.0,16.0,0,0,10600,10700,10600,10700,400,450,400,450,90,100,100,150,40,50,10,20,20261009,5200,5300,4200,4300,150,200,150,200,60,70,70,80,40,50,30,40,20261009,2026-10-09 19:07
가로수길,POI059,서행,22.0,2026-10-09 19:05,51,2767.0,155.0,2.0,14.0,0,0,24400,24500,34100,34200,1600,1700,1100,1200,450,500,300,350,300,350,250,300,20261009,4000,4100,5500,5600,100,150,150,200,30,40,40,50,20,30,30,40,20261009,2026-10-09 19:07
광장(전통)시장,POI060,서행,15.0,2026-10-09 19:05,7,103.0,6.0,1.0,11.0,0,0,18400,18500,21300,21400,950,1000,600,650,250,300,100,150,100,150,30,40,20261009,6300,6400,7100,7200,300,350,150,200,100,150,30,40,60,70,20,30,20261009,2026-10-09 19:07
김포공항,POI061,원활,29.0,2026-10-09 19:05,6,16594.0,,6.0,27.0,0,0,24500,24600,25700,25800,1300,1400,1000,1100,400,450,250,300,250,300,150,200,20261009,1700,1800,2200,2300,40,50,40,50,0,10,10,20,0,10,0,0,20261009,2026-10-09 19:07
노량진,POI063,서행,19.0,2026-10-09 19:05,11,1218.0,,3.0,22.0,1,0,31000,31100,34800,34900,1500,1600,2100,2200,400,450,600,650,200,250,200,250,20261009,14700,14800,17600,17700,850,900,550,600,150,200,100,150,150,200,90,100,20261009,2026-10-09 19:07
덕수궁길·정동길,POI064,서행,17.0,2026-10-09 19:05,10,620.0,,3.0,10.0,0,0,33900,34000,43400,43500,2400,2500,1100,1200,650,700,250,300,450,500,150,200,20261009,3200,3300,4400,4500,100,150,200,250,40,50,100,150,20,30,80,90,20261009,2026-10-09 19:07
북촌한옥마을,POI066,서행,15.0,2026-10-09 19:05,16,1756.0,,1.0,55.0,9,0,23400,23500,33200,33300,1800,1900,500,550,450,500,200,250,150,200,100,150,20261009,13600,13700,16100,16200,750,800,400,450,200,250,100,150,100,150,70,80,20261009,2026-10-09 19:07
서촌,POI067,서행,16.0,2026-10-09 19:05,9,308.0,,1.0,32.0,4,0,25300,25400,33800,33900,1600,1700,500,550,350,400,100,150,200,250,100,150,20261009,12000,12100,12900,13000,450,500,400,450,80,90,70,80,40,50,20,30,20261009,2026-10-09 19:07
성수카페거리,POI068,서행,16.0,2026-10-09 19:05,28,2824.0,,2.0,35.0,1,0,49800,49900,76300,76400,4600,4700,2400,2500,1400,1500,700,750,850,900,550,600,20261009,3600,3700,4100,4200,200,250,100,150,30,40,30,40,20,30,20,30,20261009,2026-10-09 19:07
쌍문역,POI070,서행,17.0,2026-10-09 19:05,8,345.0,,1.0,18.0,0,0,20000,20100,12000,12100,400,450,850,900,100,150,250,300,80,90,200,250,20261009,8100,8200,10900,11000,350,400,300,350,100,150,100,150,90,100,80,90,20261009,2026-10-09 19:07
압구정로데오거리,POI071,서행,17.0,2026-10-09 19:05,55,1976.0,1.0,1.0,16.0,1,0,9500,9600,15200,15300,800,850,500,550,350,400,200,250,150,200,100,150,20261009,7300,7400,8800,8900,300,350,200,250,80,90,60,70,70,80,50,60,20261009,2026-10-09 19:07
여의도,POI072,서행,22.0,2026-10-09 19:05,116,24820.0,1388.0,9.0,63.0,4,0,52400,52500,67400,67500,4000,4100,2800,2900,1300,1400,750,800,850,900,300,350,20261009,23000,23100,30500,30600,1300,1400,950,1000,300,350,200,250,200,250,150,200,20261009,2026-10-09 19:07
연남동,POI073,서행,16.0,2026-10-09 19:05,45,132.0,,0.0,20.0,0,0,,,,,,,,,,,,,,,,,,5000,5100,6000,6100,200,250,250,300,50,60,40,50,40,50,30,40,20261009,2026-10-09 19:07
영등포 타임스퀘어,POI074,서행,17.0,2026-10-09 19:05,10,1195.0,88.0,3.0,24.0,0,0,38100,38200,43200,43300,2100,2200,1600,1700,700,750,550,600,400,450,200,250,20261009,15300,15400,18300,18400,950,1000,500,550,150,200,100,150,100,150,50,60,20261009,2026-10-09 19:07
용리단길,POI076,서행,17.0,2026-10-09 19:05,0,,,3.0,7.0,0,0,24100,24200,35900,36000,1800,1900,1600,1700,450,500,400,450,200,250,200,250,20261009,3500,3600,7500,7600,200,250,350,400,70,80,150,200,50,60,100,150,20261009,2026-10-09 19:07
이태원 앤틱가구거리,POI077,서행,17.0,2026-10-09 19:05,4,51.0,,1.0,13.0,0,0,11000,11100,14700,14800,750,800,550,600,200,250,100,150,150,200,90,100,20261009,3600,3700,3900,4000,150,200,100,150,70,80,70,80,60,70,60,70,20261009,2026-10-09 19:07
인사동,POI078,정체,13.0,2026-10-09 19:05,21,2465.0,1.0,2.0,26.0,7,0,42200,42300,59500,59600,3400,3500,1400,1500,900,950,450,500,300,350,150,200,20261009,12000,12100,13000,13100,550,600,500,550,150,200,150,200,100,150,100,150,20261009,2026-10-09 19:07
창동 신경제 중심지,POI079,서행,16.0,2026-10-09 19:05,46,4927.0,46.0,4.0,55.0,5,0,45600,45700,43800,43900,1800,1900,2500,2600,450,500,950,1000,250,300,550,600,20261009,13700,13800,16100,16200,850,900,550,600,150,200,70,80,100,150,60,70,20261009,2026-10-09 19:07
청담동 명품거리,POI080,서행,19.0,2026-10-09 19:05,16,910.0,,1.0,10.0,0,0,9500,9600,15200,15300,800,850,500,550,350,400,200,250,150,200,100,150,20261009,3100,3200,3600,3700,150,200,80,90,60,70,30,40,50,60,20,30,20261009,2026-10-09 19:07
청량리 제기동 일대 전통시장,POI081,서행,18.0,2026-10-09 19:05,12,2214.0,,2.0,23.0,0,0,33800,33900,33600,33700,1000,1100,900,950,250,300,300,350,100,150,90,100,20261009,26000,26100,24200,24300,850,900,400,450,200,250,100,150,100,150,60,70,20261009,2026-10-09 19:07
해방촌·경리단길,POI082,원활,28.0,2026-10-09 19:05,4,273.0,,0.0,26.0,1,0,,,,,,,,,,,,,,,,,,7000,7100,7900,8000,350,400,350,400,150,200,150,200,70,80,100,150,20261009,2026-10-09 19:07
DDP(동대문디자인플라자),POI083,정체,14.0,2026-10-09 19:05,9,2596.0,129.0,3.0,11.0,5,0,29200,29300,31400,31500,1800,1900,1200,1300,500,550,350,400,350,400,250,300,20261009,3100,3200,3700,3800,100,150,100,150,10,20,10,20,0,10,0,0,20261009,2026-10-09 19:07
DMC(디지털미디어시티),POI084,서행,19.0,2026-10-09 19:05,25,9176.0,,4.0,68.0,0,0,15200,15300,12800,12900,600,650,700,750,150,200,200,250,100,150,150,200,20261009,5600,5700,6700,6800,200,250,200,250,50,60,50,60,30,40,20,30,20261009,2026-10-09 19:07
강서한강공원,POI085,원활,47.0,2026-10-09 19:05,2,106.0,44.0,0.0,1.0,0,0,,,,,,,,,,,,,,,,,,0,0,0,0,0,0,0,0,0,0,0,0,0,0,0,0,20261009,2026-10-09 19:07
고척돔,POI086,원활,26.0,2026-10-09 19:05,0,,,1.0,3.0,4,0,4400,4500,3000,3100,90,100,200,250,30,40,100,150,10,20,20,30,20261009,2100,2200,2000,2100,70,80,90,100,10,20,10,20,0,10,10,20,20261009,2026-10-09 19:07
광나루한강공원,POI087,원활,56.0,2026-10-09 19:05,4,718.0,359.0,0.0,0.0,0,0,,,,,,,,,,,,,,,,,,,,,,,,,,,,,,,,,,,2026-10-09 19:07
광화문광장,POI088,서행,17.0,2026-10-09 19:05,3,2932.0,503.0,2.0,12.0,5,0,48000,48100,67500,67600,3400,3500,1100,1200,850,900,250,300,550,600,200,250,20261009,12000,12100,12600,12700,600,650,400,450,150,200,100,150,100,150,80,90,20261009,2026-10-09 19:07
국립중앙박물관·용산가족공원,POI089,원활,32.0,2026-10-09 19:05,4,931.0,,3.0,3.0,3,0,20200,20300,22000,22100,800,850,400,450,200,250,90,100,100,150,60,70,20261009,1100,1200,1000,1100,90,100,10,20,0,0,0,0,0,0,0,0,20261009,2026-10-09 19:07
난지한강공원,POI090,원활,43.0,2026-10-09 19:05,4,1240.0,0.0,0.0,7.0,0,0,,,,,,,,,,,,,,,,,,80,90,50,60,0,10,0,0,0,0,0,0,0,0,0,0,20261009,2026-10-09 19:07
남산공원,POI091,원활,26.0,2026-10-09 19:05,33,2148.0,26.0,5.0,37.0,6,0,53700,53800,77600,77700,4100,4200,2900,3000,1100,1200,750,800,550,600,350,400,20261009,15100,15200,16600,16700,600,650,700,750,250,300,200,250,150,200,200,250,20261009,2026-10-09 19:07
노들섬,POI092,원활,39.0,2026-10-09 19:05,1,99.0,,0.0,4.0,4,0,,,,,,,,,,,,,,,,,,3300,3400,7200,7300,450,500,800,850,100,150,250,300,100,150,250,300,20261009,2026-10-09 19:07
뚝섬한강공원,POI093,원활,49.0,2026-10-09 19:05,8,1342.0,671.0,1.0,1.0,1,0,8800,8900,18500,18600,800,850,2800,2900,250,300,600,650,200,250,500,550,20261009,0,0,0,0,0,0,0,0,0,0,0,0,0,0,0,0,20261009,2026-10-09 19:07
망원한강공원,POI094,원활,31.0,2026-10-09 19:05,2,458.0,0.0,2.0,10.0,0,0,26600,26700,36200,36300,1500,1600,1700,1800,450,500,650,700,200,250,250,300,20261009,5000,5100,6300,6400,200,250,200,250,40,50,50,60,20,30,10,20,20261009,2026-10-09 19:07
반포한강공원,POI095,원활,35.0,2026-10-09 19:05,9,1483.0,9.0,0.0,6.0,0,0,,,,,,,,,,,,,,,,,,250,300,650,700,30,40,50,60,0,0,0,0,0,0,0,0,20261009,2026-10-09 19:07
북서울꿈의숲,POI096,서행,21.0,2026-10-09 19:05,3,549.0,,0.0,17.0,1,0,,,,,,,,,,,,,,,,,,1900,2000,1200,1300,50,60,40,50,10,20,0,10,10,20,0,10,20261009,2026-10-09 19:07
서리풀공원·몽마르뜨공원,POI098,원활,26.0,2026-10-09 19:05,0,,,4.0,7.0,0,0,78700,78800,94400,94500,3800,3900,3200,3300,1100,1200,1000,1100,800,850,500,550,20261009,14000,14100,14100,14200,500,550,400,450,100,150,100,150,80,90,80,90,20261009,2026-10-09 19:07
서울대공원,POI100,원활,29.0,2026-10-09 19:05,0,,,1.0,0.0,0,0,9400,9500,12500,12600,950,1000,40,50,300,350,10,20,150,200,10,20,20261009,,,,,,,,,,,,,,,,,,2026-10-09 19:07
서울숲공원,POI101,원활,35.0,2026-10-09 19:05,2,996.0,,1.0,9.0,2,0,9400,9500,12800,12900,700,750,250,300,250,300,90,100,150,200,40,50,20261009,1300,1400,1900,2000,100,150,40,50,10,20,10,20,0,10,0,0,20261009,2026-10-09 19:07
아차산,POI102,원활,32.0,2026-10-09 19:05,0,,,0.0,3.0,0,0,,,,,,,,,,,,,,,,,,150,200,30,40,0,0,0,0,0,0,0,0,0,0,0,0,20261009,2026-10-09 19:07
양화한강공원,POI103,원활,36.0,2026-10-09 19:05,6,1002.0,411.0,0.0,5.0,0,0,,,,,,,,,,,,,,,,,,150,200,300,350,30,40,10,20,0,0,0,10,0,0,0,0,20261009,2026-10-09 19:07
어린이대공원,POI104,서행,17.0,2026-10-09 19:05,4,945.0,,2.0,9.0,4,0,23500,23600,22000,22100,1100,1200,800,850,300,350,200,250,200,250,100,150,20261009,2100,2200,2100,2200,100,150,100,150,40,50,30,40,40,50,30,40,20261009,2026-10-09 19:07
여의도한강공원,POI105,원활,34.0,2026-10-09 19:05,6,2866.0,1307.0,1.0,3.0,0,0,10800,10900,20800,20900,1500,1600,950,1000,550,600,250,300,350,400,70,80,20261009,1200,1300,1500,1600,100,150,40,50,10,20,10,20,10,20,0,10,20261009,2026-10-09 19:07
월드컵공원,POI106,원활,28.0,2026-10-09 19:05,9,3537.0,,4.0,34.0,0,0,22400,22500,21700,21800,950,1000,700,750,250,300,200,250,100,150,150,200,20261009,4500,4600,4100,4200,200,250,100,150,40,50,20,30,40,50,10,20,20261009,2026-10-09 19:07
응봉산,POI107,서행,24.0,2026-10-09 19:05,3,88.0,,1.0,24.0,0,0,1500,1600,900,950,40,50,60,70,0,10,10,20,0,10,0,0,20261009,2200,2300,1500,1600,50,60,80,90,0,10,20,30,0,0,0,10,20261009,2026-10-09 19:07
이촌한강공원,POI108,원활,38.0,2026-10-09 19:05,2,514.0,0.0,0.0,4.0,1,0,,,,,,,,,,,,,,,,,,40,50,200,250,0,10,0,10,0,10,0,10,0,10,0,10,20261009,2026-10-09 19:07
잠실종합운동장,POI109,원활,25.0,2026-10-09 19:05,1,876.0,,2.0,4.0,0,0,8200,8300,9200,9300,1300,1400,300,350,400,450,90,100,200,250,60,70,20261009,450,500,650,700,20,30,10,20,0,10,0,10,0,0,0,10,20261009,2026-10-09 19:07
잠실한강공원,POI110,원활,37.0,2026-10-09 19:05,4,1326.0,262.0,1.0,9.0,0,0,7700,7800,6200,6300,250,300,300,350,70,80,100,150,30,40,30,40,20261009,300,350,950,1000,30,40,40,50,0,10,0,10,0,10,0,10,20261009,2026-10-09 19:07
잠원한강공원,POI111,원활,35.0,2026-10-09 19:05,3,1540.0,0.0,0.0,5.0,0,0,,,,,,,,,,,,,,,,,,800,850,1100,1200,40,50,40,50,10,20,20,30,10,20,10,20,20261009,2026-10-09 19:07
청계산,POI112,원활,50.0,2026-10-09 19:05,0,,,0.0,9.0,0,0,,,,,,,,,,,,,,,,,,70,80,80,90,0,0,0,0,0,0,0,0,0,0,0,0,20261009,2026-10-09 19:07
북창동 먹자골목,POI114,정체,13.0,2026-10-09 19:05,20,552.0,0.0,0.0,11.0,0,0,,,,,,,,,,,,,,,,,,11500,11600,10900,11000,450,500,150,200,100,150,60,70,50,60,50,60,20261009,2026-10-09 19:07
남대문시장,POI115,정체,13.0,2026-10-09 19:05,16,1456.0,4.0,1.0,7.0,0,0,,,,,,,,,,,,,,,,,,8400,8500,9200,9300,300,350,100,150,90,100,50,60,50,60,40,50,20261009,2026-10-09 19:07
익선동,POI116,정체,12.0,2026-10-09 19:05,10,187.0,1.0,3.0,11.0,1,0,38500,38600,55400,55500,3000,3100,2200,2300,850,900,600,650,600,650,300,350,20261009,6200,6300,6800,6900,300,350,250,300,100,150,80,90,70,80,50,60,20261009,2026-10-09 19:07
신정네거리역,POI117,서행,19.0,2026-10-09 19:05,3,119.0,,1.0,9.0,0,0,,,,,,,,,,,,,,,,,,,,,,,,,,,,,,,,,,,2026-10-09 19:07
잠실새내역,POI118,서행,16.0,2026-10-09 19:05,31,1541.0,,1.0,18.0,0,0,13600,13700,11900,12000,650,700,450,500,200,250,70,80,100,150,50,60,20261009,5100,5200,6000,6100,150,200,200,250,30,40,40,50,20,30,30,40,20261009,2026-10-09 19:07
잠실역,POI119,서행,17.0,2026-10-09 19:05,5,6749.0,308.0,2.0,21.0,0,0,,,,,,,,,,,,,,,,,,14700,14800,20200,20300,850,900,500,550,200,250,100,150,100,150,80,90,20261009,2026-10-09 19:07
잠실롯데타워·석촌호수,POI120,서행,16.0,2026-10-09 19:05,33,9281.0,308.0,3.0,0.0,3,0,,,,,,,,,,,,,,,,,,,,,,,,,,,,,,,,,,,2026-10-09 19:07
송리단길·호수단길,POI121,서행,16.0,2026-10-09 19:05,21,878.0,,1.0,15.0,0,0,5100,5200,6800,6900,200,250,400,450,70,80,100,150,30,40,80,90,20261009,4800,4900,6700,6800,200,250,250,300,50,60,60,70,30,40,50,60,20261009,2026-10-09 19:07
신촌 스타광장,POI122,서행,15.0,2026-10-09 19:05,4,235.0,,1.0,4.0,0,0,,,,,,,,,,,,,,,,,,4900,5000,5400,5500,150,200,150,200,20,30,20,30,20,30,20,30,20261009,2026-10-09 19:07
보라매공원,POI123,서행,15.0,2026-10-09 19:05,1,78.0,,2.0,5.0,0,0,3900,4000,3900,4000,150,200,150,200,30,40,40,50,30,40,40,50,20261009,80,90,150,200,10,20,0,10,0,0,0,0,0,0,0,0,20261009,2026-10-09 19:07
서대문독립공원,POI124,서행,23.0,2026-10-09 19:05,2,150.0,,1.0,18.0,0,0,6900,7000,7500,7600,200,250,200,250,60,70,70,80,30,40,40,50,20261009,5000,5100,4000,4100,150,200,100,150,30,40,30,40,20,30,10,20,20261009,2026-10-09 19:07
안양천,POI125,원활,39.0,2026-10-09 19:05,1,294.0,,0.0,1.0,0,0,,,,,,,,,,,,,,,,,,30,40,0,10,0,0,0,0,0,0,0,0,0,0,0,0,20261009,2026-10-09 19:07
여의서로,POI126,원활,30.0,2026-10-09 19:05,2,168.0,38.0,0.0,0.0,0,0,,,,,,,,,,,,,,,,,,,,,,,,,,,,,,,,,,,2026-10-09 19:07
올림픽공원,POI127,서행,24.0,2026-10-09 19:05,4,2716.0,,4.0,17.0,8,0,,,,,,,,,,,,,,,,,,3400,3500,4100,4200,150,200,100,150,30,40,20,30,20,30,20,30,20261009,2026-10-09 19:07
홍제폭포,POI128,원활,32.0,2026-10-09 19:05,0,,,0.0,0.0,0,0,,,,,,,,,,,,,,,,,,,,,,,,,,,,,,,,,,,2026-10-09 19:07
송현녹지광장,POI129,정체,14.0,2026-10-09 19:05,4,1546.0,,1.0,25.0,8,0,23400,23500,33200,33300,1800,1900,500,550,450,500,200,250,150,200,100,150,20261009,11500,11600,13000,13100,600,650,300,350,150,200,100,150,90,100,60,70,20261009,2026-10-09 19:07
시의회 앞,POI130,서행,16.0,2026-10-09 19:05,9,1723.0,,3.0,25.0,6,0,60700,60800,91200,91300,4900,5000,1900,2000,1300,1400,450,500,850,900,250,300,20261009,15000,15100,19700,19800,900,950,700,750,350,400,300,350,250,300,200,250,20261009,2026-10-09 19:07
강남 MICE 관광특구,POI001,서행,17.0,2026-10-09 20:05,3,4428.0,,2.0,6.0,1,0,33500,33600,41600,41700,1800,1900,650,700,550,600,150,200,300,350,100,150,20261009,3400,3500,3800,3900,200,250,100,150,70,80,40,50,40,50,10,20,20261009,2026-10-09 20:07
동대문 관광특구,POI002,서행,18.0,2026-10-09 20:05,47,8302.0,125.0,7.0,32.0,7,0,81600,81700,84400,84500,3100,3200,2100,2200,850,900,650,700,550,600,400,450,20261009,11300,11400,10100,10200,450,500,350,400,150,200,100,150,100,150,40,50,20261009,2026-10-09 20:07
명동 관광특구,POI003,서행,16.0,2026-10-09 20:05,93,12070.0,7.0,7.0,54.0,7,2,158800,158900,202900,203000,8400,8500,4000,4100,2400,2500,900,950,1300,1400,400,450,20261009,37400,37500,39300,39400,1600,1700,1000,1100,550,600,350,400,250,300,150,200,20261009,2026-10-09 20:07
이태원 관광특구,POI004,서행,19.0,2026-10-09 20:05,8,853.0,,3.0,17.0,0,0,24500,24600,35900,36000,1400,1500,1000,1100,350,400,250,300,200,250,200,250,20261009,8000,8100,8100,8200,450,500,350,400,150,200,100,150,70,80,50,60,20261009,2026-10-09 20:07
잠실 관광특구,POI005,서행,20.0,2026-10-09 20:05,37,11997.0,282.0,6.0,50.0,11,0,91900,92000,115900,116000,4900,5000,3100,3200,1600,1700,750,800,1000,1100,450,500,20261009,18700,18800,22600,22700,1100,1200,650,700,450,500,250,300,300,350,150,200,20261009,2026-10-09 20:07
종로·청계 관광특구,POI006,서행,16.0,2026-10-09 20:05,48,2496.0,40.0,10.0,62.0,0,0,168500,168600,201400,201500,8100,8200,3600,3700,2300,2400,1000,1100,1300,1400,550,600,20261009,33300,33400,34100,34200,1700,1800,1000,1100,600,650,350,400,300,350,200,250,20261009,2026-10-09 20:07
홍대 관광특구,POI007,정체,14.0,2026-10-09 20:05,51,3098.0,,8.0,70.0,0,0,124700,124800,168300,168400,7300,7400,5600,5700,2100,2200,1700,1800,1200,1300,1100,1200,20261009,27000,27100,29600,29700,1400,1500,1200,1300,550,600,400,450,300,350,150,200,20261009,2026-10-09 20:07
경복궁,POI008,서행,18.0,2026-10-09 20:05,2,267.0,,1.0,11.0,4,0,27600,27700,34600,34700,1000,1100,300,350,250,300,70,80,100,150,20,30,20261009,1500,1600,1600,1700,50,60,30,40,10,20,0,10,0,10,0,10,20261009,2026-10-09 20:07
광화문·덕수궁,POI009,서행,17.0,2026-10-09 20:05,29,7988.0,381.0,4.0,41.0,13,1,96300,96400,128900,129000,4700,4800,1500,1600,1300,1400,350,400,850,900,200,250,20261009,30900,31000,33700,33800,1500,1600,850,900,600,650,300,350,250,300,100,150,20261009,2026-10-09 20:07
보신각,POI010,서행,15.0,2026-10-09 20:05,14,2572.0,7.0,1.0,14.0,1,0,21900,22000,27200,27300,1500,1600,400,450,450,500,100,150,150,200,30,40,20261009,8700,8800,9100,9200,450,500,250,300,150,200,90,100,70,80,50,60,20261009,2026-10-09 20:07
서울 암사동 유적,POI011,서행,23.0,2026-10-09 20:05,1,108.0,,0.0,3.0,0,0,,,,,,,,,,,,,,,,,,90,100,40,50,0,0,0,0,0,0,0,0,0,0,0,0,20261009,2026-10-09 20:07
창덕궁·종묘,POI012,서행,17.0,2026-10-09 20:05,16,3155.0,568.0,4.0,19.0,2,0,64600,64700,81000,81100,3600,3700,1800,1900,1000,1100,450,500,600,650,250,300,20261009,5400,5500,5900,6000,150,200,100,150,90,100,50,60,30,40,20,30,20261009,2026-10-09 20:07
가산디지털단지역,POI013,서행,22.0,2026-10-09 20:05,20,8291.0,,2.0,71.0,0,0,18900,19000,18700,18800,650,700,550,600,200,250,200,250,100,150,100,150,20261009,7000,7100,8500,8600,350,400,150,200,100,150,70,80,80,90,40,50,20261009,2026-10-09 20:07
강남역,POI014,서행,18.0,2026-10-09 20:05,95,7876.0,,4.0,55.0,0,0,65500,65600,80300,80400,3000,3100,2500,2600,900,950,700,750,550,600,400,450,20261009,24700,24800,22800,22900,950,1000,1000,1100,300,350,300,350,100,150,150,200,20261009,2026-10-09 20:07
건대입구역,POI015,서행,18.0,2026-10-09 20:05,23,6603.0,,2.0,11.0,3,0,35800,35900,41700,41800,1800,1900,1900,2000,500,550,400,450,250,300,100,150,20261009,4200,4300,5700,5800,250,300,250,300,70,80,100,150,40,50,50,60,20261009,2026-10-09 20:07
고덕역,POI016,원활,25.0,2026-10-09 20:05,15,1615.0,,1.0,5.0,0,0,6000,6100,4900,5000,100,150,200,250,30,40,90,100,20,30,0,10,20261009,1400,1500,1300,1400,90,100,50,60,20,30,10,20,20,30,10,20,20261009,2026-10-09 20:07
고속터미널역,POI017,서행,19.0,2026-10-09 20:05,3,4291.0,,3.0,10.0,0,0,78600,78700,92900,93000,3200,3300,2400,2500,950,1000,750,800,600,650,450,500,20261009,16300,16400,16200,16300,700,750,450,500,250,300,150,200,150,200,80,90,20261009,2026-10-09 20:07
교대역,POI018,서행,19.0,2026-10-09 20:05,14,760.0,,2.0,13.0,0,0,17600,17700,18800,18900,800,850,550,600,250,300,150,200,150,200,100,150,20261009,3100,3200,2200,2300,100,150,80,90,40,50,30,40,10,20,10,20,20261009,2026-10-09 20:07
구로디지털단지역,POI019,서행,18.0,2026-10-09 20:05,20,6911.0,,1.0,29.0,0,0,31600,31700,23600,23700,700,750,1100,1200,200,250,300,350,100,150,300,350,20261009,5900,6000,3900,4000,350,400,200,250,100,150,80,90,80,90,50,60,20261009,2026-10-09 20:07
구로역,POI020,원활,26.0,2026-10-09 20:05,3,1047.0,,1.0,5.0,0,0,12500,12600,11800,11900,300,350,350,400,100,150,150,200,50,60,80,90,20261009,1500,1600,2100,2200,60,70,40,50,20,30,10,20,20,30,0,10,20261009,2026-10-09 20:07
군자역,POI021,서행,16.0,2026-10-09 20:05,11,573.0,,2.0,16.0,0,0,18700,18800,15700,15800,700,750,850,900,200,250,250,300,70,80,100,150,20261009,4000,4100,4500,4600,250,300,200,250,100,150,90,100,40,50,40,50,20261009,2026-10-09 20:07
대림역,POI023,서행,17.0,2026-10-09 20:05,4,221.0,,2.0,29.0,0,0,24200,24300,20700,20800,500,550,750,800,150,200,250,300,90,100,150,200,20261009,5700,5800,6600,6700,200,250,150,200,80,90,50,60,50,60,40,50,20261009,2026-10-09 20:07
동대문역,POI024,서행,19.0,2026-10-09 20:05,17,892.0,0.0,2.0,7.0,0,0,32500,32600,34000,34100,1000,1100,500,550,250,300,150,200,150,200,100,150,20261009,4700,4800,4800,4900,100,150,100,150,50,60,30,40,20,30,20,30,20261009,2026-10-09 20:07
뚝섬역,POI025,서행,20.0,2026-10-09 20:05,9,767.0,,1.0,4.0,1,0,14600,14700,17600,17700,950,1000,500,550,250,300,150,200,100,150,90,100,20261009,1900,2000,1800,1900,100,150,50,60,40,50,10,20,10,20,0,0,20261009,2026-10-09 20:07
미아사거리역,POI026,서행,18.0,2026-10-09 20:05,11,1409.0,,1.0,29.0,0,0,18600,18700,15100,15200,450,500,700,750,100,150,200,250,70,80,50,60,20261009,20400,20500,20400,20500,1000,1100,650,700,350,400,200,250,250,300,90,100,20261009,2026-10-09 20:07
발산역,POI027,서행,17.0,2026-10-09 20:05,13,2880.0,,1.0,37.0,0,0,13000,13100,14400,14500,500,550,500,550,150,200,200,250,100,150,100,150,20261009,6300,6400,7000,7100,300,350,250,300,100,150,70,80,80,90,20,30,20261009,2026-10-09 20:07
사당역,POI029,서행,16.0,2026-10-09 20:05,13,520.0,,2.0,17.0,1,0,45900,46000,46200,46300,1700,1800,2200,2300,450,500,700,750,300,350,400,450,20261009,5600,5700,7300,7400,250,300,300,350,100,150,100,150,100,150,70,80,20261009,2026-10-09 20:07
삼각지역,POI030,서행,24.0,2026-10-09 20:05,0,,,2.0,7.0,0,0,11200,11300,13700,13800,600,650,400,450,200,250,100,150,90,100,50,60,20261009,6000,6100,5600,5700,300,350,300,350,100,150,100,150,60,70,70,80,20261009,2026-10-09 20:07
서울대입구역,POI031,서행,19.0,2026-10-09 20:05,2,52.0,,1.0,15.0,0,0,31400,31500,23300,23400,650,700,1300,1400,150,200,300,350,70,80,30,40,20261009,16000,16100,17700,17800,700,750,550,600,200,250,200,250,100,150,90,100,20261009,2026-10-09 20:07
서울식물원·마곡나루역,POI032,서행,17.0,2026-10-09 20:05,2,2651.0,,2.0,15.0,3,0,17100,17200,16900,17000,550,600,500,550,150,200,150,200,90,100,70,80,20261009,1800,1900,2100,2200,90,100,60,70,30,40,20,30,10,20,10,20,20261009,2026-10-09 20:07
서울역,POI033,서행,20.0,2026-10-09 20:05,23,3968.0,0.0,8.0,34.0,1,0,145600,145700,161900,162000,6200,6300,4500,4600,1400,1500,1200,1300,650,700,650,700,20261009,23600,23700,24400,24500,900,950,950,1000,350,400,400,450,150,200,150,200,20261009,2026-10-09 20:07
선릉역,POI034,서행,19.0,2026-10-09 20:05,94,11160.0,28.0,4.0,20.0,0,0,38200,38300,44600,44700,1700,1800,900,950,500,550,300,350,200,250,100,150,20261009,5600,5700,5200,5300,200,250,150,200,70,80,60,70,40,50,30,40,20261009,2026-10-09 20:07
성신여대입구역,POI035,서행,15.0,2026-10-09 20:05,2,38.0,,2.0,9.0,1,0,18200,18300,16300,16400,500,550,700,750,150,200,250,300,100,150,150,200,20261009,10600,10700,11700,11800,600,650,450,500,200,250,150,200,100,150,90,100,20261009,2026-10-09 20:07
수유역,POI036,서행,16.0,2026-10-09 20:05,8,802.0,,1.0,32.0,0,0,26000,26100,19300,19400,550,600,1100,1200,150,200,500,550,80,90,150,200,20261009,20400,20500,24100,24200,900,950,900,950,300,350,300,350,150,200,150,200,20261009,2026-10-09 20:07
신논현역·논현역,POI037,서행,18.0,2026-10-09 20:05,32,1053.0,,3.0,13.0,0,0,28600,28700,32700,32800,1400,1500,1100,1200,400,450,350,400,250,300,200,250,20261009,7500,7600,7700,7800,250,300,450,500,100,150,150,200,60,70,90,100,20261009,2026-10-09 20:07
신도림역,POI038,원활,28.0,2026-10-09 20:05,1,1644.0,,2.0,2.0,0,0,36700,36800,33200,33300,950,1000,1200,1300,250,300,400,450,150,200,250,300,20261009,1900,2000,4300,4400,40,50,80,90,20,30,10,20,0,10,10,20,20261009,2026-10-09 20:07
신림역,POI039,정체,14.0,2026-10-09 20:05,2,282.0,,2.0,15.0,0,0,41500,41600,29600,29700,950,1000,2000,2100,250,300,600,650,150,200,350,400,20261009,18300,18400,22600,22700,1000,1100,700,750,350,400,250,300,200,250,100,150,20261009,2026-10-09 20:07
신촌·이대역,POI040,서행,17.0,2026-10-09 20:05,25,1943.0,165.0,4.0,41.0,0,0,35700,35800,37000,37100,1300,1400,1500,1600,400,450,600,650,200,250,300,350,20261009,20400,20500,20200,20300,950,1000,800,850,300,350,250,300,150,200,100,150,20261009,2026-10-09 20:07
양재역,POI041,원활,25.0,2026-10-09 20:05,16,1881.0,,2.0,27.0,0,0,20800,20900,22300,22400,950,1000,600,650,250,300,200,250,150,200,100,150,20261009,10100,10200,9000,9100,400,450,300,350,100,150,100,150,80,90,70,80,20261009,2026-10-09 20:07
역삼역,POI042,서행,18.0,2026-10-09 20:05,47,7473.0,1.0,1.0,10.0,0,0,12600,12700,15700,15800,450,500,400,450,100,150,100,150,40,50,70,80,20261009,3600,3700,4700,4800,100,150,150,200,20,30,50,60,10,20,20,30,20261009,2026-10-09 20:07
연신내역,POI043,서행,17.0,2026-10-09 20:05,5,208.0,,3.0,14.0,0,0,34700,34800,28400,28500,900,950,1600,1700,200,250,450,500,80,90,150,200,20261009,8200,8300,7900,8000,450,500,250,300,150,200,100,150,80,90,60,70,20261009,2026-10-09 20:07
오목교역·목동운동장,POI044,원활,25.0,2026-10-09 20:05,14,5304.0,,1.0,33.0,0,0,12600,12700,13000,13100,400,450,450,500,100,150,150,200,70,80,100,150,20261009,12600,12700,14300,14400,600,650,500,550,200,250,150,200,100,150,60,70,20261009,2026-10-09 20:07
왕십리역,POI045,서행,17.0,2026-10-09 20:05,4,1478.0,,5.0,22.0,0,0,32500,32600,32400,32500,1300,1400,1400,1500,450,500,500,550,250,300,200,250,20261009,4100,4200,5400,5500,200,250,100,150,70,80,50,60,60,70,30,40,20261009,2026-10-09 20:07
용산역,POI046,서행,21.0,2026-10-09 20:05,11,5014.0,98.0,2.0,33.0,0,0,62100,62200,89000,89100,3300,3400,1800,1900,1200,1300,450,500,650,700,200,250,20261009,12000,12100,8400,8500,650,700,300,350,250,300,100,150,100,150,60,70,20261009,2026-10-09 20:07
이태원역,POI047,서행,15.0,2026-10-09 20:05,4,66.0,,1.0,9.0,0,0,12200,12300,16100,16200,550,600,700,750,100,150,150,200,90,100,150,200,20261009,4300,4400,4000,4100,250,300,250,300,100,150,100,150,20,30,30,40,20261009,2026-10-09 20:07
장지역,POI048,서행,20.0,2026-10-09 20:05,4,10611.0,,1.0,20.0,0,0,11300,11400,10200,10300,250,300,300,350,70,80,150,200,40,50,70,80,20261009,4700,4800,5000,5100,200,250,100,150,80,90,30,40,30,40,10,20,20261009,2026-10-09 20:07
장한평역,POI049,원활,25.0,2026-10-09 20:05,15,847.0,,1.0,16.0,0,0,11900,12000,9300,9400,300,350,400,450,70,80,150,200,50,60,100,150,20261009,8400,8500,8900,9000,400,450,300,350,150,200,150,200,100,150,80,90,20261009,2026-10-09 20:07
천호역,POI050,서행,18.0,2026-10-09 20:05,14,3331.0,,2.0,12.0,0,0,28800,28900,29000,29100,1000,1100,1100,1200,300,350,250,300,200,250,100,150,20261009,3500,3600,5000,5100,200,250,150,200,70,80,60,70,40,50,30,40,20261009,2026-10-09 20:07
총신대입구(이수)역,POI051,서행,17.0,2026-10-09 20:05,7,533.0,,2.0,18.0,0,0,24200,24300,24100,24200,700,750,900,950,200,250,250,300,90,100,150,200,20261009,9400,9500,8400,8500,450,500,300,350,100,150,100,150,70,80,70,80,20261009,2026-10-09 20:07
충정로역,POI052,원활,26.0,2026-10-09 20:05,5,834.0,,2.0,19.0,0,0,7500,7600,7000,7100,250,300,200,250,50,60,60,70,30,40,30,40,20261009,4100,4200,3800,3900,150,200,150,200,60,70,60,70,30,40,10,20,20261009,2026-10-09 20:07
합정역,POI053,서행,20.0,2026-10-09 20:05,6,207.0,,2.0,30.0,0,0,30000,30100,39600,39700,1600,1700,1400,1500,500,550,400,450,200,250,200,250,20261009,8100,8200,9700,9800,350,400,400,450,100,150,100,150,60,70,40,50,20261009,2026-10-09 20:07
혜화역,POI054,서행,20.0,2026-10-09 20:05,24,955.0,,1.0,12.0,7,0,23000,23100,35200,35300,1500,1600,650,700,500,550,200,250,350,400,100,150,20261009,9300,9400,11000,11100,550,600,350,400,150,200,100,150,100,150,60,70,20261009,2026-10-09 20:07
홍대입구역(2호선),POI055,정체,13.0,2026-10-09 20:05,16,1196.0,,1.0,17.0,0,0,56900,57000,80600,80700,3500,3600,2600,2700,1000,1100,850,900,650,700,650,700,20261009,15700,15800,17700,17800,850,900,600,650,350,400,200,250,200,250,90,100,20261009,2026-10-09 20:07
회기역,POI056,서행,20.0,2026-10-09 20:05,21,408.0,,1.0,22.0,0,0,19200,19300,14500,14600,450,500,850,900,150,200,300,350,90,100,150,200,20261009,12500,12600,12500,12600,600,650,450,500,200,250,150,200,100,150,90,100,20261009,2026-10-09 20:07
가락시장,POI058,원활,26.0,2026-10-09 20:05,4,2884.0,,2.0,16.0,0,0,11200,11300,11400,11500,250,300,350,400,70,80,100,150,40,50,70,80,20261009,5600,5700,4600,4700,150,200,150,200,60,70,50,60,30,40,20,30,20261009,2026-10-09 20:07
가로수길,POI059,원활,25.0,2026-10-09 20:05,51,2767.0,147.0,2.0,14.0,0,0,27400,27500,35900,36000,1300,1400,700,750,350,400,150,200,250,300,100,150,20261009,4600,4700,6200,6300,250,300,200,250,100,150,80,90,50,60,40,50,20261009,2026-10-09 20:07
광장(전통)시장,POI060,서행,17.0,2026-10-09 20:05,7,103.0,6.0,1.0,11.0,0,0,20300,20400,22000,22100,850,900,300,350,250,300,100,150,90,100,30,40,20261009,7000,7100,7600,7700,250,300,150,200,100,150,50,60,50,60,20,30,20261009,2026-10-09 20:07
김포공항,POI061,원활,29.0,2026-10-09 20:05,6,16594.0,,6.0,27.0,0,0,26800,26900,27000,27100,1100,1200,500,550,300,350,100,150,150,200,100,150,20261009,1900,2000,2300,2400,80,90,40,50,20,30,10,20,0,10,0,10,20261009,2026-10-09 20:07
노량진,POI063,서행,21.0,2026-10-09 20:05,11,1218.0,,3.0,22.0,1,0,34400,34500,38500,38600,1800,1900,1600,1700,600,650,500,550,350,400,400,450,20261009,16900,17000,19300,19400,950,1000,700,750,300,350,300,350,150,200,100,150,20261009,2026-10-09 20:07
덕수궁길·정동길,POI064,서행,19.0,2026-10-09 20:05,10,620.0,,3.0,10.0,0,0,38000,38100,45200,45300,1800,1900,800,850,500,550,200,250,300,350,100,150,20261009,3500,3600,4800,4900,100,150,150,200,40,50,60,70,10,20,20,30,20261009,2026-10-09 20:07
북촌한옥마을,POI066,서행,17.0,2026-10-09 20:05,16,1756.0,,1.0,55.0,9,0,26000,26100,33700,33800,1200,1300,200,250,300,350,50,60,100,150,10,20,20261009,15500,15600,16900,17000,700,750,250,300,250,300,100,150,100,150,40,50,20261009,2026-10-09 20:07
서촌,POI067,서행,18.0,2026-10-09 20:05,9,308.0,,1.0,32.0,4,0,27600,27700,34600,34700,1000,1100,300,350,250,300,70,80,100,150,20,30,20261009,13300,13400,13800,13900,500,550,300,350,150,200,100,150,50,60,30,40,20261009,2026-10-09 20:07
성수카페거리,POI068,서행,16.0,2026-10-09 20:05,28,2824.0,,2.0,35.0,1,0,58300,58400,79600,79700,4000,4100,1400,1500,1200,1300,350,400,650,700,200,250,20261009,4200,4300,4500,4600,200,250,100,150,80,90,50,60,40,50,40,50,20261009,2026-10-09 20:07
쌍문역,POI070,서행,19.0,2026-10-09 20:05,8,345.0,,1.0,18.0,0,0,20800,20900,13700,13800,350,400,750,800,100,150,200,250,70,80,150,200,20261009,9200,9300,11700,11800,450,500,350,400,150,200,100,150,100,150,80,90,20261009,2026-10-09 20:07
압구정로데오거리,POI071,서행,18.0,2026-10-09 20:05,55,1976.0,1.0,1.0,16.0,1,0,11100,11200,15900,16000,750,800,300,350,300,350,90,100,150,200,50,60,20261009,8500,8600,9500,9600,500,550,250,300,100,150,90,100,100,150,40,50,20261009,2026-10-09 20:07
여의도,POI072,서행,24.0,2026-10-09 20:05,116,24820.0,1324.0,9.0,63.0,4,0,60000,60100,72100,72200,3500,3600,2100,2200,1000,1100,700,750,600,650,350,400,20261009,27300,27400,33300,33400,1800,1900,1100,1200,650,700,450,500,250,300,200,250,20261009,2026-10-09 20:07
연남동,POI073,서행,17.0,2026-10-09 20:05,45,132.0,,0.0,20.0,0,0,,,,,,,,,,,,,,,,,,5600,5700,6700,6800,200,250,200,250,90,100,90,100,50,60,30,40,20261009,2026-10-09 20:07
영등포 타임스퀘어,POI074,서행,18.0,2026-10-09 20:05,10,1195.0,84.0,3.0,24.0,0,0,41800,41900,46100,46200,1600,1700,1300,1400,500,550,500,550,250,300,300,350,20261009,17600,17700,20000,20100,900,950,650,700,250,300,200,250,100,150,100,150,20261009,2026-10-09 20:07
용리단길,POI076,서행,20.0,2026-10-09 20:05,0,,,3.0,7.0,0,0,27100,27200,38100,38200,1500,1600,950,1000,450,500,200,250,200,250,50,60,20261009,4000,4100,8400,8500,200,250,400,450,50,60,150,200,30,40,80,90,20261009,2026-10-09 20:07
이태원 앤틱가구거리,POI077,서행,19.0,2026-10-09 20:05,4,51.0,,1.0,13.0,0,0,12200,12300,16100,16200,550,600,700,750,100,150,150,200,90,100,150,200,20261009,4000,4100,4300,4400,150,200,200,250,60,70,80,90,20,30,30,40,20261009,2026-10-09 20:07
인사동,POI078,정체,14.0,2026-10-09 20:05,21,2465.0,1.0,2.0,26.0,7,0,48000,48100,61000,61100,2800,2900,650,700,750,800,150,200,250,300,40,50,20261009,13900,14000,14200,14300,750,800,450,500,250,300,150,200,150,200,100,150,20261009,2026-10-09 20:07
창동 신경제 중심지,POI079,서행,18.0,2026-10-09 20:05,46,4927.0,37.0,4.0,55.0,5,0,48500,48600,48500,48600,1300,1400,2000,2100,350,400,600,650,200,250,250,300,20261009,15800,15900,17500,17600,950,1000,550,600,350,400,150,200,200,250,100,150,20261009,2026-10-09 20:07
청담동 명품거리,POI080,서행,20.0,2026-10-09 20:05,16,910.0,,1.0,10.0,0,0,11100,11200,15900,16000,750,800,300,350,300,350,90,100,150,200,50,60,20261009,3600,3700,3900,4000,250,300,100,150,80,90,40,50,40,50,20,30,20261009,2026-10-09 20:07
청량리 제기동 일대 전통시장,POI081,서행,20.0,2026-10-09 20:05,12,2214.0,,2.0,23.0,0,0,35600,35700,35000,35100,800,850,700,750,250,300,200,250,80,90,40,50,20261009,28600,28700,25600,25700,1000,1100,550,600,350,400,200,250,200,250,100,150,20261009,2026-10-09 20:07
해방촌·경리단길,POI082,원활,29.0,2026-10-09 20:05,4,273.0,,0.0,26.0,1,0,,,,,,,,,,,,,,,,,,8000,8100,8900,9000,350,400,400,450,100,150,100,150,60,70,50,60,20261009,2026-10-09 20:07
DDP(동대문디자인플라자),POI083,서행,17.0,2026-10-09 20:05,9,2596.0,117.0,3.0,11.0,5,0,32700,32800,33400,33500,1500,1600,950,1000,450,500,250,300,250,300,200,250,20261009,3500,3600,4000,4100,150,200,100,150,60,70,40,50,30,40,10,20,20261009,2026-10-09 20:07
DMC(디지털미디어시티),POI084,서행,22.0,2026-10-09 20:05,25,9176.0,,4.0,68.0,0,0,16200,16300,13900,14000,450,500,500,550,100,150,150,200,80,90,60,70,20261009,6400,6500,7300,7400,250,300,200,250,100,150,100,150,60,70,60,70,20261009,2026-10-09 20:07
강서한강공원,POI085,원활,54.0,2026-10-09 20:05,2,106.0,42.0,0.0,1.0,0,0,,,,,,,,,,,,,,,,,,0,0,0,0,0,0,0,0,0,0,0,0,0,0,0,0,20261009,2026-10-09 20:07
고척돔,POI086,원활,31.0,2026-10-09 20:05,0,,,1.0,3.0,4,0,4700,4800,3300,3400,80,90,150,200,30,40,60,70,10,20,10,20,20261009,2300,2400,2200,2300,60,70,90,100,20,30,50,60,0,10,20,30,20261009,2026-10-09 20:07
광나루한강공원,POI087,원활,59.0,2026-10-09 20:05,4,718.0,324.0,0.0,0.0,0,0,,,,,,,,,,,,,,,,,,,,,,,,,,,,,,,,,,,2026-10-09 20:07
광화문광장,POI088,서행,19.0,2026-10-09 20:05,3,2932.0,381.0,2.0,12.0,5,0,53300,53400,69400,69500,2400,2500,700,750,650,700,150,200,350,400,100,150,20261009,13600,13700,13400,13500,600,650,300,350,250,300,100,150,100,150,50,60,20261009,2026-10-09 20:07
국립중앙박물관·용산가족공원,POI089,원활,37.0,2026-10-09 20:05,4,931.0,,3.0,3.0,3,0,21200,21300,22800,22900,400,450,350,400,100,150,80,90,60,70,20,30,20261009,1200,1300,1100,1200,20,30,20,30,0,10,0,10,0,10,0,10,20261009,2026-10-09 20:07
난지한강공원,POI090,원활,52.0,2026-10-09 20:05,4,1240.0,0.0,0.0,7.0,0,0,,,,,,,,,,,,,,,,,,100,150,50,60,0,10,0,0,0,0,0,0,0,0,0,0,20261009,2026-10-09 20:07
남산공원,POI091,원활,29.0,2026-10-09 20:05,33,2148.0,25.0,5.0,37.0,6,0,61000,61100,82200,82300,3400,3500,1900,2000,900,950,500,550,450,500,200,250,20261009,17400,17500,18800,18900,1100,1200,1000,1100,350,400,300,350,100,150,150,200,20261009,2026-10-09 20:07
노들섬,POI092,원활,36.0,2026-10-09 20:05,1,99.0,,0.0,4.0,4,0,,,,,,,,,,,,,,,,,,6100,6200,9400,9500,1200,1300,800,850,450,500,250,300,300,350,150,200,20261009,2026-10-09 20:07
뚝섬한강공원,POI093,원활,50.0,2026-10-09 20:05,8,1342.0,671.0,1.0,1.0,1,0,10700,10800,24900,25000,800,850,3600,3700,300,350,1100,1200,200,250,600,650,20261009,0,0,0,0,0,0,0,0,0,0,0,0,0,0,0,0,20261009,2026-10-09 20:07
망원한강공원,POI094,원활,31.0,2026-10-09 20:05,2,458.0,0.0,2.0,10.0,0,0,30000,30100,39600,39700,1600,1700,1400,1500,500,550,400,450,200,250,200,250,20261009,5700,5800,7100,7200,250,300,300,350,100,150,90,100,50,60,60,70,20261009,2026-10-09 20:07
반포한강공원,POI095,원활,38.0,2026-10-09 20:05,9,1483.0,9.0,0.0,6.0,0,0,,,,,,,,,,,,,,,,,,350,400,800,850,30,40,50,60,0,0,0,0,0,0,0,0,20261009,2026-10-09 20:07
북서울꿈의숲,POI096,서행,23.0,2026-10-09 20:05,3,549.0,,0.0,17.0,1,0,,,,,,,,,,,,,,,,,,2100,2200,1400,1500,70,80,60,70,20,30,20,30,10,20,0,10,20261009,2026-10-09 20:07
서리풀공원·몽마르뜨공원,POI098,원활,26.0,2026-10-09 20:05,0,,,4.0,7.0,0,0,86100,86200,100300,100400,3500,3600,2600,2700,1000,1100,850,900,650,700,550,600,20261009,15700,15800,15300,15400,650,700,450,500,250,300,150,200,150,200,80,90,20261009,2026-10-09 20:07
서울대공원,POI100,원활,36.0,2026-10-09 20:05,0,,,1.0,0.0,0,0,10300,10400,12600,12700,350,400,20,30,100,150,10,20,70,80,0,10,20261009,,,,,,,,,,,,,,,,,,2026-10-09 20:07
서울숲공원,POI101,원활,36.0,2026-10-09 20:05,2,996.0,,1.0,9.0,2,0,10900,11000,13300,13400,650,700,200,250,250,300,100,150,100,150,50,60,20261009,1600,1700,2100,2200,90,100,50,60,20,30,20,30,0,10,0,10,20261009,2026-10-09 20:07
아차산,POI102,원활,29.0,2026-10-09 20:05,0,,,0.0,3.0,0,0,,,,,,,,,,,,,,,,,,200,250,40,50,0,10,0,0,0,10,0,0,0,0,0,0,20261009,2026-10-09 20:07
양화한강공원,POI103,원활,37.0,2026-10-09 20:05,6,1002.0,330.0,0.0,5.0,0,0,,,,,,,,,,,,,,,,,,200,250,350,400,20,30,10,20,0,10,0,10,0,0,0,0,20261009,2026-10-09 20:07
어린이대공원,POI104,서행,21.0,2026-10-09 20:05,4,945.0,,2.0,9.0,4,0,25300,25400,23500,23600,850,900,650,700,200,250,150,200,150,200,80,90,20261009,2300,2400,2300,2400,60,70,100,150,30,40,50,60,10,20,40,50,20261009,2026-10-09 20:07
여의도한강공원,POI105,원활,36.0,2026-10-09 20:05,6,2866.0,1241.0,1.0,3.0,0,0,14100,14200,22200,22300,1400,1500,650,700,450,500,200,250,300,350,100,150,20261009,1700,1800,1700,1800,200,250,90,100,90,100,40,50,30,40,20,30,20261009,2026-10-09 20:07
월드컵공원,POI106,원활,33.0,2026-10-09 20:05,9,3537.0,,4.0,34.0,0,0,23900,24000,22800,22900,650,700,550,600,150,200,150,200,90,100,60,70,20261009,5200,5300,4300,4400,200,250,100,150,70,80,40,50,40,50,20,30,20261009,2026-10-09 20:07
응봉산,POI107,원활,26.0,2026-10-09 20:05,3,88.0,,1.0,24.0,0,0,1500,1600,1000,1100,20,30,50,60,0,10,20,30,0,10,0,10,20261009,2400,2500,1800,1900,60,70,100,150,20,30,40,50,10,20,10,20,20261009,2026-10-09 20:07
이촌한강공원,POI108,원활,40.0,2026-10-09 20:05,2,514.0,0.0,0.0,4.0,1,0,,,,,,,,,,,,,,,,,,50,60,200,250,0,10,0,10,0,0,0,0,0,0,0,0,20261009,2026-10-09 20:07
잠실종합운동장,POI109,서행,20.0,2026-10-09 20:05,1,876.0,,2.0,4.0,0,0,9400,9500,9800,9900,500,550,250,300,150,200,70,80,90,100,50,60,20261009,550,600,700,750,10,20,10,20,0,10,0,10,0,0,0,10,20261009,2026-10-09 20:07
잠실한강공원,POI110,원활,39.0,2026-10-09 20:05,4,1326.0,288.0,1.0,9.0,0,0,8100,8200,6900,7000,200,250,300,350,70,80,90,100,20,30,40,50,20261009,400,450,1000,1100,20,30,20,30,0,10,10,20,0,10,10,20,20261009,2026-10-09 20:07
잠원한강공원,POI111,원활,35.0,2026-10-09 20:05,3,1540.0,0.0,0.0,5.0,0,0,,,,,,,,,,,,,,,,,,1000,1100,1300,1400,50,60,50,60,20,30,20,30,0,10,0,10,20261009,2026-10-09 20:07
청계산,POI112,원활,54.0,2026-10-09 20:05,0,,,0.0,9.0,0,0,,,,,,,,,,,,,,,,,,80,90,90,100,0,10,0,10,0,10,0,10,0,0,0,10,20261009,2026-10-09 20:07
북창동 먹자골목,POI114,서행,16.0,2026-10-09 20:05,20,552.0,0.0,0.0,11.0,0,0,,,,,,,,,,,,,,,,,,12500,12600,11500,11600,350,400,250,300,100,150,100,150,70,80,90,100,20261009,2026-10-09 20:07
남대문시장,POI115,정체,14.0,2026-10-09 20:05,16,1456.0,4.0,1.0,7.0,0,0,,,,,,,,,,,,,,,,,,9200,9300,9500,9600,200,250,150,200,70,80,60,70,30,40,10,20,20261009,2026-10-09 20:07
익선동,POI116,정체,14.0,2026-10-09 20:05,10,187.0,1.0,3.0,11.0,1,0,44300,44400,58900,59000,2800,2900,1500,1600,800,850,350,400,500,550,200,250,20261009,7100,7200,7500,7600,400,450,250,300,100,150,100,150,80,90,70,80,20261009,2026-10-09 20:07
신정네거리역,POI117,서행,19.0,2026-10-09 20:05,3,119.0,,1.0,9.0,0,0,,,,,,,,,,,,,,,,,,,,,,,,,,,,,,,,,,,2026-10-09 20:07
잠실새내역,POI118,서행,19.0,2026-10-09 20:05,31,1541.0,,1.0,18.0,0,0,14600,14700,12600,12700,450,500,300,350,100,150,90,100,80,90,60,70,20261009,5900,6000,6700,6800,250,300,250,300,100,150,90,100,60,70,60,70,20261009,2026-10-09 20:07
잠실역,POI119,서행,18.0,2026-10-09 20:05,5,6749.0,282.0,2.0,21.0,0,0,,,,,,,,,,,,,,,,,,17400,17500,21700,21800,1200,1300,550,600,450,500,200,250,350,400,100,150,20261009,2026-10-09 20:07
잠실롯데타워·석촌호수,POI120,서행,17.0,2026-10-09 20:05,33,9281.0,282.0,3.0,0.0,3,0,,,,,,,,,,,,,,,,,,,,,,,,,,,,,,,,,,,2026-10-09 20:07
송리단길·호수단길,POI121,서행,19.0,2026-10-09 20:05,21,878.0,,1.0,15.0,0,0,5600,5700,7200,7300,150,200,200,250,70,80,70,80,20,30,20,30,20261009,5500,5600,7500,7600,250,300,250,300,90,100,80,90,40,50,40,50,20261009,2026-10-09 20:07
신촌 스타광장,POI122,서행,16.0,2026-10-09 20:05,4,235.0,,1.0,4.0,0,0,,,,,,,,,,,,,,,,,,5600,5700,6000,6100,250,300,200,250,90,100,80,90,40,50,40,50,20261009,2026-10-09 20:07
보라매공원,POI123,정체,14.0,2026-10-09 20:05,1,78.0,,2.0,5.0,0,0,4100,4200,4200,4300,90,100,100,150,40,50,40,50,0,0,0,0,20261009,90,100,150,200,0,10,0,10,0,0,0,0,0,0,0,0,20261009,2026-10-09 20:07
서대문독립공원,POI124,원활,25.0,2026-10-09 20:05,2,150.0,,1.0,18.0,0,0,7100,7200,7900,8000,100,150,200,250,30,40,50,60,20,30,30,40,20261009,5300,5400,4400,4500,100,150,100,150,40,50,40,50,20,30,10,20,20261009,2026-10-09 20:07
안양천,POI125,원활,38.0,2026-10-09 20:05,1,294.0,,0.0,1.0,0,0,,,,,,,,,,,,,,,,,,30,40,0,10,0,10,0,0,0,0,0,0,0,0,0,0,20261009,2026-10-09 20:07
여의서로,POI126,원활,32.0,2026-10-09 20:05,2,168.0,38.0,0.0,0.0,0,0,,,,,,,,,,,,,,,,,,,,,,,,,,,,,,,,,,,2026-10-09 20:07
올림픽공원,POI127,원활,25.0,2026-10-09 20:05,4,2716.0,,4.0,17.0,8,0,,,,,,,,,,,,,,,,,,3900,4000,4400,4500,100,150,100,150,40,50,30,40,20,30,20,30,20261009,2026-10-09 20:07
홍제폭포,POI128,원활,32.0,2026-10-09 20:05,0,,,0.0,0.0,0,0,,,,,,,,,,,,,,,,,,,,,,,,,,,,,,,,,,,2026-10-09 20:07
송현녹지광장,POI129,서행,16.0,2026-10-09 20:05,4,1546.0,,1.0,25.0,8,0,26000,26100,33700,33800,1200,1300,200,250,300,350,50,60,100,150,10,20,20261009,13100,13200,13700,13800,600,650,200,250,200,250,80,90,100,150,40,50,20261009,2026-10-09 20:07
시의회 앞,POI130,서행,17.0,2026-10-09 20:05,9,1723.0,,3.0,25.0,6,0,68600,68700,94200,94300,3700,3800,1200,1300,1000,1100,250,300,750,800,200,250,20261009,17100,17200,21100,21200,900,950,550,600,350,400,200,250,150,200,100,150,20261009,2026-10-09 20:07
강남 MICE 관광특구,POI001,서행,20.0,2026-10-09 22:05,3,4428.0,,2.0,6.0,1,0,40700,40800,43400,43500,1500,1600,400,450,400,450,100,150,250,300,40,50,20261009,4000,4100,4000,4100,150,200,40,50,10,20,10,20,10,20,10,20,20261009,2026-10-09 22:08
동대문 관광특구,POI002,서행,18.0,2026-10-09 22:05,47,8302.0,159.0,7.0,32.0,7,0,92200,92300,91700,91800,2300,2400,1800,1900,750,800,550,600,450,500,350,400,20261009,12500,12600,10900,11000,250,300,200,250,20,30,20,30,20,30,20,30,20261009,2026-10-09 22:08
명동 관광특구,POI003,서행,17.0,2026-10-09 22:05,93,12070.0,7.0,7.0,54.0,7,1,190500,190600,213600,213700,6500,6600,2500,2600,1900,2000,850,900,1200,1300,600,650,20261009,41800,41900,41500,41600,950,1000,500,550,100,150,100,150,100,150,100,150,20261009,2026-10-09 22:08
이태원 관광특구,POI004,서행,20.0,2026-10-09 22:05,8,853.0,,3.0,17.0,0,0,29800,29900,39800,39900,1100,1200,950,1000,350,400,200,250,200,250,90,100,20261009,8900,9000,8900,9000,150,200,150,200,10,20,20,30,10,20,20,30,20261009,2026-10-09 22:08
잠실 관광특구,POI005,서행,21.0,2026-10-09 22:05,37,11997.0,129.0,6.0,50.0,11,0,119200,119300,125600,125700,6700,6800,2400,2500,1900,2000,700,750,1100,1200,450,500,20261009,21700,21800,24000,24100,800,850,250,300,100,150,50,60,100,150,50,60,20261009,2026-10-09 22:08
종로·청계 관광특구,POI006,서행,17.0,2026-10-09 22:05,48,2496.0,40.0,10.0,62.0,0,0,196400,196500,211100,211200,6100,6200,2100,2200,1700,1800,650,700,1100,1200,400,450,20261009,37300,37400,36300,36400,900,950,450,500,100,150,90,100,100,150,90,100,20261009,2026-10-09 22:08
홍대 관광특구,POI007,정체,13.0,2026-10-09 22:05,51,3098.0,,8.0,70.0,0,0,155300,155400,185100,185200,7800,7900,3500,3600,2200,2300,1000,1100,1400,1500,650,700,20261009,31100,31200,32200,32300,850,900,550,600,100,150,70,80,100,150,70,80,20261009,2026-10-09 22:08
경복궁,POI008,서행,20.0,2026-10-09 22:05,2,267.0,,1.0,11.0,4,0,31300,31400,35400,35500,850,900,150,200,200,250,30,40,100,150,30,40,20261009,1600,1700,1600,1700,0,10,0,10,0,10,0,10,0,10,0,10,20261009,2026-10-09 22:08
광화문·덕수궁,POI009,서행,20.0,2026-10-09 22:05,29,7988.0,187.0,4.0,41.0,13,1,114700,114800,132500,132600,3800,3900,700,750,1000,1100,250,300,650,700,200,250,20261009,34800,34900,35400,35500,900,950,300,350,100,150,30,40,100,150,30,40,20261009,2026-10-09 22:08
보신각,POI010,서행,18.0,2026-10-09 22:05,14,2572.0,7.0,1.0,14.0,1,0,27600,27700,28200,28300,1200,1300,150,200,300,350,70,80,200,250,40,50,20261009,9900,10000,9700,9800,250,300,100,150,50,60,10,20,50,60,10,20,20261009,2026-10-09 22:08
서울 암사동 유적,POI011,서행,23.0,2026-10-09 22:05,1,108.0,,0.0,3.0,0,0,,,,,,,,,,,,,,,,,,90,100,50,60,0,0,0,0,0,0,0,0,0,0,0,0,20261009,2026-10-09 22:08
창덕궁·종묘,POI012,서행,17.0,2026-10-09 22:05,16,3155.0,396.0,4.0,19.0,2,0,76900,77000,85700,85800,2800,2900,1000,1100,800,850,300,350,550,600,200,250,20261009,5800,5900,6200,6300,80,90,50,60,10,20,0,10,10,20,0,10,20261009,2026-10-09 22:08
가산디지털단지역,POI013,서행,23.0,2026-10-09 22:05,20,8291.0,,2.0,71.0,0,0,21000,21100,20700,20800,500,550,500,550,200,250,150,200,100,150,100,150,20261009,7900,8000,9000,9100,150,200,100,150,30,40,20,30,30,40,20,30,20261009,2026-10-09 22:08
강남역,POI014,서행,17.0,2026-10-09 22:05,95,7876.0,,4.0,55.0,0,0,78200,78300,88800,88900,3400,3500,2100,2200,1100,1200,800,850,650,700,400,450,20261009,27400,27500,25100,25200,550,600,500,550,150,200,100,150,150,200,100,150,20261009,2026-10-09 22:08
건대입구역,POI015,서행,16.0,2026-10-09 22:05,23,6603.0,,2.0,11.0,3,0,45900,46000,48100,48200,3800,3900,1600,1700,950,1000,350,400,550,600,250,300,20261009,4800,4900,6200,6300,100,150,100,150,10,20,10,20,10,20,10,20,20261009,2026-10-09 22:08
고덕역,POI016,서행,23.0,2026-10-09 22:05,15,1615.0,,1.0,5.0,0,0,6400,6500,5700,5800,100,150,150,200,20,30,0,0,10,20,0,0,20261009,1500,1600,1300,1400,30,40,0,10,0,0,0,0,0,0,0,0,20261009,2026-10-09 22:08
고속터미널역,POI017,원활,26.0,2026-10-09 22:05,3,4291.0,,3.0,10.0,0,0,92500,92600,99800,99900,2500,2600,1700,1800,750,800,500,550,450,500,250,300,20261009,18300,18400,17200,17300,450,500,200,250,90,100,40,50,90,100,40,50,20261009,2026-10-09 22:08
교대역,POI018,서행,19.0,2026-10-09 22:05,14,760.0,,2.0,13.0,0,0,20800,20900,20700,20800,700,750,450,500,200,250,100,150,100,150,80,90,20261009,3500,3600,2400,2500,60,70,20,30,0,10,0,0,0,10,0,0,20261009,2026-10-09 22:08
구로디지털단지역,POI019,서행,18.0,2026-10-09 22:05,20,6911.0,,1.0,29.0,0,0,34000,34100,29000,29100,450,500,1500,1600,100,150,500,550,100,150,250,300,20261009,6900,7000,4300,4400,250,300,90,100,0,10,0,10,0,10,0,10,20261009,2026-10-09 22:08
구로역,POI020,원활,26.0,2026-10-09 22:05,3,1047.0,,1.0,5.0,0,0,13600,13700,13000,13100,200,250,350,400,70,80,100,150,30,40,30,40,20261009,1700,1800,2200,2300,20,30,20,30,10,20,10,20,10,20,10,20,20261009,2026-10-09 22:08
군자역,POI021,서행,19.0,2026-10-09 22:05,11,573.0,,2.0,16.0,0,0,21100,21200,18400,18500,600,650,750,800,150,200,150,200,100,150,100,150,20261009,4500,4600,4900,5000,100,150,60,70,20,30,10,20,20,30,10,20,20261009,2026-10-09 22:08
대림역,POI023,서행,20.0,2026-10-09 22:05,4,221.0,,2.0,29.0,0,0,25800,25900,24300,24400,350,400,1100,1200,70,80,300,350,40,50,200,250,20261009,6200,6300,7000,7100,100,150,80,90,0,10,0,10,0,10,0,10,20261009,2026-10-09 22:08
동대문역,POI024,서행,21.0,2026-10-09 22:05,17,892.0,0.0,2.0,7.0,0,0,35900,36000,35800,35900,700,750,400,450,200,250,100,150,150,200,70,80,20261009,5000,5100,5000,5100,50,60,50,60,0,10,0,10,0,10,0,10,20261009,2026-10-09 22:08
뚝섬역,POI025,서행,20.0,2026-10-09 22:05,9,767.0,,1.0,4.0,1,0,17900,18000,18900,19000,700,750,250,300,200,250,100,150,100,150,60,70,20261009,2200,2300,1900,2000,50,60,20,30,0,10,0,0,0,10,0,0,20261009,2026-10-09 22:08
미아사거리역,POI026,서행,19.0,2026-10-09 22:05,11,1409.0,,1.0,29.0,0,0,20100,20200,17800,17900,250,300,800,850,60,70,250,300,40,50,150,200,20261009,22800,22900,21800,21900,500,550,300,350,40,50,40,50,40,50,40,50,20261009,2026-10-09 22:08
발산역,POI027,서행,18.0,2026-10-09 22:05,13,2880.0,,1.0,37.0,0,0,14600,14700,15800,15900,400,450,300,350,100,150,60,70,60,70,50,60,20261009,7000,7100,7500,7600,150,200,100,150,30,40,20,30,30,40,20,30,20261009,2026-10-09 22:08
사당역,POI029,서행,20.0,2026-10-09 22:05,13,520.0,,2.0,17.0,1,0,52600,52700,53700,53800,1500,1600,2000,2100,400,450,650,700,250,300,350,400,20261009,6400,6500,7900,8000,150,200,150,200,10,20,10,20,10,20,10,20,20261009,2026-10-09 22:08
삼각지역,POI030,원활,25.0,2026-10-09 22:05,0,,,2.0,7.0,0,0,13500,13600,14800,14900,600,650,200,250,200,250,60,70,100,150,30,40,20261009,6700,6800,6200,6300,150,200,150,200,10,20,20,30,10,20,20,30,20261009,2026-10-09 22:08
서울대입구역,POI031,서행,19.0,2026-10-09 22:05,2,52.0,,1.0,15.0,0,0,34100,34200,28100,28200,650,700,1300,1400,150,200,350,400,100,150,350,400,20261009,17900,18000,19000,19100,350,400,300,350,30,40,30,40,30,40,30,40,20261009,2026-10-09 22:08
서울식물원·마곡나루역,POI032,서행,18.0,2026-10-09 22:05,2,2651.0,,2.0,15.0,3,0,18900,19000,18700,18800,400,450,450,500,100,150,150,200,50,60,50,60,20261009,2000,2100,2200,2300,40,50,20,30,0,10,0,0,0,10,0,0,20261009,2026-10-09 22:08
서울역,POI033,서행,21.0,2026-10-09 22:05,23,3968.0,0.0,8.0,34.0,1,0,164500,164600,175200,175300,4500,4600,3200,3300,1500,1600,1000,1100,850,900,450,500,20261009,25600,25700,26500,26600,400,450,550,600,80,90,100,150,80,90,100,150,20261009,2026-10-09 22:08
선릉역,POI034,서행,19.0,2026-10-09 22:05,94,11160.0,28.0,4.0,20.0,0,0,44400,44500,47600,47700,1400,1500,800,850,400,450,200,250,250,300,100,150,20261009,6100,6200,5600,5700,100,150,100,150,40,50,20,30,40,50,20,30,20261009,2026-10-09 22:08
성신여대입구역,POI035,서행,15.0,2026-10-09 22:05,2,38.0,,2.0,9.0,1,0,20400,20500,19000,19100,500,550,650,700,100,150,200,250,80,90,200,250,20261009,12000,12100,12600,12700,250,300,200,250,30,40,30,40,30,40,30,40,20261009,2026-10-09 22:08
수유역,POI036,서행,17.0,2026-10-09 22:05,8,802.0,,1.0,32.0,0,0,27900,28000,23400,23500,450,500,1000,1100,100,150,300,350,90,100,150,200,20261009,22700,22800,25800,25900,450,500,400,450,50,60,20,30,50,60,20,30,20261009,2026-10-09 22:08
신논현역·논현역,POI037,서행,19.0,2026-10-09 22:05,32,1053.0,,3.0,13.0,0,0,33500,33600,36700,36800,1200,1300,1000,1100,350,400,300,350,200,250,150,200,20261009,8100,8200,8600,8700,100,150,150,200,20,30,20,30,20,30,20,30,20261009,2026-10-09 22:08
신도림역,POI038,원활,40.0,2026-10-09 22:05,1,1644.0,,2.0,2.0,0,0,41000,41100,37600,37700,1200,1300,1200,1300,250,300,300,350,150,200,150,200,20261009,2000,2100,4500,4600,30,40,20,30,0,10,0,0,0,10,0,0,20261009,2026-10-09 22:08
신림역,POI039,서행,17.0,2026-10-09 22:05,2,282.0,,2.0,15.0,0,0,44800,44900,37400,37500,700,750,1900,2000,200,250,600,650,100,150,200,250,20261009,21100,21200,24200,24300,550,600,350,400,40,50,40,50,40,50,40,50,20261009,2026-10-09 22:08
신촌·이대역,POI040,서행,16.0,2026-10-09 22:05,25,1943.0,111.0,4.0,41.0,0,0,41400,41500,42200,42300,1300,1400,1200,1300,400,450,500,550,250,300,300,350,20261009,23000,23100,21900,22000,650,700,350,400,70,80,50,60,70,80,50,60,20261009,2026-10-09 22:08
양재역,POI041,서행,24.0,2026-10-09 22:05,16,1881.0,,2.0,27.0,0,0,23800,23900,24500,24600,650,700,500,550,200,250,150,200,100,150,60,70,20261009,11100,11200,9700,9800,200,250,100,150,20,30,20,30,20,30,20,30,20261009,2026-10-09 22:08
역삼역,POI042,서행,20.0,2026-10-09 22:05,47,7473.0,1.0,1.0,10.0,0,0,14600,14700,17000,17100,400,450,250,300,100,150,90,100,80,90,60,70,20261009,3900,4000,5100,5200,50,60,100,150,20,30,30,40,20,30,30,40,20261009,2026-10-09 22:08
연신내역,POI043,서행,17.0,2026-10-09 22:05,5,208.0,,3.0,14.0,0,0,37600,37700,33200,33300,650,700,1100,1200,150,200,300,350,100,150,150,200,20261009,9300,9400,8500,8600,150,200,100,150,10,20,10,20,10,20,10,20,20261009,2026-10-09 22:08
오목교역·목동운동장,POI044,원활,26.0,2026-10-09 22:05,14,5304.0,,1.0,33.0,0,0,14300,14400,14400,14500,300,350,300,350,90,100,80,90,60,70,80,90,20261009,14200,14300,15300,15400,350,400,200,250,40,50,20,30,40,50,20,30,20261009,2026-10-09 22:08
왕십리역,POI045,서행,18.0,2026-10-09 22:05,4,1478.0,,5.0,22.0,0,0,37500,37600,36900,37000,1300,1400,1100,1200,350,400,350,400,150,200,250,300,20261009,4700,4800,5700,5800,100,150,50,60,10,20,0,10,10,20,0,10,20261009,2026-10-09 22:08
용산역,POI046,서행,22.0,2026-10-09 22:05,11,5014.0,96.0,2.0,33.0,0,0,77900,78000,94100,94200,4500,4600,850,900,1200,1300,200,250,700,750,100,150,20261009,13500,13600,9100,9200,300,350,150,200,30,40,10,20,30,40,10,20,20261009,2026-10-09 22:08
이태원역,POI047,정체,13.0,2026-10-09 22:05,4,66.0,,1.0,9.0,0,0,14500,14600,19000,19100,500,550,700,750,150,200,200,250,100,150,60,70,20261009,4800,4900,4600,4700,100,150,100,150,0,10,10,20,0,10,10,20,20261009,2026-10-09 22:08
장지역,POI048,서행,21.0,2026-10-09 22:05,4,10611.0,,1.0,20.0,0,0,12500,12600,11200,11300,200,250,250,300,40,50,50,60,20,30,50,60,20261009,5200,5300,5300,5400,100,150,50,60,10,20,10,20,10,20,10,20,20261009,2026-10-09 22:08
장한평역,POI049,원활,25.0,2026-10-09 22:05,15,847.0,,1.0,16.0,0,0,12700,12800,11100,11200,150,200,500,550,40,50,200,250,30,40,80,90,20261009,9300,9400,9600,9700,150,200,100,150,0,10,10,20,0,10,10,20,20261009,2026-10-09 22:08
천호역,POI050,서행,19.0,2026-10-09 22:05,14,3331.0,,2.0,12.0,0,0,32300,32400,32600,32700,650,700,850,900,150,200,200,250,100,150,150,200,20261009,3900,4000,5400,5500,70,80,80,90,10,20,10,20,10,20,10,20,20261009,2026-10-09 22:08
총신대입구(이수)역,POI051,서행,19.0,2026-10-09 22:05,7,533.0,,2.0,18.0,0,0,26700,26800,27200,27300,550,600,800,850,150,200,200,250,100,150,150,200,20261009,10500,10600,9100,9200,150,200,150,200,10,20,10,20,10,20,10,20,20261009,2026-10-09 22:08
충정로역,POI052,원활,25.0,2026-10-09 22:05,5,834.0,,2.0,19.0,0,0,8200,8300,8000,8100,150,200,250,300,50,60,70,80,20,30,50,60,20261009,4400,4500,4200,4300,100,150,80,90,0,10,0,10,0,10,0,10,20261009,2026-10-09 22:08
합정역,POI053,서행,19.0,2026-10-09 22:05,6,207.0,,2.0,30.0,0,0,37300,37400,43700,43800,1900,2000,850,900,550,600,250,300,350,400,150,200,20261009,9200,9300,10500,10600,250,300,150,200,30,40,20,30,30,40,20,30,20261009,2026-10-09 22:08
혜화역,POI054,서행,20.0,2026-10-09 22:05,24,955.0,,1.0,12.0,7,0,31800,31900,36800,36900,2000,2100,350,400,600,650,100,150,400,450,70,80,20261009,11000,11100,11800,11900,400,450,150,200,70,80,20,30,70,80,20,30,20261009,2026-10-09 22:08
홍대입구역(2호선),POI055,정체,14.0,2026-10-09 22:05,16,1196.0,,1.0,17.0,0,0,72000,72100,89100,89200,3800,3900,1700,1800,1000,1100,400,450,700,750,250,300,20261009,18100,18200,19000,19100,500,550,250,300,60,70,40,50,60,70,40,50,20261009,2026-10-09 22:08
회기역,POI056,서행,21.0,2026-10-09 22:05,21,408.0,,1.0,22.0,0,0,20600,20700,17300,17400,350,400,950,1000,100,150,300,350,50,60,200,250,20261009,13400,13500,13700,13800,150,200,200,250,20,30,40,50,20,30,40,50,20261009,2026-10-09 22:08
가락시장,POI058,원활,27.0,2026-10-09 22:05,4,2884.0,,2.0,16.0,0,0,12500,12600,12500,12600,300,350,200,250,90,100,60,70,60,70,20,30,20261009,6000,6100,5000,5100,100,150,80,90,0,10,0,10,0,10,0,10,20261009,2026-10-09 22:08
가로수길,POI059,원활,27.0,2026-10-09 22:05,51,2767.0,93.0,2.0,14.0,0,0,33100,33200,38200,38300,1200,1300,450,500,350,400,100,150,200,250,80,90,20261009,5100,5200,6600,6700,100,150,100,150,0,0,0,10,0,0,0,10,20261009,2026-10-09 22:08
광장(전통)시장,POI060,서행,18.0,2026-10-09 22:05,7,103.0,6.0,1.0,11.0,0,0,22600,22700,22700,22800,450,500,150,200,100,150,30,40,80,90,30,40,20261009,7700,7800,7900,8000,100,150,70,80,10,20,10,20,10,20,10,20,20261009,2026-10-09 22:08
김포공항,POI061,원활,28.0,2026-10-09 22:05,6,16594.0,,6.0,27.0,0,0,30200,30300,28100,28200,750,800,150,200,200,250,50,60,150,200,40,50,20261009,2100,2200,2300,2400,70,80,20,30,0,10,0,0,0,10,0,0,20261009,2026-10-09 22:08
노량진,POI063,서행,21.0,2026-10-09 22:05,11,1218.0,,3.0,22.0,1,0,41900,42000,43200,43300,1600,1700,1000,1100,450,500,300,350,250,300,200,250,20261009,19500,19600,20900,21000,550,600,400,450,60,70,30,40,60,70,30,40,20261009,2026-10-09 22:08
덕수궁길·정동길,POI064,서행,20.0,2026-10-09 22:05,10,620.0,,3.0,10.0,0,0,45300,45400,47500,47600,1300,1400,550,600,350,400,200,250,250,300,150,200,20261009,3900,4000,5200,5300,60,70,50,60,10,20,10,20,10,20,10,20,20261009,2026-10-09 22:08
북촌한옥마을,POI066,서행,20.0,2026-10-09 22:05,16,1756.0,,1.0,55.0,9,0,29500,29600,34200,34300,600,650,100,150,150,200,30,40,100,150,10,20,20261009,16800,16900,17500,17600,200,250,80,90,30,40,10,20,30,40,10,20,20261009,2026-10-09 22:08
서촌,POI067,서행,19.0,2026-10-09 22:05,9,308.0,,1.0,32.0,4,0,31300,31400,35400,35500,850,900,150,200,200,250,30,40,100,150,30,40,20261009,14500,14600,14500,14600,250,300,100,150,30,40,10,20,30,40,10,20,20261009,2026-10-09 22:08
성수카페거리,POI068,서행,18.0,2026-10-09 22:05,28,2824.0,,2.0,35.0,1,0,71800,71900,82900,83000,2900,3000,650,700,800,850,200,250,550,600,100,150,20261009,4700,4800,4700,4800,100,150,50,60,0,10,0,10,0,10,0,10,20261009,2026-10-09 22:08
쌍문역,POI070,서행,19.0,2026-10-09 22:05,8,345.0,,1.0,18.0,0,0,21900,22000,16900,17000,200,250,950,1000,70,80,200,250,40,50,200,250,20261009,10400,10500,12300,12400,200,250,100,150,10,20,10,20,10,20,10,20,20261009,2026-10-09 22:08
압구정로데오거리,POI071,서행,20.0,2026-10-09 22:05,55,1976.0,1.0,1.0,16.0,1,0,14000,14100,16700,16800,550,600,150,200,150,200,50,60,90,100,0,10,20261009,9800,9900,10000,10100,300,350,150,200,20,30,30,40,20,30,30,40,20261009,2026-10-09 22:08
여의도,POI072,원활,25.0,2026-10-09 22:05,116,24820.0,992.0,9.0,63.0,4,0,74800,74900,77900,78000,3100,3200,1200,1300,900,950,300,350,550,600,250,300,20261009,32300,32400,35600,35700,1200,1300,450,500,200,250,60,70,200,250,60,70,20261009,2026-10-09 22:08
연남동,POI073,서행,16.0,2026-10-09 22:05,45,132.0,,0.0,20.0,0,0,,,,,,,,,,,,,,,,,,6300,6400,7300,7400,150,200,150,200,50,60,30,40,50,60,30,40,20261009,2026-10-09 22:08
영등포 타임스퀘어,POI074,서행,20.0,2026-10-09 22:05,10,1195.0,59.0,3.0,24.0,0,0,48700,48800,50300,50400,1600,1700,1000,1100,500,550,300,350,250,300,150,200,20261009,20100,20200,21400,21500,600,650,300,350,40,50,50,60,40,50,50,60,20261009,2026-10-09 22:08
용리단길,POI076,서행,22.0,2026-10-09 22:05,0,,,3.0,7.0,0,0,33700,33800,40500,40600,1800,1900,450,500,550,600,100,150,300,350,100,150,20261009,4700,4800,9300,9400,100,150,200,250,20,30,30,40,20,30,30,40,20261009,2026-10-09 22:08
이태원 앤틱가구거리,POI077,서행,19.0,2026-10-09 22:05,4,51.0,,1.0,13.0,0,0,14500,14600,19000,19100,500,550,700,750,150,200,200,250,100,150,60,70,20261009,4300,4400,4800,4900,80,90,100,150,0,10,10,20,0,10,10,20,20261009,2026-10-09 22:08
인사동,POI078,서행,16.0,2026-10-09 22:05,21,2465.0,1.0,2.0,26.0,7,0,57200,57300,62500,62600,1800,1900,300,350,500,550,100,150,300,350,60,70,20261009,15600,15700,15000,15100,300,350,100,150,50,60,30,40,50,60,30,40,20261009,2026-10-09 22:08
창동 신경제 중심지,POI079,서행,20.0,2026-10-09 22:05,46,4927.0,20.0,4.0,55.0,5,0,53600,53700,55500,55600,1000,1100,1600,1700,250,300,500,550,150,200,350,400,20261009,18100,18200,18500,18600,450,500,150,200,90,100,30,40,90,100,30,40,20261009,2026-10-09 22:08
청담동 명품거리,POI080,서행,22.0,2026-10-09 22:05,16,910.0,,1.0,10.0,0,0,14000,14100,16700,16800,550,600,150,200,150,200,50,60,90,100,0,10,20261009,4200,4300,4100,4200,100,150,50,60,20,30,10,20,20,30,10,20,20261009,2026-10-09 22:08
청량리 제기동 일대 전통시장,POI081,서행,20.0,2026-10-09 22:05,12,2214.0,,2.0,23.0,0,0,37700,37800,37500,37600,350,400,500,550,100,150,80,90,70,80,30,40,20261009,31100,31200,26700,26800,550,600,200,250,70,80,20,30,70,80,20,30,20261009,2026-10-09 22:08
해방촌·경리단길,POI082,원활,30.0,2026-10-09 22:05,4,273.0,,0.0,26.0,1,0,,,,,,,,,,,,,,,,,,9000,9100,9700,9800,100,150,150,200,0,10,10,20,0,10,10,20,20261009,2026-10-09 22:08
DDP(동대문디자인플라자),POI083,서행,18.0,2026-10-09 22:05,9,2596.0,151.0,3.0,11.0,5,0,37500,37600,36900,37000,1000,1100,950,1000,350,400,300,350,200,250,200,250,20261009,3900,4000,4400,4500,90,100,100,150,10,20,10,20,10,20,10,20,20261009,2026-10-09 22:08
DMC(디지털미디어시티),POI084,서행,23.0,2026-10-09 22:05,25,9176.0,,4.0,68.0,0,0,17500,17600,15800,15900,300,350,500,550,70,80,100,150,40,50,50,60,20261009,7100,7200,7900,8000,100,150,100,150,40,50,20,30,40,50,20,30,20261009,2026-10-09 22:08
강서한강공원,POI085,원활,56.0,2026-10-09 22:05,2,106.0,34.0,0.0,1.0,0,0,,,,,,,,,,,,,,,,,,0,0,0,0,0,0,0,0,0,0,0,0,0,0,0,0,20261009,2026-10-09 22:08
고척돔,POI086,원활,28.0,2026-10-09 22:05,0,,,1.0,3.0,4,0,4900,5000,4000,4100,40,50,200,250,10,20,100,150,0,10,40,50,20261009,2500,2600,2400,2500,60,70,60,70,0,10,10,20,0,10,10,20,20261009,2026-10-09 22:08
광나루한강공원,POI087,원활,62.0,2026-10-09 22:05,4,718.0,199.0,0.0,0.0,0,0,,,,,,,,,,,,,,,,,,,,,,,,,,,,,,,,,,,2026-10-09 22:08
광화문광장,POI088,서행,24.0,2026-10-09 22:05,3,2932.0,187.0,2.0,12.0,5,0,62200,62300,71200,71300,2000,2100,300,350,500,550,100,150,300,350,80,90,20261009,15300,15400,14000,14100,450,500,100,150,70,80,10,20,70,80,10,20,20261009,2026-10-09 22:08
국립중앙박물관·용산가족공원,POI089,원활,35.0,2026-10-09 22:05,4,931.0,,3.0,3.0,3,0,22500,22600,23800,23900,250,300,250,300,70,80,90,100,40,50,60,70,20261009,1200,1300,1100,1200,0,10,0,10,0,0,0,0,0,0,0,0,20261009,2026-10-09 22:08
난지한강공원,POI090,원활,60.0,2026-10-09 22:05,4,1240.0,0.0,0.0,7.0,0,0,,,,,,,,,,,,,,,,,,100,150,50,60,0,0,0,0,0,0,0,0,0,0,0,0,20261009,2026-10-09 22:08
남산공원,POI091,원활,31.0,2026-10-09 22:05,33,2148.0,25.0,5.0,37.0,6,0,73300,73400,87900,88000,2700,2800,1200,1300,800,850,350,400,500,550,200,250,20261009,19800,19900,20400,20500,700,750,400,450,80,90,30,40,80,90,30,40,20261009,2026-10-09 22:08
노들섬,POI092,원활,38.0,2026-10-09 22:05,1,99.0,,0.0,4.0,4,0,,,,,,,,,,,,,,,,,,9600,9700,10600,10700,950,1000,250,300,100,150,40,50,100,150,40,50,20261009,2026-10-09 22:08
뚝섬한강공원,POI093,원활,52.0,2026-10-09 22:05,8,1342.0,464.0,1.0,1.0,1,0,24500,24600,31700,31800,4200,4300,300,350,950,1000,100,150,600,650,60,70,20261009,0,0,0,0,0,0,0,0,0,0,0,0,0,0,0,0,20261009,2026-10-09 22:08
망원한강공원,POI094,원활,36.0,2026-10-09 22:05,2,458.0,0.0,2.0,10.0,0,0,37300,37400,43700,43800,1900,2000,850,900,550,600,250,300,350,400,150,200,20261009,6600,6700,7800,7900,200,250,150,200,30,40,10,20,30,40,10,20,20261009,2026-10-09 22:08
반포한강공원,POI095,원활,39.0,2026-10-09 22:05,9,1483.0,9.0,0.0,6.0,0,0,,,,,,,,,,,,,,,,,,700,750,1000,1100,70,80,20,30,70,80,20,30,70,80,20,30,20261009,2026-10-09 22:08
북서울꿈의숲,POI096,서행,23.0,2026-10-09 22:05,3,549.0,,0.0,17.0,1,0,,,,,,,,,,,,,,,,,,2200,2300,1500,1600,20,30,20,30,0,0,0,0,0,0,0,0,20261009,2026-10-09 22:08
서리풀공원·몽마르뜨공원,POI098,원활,27.0,2026-10-09 22:05,0,,,4.0,7.0,0,0,100800,100900,108100,108200,2700,2800,2000,2100,800,850,550,600,500,550,300,350,20261009,17600,17700,16300,16400,400,450,150,200,80,90,40,50,80,90,40,50,20261009,2026-10-09 22:08
서울대공원,POI100,원활,33.0,2026-10-09 22:05,0,,,1.0,0.0,0,0,11600,11700,12700,12800,450,500,20,30,100,150,0,0,80,90,0,0,20261009,,,,,,,,,,,,,,,,,,2026-10-09 22:08
서울숲공원,POI101,원활,38.0,2026-10-09 22:05,2,996.0,,1.0,9.0,2,0,12500,12600,13800,13900,300,350,100,150,90,100,30,40,40,50,20,30,20261009,1800,1900,2200,2300,40,50,20,30,0,0,0,0,0,0,0,0,20261009,2026-10-09 22:08
아차산,POI102,원활,31.0,2026-10-09 22:05,0,,,0.0,3.0,0,0,,,,,,,,,,,,,,,,,,200,250,40,50,0,0,0,0,0,0,0,0,0,0,0,0,20261009,2026-10-09 22:08
양화한강공원,POI103,원활,39.0,2026-10-09 22:05,6,1002.0,191.0,0.0,5.0,0,0,,,,,,,,,,,,,,,,,,250,300,400,450,0,10,0,10,0,0,0,0,0,0,0,0,20261009,2026-10-09 22:08
어린이대공원,POI104,서행,21.0,2026-10-09 22:05,4,945.0,,2.0,9.0,4,0,27600,27700,26000,26100,500,550,600,650,100,150,150,200,80,90,100,150,20261009,2500,2600,2500,2600,20,30,40,50,0,10,0,10,0,10,0,10,20261009,2026-10-09 22:08
여의도한강공원,POI105,원활,37.0,2026-10-09 22:05,6,2866.0,911.0,1.0,3.0,0,0,20800,20900,23600,23700,1400,1500,250,300,400,450,50,60,250,300,30,40,20261009,2300,2400,1800,1900,100,150,10,20,10,20,0,0,10,20,0,0,20261009,2026-10-09 22:08
월드컵공원,POI106,원활,35.0,2026-10-09 22:05,9,3537.0,,4.0,34.0,0,0,25700,25800,24900,25000,350,400,450,500,100,150,100,150,50,60,80,90,20261009,5500,5600,4500,4600,60,70,30,40,10,20,0,10,10,20,0,10,20261009,2026-10-09 22:08
응봉산,POI107,원활,26.0,2026-10-09 22:05,3,88.0,,1.0,24.0,0,0,1600,1700,1200,1300,20,30,30,40,0,10,0,0,0,10,0,0,20261009,2500,2600,2000,2100,20,30,60,70,0,10,0,10,0,10,0,10,20261009,2026-10-09 22:08
이촌한강공원,POI108,원활,42.0,2026-10-09 22:05,2,514.0,0.0,0.0,4.0,1,0,,,,,,,,,,,,,,,,,,80,90,250,300,0,10,0,10,0,0,0,10,0,0,0,10,20261009,2026-10-09 22:08
잠실종합운동장,POI109,원활,26.0,2026-10-09 22:05,1,876.0,,2.0,4.0,0,0,10500,10600,10800,10900,200,250,250,300,60,70,60,70,30,40,30,40,20261009,550,600,700,750,0,10,0,10,0,10,0,0,0,10,0,0,20261009,2026-10-09 22:08
잠실한강공원,POI110,원활,43.0,2026-10-09 22:05,4,1326.0,198.0,1.0,9.0,0,0,8700,8800,8000,8100,100,150,300,350,30,40,100,150,20,30,80,90,20261009,500,550,1100,1200,30,40,10,20,10,20,0,10,10,20,0,10,20261009,2026-10-09 22:08
잠원한강공원,POI111,원활,38.0,2026-10-09 22:05,3,1540.0,0.0,0.0,5.0,0,0,,,,,,,,,,,,,,,,,,1100,1200,1400,1500,40,50,30,40,0,10,0,10,0,10,0,10,20261009,2026-10-09 22:08
청계산,POI112,원활,58.0,2026-10-09 22:05,0,,,0.0,9.0,0,0,,,,,,,,,,,,,,,,,,80,90,90,100,0,0,0,0,0,0,0,0,0,0,0,0,20261009,2026-10-09 22:08
북창동 먹자골목,POI114,서행,18.0,2026-10-09 22:05,20,552.0,0.0,0.0,11.0,0,0,,,,,,,,,,,,,,,,,,13300,13400,12100,12200,200,250,150,200,30,40,50,60,30,40,50,60,20261009,2026-10-09 22:08
남대문시장,POI115,서행,16.0,2026-10-09 22:05,16,1456.0,4.0,1.0,7.0,0,0,,,,,,,,,,,,,,,,,,9700,9800,9900,10000,100,150,90,100,20,30,10,20,20,30,10,20,20261009,2026-10-09 22:08
익선동,POI116,정체,13.0,2026-10-09 22:05,10,187.0,1.0,3.0,11.0,1,0,54200,54300,62900,63000,2400,2500,850,900,700,750,250,300,500,550,150,200,20261009,7900,8000,8100,8200,200,250,100,150,20,30,10,20,20,30,10,20,20261009,2026-10-09 22:08
신정네거리역,POI117,서행,20.0,2026-10-09 22:05,3,119.0,,1.0,9.0,0,0,,,,,,,,,,,,,,,,,,,,,,,,,,,,,,,,,,,2026-10-09 22:08
잠실새내역,POI118,서행,19.0,2026-10-09 22:05,31,1541.0,,1.0,18.0,0,0,16600,16700,16000,16100,550,600,200,250,100,150,40,50,80,90,10,20,20261009,6500,6600,7300,7400,100,150,100,150,10,20,10,20,10,20,10,20,20261009,2026-10-09 22:08
잠실역,POI119,서행,19.0,2026-10-09 22:05,5,6749.0,129.0,2.0,21.0,0,0,,,,,,,,,,,,,,,,,,20500,20600,22800,22900,700,750,200,250,100,150,40,50,100,150,40,50,20261009,2026-10-09 22:08
잠실롯데타워·석촌호수,POI120,서행,18.0,2026-10-09 22:05,33,9281.0,129.0,3.0,0.0,3,0,,,,,,,,,,,,,,,,,,,,,,,,,,,,,,,,,,,2026-10-09 22:08
송리단길·호수단길,POI121,서행,20.0,2026-10-09 22:05,21,878.0,,1.0,15.0,0,0,6400,6500,8100,8200,200,250,200,250,60,70,50,60,30,40,40,50,20261009,6300,6400,8200,8300,150,200,100,150,10,20,10,20,10,20,10,20,20261009,2026-10-09 22:08
신촌 스타광장,POI122,서행,16.0,2026-10-09 22:05,4,235.0,,1.0,4.0,0,0,,,,,,,,,,,,,,,,,,6300,6400,6400,6500,150,200,70,80,20,30,0,10,20,30,0,10,20261009,2026-10-09 22:08
보라매공원,POI123,서행,20.0,2026-10-09 22:05,1,78.0,,2.0,5.0,0,0,4600,4700,4600,4700,100,150,100,150,30,40,60,70,20,30,20,30,20261009,100,150,150,200,0,0,0,0,0,0,0,0,0,0,0,0,20261009,2026-10-09 22:08
서대문독립공원,POI124,원활,30.0,2026-10-09 22:05,2,150.0,,1.0,18.0,0,0,7500,7600,8500,8600,70,80,100,150,30,40,40,50,20,30,30,40,20261009,5700,5800,4800,4900,80,90,80,90,0,0,10,20,0,0,10,20,20261009,2026-10-09 22:08
안양천,POI125,원활,42.0,2026-10-09 22:05,1,294.0,,0.0,1.0,0,0,,,,,,,,,,,,,,,,,,30,40,0,10,0,0,0,0,0,0,0,0,0,0,0,0,20261009,2026-10-09 22:08
여의서로,POI126,원활,34.0,2026-10-09 22:05,2,168.0,38.0,0.0,0.0,0,0,,,,,,,,,,,,,,,,,,,,,,,,,,,,,,,,,,,2026-10-09 22:08
올림픽공원,POI127,서행,24.0,2026-10-09 22:05,4,2716.0,,4.0,17.0,8,0,,,,,,,,,,,,,,,,,,4400,4500,4700,4800,200,250,100,150,50,60,20,30,50,60,20,30,20261009,2026-10-09 22:08
홍제폭포,POI128,원활,34.0,2026-10-09 22:05,0,,,0.0,0.0,0,0,,,,,,,,,,,,,,,,,,,,,,,,,,,,,,,,,,,2026-10-09 22:08
송현녹지광장,POI129,서행,19.0,2026-10-09 22:05,4,1546.0,,1.0,25.0,8,0,29500,29600,34200,34300,600,650,100,150,150,200,30,40,100,150,10,20,20261009,14300,14400,14200,14300,200,250,70,80,30,40,10,20,30,40,10,20,20261009,2026-10-09 22:08
시의회 앞,POI130,서행,19.0,2026-10-09 22:05,9,1723.0,,3.0,25.0,6,0,83400,83500,97100,97200,3000,3100,550,600,800,850,200,250,500,550,150,200,20261009,19600,19700,22200,22300,600,650,200,250,80,90,30,40,80,90,30,40,20261009,2026-10-09 22:08
강남 MICE 관광특구,POI001,서행,19.0,2026-10-09 23:05,3,4428.0,,2.0,6.0,1,0,43400,43500,44000,44100,900,950,200,250,200,250,90,100,100,150,60,70,20261009,4100,4200,4000,4100,50,60,10,20,0,0,0,0,0,0,0,0,20261009,2026-10-09 23:07
동대문 관광특구,POI002,서행,17.0,2026-10-09 23:05,47,8302.0,148.0,7.0,32.0,7,0,96400,96500,95100,95200,1800,1900,1500,1600,500,550,350,400,250,300,200,250,20261009,12600,12700,11000,11100,30,40,20,30,0,0,0,0,0,0,0,0,20261009,2026-10-09 23:07
명동 관광특구,POI003,서행,18.0,2026-10-09 23:05,93,12070.0,7.0,7.0,54.0,7,1,202400,202500,217400,217500,5200,5300,1600,1700,1500,1600,350,400,800,850,200,250,20261009,42200,42300,41700,41800,200,250,90,100,0,0,0,0,0,0,0,0,20261009,2026-10-09 23:07
이태원 관광특구,POI004,서행,20.0,2026-10-09 23:05,8,853.0,,3.0,17.0,0,0,33200,33300,41900,42000,1500,1600,900,950,450,500,200,250,250,300,150,200,20261009,8900,9000,9000,9100,40,50,40,50,0,0,0,0,0,0,0,0,20261009,2026-10-09 23:07
잠실 관광특구,POI005,서행,22.0,2026-10-09 23:05,37,11997.0,84.0,6.0,50.0,11,0,128400,128500,129300,129400,3300,3400,1700,1800,700,750,450,500,350,400,200,250,20261009,22200,22300,24200,24300,200,250,100,150,0,0,0,0,0,0,0,0,20261009,2026-10-09 23:07
종로·청계 관광특구,POI006,서행,17.0,2026-10-09 23:05,48,2496.0,40.0,10.0,62.0,0,0,207300,207400,215000,215100,4800,4900,1700,1800,1400,1500,450,500,700,750,250,300,20261009,37800,37900,36500,36600,200,250,70,80,0,0,0,0,0,0,0,0,20261009,2026-10-09 23:07
홍대 관광특구,POI007,서행,15.0,2026-10-09 23:05,51,3098.0,,8.0,70.0,0,0,171300,171400,192300,192400,7600,7700,3300,3400,2200,2300,800,850,1100,1200,250,300,20261009,31500,31600,32400,32500,150,200,80,90,0,0,0,0,0,0,0,0,20261009,2026-10-09 23:07
경복궁,POI008,서행,20.0,2026-10-09 23:05,2,267.0,,1.0,11.0,4,0,32400,32500,35700,35800,400,450,100,150,100,150,30,40,80,90,0,10,20261009,1600,1700,1600,1700,0,0,0,0,0,0,0,0,0,0,0,0,20261009,2026-10-09 23:07
광화문·덕수궁,POI009,서행,20.0,2026-10-09 23:05,29,7988.0,148.0,4.0,41.0,13,1,120900,121000,133500,133600,2400,2500,400,450,700,750,90,100,400,450,20,30,20261009,35100,35200,35600,35700,150,200,50,60,0,0,0,0,0,0,0,0,20261009,2026-10-09 23:07
보신각,POI010,서행,16.0,2026-10-09 23:05,14,2572.0,7.0,1.0,14.0,1,0,29800,29900,28500,28600,950,1000,100,150,250,300,30,40,100,150,20,30,20261009,10100,10200,9700,9800,80,90,20,30,0,0,0,0,0,0,0,0,20261009,2026-10-09 23:07
서울 암사동 유적,POI011,서행,22.0,2026-10-09 23:05,1,108.0,,0.0,3.0,0,0,,,,,,,,,,,,,,,,,,90,100,50,60,0,0,0,0,0,0,0,0,0,0,0,0,20261009,2026-10-09 23:07
창덕궁·종묘,POI012,서행,19.0,2026-10-09 23:05,16,3155.0,346.0,4.0,19.0,2,0,82300,82400,87500,87600,2400,2500,800,850,700,750,200,250,350,400,100,150,20261009,5800,5900,6200,6300,0,10,0,10,0,0,0,0,0,0,0,0,20261009,2026-10-09 23:07
가산디지털단지역,POI013,서행,24.0,2026-10-09 23:05,20,8291.0,,2.0,71.0,0,0,21700,21800,21600,21700,300,350,450,500,100,150,100,150,30,40,70,80,20261009,8000,8100,9000,9100,30,40,20,30,0,0,0,0,0,0,0,0,20261009,2026-10-09 23:07
강남역,POI014,서행,18.0,2026-10-09 23:05,95,7876.0,,4.0,55.0,0,0,85500,85600,91700,91800,3300,3400,1300,1400,950,1000,350,400,500,550,100,150,20261009,27600,27700,25300,25400,100,150,100,150,0,0,0,0,0,0,0,0,20261009,2026-10-09 23:07
건대입구역,POI015,서행,22.0,2026-10-09 23:05,23,6603.0,,2.0,11.0,3,0,50800,50900,50800,50900,2200,2300,1300,1400,650,700,500,550,350,400,200,250,20261009,4900,5000,6300,6400,20,30,10,20,0,0,0,0,0,0,0,0,20261009,2026-10-09 23:07
고덕역,POI016,원활,26.0,2026-10-09 23:05,15,1615.0,,1.0,5.0,0,0,6600,6700,6100,6200,70,80,100,150,10,20,60,70,0,10,60,70,20261009,1500,1600,1300,1400,0,10,0,10,0,0,0,0,0,0,0,0,20261009,2026-10-09 23:07
고속터미널역,POI017,원활,27.0,2026-10-09 23:05,3,4291.0,,3.0,10.0,0,0,96600,96700,102000,102100,1800,1900,950,1000,450,500,200,250,250,300,80,90,20261009,18500,18600,17300,17400,100,150,60,70,0,0,0,0,0,0,0,0,20261009,2026-10-09 23:07
교대역,POI018,서행,21.0,2026-10-09 23:05,14,760.0,,2.0,13.0,0,0,22100,22200,21600,21700,450,500,400,450,100,150,100,150,50,60,70,80,20261009,3500,3600,2400,2500,10,20,0,10,0,0,0,0,0,0,0,0,20261009,2026-10-09 23:07
구로디지털단지역,POI019,서행,19.0,2026-10-09 23:05,20,6911.0,,1.0,29.0,0,0,34900,35000,31000,31100,400,450,750,800,100,150,250,300,50,60,100,150,20261009,7000,7100,4300,4400,60,70,20,30,0,0,0,0,0,0,0,0,20261009,2026-10-09 23:07
구로역,POI020,원활,27.0,2026-10-09 23:05,3,1047.0,,1.0,5.0,0,0,14100,14200,13600,13700,150,200,200,250,40,50,80,90,20,30,20,30,20261009,1700,1800,2200,2300,0,0,0,0,0,0,0,0,0,0,0,0,20261009,2026-10-09 23:07
군자역,POI021,서행,18.0,2026-10-09 23:05,11,573.0,,2.0,16.0,0,0,22200,22300,19600,19700,450,500,550,600,150,200,150,200,90,100,100,150,20261009,4500,4600,5000,5100,30,40,20,30,0,0,0,0,0,0,0,0,20261009,2026-10-09 23:07
대림역,POI023,서행,19.0,2026-10-09 23:05,4,221.0,,2.0,29.0,0,0,26500,26600,26100,26200,300,350,850,900,100,150,300,350,40,50,200,250,20261009,6300,6400,7100,7200,0,10,10,20,0,0,0,0,0,0,0,0,20261009,2026-10-09 23:07
동대문역,POI024,서행,19.0,2026-10-09 23:05,17,892.0,0.0,2.0,7.0,0,0,37000,37100,36600,36700,450,500,350,400,100,150,100,150,70,80,40,50,20261009,5000,5100,5100,5200,0,10,0,0,0,0,0,0,0,0,0,0,20261009,2026-10-09 23:07
뚝섬역,POI025,원활,27.0,2026-10-09 23:05,9,767.0,,1.0,4.0,1,0,18900,19000,19300,19400,400,450,150,200,100,150,40,50,50,60,20,30,20261009,2200,2300,1900,2000,20,30,0,10,0,0,0,0,0,0,0,0,20261009,2026-10-09 23:07
미아사거리역,POI026,서행,18.0,2026-10-09 23:05,11,1409.0,,1.0,29.0,0,0,20600,20700,18900,19000,200,250,600,650,40,50,150,200,20,30,150,200,20261009,23100,23200,21900,22000,100,150,60,70,0,0,0,0,0,0,0,0,20261009,2026-10-09 23:07
발산역,POI027,서행,17.0,2026-10-09 23:05,13,2880.0,,1.0,37.0,0,0,15500,15600,16400,16500,350,400,250,300,100,150,60,70,40,50,20,30,20261009,7100,7200,7600,7700,30,40,20,30,0,0,0,0,0,0,0,0,20261009,2026-10-09 23:07
사당역,POI029,서행,20.0,2026-10-09 23:05,13,520.0,,2.0,17.0,1,0,56000,56100,57100,57200,1500,1600,1700,1800,450,500,350,400,250,300,80,90,20261009,6500,6600,8000,8100,30,40,40,50,0,0,0,0,0,0,0,0,20261009,2026-10-09 23:07
삼각지역,POI030,원활,30.0,2026-10-09 23:05,0,,,2.0,7.0,0,0,14700,14800,15200,15300,450,500,200,250,150,200,60,70,70,80,20,30,20261009,6800,6900,6300,6400,10,20,30,40,0,0,0,0,0,0,0,0,20261009,2026-10-09 23:07
서울대입구역,POI031,서행,21.0,2026-10-09 23:05,2,52.0,,1.0,15.0,0,0,35300,35400,30700,30800,550,600,1300,1400,150,200,450,500,80,90,250,300,20261009,18000,18100,19100,19200,40,50,40,50,0,0,0,0,0,0,0,0,20261009,2026-10-09 23:07
서울식물원·마곡나루역,POI032,서행,18.0,2026-10-09 23:05,2,2651.0,,2.0,15.0,3,0,19600,19700,19500,19600,300,350,400,450,80,90,100,150,40,50,90,100,20261009,2000,2100,2200,2300,20,30,0,10,0,0,0,0,0,0,0,0,20261009,2026-10-09 23:07
서울역,POI033,서행,21.0,2026-10-09 23:05,23,3968.0,0.0,8.0,34.0,1,0,172300,172400,180700,180800,3700,3800,2700,2800,1000,1100,700,750,450,500,250,300,20261009,25700,25800,26700,26800,70,80,70,80,0,0,0,0,0,0,0,0,20261009,2026-10-09 23:07
선릉역,POI034,서행,21.0,2026-10-09 23:05,94,11160.0,27.0,4.0,20.0,0,0,47200,47300,48700,48800,1100,1200,550,600,250,300,150,200,100,150,80,90,20261009,6200,6300,5600,5700,20,30,10,20,0,0,0,0,0,0,0,0,20261009,2026-10-09 23:07
성신여대입구역,POI035,서행,17.0,2026-10-09 23:05,2,38.0,,2.0,9.0,1,0,21500,21600,20200,20300,500,550,650,700,150,200,250,300,80,90,90,100,20261009,12300,12400,12700,12800,80,90,50,60,0,0,0,0,0,0,0,0,20261009,2026-10-09 23:07
수유역,POI036,서행,18.0,2026-10-09 23:05,8,802.0,,1.0,32.0,0,0,28600,28700,25300,25400,300,350,900,950,70,80,100,150,50,60,0,0,20261009,23000,23100,26000,26100,100,150,60,70,0,0,0,0,0,0,0,0,20261009,2026-10-09 23:07
신논현역·논현역,POI037,서행,18.0,2026-10-09 23:05,32,1053.0,,3.0,13.0,0,0,36200,36300,38100,38200,1200,1300,600,650,350,400,150,200,200,250,70,80,20261009,8200,8300,8600,8700,50,60,50,60,0,0,0,0,0,0,0,0,20261009,2026-10-09 23:07
신도림역,POI038,원활,40.0,2026-10-09 23:05,1,1644.0,,2.0,2.0,0,0,42500,42600,39800,39900,650,700,1000,1100,150,200,250,300,100,150,100,150,20261009,2000,2100,4500,4600,0,0,0,10,0,0,0,0,0,0,0,0,20261009,2026-10-09 23:07
신림역,POI039,서행,15.0,2026-10-09 23:05,2,282.0,,2.0,15.0,0,0,46100,46200,41600,41700,600,650,1900,2000,150,200,650,700,80,90,350,400,20261009,21400,21500,24300,24400,90,100,50,60,0,0,0,0,0,0,0,0,20261009,2026-10-09 23:07
신촌·이대역,POI040,서행,20.0,2026-10-09 23:05,25,1943.0,96.0,4.0,41.0,0,0,44300,44400,44700,44800,1200,1300,1100,1200,300,350,350,400,150,200,250,300,20261009,23400,23500,22100,22200,150,200,80,90,0,0,0,0,0,0,0,0,20261009,2026-10-09 23:07
양재역,POI041,원활,26.0,2026-10-09 23:05,16,1881.0,,2.0,27.0,0,0,25000,25100,25400,25500,500,550,450,500,100,150,100,150,60,70,60,70,20261009,11200,11300,9800,9900,80,90,50,60,0,0,0,0,0,0,0,0,20261009,2026-10-09 23:07
역삼역,POI042,서행,21.0,2026-10-09 23:05,47,7473.0,1.0,1.0,10.0,0,0,15700,15800,17500,17600,350,400,250,300,90,100,70,80,40,50,20,30,20261009,3900,4000,5200,5300,0,10,10,20,0,0,0,0,0,0,0,0,20261009,2026-10-09 23:07
연신내역,POI043,서행,19.0,2026-10-09 23:05,5,208.0,,3.0,14.0,0,0,38800,38900,35500,35600,550,600,1200,1300,150,200,300,350,90,100,200,250,20261009,9400,9500,8500,8600,30,40,20,30,0,0,0,0,0,0,0,0,20261009,2026-10-09 23:07
오목교역·목동운동장,POI044,원활,28.0,2026-10-09 23:05,14,5304.0,,1.0,33.0,0,0,14900,15000,15100,15200,250,300,300,350,60,70,80,90,30,40,40,50,20261009,14300,14400,15300,15400,90,100,50,60,0,0,0,0,0,0,0,0,20261009,2026-10-09 23:07
왕십리역,POI045,서행,18.0,2026-10-09 23:05,4,1478.0,,5.0,22.0,0,0,39800,39900,39100,39200,950,1000,1000,1100,250,300,250,300,100,150,150,200,20261009,4800,4900,5700,5800,40,50,0,10,0,0,0,0,0,0,0,0,20261009,2026-10-09 23:07
용산역,POI046,원활,26.0,2026-10-09 23:05,11,5014.0,99.0,2.0,33.0,0,0,83700,83800,95300,95400,2200,2300,500,550,600,650,100,150,300,350,40,50,20261009,13700,13800,9200,9300,40,50,20,30,0,0,0,0,0,0,0,0,20261009,2026-10-09 23:07
이태원역,POI047,정체,11.0,2026-10-09 23:05,4,66.0,,1.0,9.0,0,0,15800,15900,20700,20800,600,650,700,750,200,250,150,200,100,150,150,200,20261009,4800,4900,4600,4700,20,30,30,40,0,0,0,0,0,0,0,0,20261009,2026-10-09 23:07
장지역,POI048,서행,24.0,2026-10-09 23:05,4,10611.0,,1.0,20.0,0,0,12900,13000,11600,11700,100,150,200,250,40,50,70,80,10,20,20,30,20261009,5300,5400,5300,5400,30,40,10,20,0,0,0,0,0,0,0,0,20261009,2026-10-09 23:07
장한평역,POI049,원활,27.0,2026-10-09 23:05,15,847.0,,1.0,16.0,0,0,13100,13200,12000,12100,150,200,400,450,30,40,90,100,10,20,90,100,20261009,9400,9500,9600,9700,40,50,20,30,0,0,0,0,0,0,0,0,20261009,2026-10-09 23:07
천호역,POI050,서행,20.0,2026-10-09 23:05,14,3331.0,,2.0,12.0,0,0,33500,33600,34200,34300,550,600,750,800,100,150,200,250,80,90,100,150,20261009,4000,4100,5400,5500,10,20,0,10,0,0,0,0,0,0,0,0,20261009,2026-10-09 23:07
총신대입구(이수)역,POI051,서행,18.0,2026-10-09 23:05,7,533.0,,2.0,18.0,0,0,27900,28000,28300,28400,550,600,450,500,100,150,100,150,80,90,40,50,20261009,10600,10700,9200,9300,30,40,20,30,0,0,0,0,0,0,0,0,20261009,2026-10-09 23:07
충정로역,POI052,원활,27.0,2026-10-09 23:05,5,834.0,,2.0,19.0,0,0,8400,8500,8500,8600,90,100,200,250,30,40,80,90,10,20,40,50,20261009,4500,4600,4200,4300,0,10,10,20,0,0,0,0,0,0,0,0,20261009,2026-10-09 23:07
합정역,POI053,서행,22.0,2026-10-09 23:05,6,207.0,,2.0,30.0,0,0,41300,41400,45500,45600,1800,1900,750,800,550,600,200,250,250,300,70,80,20261009,9300,9400,10500,10600,50,60,20,30,0,0,0,0,0,0,0,0,20261009,2026-10-09 23:07
혜화역,POI054,서행,21.0,2026-10-09 23:05,24,955.0,,1.0,12.0,7,0,35000,35100,37500,37600,1300,1400,250,300,350,400,60,70,150,200,50,60,20261009,11200,11300,11900,12000,100,150,30,40,0,0,0,0,0,0,0,0,20261009,2026-10-09 23:07
홍대입구역(2호선),POI055,정체,13.0,2026-10-09 23:05,16,1196.0,,1.0,17.0,0,0,79900,80000,92700,92800,3800,3900,1500,1600,1100,1200,200,250,600,650,50,60,20261009,18400,18500,19100,19200,100,150,40,50,0,0,0,0,0,0,0,0,20261009,2026-10-09 23:07
회기역,POI056,서행,22.0,2026-10-09 23:05,21,408.0,,1.0,22.0,0,0,22400,22500,18800,18900,1100,1200,750,800,200,250,300,350,100,150,70,80,20261009,13600,13700,13800,13900,40,50,30,40,0,0,0,0,0,0,0,0,20261009,2026-10-09 23:07
가락시장,POI058,원활,29.0,2026-10-09 23:05,4,2884.0,,2.0,16.0,0,0,13000,13100,13000,13100,200,250,200,250,70,80,50,60,30,40,10,20,20261009,6000,6100,5100,5200,10,20,30,40,0,0,0,0,0,0,0,0,20261009,2026-10-09 23:07
가로수길,POI059,원활,26.0,2026-10-09 23:05,51,2767.0,53.0,2.0,14.0,0,0,35400,35500,38900,39000,1100,1200,300,350,250,300,100,150,100,150,90,100,20261009,5100,5200,6700,6800,30,40,10,20,0,0,0,0,0,0,0,0,20261009,2026-10-09 23:07
광장(전통)시장,POI060,서행,20.0,2026-10-09 23:05,7,103.0,6.0,1.0,11.0,0,0,23300,23400,23000,23100,250,300,100,150,70,80,30,40,20,30,10,20,20261009,7700,7800,7900,8000,0,10,10,20,0,0,0,0,0,0,0,0,20261009,2026-10-09 23:07
김포공항,POI061,원활,30.0,2026-10-09 23:05,6,16594.0,,6.0,27.0,0,0,31900,32000,28500,28600,650,700,150,200,150,200,60,70,80,90,20,30,20261009,2100,2200,2300,2400,0,10,0,10,0,0,0,0,0,0,0,0,20261009,2026-10-09 23:07
노량진,POI063,서행,22.0,2026-10-09 23:05,11,1218.0,,3.0,22.0,1,0,45100,45200,45100,45200,1400,1500,900,950,400,450,300,350,200,250,100,150,20261009,19800,19900,21000,21100,100,150,60,70,0,0,0,0,0,0,0,0,20261009,2026-10-09 23:07
덕수궁길·정동길,POI064,서행,22.0,2026-10-09 23:05,10,620.0,,3.0,10.0,0,0,47800,47900,48300,48400,1000,1100,400,450,300,350,100,150,100,150,90,100,20261009,3900,4000,5200,5300,10,20,10,20,0,0,0,0,0,0,0,0,20261009,2026-10-09 23:07
북촌한옥마을,POI066,서행,21.0,2026-10-09 23:05,16,1756.0,,1.0,55.0,9,0,30400,30500,34400,34500,300,350,70,80,90,100,30,40,50,60,10,20,20261009,16900,17000,17600,17700,60,70,20,30,0,0,0,0,0,0,0,0,20261009,2026-10-09 23:07
서촌,POI067,서행,19.0,2026-10-09 23:05,9,308.0,,1.0,32.0,4,0,32400,32500,35700,35800,400,450,100,150,100,150,30,40,80,90,0,10,20261009,14600,14700,14600,14700,50,60,10,20,0,0,0,0,0,0,0,0,20261009,2026-10-09 23:07
성수카페거리,POI068,서행,19.0,2026-10-09 23:05,28,2824.0,,2.0,35.0,1,0,76200,76300,83800,83900,1800,1900,400,450,450,500,100,150,250,300,60,70,20261009,4700,4800,4700,4800,20,30,0,10,0,0,0,0,0,0,0,0,20261009,2026-10-09 23:07
쌍문역,POI070,서행,20.0,2026-10-09 23:05,8,345.0,,1.0,18.0,0,0,22200,22300,18300,18400,150,200,600,650,30,40,100,150,20,30,0,10,20261009,10500,10600,12400,12500,80,90,40,50,0,0,0,0,0,0,0,0,20261009,2026-10-09 23:07
압구정로데오거리,POI071,서행,21.0,2026-10-09 23:05,55,1976.0,1.0,1.0,16.0,1,0,14900,15000,17000,17100,350,400,150,200,100,150,70,80,50,60,20,30,20261009,9900,10000,10100,10200,40,50,20,30,0,0,0,0,0,0,0,0,20261009,2026-10-09 23:07
여의도,POI072,원활,26.0,2026-10-09 23:05,116,24820.0,742.0,9.0,63.0,4,0,79900,80000,80000,80100,2100,2200,1000,1100,550,600,300,350,300,350,150,200,20261009,32700,32800,35800,35900,200,250,50,60,0,0,0,0,0,0,0,0,20261009,2026-10-09 23:07
연남동,POI073,서행,17.0,2026-10-09 23:05,45,132.0,,0.0,20.0,0,0,,,,,,,,,,,,,,,,,,6300,6400,7400,7500,20,30,30,40,0,0,0,0,0,0,0,0,20261009,2026-10-09 23:07
영등포 타임스퀘어,POI074,서행,19.0,2026-10-09 23:05,10,1195.0,52.0,3.0,24.0,0,0,51300,51400,52100,52200,1100,1200,800,850,400,450,250,300,200,250,100,150,20261009,20400,20500,21500,21600,150,200,60,70,0,0,0,0,0,0,0,0,20261009,2026-10-09 23:07
용리단길,POI076,원활,25.0,2026-10-09 23:05,0,,,3.0,7.0,0,0,36600,36700,41400,41500,1200,1300,400,450,350,400,100,150,150,200,40,50,20261009,4800,4900,9300,9400,20,30,40,50,0,0,0,0,0,0,0,0,20261009,2026-10-09 23:07
이태원 앤틱가구거리,POI077,서행,20.0,2026-10-09 23:05,4,51.0,,1.0,13.0,0,0,15800,15900,20700,20800,600,650,700,750,200,250,150,200,100,150,150,200,20261009,4300,4400,4900,5000,10,20,30,40,0,0,0,0,0,0,0,0,20261009,2026-10-09 23:07
인사동,POI078,서행,17.0,2026-10-09 23:05,21,2465.0,1.0,2.0,26.0,7,0,60300,60400,62900,63000,1200,1300,200,250,350,400,60,70,150,200,30,40,20261009,15800,15900,15100,15200,100,150,20,30,0,0,0,0,0,0,0,0,20261009,2026-10-09 23:07
창동 신경제 중심지,POI079,서행,20.0,2026-10-09 23:05,46,4927.0,12.0,4.0,55.0,5,0,55900,56000,58400,58500,1000,1100,1300,1400,200,250,450,500,100,150,300,350,20261009,18300,18400,18500,18600,100,150,30,40,0,0,0,0,0,0,0,0,20261009,2026-10-09 23:07
청담동 명품거리,POI080,서행,24.0,2026-10-09 23:05,16,910.0,,1.0,10.0,0,0,14900,15000,17000,17100,350,400,150,200,100,150,70,80,50,60,20,30,20261009,4200,4300,4100,4200,30,40,20,30,0,0,0,0,0,0,0,0,20261009,2026-10-09 23:07
청량리 제기동 일대 전통시장,POI081,서행,21.0,2026-10-09 23:05,12,2214.0,,2.0,23.0,0,0,38300,38400,38600,38700,250,300,450,500,60,70,100,150,20,30,60,70,20261009,31300,31400,26800,26900,100,150,50,60,0,0,0,0,0,0,0,0,20261009,2026-10-09 23:07
해방촌·경리단길,POI082,원활,32.0,2026-10-09 23:05,4,273.0,,0.0,26.0,1,0,,,,,,,,,,,,,,,,,,9100,9200,9800,9900,40,50,60,70,0,0,0,0,0,0,0,0,20261009,2026-10-09 23:07
DDP(동대문디자인플라자),POI083,서행,17.0,2026-10-09 23:05,9,2596.0,140.0,3.0,11.0,5,0,39400,39500,38600,38700,800,850,650,700,200,250,150,200,100,150,90,100,20261009,4000,4100,4400,4500,10,20,10,20,0,0,0,0,0,0,0,0,20261009,2026-10-09 23:07
DMC(디지털미디어시티),POI084,서행,23.0,2026-10-09 23:05,25,9176.0,,4.0,68.0,0,0,18000,18100,16800,16900,200,250,400,450,60,70,100,150,30,40,0,10,20261009,7200,7300,8000,8100,20,30,20,30,0,0,0,0,0,0,0,0,20261009,2026-10-09 23:07
강서한강공원,POI085,원활,57.0,2026-10-09 23:05,2,106.0,17.0,0.0,1.0,0,0,,,,,,,,,,,,,,,,,,0,0,0,0,0,0,0,0,0,0,0,0,0,0,0,0,20261009,2026-10-09 23:07
고척돔,POI086,원활,29.0,2026-10-09 23:05,0,,,1.0,3.0,4,0,5000,5100,4300,4400,50,60,150,200,10,20,30,40,0,10,20,30,20261009,2500,2600,2400,2500,0,10,0,0,0,0,0,0,0,0,0,0,20261009,2026-10-09 23:07
광나루한강공원,POI087,원활,65.0,2026-10-09 23:05,4,718.0,145.0,0.0,0.0,0,0,,,,,,,,,,,,,,,,,,,,,,,,,,,,,,,,,,,2026-10-09 23:07
광화문광장,POI088,서행,22.0,2026-10-09 23:05,3,2932.0,148.0,2.0,12.0,5,0,65100,65200,71700,71800,1100,1200,200,250,300,350,50,60,200,250,0,10,20261009,15500,15600,14100,14200,50,60,10,20,0,0,0,0,0,0,0,0,20261009,2026-10-09 23:07
국립중앙박물관·용산가족공원,POI089,원활,36.0,2026-10-09 23:05,4,931.0,,3.0,3.0,3,0,23000,23100,24200,24300,200,250,150,200,50,60,60,70,20,30,10,20,20261009,1200,1300,1100,1200,0,0,0,0,0,0,0,0,0,0,0,0,20261009,2026-10-09 23:07
난지한강공원,POI090,원활,60.0,2026-10-09 23:05,4,1240.0,0.0,0.0,7.0,0,0,,,,,,,,,,,,,,,,,,100,150,50,60,0,0,0,0,0,0,0,0,0,0,0,0,20261009,2026-10-09 23:07
남산공원,POI091,원활,32.0,2026-10-09 23:05,33,2148.0,25.0,5.0,37.0,6,0,79600,79700,90000,90100,2900,3000,850,900,800,850,200,250,400,450,100,150,20261009,20000,20100,20600,20700,100,150,100,150,0,0,0,0,0,0,0,0,20261009,2026-10-09 23:07
노들섬,POI092,원활,46.0,2026-10-09 23:05,1,99.0,,0.0,4.0,4,0,,,,,,,,,,,,,,,,,,10000,10100,10700,10800,200,250,30,40,0,0,0,0,0,0,0,0,20261009,2026-10-09 23:07
뚝섬한강공원,POI093,원활,58.0,2026-10-09 23:05,8,1342.0,409.0,1.0,1.0,1,0,28400,28500,32200,32300,1400,1500,150,200,350,400,50,60,150,200,40,50,20261009,0,0,0,0,0,0,0,0,0,0,0,0,0,0,0,0,20261009,2026-10-09 23:07
망원한강공원,POI094,원활,38.0,2026-10-09 23:05,2,458.0,0.0,2.0,10.0,0,0,41300,41400,45500,45600,1800,1900,750,800,550,600,200,250,250,300,70,80,20261009,6700,6800,7800,7900,20,30,20,30,0,0,0,0,0,0,0,0,20261009,2026-10-09 23:07
반포한강공원,POI095,원활,48.0,2026-10-09 23:05,9,1483.0,9.0,0.0,6.0,0,0,,,,,,,,,,,,,,,,,,700,750,1000,1100,0,0,0,0,0,0,0,0,0,0,0,0,20261009,2026-10-09 23:07
북서울꿈의숲,POI096,서행,24.0,2026-10-09 23:05,3,549.0,,0.0,17.0,1,0,,,,,,,,,,,,,,,,,,2200,2300,1600,1700,0,10,0,10,0,0,0,0,0,0,0,0,20261009,2026-10-09 23:07
서리풀공원·몽마르뜨공원,POI098,원활,27.0,2026-10-09 23:05,0,,,4.0,7.0,0,0,105300,105400,110700,110800,2000,2100,1200,1300,500,550,250,300,300,350,100,150,20261009,17800,17900,16400,16500,100,150,60,70,0,0,0,0,0,0,0,0,20261009,2026-10-09 23:07
서울대공원,POI100,원활,34.0,2026-10-09 23:05,0,,,1.0,0.0,0,0,12300,12400,12700,12800,300,350,10,20,60,70,0,10,10,20,0,0,20261009,,,,,,,,,,,,,,,,,,2026-10-09 23:07
서울숲공원,POI101,원활,40.0,2026-10-09 23:05,2,996.0,,1.0,9.0,2,0,13100,13200,14000,14100,200,250,100,150,60,70,50,60,30,40,40,50,20261009,1800,1900,2200,2300,0,0,0,0,0,0,0,0,0,0,0,0,20261009,2026-10-09 23:07
아차산,POI102,원활,32.0,2026-10-09 23:05,0,,,0.0,3.0,0,0,,,,,,,,,,,,,,,,,,200,250,40,50,0,0,0,0,0,0,0,0,0,0,0,0,20261009,2026-10-09 23:07
양화한강공원,POI103,원활,41.0,2026-10-09 23:05,6,1002.0,123.0,0.0,5.0,0,0,,,,,,,,,,,,,,,,,,250,300,400,450,0,0,0,0,0,0,0,0,0,0,0,0,20261009,2026-10-09 23:07
어린이대공원,POI104,서행,22.0,2026-10-09 23:05,4,945.0,,2.0,9.0,4,0,28500,28600,27100,27200,500,550,500,550,150,200,100,150,90,100,20,30,20261009,2500,2600,2500,2600,10,20,20,30,0,0,0,0,0,0,0,0,20261009,2026-10-09 23:07
여의도한강공원,POI105,원활,37.0,2026-10-09 23:05,6,2866.0,664.0,1.0,3.0,0,0,23400,23500,23900,24000,1000,1100,100,150,250,300,40,50,150,200,20,30,20261009,2300,2400,1800,1900,10,20,0,10,0,0,0,0,0,0,0,0,20261009,2026-10-09 23:07
월드컵공원,POI106,원활,38.0,2026-10-09 23:05,9,3537.0,,4.0,34.0,0,0,26300,26400,25900,26000,200,250,450,500,70,80,100,150,30,40,10,20,20261009,5500,5600,4500,4600,10,20,10,20,0,0,0,0,0,0,0,0,20261009,2026-10-09 23:07
응봉산,POI107,원활,27.0,2026-10-09 23:05,3,88.0,,1.0,24.0,0,0,1600,1700,1200,1300,10,20,40,50,0,0,20,30,0,0,20,30,20261009,2500,2600,2000,2100,0,10,10,20,0,0,0,0,0,0,0,0,20261009,2026-10-09 23:07
이촌한강공원,POI108,원활,44.0,2026-10-09 23:05,2,514.0,0.0,0.0,4.0,1,0,,,,,,,,,,,,,,,,,,80,90,250,300,0,0,0,0,0,0,0,0,0,0,0,0,20261009,2026-10-09 23:07
잠실종합운동장,POI109,원활,27.0,2026-10-09 23:05,1,876.0,,2.0,4.0,0,0,10900,11000,11300,11400,150,200,250,300,30,40,70,80,10,20,40,50,20261009,550,600,700,750,0,10,0,10,0,0,0,0,0,0,0,0,20261009,2026-10-09 23:07
잠실한강공원,POI110,원활,45.0,2026-10-09 23:05,4,1326.0,160.0,1.0,9.0,0,0,8900,9000,8500,8600,90,100,300,350,20,30,70,80,10,20,70,80,20261009,550,600,1100,1200,0,10,10,20,0,0,0,0,0,0,0,0,20261009,2026-10-09 23:07
잠원한강공원,POI111,원활,49.0,2026-10-09 23:05,3,1540.0,0.0,0.0,5.0,0,0,,,,,,,,,,,,,,,,,,1200,1300,1400,1500,10,20,0,10,0,0,0,0,0,0,0,0,20261009,2026-10-09 23:07
청계산,POI112,원활,60.0,2026-10-09 23:05,0,,,0.0,9.0,0,0,,,,,,,,,,,,,,,,,,80,90,90,100,0,0,0,0,0,0,0,0,0,0,0,0,20261009,2026-10-09 23:07
북창동 먹자골목,POI114,서행,18.0,2026-10-09 23:05,20,552.0,0.0,0.0,11.0,0,0,,,,,,,,,,,,,,,,,,13300,13400,12100,12200,40,50,10,20,0,0,0,0,0,0,0,0,20261009,2026-10-09 23:07
남대문시장,POI115,서행,20.0,2026-10-09 23:05,16,1456.0,4.0,1.0,7.0,0,0,,,,,,,,,,,,,,,,,,9800,9900,9900,10000,0,10,10,20,0,0,0,0,0,0,0,0,20261009,2026-10-09 23:07
익선동,POI116,정체,14.0,2026-10-09 23:05,10,187.0,1.0,3.0,11.0,1,0,59000,59100,64500,64600,2200,2300,700,750,650,700,150,200,350,400,100,150,20261009,8000,8100,8200,8300,40,50,20,30,0,0,0,0,0,0,0,0,20261009,2026-10-09 23:07
신정네거리역,POI117,서행,20.0,2026-10-09 23:05,3,119.0,,1.0,9.0,0,0,,,,,,,,,,,,,,,,,,,,,,,,,,,,,,,,,,,2026-10-09 23:07
잠실새내역,POI118,서행,18.0,2026-10-09 23:05,31,1541.0,,1.0,18.0,0,0,17400,17500,16300,16400,500,550,100,150,200,250,30,40,100,150,0,0,20261009,6600,6700,7400,7500,50,60,20,30,0,0,0,0,0,0,0,0,20261009,2026-10-09 23:07
잠실역,POI119,서행,22.0,2026-10-09 23:05,5,6749.0,84.0,2.0,21.0,0,0,,,,,,,,,,,,,,,,,,20800,20900,23000,23100,150,200,100,150,0,0,0,0,0,0,0,0,20261009,2026-10-09 23:07
잠실롯데타워·석촌호수,POI120,서행,20.0,2026-10-09 23:05,33,9281.0,84.0,3.0,0.0,3,0,,,,,,,,,,,,,,,,,,,,,,,,,,,,,,,,,,,2026-10-09 23:07
송리단길·호수단길,POI121,서행,19.0,2026-10-09 23:05,21,878.0,,1.0,15.0,0,0,6900,7000,8400,8500,200,250,150,200,60,70,40,50,40,50,40,50,20261009,6400,6500,8300,8400,40,50,40,50,0,0,0,0,0,0,0,0,20261009,2026-10-09 23:07
신촌 스타광장,POI122,서행,20.0,2026-10-09 23:05,4,235.0,,1.0,4.0,0,0,,,,,,,,,,,,,,,,,,6400,6500,6400,6500,40,50,10,20,0,0,0,0,0,0,0,0,20261009,2026-10-09 23:07
보라매공원,POI123,서행,15.0,2026-10-09 23:05,1,78.0,,2.0,5.0,0,0,4800,4900,4800,4900,70,80,70,80,10,20,10,20,10,20,10,20,20261009,100,150,150,200,0,0,0,0,0,0,0,0,0,0,0,0,20261009,2026-10-09 23:07
서대문독립공원,POI124,원활,29.0,2026-10-09 23:05,2,150.0,,1.0,18.0,0,0,7600,7700,8700,8800,40,50,70,80,10,20,10,20,0,10,10,20,20261009,5700,5800,4800,4900,10,20,10,20,0,0,0,0,0,0,0,0,20261009,2026-10-09 23:07
안양천,POI125,원활,46.0,2026-10-09 23:05,1,294.0,,0.0,1.0,0,0,,,,,,,,,,,,,,,,,,30,40,0,10,0,0,0,0,0,0,0,0,0,0,0,0,20261009,2026-10-09 23:07
여의서로,POI126,원활,34.0,2026-10-09 23:05,2,168.0,38.0,0.0,0.0,0,0,,,,,,,,,,,,,,,,,,,,,,,,,,,,,,,,,,,2026-10-09 23:07
올림픽공원,POI127,원활,26.0,2026-10-09 23:05,4,2716.0,,4.0,17.0,8,0,,,,,,,,,,,,,,,,,,4500,4600,4800,4900,60,70,20,30,0,0,0,0,0,0,0,0,20261009,2026-10-09 23:07
홍제폭포,POI128,원활,39.0,2026-10-09 23:05,0,,,0.0,0.0,0,0,,,,,,,,,,,,,,,,,,,,,,,,,,,,,,,,,,,2026-10-09 23:07
송현녹지광장,POI129,서행,20.0,2026-10-09 23:05,4,1546.0,,1.0,25.0,8,0,30400,30500,34400,34500,300,350,70,80,90,100,30,40,50,60,10,20,20261009,14400,14500,14300,14400,60,70,30,40,0,0,0,0,0,0,0,0,20261009,2026-10-09 23:07
시의회 앞,POI130,서행,18.0,2026-10-09 23:05,9,1723.0,,3.0,25.0,6,0,88500,88600,97700,97800,2000,2100,300,350,600,650,60,70,300,350,20,30,20261009,19800,19900,22300,22400,100,150,30,40,0,0,0,0,0,0,0,0,20261009,2026-10-09 23:07
