AREA_NM,AREA_CD,ROAD_TRAFFIC_IDX,ROAD_TRAFFIC_SPD,ROAD_TRAFFIC_TIME,PRK_CNT,PRK_CAPACITY,PRK_CUR_CNT,SUB_STN_CNT,BUS_STN_CNT,EVENT_CNT,ACDNT_CNT,SUB_ACML_GTON_PPLTN_MIN,SUB_ACML_GTON_PPLTN_MAX,SUB_ACML_GTOFF_PPLTN_MIN,SUB_ACML_GTOFF_PPLTN_MAX,SUB_30WTHN_GTON_PPLTN_MIN,SUB_30WTHN_GTON_PPLTN_MAX,SUB_30WTHN_GTOFF_PPLTN_MIN,SUB_30WTHN_GTOFF_PPLTN_MAX,SUB_10WTHN_GTON_PPLTN_MIN,SUB_10WTHN_GTON_PPLTN_MAX,SUB_10WTHN_GTOFF_PPLTN_MIN,SUB_10WTHN_GTOFF_PPLTN_MAX,SUB_5WTHN_GTON_PPLTN_MIN,SUB_5WTHN_GTON_PPLTN_MAX,SUB_5WTHN_GTOFF_PPLTN_MIN,SUB_5WTHN_GTOFF_PPLTN_MAX,SUB_STN_TIME,BUS_ACML_GTON_PPLTN_MIN,BUS_ACML_GTON_PPLTN_MAX,BUS_ACML_GTOFF_PPLTN_MIN,BUS_ACML_GTOFF_PPLTN_MAX,BUS_30WTHN_GTON_PPLTN_MIN,BUS_30WTHN_GTON_PPLTN_MAX,BUS_30WTHN_GTOFF_PPLTN_MIN,BUS_30WTHN_GTOFF_PPLTN_MAX,BUS_10WTHN_GTON_PPLTN_MIN,BUS_10WTHN_GTON_PPLTN_MAX,BUS_10WTHN_GTOFF_PPLTN_MIN,BUS_10WTHN_GTOFF_PPLTN_MAX,BUS_5WTHN_GTON_PPLTN_MIN,BUS_5WTHN_GTON_PPLTN_MAX,BUS_5WTHN_GTOFF_PPLTN_MIN,BUS_5WTHN_GTOFF_PPLTN_MAX,BUS_STN_TIME,COLLECTED_AT
강남 MICE 관광특구,POI001,서행,24.0,2026-10-05 00:05,3,4428.0,,2,5,0,0,,,,,,,,,,,,,,,,,,,,,,,,,,,,,,,,,,,2026-10-05 00:07
동대문 관광특구,POI002,서행,18.0,2026-10-05 00:05,47,8302.0,983.0,6,20,7,0,,,,,,,,,,,,,,,,,,,,,,,,,,,,,,,,,,,2026-10-05 00:07
명동 관광특구,POI003,서행,20.0,2026-10-05 00:05,93,12070.0,7.0,9,46,6,1,,,,,,,,,,,,,,,,,,,,,,,,,,,,,,,,,,,2026-10-05 00:07
이태원 관광특구,POI004,서행,20.0,2026-10-05 00:05,8,853.0,,3,14,0,2,,,,,,,,,,,,,,,,,,,,,,,,,,,,,,,,,,,2026-10-05 00:07
잠실 관광특구,POI005,원활,25.0,2026-10-05 00:05,37,11997.0,59.0,6,42,8,0,,,,,,,,,,,,,,,,,,,,,,,,,,,,,,,,,,,2026-10-05 00:07
종로·청계 관광특구,POI006,서행,19.0,2026-10-05 00:05,48,2496.0,70.0,7,34,0,0,,,,,,,,,,,,,,,,,,,,,,,,,,,,,,,,,,,2026-10-05 00:07
홍대 관광특구,POI007,서행,16.0,2026-10-05 00:05,51,3098.0,,6,52,0,0,,,,,,,,,,,,,,,,,,,,,,,,,,,,,,,,,,,2026-10-05 00:07
경복궁,POI008,서행,22.0,2026-10-05 00:05,2,267.0,,1,10,3,0,,,,,,,,,,,,,,,,,,,,,,,,,,,,,,,,,,,2026-10-05 00:07
광화문·덕수궁,POI009,서행,23.0,2026-10-05 00:05,29,7988.0,92.0,3,32,12,1,,,,,,,,,,,,,,,,,,,,,,,,,,,,,,,,,,,2026-10-05 00:07
보신각,POI010,서행,19.0,2026-10-05 00:05,14,2572.0,10.0,1,8,1,0,,,,,,,,,,,,,,,,,,,,,,,,,,,,,,,,,,,2026-10-05 00:07
서울 암사동 유적,POI011,원활,27.0,2026-10-05 00:05,1,108.0,,0,3,0,0,,,,,,,,,,,,,,,,,,,,,,,,,,,,,,,,,,,2026-10-05 00:07
창덕궁·종묘,POI012,서행,22.0,2026-10-05 00:05,16,3155.0,279.0,0,14,1,0,,,,,,,,,,,,,,,,,,,,,,,,,,,,,,,,,,,2026-10-05 00:07
가산디지털단지역,POI013,원활,26.0,2026-10-05 00:05,20,8291.0,,1,51,0,0,,,,,,,,,,,,,,,,,,,,,,,,,,,,,,,,,,,2026-10-05 00:07
강남역,POI014,서행,21.0,2026-10-05 00:05,95,7876.0,,4,43,0,0,,,,,,,,,,,,,,,,,,,,,,,,,,,,,,,,,,,2026-10-05 00:07
건대입구역,POI015,원활,28.0,2026-10-05 00:05,23,6603.0,,2,8,4,0,,,,,,,,,,,,,,,,,,,,,,,,,,,,,,,,,,,2026-10-05 00:07
고덕역,POI016,원활,26.0,2026-10-05 00:05,15,1615.0,,1,4,0,0,,,,,,,,,,,,,,,,,,,,,,,,,,,,,,,,,,,2026-10-05 00:07
고속터미널역,POI017,원활,33.0,2026-10-05 00:05,3,4291.0,,3,8,0,0,,,,,,,,,,,,,,,,,,,,,,,,,,,,,,,,,,,2026-10-05 00:07
교대역,POI018,서행,24.0,2026-10-05 00:05,14,760.0,,2,10,0,0,,,,,,,,,,,,,,,,,,,,,,,,,,,,,,,,,,,2026-10-05 00:07
구로디지털단지역,POI019,서행,21.0,2026-10-05 00:05,20,6911.0,,1,28,0,0,,,,,,,,,,,,,,,,,,,,,,,,,,,,,,,,,,,2026-10-05 00:07
구로역,POI020,원활,29.0,2026-10-05 00:05,3,1047.0,,0,4,0,0,,,,,,,,,,,,,,,,,,,,,,,,,,,,,,,,,,,2026-10-05 00:07
군자역,POI021,서행,19.0,2026-10-05 00:05,11,573.0,,2,10,0,0,,,,,,,,,,,,,,,,,,,,,,,,,,,,,,,,,,,2026-10-05 00:07
대림역,POI023,서행,21.0,2026-10-05 00:05,4,221.0,,2,22,0,0,,,,,,,,,,,,,,,,,,,,,,,,,,,,,,,,,,,2026-10-05 00:07
동대문역,POI024,서행,17.0,2026-10-05 00:05,17,892.0,0.0,2,5,0,0,,,,,,,,,,,,,,,,,,,,,,,,,,,,,,,,,,,2026-10-05 00:07
뚝섬역,POI025,서행,22.0,2026-10-05 00:05,9,767.0,,1,4,0,0,,,,,,,,,,,,,,,,,,,,,,,,,,,,,,,,,,,2026-10-05 00:07
미아사거리역,POI026,서행,20.0,2026-10-05 00:05,11,1409.0,,1,23,0,0,,,,,,,,,,,,,,,,,,,,,,,,,,,,,,,,,,,2026-10-05 00:07
발산역,POI027,서행,20.0,2026-10-05 00:05,13,2880.0,,1,22,0,0,,,,,,,,,,,,,,,,,,,,,,,,,,,,,,,,,,,2026-10-05 00:07
사당역,POI029,원활,25.0,2026-10-05 00:05,13,520.0,,2,16,1,0,,,,,,,,,,,,,,,,,,,,,,,,,,,,,,,,,,,2026-10-05 00:07
삼각지역,POI030,원활,30.0,2026-10-05 00:05,0,,,2,5,0,0,,,,,,,,,,,,,,,,,,,,,,,,,,,,,,,,,,,2026-10-05 00:07
서울대입구역,POI031,서행,22.0,2026-10-05 00:05,2,52.0,,1,12,0,0,,,,,,,,,,,,,,,,,,,,,,,,,,,,,,,,,,,2026-10-05 00:07
서울식물원·마곡나루역,POI032,서행,19.0,2026-10-05 00:05,2,2651.0,,2,15,3,0,,,,,,,,,,,,,,,,,,,,,,,,,,,,,,,,,,,2026-10-05 00:07
서울역,POI033,원활,25.0,2026-10-05 00:05,23,3968.0,0.0,6,22,1,0,,,,,,,,,,,,,,,,,,,,,,,,,,,,,,,,,,,2026-10-05 00:07
선릉역,POI034,서행,23.0,2026-10-05 00:05,94,11160.0,27.0,4,12,0,0,,,,,,,,,,,,,,,,,,,,,,,,,,,,,,,,,,,2026-10-05 00:07
성신여대입구역,POI035,서행,18.0,2026-10-05 00:05,2,38.0,,2,8,1,0,,,,,,,,,,,,,,,,,,,,,,,,,,,,,,,,,,,2026-10-05 00:07
수유역,POI036,서행,18.0,2026-10-05 00:05,8,802.0,,1,27,0,0,,,,,,,,,,,,,,,,,,,,,,,,,,,,,,,,,,,2026-10-05 00:07
신논현역·논현역,POI037,서행,23.0,2026-10-05 00:05,32,1053.0,,4,11,0,0,,,,,,,,,,,,,,,,,,,,,,,,,,,,,,,,,,,2026-10-05 00:07
신도림역,POI038,원활,33.0,2026-10-05 00:05,1,1644.0,,1,1,0,0,,,,,,,,,,,,,,,,,,,,,,,,,,,,,,,,,,,2026-10-05 00:07
신림역,POI039,서행,17.0,2026-10-05 00:05,2,282.0,,2,14,0,0,,,,,,,,,,,,,,,,,,,,,,,,,,,,,,,,,,,2026-10-05 00:07
신촌·이대역,POI040,서행,19.0,2026-10-05 00:05,25,1943.0,75.0,1,31,0,0,,,,,,,,,,,,,,,,,,,,,,,,,,,,,,,,,,,2026-10-05 00:07
양재역,POI041,원활,31.0,2026-10-05 00:05,16,1881.0,,2,18,0,0,,,,,,,,,,,,,,,,,,,,,,,,,,,,,,,,,,,2026-10-05 00:07
역삼역,POI042,서행,22.0,2026-10-05 00:05,47,7473.0,1.0,1,9,0,0,,,,,,,,,,,,,,,,,,,,,,,,,,,,,,,,,,,2026-10-05 00:07
연신내역,POI043,서행,20.0,2026-10-05 00:05,5,208.0,,3,9,0,0,,,,,,,,,,,,,,,,,,,,,,,,,,,,,,,,,,,2026-10-05 00:07
오목교역·목동운동장,POI044,원활,30.0,2026-10-05 00:05,14,5304.0,,1,25,0,0,,,,,,,,,,,,,,,,,,,,,,,,,,,,,,,,,,,2026-10-05 00:07
왕십리역,POI045,서행,20.0,2026-10-05 00:05,4,1478.0,,4,18,0,0,,,,,,,,,,,,,,,,,,,,,,,,,,,,,,,,,,,2026-10-05 00:07
용산역,POI046,원활,26.0,2026-10-05 00:05,11,5014.0,92.0,1,25,0,0,,,,,,,,,,,,,,,,,,,,,,,,,,,,,,,,,,,2026-10-05 00:07
이태원역,POI047,정체,11.0,2026-10-05 00:05,4,66.0,,1,9,0,1,,,,,,,,,,,,,,,,,,,,,,,,,,,,,,,,,,,2026-10-05 00:07
장지역,POI048,서행,24.0,2026-10-05 00:05,4,10611.0,,1,18,0,0,,,,,,,,,,,,,,,,,,,,,,,,,,,,,,,,,,,2026-10-05 00:07
장한평역,POI049,원활,26.0,2026-10-05 00:05,15,847.0,,1,11,0,0,,,,,,,,,,,,,,,,,,,,,,,,,,,,,,,,,,,2026-10-05 00:07
천호역,POI050,서행,22.0,2026-10-05 00:05,14,3331.0,,2,9,0,0,,,,,,,,,,,,,,,,,,,,,,,,,,,,,,,,,,,2026-10-05 00:07
총신대입구(이수)역,POI051,서행,22.0,2026-10-05 00:05,7,533.0,,2,15,0,0,,,,,,,,,,,,,,,,,,,,,,,,,,,,,,,,,,,2026-10-05 00:07
충정로역,POI052,원활,29.0,2026-10-05 00:05,5,834.0,,2,15,0,0,,,,,,,,,,,,,,,,,,,,,,,,,,,,,,,,,,,2026-10-05 00:07
합정역,POI053,서행,23.0,2026-10-05 00:05,6,207.0,,2,27,0,0,,,,,,,,,,,,,,,,,,,,,,,,,,,,,,,,,,,2026-10-05 00:07
혜화역,POI054,서행,21.0,2026-10-05 00:05,24,955.0,,1,11,5,0,,,,,,,,,,,,,,,,,,,,,,,,,,,,,,,,,,,2026-10-05 00:07
홍대입구역(2호선),POI055,정체,14.0,2026-10-05 00:05,16,1196.0,,3,12,0,0,,,,,,,,,,,,,,,,,,,,,,,,,,,,,,,,,,,2026-10-05 00:07
회기역,POI056,서행,22.0,2026-10-05 00:05,21,408.0,,1,21,0,0,,,,,,,,,,,,,,,,,,,,,,,,,,,,,,,,,,,2026-10-05 00:07
가락시장,POI058,원활,30.0,2026-10-05 00:05,4,2884.0,,2,12,0,0,,,,,,,,,,,,,,,,,,,,,,,,,,,,,,,,,,,2026-10-05 00:07
가로수길,POI059,원활,30.0,2026-10-05 00:05,51,2767.0,41.0,3,9,0,0,,,,,,,,,,,,,,,,,,,,,,,,,,,,,,,,,,,2026-10-05 00:07
광장(전통)시장,POI060,서행,19.0,2026-10-05 00:05,7,103.0,6.0,1,7,0,0,,,,,,,,,,,,,,,,,,,,,,,,,,,,,,,,,,,2026-10-05 00:07
김포공항,POI061,원활,32.0,2026-10-05 00:05,6,16594.0,,3,21,0,0,,,,,,,,,,,,,,,,,,,,,,,,,,,,,,,,,,,2026-10-05 00:07
노량진,POI063,원활,27.0,2026-10-05 00:05,11,1218.0,,2,17,1,0,,,,,,,,,,,,,,,,,,,,,,,,,,,,,,,,,,,2026-10-05 00:07
덕수궁길·정동길,POI064,서행,23.0,2026-10-05 00:05,10,620.0,,3,10,0,0,,,,,,,,,,,,,,,,,,,,,,,,,,,,,,,,,,,2026-10-05 00:07
북촌한옥마을,POI066,서행,22.0,2026-10-05 00:05,16,1756.0,,1,49,6,0,,,,,,,,,,,,,,,,,,,,,,,,,,,,,,,,,,,2026-10-05 00:07
서촌,POI067,서행,20.0,2026-10-05 00:05,9,308.0,,0,25,3,0,,,,,,,,,,,,,,,,,,,,,,,,,,,,,,,,,,,2026-10-05 00:07
성수카페거리,POI068,서행,20.0,2026-10-05 00:05,28,2824.0,,2,23,0,0,,,,,,,,,,,,,,,,,,,,,,,,,,,,,,,,,,,2026-10-05 00:07
쌍문역,POI070,서행,22.0,2026-10-05 00:05,8,345.0,,1,17,0,0,,,,,,,,,,,,,,,,,,,,,,,,,,,,,,,,,,,2026-10-05 00:07
압구정로데오거리,POI071,서행,21.0,2026-10-05 00:05,55,1976.0,2.0,1,11,1,1,,,,,,,,,,,,,,,,,,,,,,,,,,,,,,,,,,,2026-10-05 00:07
여의도,POI072,원활,28.0,2026-10-05 00:05,116,24820.0,138.0,7,58,4,0,,,,,,,,,,,,,,,,,,,,,,,,,,,,,,,,,,,2026-10-05 00:07
연남동,POI073,서행,21.0,2026-10-05 00:05,45,132.0,,0,19,0,0,,,,,,,,,,,,,,,,,,,,,,,,,,,,,,,,,,,2026-10-05 00:07
영등포 타임스퀘어,POI074,서행,20.0,2026-10-05 00:05,10,1195.0,57.0,0,16,1,0,,,,,,,,,,,,,,,,,,,,,,,,,,,,,,,,,,,2026-10-05 00:07
용리단길,POI076,원활,26.0,2026-10-05 00:05,0,,,3,5,0,0,,,,,,,,,,,,,,,,,,,,,,,,,,,,,,,,,,,2026-10-05 00:07
이태원 앤틱가구거리,POI077,서행,21.0,2026-10-05 00:05,4,51.0,,1,13,0,0,,,,,,,,,,,,,,,,,,,,,,,,,,,,,,,,,,,2026-10-05 00:07
인사동,POI078,서행,19.0,2026-10-05 00:05,21,2465.0,1.0,2,19,6,0,,,,,,,,,,,,,,,,,,,,,,,,,,,,,,,,,,,2026-10-05 00:07
창동 신경제 중심지,POI079,서행,24.0,2026-10-05 00:05,46,4927.0,11.0,3,39,6,0,,,,,,,,,,,,,,,,,,,,,,,,,,,,,,,,,,,2026-10-05 00:07
청담동 명품거리,POI080,서행,22.0,2026-10-05 00:05,16,910.0,,1,6,0,0,,,,,,,,,,,,,,,,,,,,,,,,,,,,,,,,,,,2026-10-05 00:07
청량리 제기동 일대 전통시장,POI081,서행,21.0,2026-10-05 00:05,12,2214.0,,2,21,0,0,,,,,,,,,,,,,,,,,,,,,,,,,,,,,,,,,,,2026-10-05 00:07
해방촌·경리단길,POI082,원활,31.0,2026-10-05 00:05,4,273.0,,0,26,0,0,,,,,,,,,,,,,,,,,,,,,,,,,,,,,,,,,,,2026-10-05 00:07
DDP(동대문디자인플라자),POI083,서행,19.0,2026-10-05 00:05,9,2596.0,967.0,3,7,5,0,,,,,,,,,,,,,,,,,,,,,,,,,,,,,,,,,,,2026-10-05 00:07
DMC(디지털미디어시티),POI084,원활,25.0,2026-10-05 00:05,25,9176.0,,4,44,0,0,,,,,,,,,,,,,,,,,,,,,,,,,,,,,,,,,,,2026-10-05 00:07
강서한강공원,POI085,원활,58.0,2026-10-05 00:05,2,106.0,11.0,0,0,0,0,,,,,,,,,,,,,,,,,,,,,,,,,,,,,,,,,,,2026-10-05 00:07
고척돔,POI086,원활,32.0,2026-10-05 00:05,0,,,0,2,4,0,,,,,,,,,,,,,,,,,,,,,,,,,,,,,,,,,,,2026-10-05 00:07
광나루한강공원,POI087,원활,65.0,2026-10-05 00:05,4,718.0,227.0,0,0,0,0,,,,,,,,,,,,,,,,,,,,,,,,,,,,,,,,,,,2026-10-05 00:07
광화문광장,POI088,원활,28.0,2026-10-05 00:05,3,2932.0,92.0,2,8,5,0,,,,,,,,,,,,,,,,,,,,,,,,,,,,,,,,,,,2026-10-05 00:07
국립중앙박물관·용산가족공원,POI089,원활,40.0,2026-10-05 00:05,4,931.0,,1,3,3,0,,,,,,,,,,,,,,,,,,,,,,,,,,,,,,,,,,,2026-10-05 00:07
난지한강공원,POI090,원활,62.0,2026-10-05 00:05,4,1240.0,0.0,0,4,0,0,,,,,,,,,,,,,,,,,,,,,,,,,,,,,,,,,,,2026-10-05 00:07
남산공원,POI091,원활,34.0,2026-10-05 00:05,33,2148.0,22.0,4,22,5,0,,,,,,,,,,,,,,,,,,,,,,,,,,,,,,,,,,,2026-10-05 00:07
노들섬,POI092,원활,48.0,2026-10-05 00:05,1,99.0,,0,2,4,0,,,,,,,,,,,,,,,,,,,,,,,,,,,,,,,,,,,2026-10-05 00:07
뚝섬한강공원,POI093,원활,62.0,2026-10-05 00:05,8,1342.0,214.0,1,1,2,0,,,,,,,,,,,,,,,,,,,,,,,,,,,,,,,,,,,2026-10-05 00:07
망원한강공원,POI094,원활,41.0,2026-10-05 00:05,2,458.0,0.0,2,5,0,0,,,,,,,,,,,,,,,,,,,,,,,,,,,,,,,,,,,2026-10-05 00:07
반포한강공원,POI095,원활,51.0,2026-10-05 00:05,9,1483.0,9.0,0,2,0,0,,,,,,,,,,,,,,,,,,,,,,,,,,,,,,,,,,,2026-10-05 00:07
북서울꿈의숲,POI096,서행,24.0,2026-10-05 00:05,3,549.0,,0,14,1,0,,,,,,,,,,,,,,,,,,,,,,,,,,,,,,,,,,,2026-10-05 00:07
서리풀공원·몽마르뜨공원,POI098,원활,31.0,2026-10-05 00:05,0,,,4,7,0,0,,,,,,,,,,,,,,,,,,,,,,,,,,,,,,,,,,,2026-10-05 00:07
서울대공원,POI100,원활,29.0,2026-10-05 00:05,0,,,0,0,1,0,,,,,,,,,,,,,,,,,,,,,,,,,,,,,,,,,,,2026-10-05 00:07
서울숲공원,POI101,원활,42.0,2026-10-05 00:05,2,996.0,,1,9,2,0,,,,,,,,,,,,,,,,,,,,,,,,,,,,,,,,,,,2026-10-05 00:07
아차산,POI102,원활,34.0,2026-10-05 00:05,0,,,0,3,0,0,,,,,,,,,,,,,,,,,,,,,,,,,,,,,,,,,,,2026-10-05 00:07
양화한강공원,POI103,원활,45.0,2026-10-05 00:05,6,1002.0,32.0,0,2,0,0,,,,,,,,,,,,,,,,,,,,,,,,,,,,,,,,,,,2026-10-05 00:07
어린이대공원,POI104,서행,22.0,2026-10-05 00:05,4,945.0,,2,9,4,0,,,,,,,,,,,,,,,,,,,,,,,,,,,,,,,,,,,2026-10-05 00:07
여의도한강공원,POI105,원활,40.0,2026-10-05 00:05,6,2866.0,64.0,1,3,0,0,,,,,,,,,,,,,,,,,,,,,,,,,,,,,,,,,,,2026-10-05 00:07
월드컵공원,POI106,원활,39.0,2026-10-05 00:05,9,3537.0,,4,27,0,0,,,,,,,,,,,,,,,,,,,,,,,,,,,,,,,,,,,2026-10-05 00:07
응봉산,POI107,원활,28.0,2026-10-05 00:05,3,88.0,,0,24,0,0,,,,,,,,,,,,,,,,,,,,,,,,,,,,,,,,,,,2026-10-05 00:07
이촌한강공원,POI108,원활,50.0,2026-10-05 00:05,2,514.0,0.0,0,2,1,0,,,,,,,,,,,,,,,,,,,,,,,,,,,,,,,,,,,2026-10-05 00:07
잠실종합운동장,POI109,원활,27.0,2026-10-05 00:05,1,876.0,,1,2,0,0,,,,,,,,,,,,,,,,,,,,,,,,,,,,,,,,,,,2026-10-05 00:07
잠실한강공원,POI110,원활,46.0,2026-10-05 00:05,4,1326.0,64.0,1,2,0,0,,,,,,,,,,,,,,,,,,,,,,,,,,,,,,,,,,,2026-10-05 00:07
잠원한강공원,POI111,원활,54.0,2026-10-05 00:05,3,1540.0,0.0,0,2,0,0,,,,,,,,,,,,,,,,,,,,,,,,,,,,,,,,,,,2026-10-05 00:07
청계산,POI112,원활,60.0,2026-10-05 00:05,0,,,0,4,0,0,,,,,,,,,,,,,,,,,,,,,,,,,,,,,,,,,,,2026-10-05 00:07
북창동 먹자골목,POI114,서행,19.0,2026-10-05 00:05,20,552.0,0.0,0,10,0,0,,,,,,,,,,,,,,,,,,,,,,,,,,,,,,,,,,,2026-10-05 00:07
남대문시장,POI115,서행,21.0,2026-10-05 00:05,16,1456.0,4.0,1,6,0,0,,,,,,,,,,,,,,,,,,,,,,,,,,,,,,,,,,,2026-10-05 00:07
익선동,POI116,서행,16.0,2026-10-05 00:05,10,187.0,1.0,3,9,1,0,,,,,,,,,,,,,,,,,,,,,,,,,,,,,,,,,,,2026-10-05 00:07
신정네거리역,POI117,서행,21.0,2026-10-05 00:05,3,119.0,,1,9,0,0,,,,,,,,,,,,,,,,,,,,,,,,,,,,,,,,,,,2026-10-05 00:07
잠실새내역,POI118,서행,22.0,2026-10-05 00:05,31,1541.0,,1,10,0,0,,,,,,,,,,,,,,,,,,,,,,,,,,,,,,,,,,,2026-10-05 00:07
잠실역,POI119,서행,23.0,2026-10-05 00:05,5,6749.0,59.0,2,18,0,0,,,,,,,,,,,,,,,,,,,,,,,,,,,,,,,,,,,2026-10-05 00:07
잠실롯데타워·석촌호수,POI120,서행,22.0,2026-10-05 00:05,33,9281.0,59.0,3,0,2,0,,,,,,,,,,,,,,,,,,,,,,,,,,,,,,,,,,,2026-10-05 00:07
송리단길·호수단길,POI121,원활,25.0,2026-10-05 00:05,21,878.0,,3,12,0,0,,,,,,,,,,,,,,,,,,,,,,,,,,,,,,,,,,,2026-10-05 00:07
신촌 스타광장,POI122,서행,16.0,2026-10-05 00:05,4,235.0,,1,4,0,0,,,,,,,,,,,,,,,,,,,,,,,,,,,,,,,,,,,2026-10-05 00:07
보라매공원,POI123,서행,19.0,2026-10-05 00:05,1,78.0,,2,4,0,0,,,,,,,,,,,,,,,,,,,,,,,,,,,,,,,,,,,2026-10-05 00:07
서대문독립공원,POI124,원활,32.0,2026-10-05 00:05,2,150.0,,1,14,0,0,,,,,,,,,,,,,,,,,,,,,,,,,,,,,,,,,,,2026-10-05 00:07
안양천,POI125,원활,50.0,2026-10-05 00:05,1,294.0,,0,1,0,0,,,,,,,,,,,,,,,,,,,,,,,,,,,,,,,,,,,2026-10-05 00:07
여의서로,POI126,원활,34.0,2026-10-05 00:05,2,168.0,38.0,0,0,0,0,,,,,,,,,,,,,,,,,,,,,,,,,,,,,,,,,,,2026-10-05 00:07
올림픽공원,POI127,원활,29.0,2026-10-05 00:05,4,2716.0,,4,16,6,0,,,,,,,,,,,,,,,,,,,,,,,,,,,,,,,,,,,2026-10-05 00:07
홍제폭포,POI128,원활,38.0,2026-10-05 00:05,0,,,0,0,0,0,,,,,,,,,,,,,,,,,,,,,,,,,,,,,,,,,,,2026-10-05 00:07
송현녹지광장,POI129,서행,21.0,2026-10-05 00:05,4,1546.0,,1,22,6,0,,,,,,,,,,,,,,,,,,,,,,,,,,,,,,,,,,,2026-10-05 00:07
시의회 앞,POI130,서행,23.0,2026-10-05 00:05,9,1723.0,,3,19,5,0,,,,,,,,,,,,,,,,,,,,,,,,,,,,,,,,,,,2026-10-05 00:07
강남 MICE 관광특구,POI001,서행,20.0,2026-10-05 01:05,3,4428.0,,2.0,6.0,0,0,40800,40900,40300,40400,0,0,10,20,0,0,0,0,0,0,0,0,20261005,4400,4500,3900,4000,40,50,10,20,0,10,0,10,0,10,0,10,20261005,2026-10-05 01:07
동대문 관광특구,POI002,서행,19.0,2026-10-05 01:05,47,8302.0,905.0,7.0,32.0,7,0,82700,82800,85700,85800,0,10,30,40,0,0,0,0,0,0,0,0,20261005,12800,12900,11400,11500,250,300,100,150,60,70,40,50,30,40,10,20,20261005,2026-10-05 01:07
명동 관광특구,POI003,서행,22.0,2026-10-05 01:05,93,12070.0,7.0,7.0,54.0,6,1,172800,172900,174900,175000,0,0,0,0,0,0,0,0,0,0,0,0,20261005,39000,39100,34800,34900,450,500,150,200,100,150,40,50,40,50,0,10,20261005,2026-10-05 01:07
이태원 관광특구,POI004,서행,19.0,2026-10-05 01:05,8,853.0,,3.0,17.0,0,2,39600,39700,42600,42700,0,0,0,10,0,0,0,0,0,0,0,0,20261005,5600,5700,6000,6100,80,90,50,60,20,30,10,20,10,20,0,10,20261005,2026-10-05 01:07
잠실 관광특구,POI005,원활,27.0,2026-10-05 01:05,37,11997.0,56.0,6.0,50.0,8,0,118400,118500,116300,116400,0,10,0,0,0,0,0,0,0,0,0,0,20261005,24600,24700,24000,24100,200,250,90,100,60,70,30,40,0,10,0,10,20261005,2026-10-05 01:07
종로·청계 관광특구,POI006,서행,22.0,2026-10-05 01:05,48,2496.0,69.0,10.0,62.0,0,0,167100,167200,168300,168400,10,20,50,60,0,0,0,0,0,0,0,0,20261005,37100,37200,32600,32700,650,700,350,400,150,200,100,150,60,70,30,40,20261005,2026-10-05 01:07
홍대 관광특구,POI007,서행,16.0,2026-10-05 01:05,51,3098.0,,8.0,70.0,0,0,182700,182800,192800,192900,30,40,200,250,0,10,70,80,0,0,40,50,20261005,39200,39300,33600,33700,400,450,200,250,70,80,90,100,30,40,40,50,20261005,2026-10-05 01:07
경복궁,POI008,원활,25.0,2026-10-05 01:05,2,267.0,,1.0,11.0,3,0,25600,25700,28400,28500,0,0,0,0,0,0,0,0,0,0,0,0,20261005,2600,2700,1900,2000,0,0,0,0,0,0,0,0,0,0,0,0,20261005,2026-10-05 01:07
광화문·덕수궁,POI009,원활,25.0,2026-10-05 01:05,29,7988.0,89.0,4.0,41.0,12,1,88100,88200,93500,93600,0,0,0,0,0,0,0,0,0,0,0,0,20261005,30300,30400,28100,28200,100,150,50,60,40,50,10,20,10,20,0,10,20261005,2026-10-05 01:07
보신각,POI010,서행,21.0,2026-10-05 01:05,14,2572.0,10.0,1.0,14.0,1,0,23600,23700,21200,21300,0,10,0,0,0,0,0,0,0,0,0,0,20261005,9700,9800,8400,8500,150,200,80,90,30,40,20,30,10,20,0,10,20261005,2026-10-05 01:07
서울 암사동 유적,POI011,원활,25.0,2026-10-05 01:05,1,108.0,,0.0,3.0,0,0,,,,,,,,,,,,,,,,,,80,90,40,50,0,0,0,0,0,0,0,0,0,0,0,0,20261005,2026-10-05 01:07
창덕궁·종묘,POI012,서행,22.0,2026-10-05 01:05,16,3155.0,273.0,4.0,19.0,1,0,63900,64000,64500,64600,0,0,0,10,0,0,0,0,0,0,0,0,20261005,4600,4700,5100,5200,20,30,10,20,0,0,0,0,0,0,0,0,20261005,2026-10-05 01:07
가산디지털단지역,POI013,원활,28.0,2026-10-05 01:05,20,8291.0,,2.0,71.0,0,0,18800,18900,19100,19200,0,0,20,30,0,0,0,10,0,0,0,0,20261005,8900,9000,9100,9200,20,30,40,50,10,20,10,20,0,0,0,10,20261005,2026-10-05 01:07
강남역,POI014,서행,22.0,2026-10-05 01:05,95,7876.0,,4.0,55.0,0,0,75900,76000,79100,79200,0,0,0,0,0,0,0,0,0,0,0,0,20261005,29600,29700,25100,25200,400,450,200,250,100,150,60,70,50,60,40,50,20261005,2026-10-05 01:07
건대입구역,POI015,원활,28.0,2026-10-05 01:05,23,6603.0,,2.0,11.0,4,0,44000,44100,45700,45800,0,10,50,60,0,0,0,0,0,0,0,0,20261005,5300,5400,5900,6000,100,150,40,50,20,30,10,20,0,10,10,20,20261005,2026-10-05 01:07
고덕역,POI016,원활,26.0,2026-10-05 01:05,15,1615.0,,1.0,5.0,0,0,5400,5500,5300,5400,0,0,10,20,0,0,0,0,0,0,0,0,20261005,1800,1900,1400,1500,0,10,0,10,0,0,0,0,0,0,0,0,20261005,2026-10-05 01:07
고속터미널역,POI017,원활,32.0,2026-10-05 01:05,3,4291.0,,3.0,10.0,0,0,101700,101800,98000,98100,0,0,0,0,0,0,0,0,0,0,0,0,20261005,21500,21600,17900,18000,150,200,60,70,30,40,10,20,0,10,0,10,20261005,2026-10-05 01:07
교대역,POI018,원활,26.0,2026-10-05 01:05,14,760.0,,2.0,13.0,0,0,18600,18700,17900,18000,0,0,0,0,0,0,0,0,0,0,0,0,20261005,3800,3900,2200,2300,20,30,0,10,0,10,0,10,0,10,0,0,20261005,2026-10-05 01:07
구로디지털단지역,POI019,서행,22.0,2026-10-05 01:05,20,6911.0,,1.0,29.0,0,0,30900,31000,29300,29400,0,0,0,0,0,0,0,0,0,0,0,0,20261005,7900,8000,4800,4900,30,40,40,50,0,10,10,20,0,0,0,10,20261005,2026-10-05 01:07
구로역,POI020,원활,30.0,2026-10-05 01:05,3,1047.0,,1.0,5.0,0,0,12400,12500,13000,13100,0,10,250,300,0,0,40,50,0,0,10,20,20261005,1800,1900,2300,2400,0,10,0,10,0,0,0,0,0,0,0,0,20261005,2026-10-05 01:07
군자역,POI021,서행,20.0,2026-10-05 01:05,11,573.0,,2.0,16.0,0,0,20100,20200,18700,18800,0,0,0,10,0,0,0,0,0,0,0,0,20261005,4800,4900,5100,5200,80,90,50,60,10,20,10,20,0,10,0,0,20261005,2026-10-05 01:07
대림역,POI023,서행,23.0,2026-10-05 01:05,4,221.0,,2.0,29.0,0,0,29300,29400,29100,29200,0,0,0,0,0,0,0,0,0,0,0,0,20261005,8400,8500,8200,8300,20,30,20,30,0,10,0,0,0,0,0,0,20261005,2026-10-05 01:07
동대문역,POI024,서행,19.0,2026-10-05 01:05,17,892.0,0.0,2.0,7.0,0,0,29200,29300,30200,30300,0,10,30,40,0,0,0,0,0,0,0,0,20261005,4600,4700,4700,4800,40,50,30,40,10,20,0,10,0,0,0,0,20261005,2026-10-05 01:07
뚝섬역,POI025,원활,28.0,2026-10-05 01:05,9,767.0,,1.0,4.0,0,0,17300,17400,17300,17400,0,0,0,0,0,0,0,0,0,0,0,0,20261005,2500,2600,1900,2000,10,20,0,10,0,0,0,0,0,0,0,0,20261005,2026-10-05 01:07
미아사거리역,POI026,서행,19.0,2026-10-05 01:05,11,1409.0,,1.0,29.0,0,0,18700,18800,18000,18100,0,0,0,0,0,0,0,0,0,0,0,0,20261005,25300,25400,22000,22100,100,150,100,150,20,30,30,40,0,10,10,20,20261005,2026-10-05 01:07
발산역,POI027,서행,20.0,2026-10-05 01:05,13,2880.0,,1.0,37.0,0,0,13400,13500,14200,14300,0,0,0,0,0,0,0,0,0,0,0,0,20261005,7400,7500,7200,7300,60,70,60,70,10,20,20,30,0,0,0,10,20261005,2026-10-05 01:07
사당역,POI029,서행,24.0,2026-10-05 01:05,13,520.0,,2.0,17.0,1,0,50400,50500,52700,52800,0,10,0,0,0,10,0,0,0,0,0,0,20261005,8000,8100,8100,8200,50,60,80,90,20,30,30,40,0,10,10,20,20261005,2026-10-05 01:07
삼각지역,POI030,원활,32.0,2026-10-05 01:05,0,,,2.0,7.0,0,0,14800,14900,16000,16100,0,0,0,0,0,0,0,0,0,0,0,0,20261005,7200,7300,6600,6700,100,150,50,60,20,30,10,20,0,10,0,10,20261005,2026-10-05 01:07
서울대입구역,POI031,서행,23.0,2026-10-05 01:05,2,52.0,,1.0,15.0,0,0,31700,31800,30300,30400,0,0,0,0,0,0,0,0,0,0,0,0,20261005,21100,21200,19200,19300,200,250,60,70,10,20,0,10,0,0,0,0,20261005,2026-10-05 01:07
서울식물원·마곡나루역,POI032,서행,18.0,2026-10-05 01:05,2,2651.0,,2.0,15.0,3,0,16500,16600,16500,16600,10,20,80,90,0,10,0,0,0,10,0,0,20261005,2200,2300,1900,2000,20,30,0,10,0,0,0,0,0,0,0,0,20261005,2026-10-05 01:07
서울역,POI033,원활,25.0,2026-10-05 01:05,23,3968.0,0.0,8.0,34.0,1,0,158400,158500,159400,159500,200,250,250,300,40,50,20,30,0,10,10,20,20261005,25300,25400,24200,24300,650,700,100,150,200,250,30,40,60,70,0,10,20261005,2026-10-05 01:07
선릉역,POI034,서행,23.0,2026-10-05 01:05,94,11160.0,27.0,4.0,20.0,0,0,39200,39300,39200,39300,0,10,20,30,0,0,0,0,0,0,0,0,20261005,6400,6500,5700,5800,60,70,70,80,20,30,10,20,0,0,0,0,20261005,2026-10-05 01:07
성신여대입구역,POI035,서행,21.0,2026-10-05 01:05,2,38.0,,2.0,9.0,1,0,23100,23200,22500,22600,0,0,0,0,0,0,0,0,0,0,0,0,20261005,14600,14700,13200,13300,200,250,150,200,90,100,40,50,10,20,10,20,20261005,2026-10-05 01:07
수유역,POI036,서행,20.0,2026-10-05 01:05,8,802.0,,1.0,32.0,0,0,25900,26000,24300,24400,0,0,0,0,0,0,0,0,0,0,0,0,20261005,25400,25500,25700,25800,150,200,200,250,80,90,70,80,30,40,30,40,20261005,2026-10-05 01:07
신논현역·논현역,POI037,서행,23.0,2026-10-05 01:05,32,1053.0,,3.0,13.0,0,0,32000,32100,32900,33000,0,0,0,0,0,0,0,0,0,0,0,0,20261005,8700,8800,8600,8700,100,150,90,100,30,40,30,40,10,20,10,20,20261005,2026-10-05 01:07
신도림역,POI038,원활,36.0,2026-10-05 01:05,1,1644.0,,2.0,2.0,0,0,37100,37200,37100,37200,10,20,100,150,0,0,10,20,0,0,0,0,20261005,2100,2200,4100,4200,30,40,0,0,0,0,0,0,0,0,0,0,20261005,2026-10-05 01:07
신림역,POI039,서행,17.0,2026-10-05 01:05,2,282.0,,2.0,15.0,0,0,43800,43900,42500,42600,0,0,0,0,0,0,0,0,0,0,0,0,20261005,26800,26900,25400,25500,150,200,200,250,20,30,20,30,0,0,0,0,20261005,2026-10-05 01:07
신촌·이대역,POI040,서행,21.0,2026-10-05 01:05,25,1943.0,67.0,4.0,41.0,0,0,43700,43800,44100,44200,0,10,10,20,0,0,0,0,0,0,0,0,20261005,25000,25100,21600,21700,200,250,200,250,70,80,50,60,40,50,20,30,20261005,2026-10-05 01:07
양재역,POI041,원활,33.0,2026-10-05 01:05,16,1881.0,,2.0,27.0,0,0,21100,21200,22600,22700,0,0,0,0,0,0,0,0,0,0,0,0,20261005,11200,11300,9800,9900,40,50,40,50,0,10,10,20,0,0,0,0,20261005,2026-10-05 01:07
역삼역,POI042,원활,25.0,2026-10-05 01:05,47,7473.0,1.0,1.0,10.0,0,0,13600,13700,14700,14800,0,0,0,0,0,0,0,0,0,0,0,0,20261005,4400,4500,5300,5400,30,40,60,70,10,20,20,30,0,10,10,20,20261005,2026-10-05 01:07
연신내역,POI043,서행,21.0,2026-10-05 01:05,5,208.0,,3.0,14.0,0,0,36000,36100,34600,34700,20,30,60,70,10,20,0,10,0,10,0,0,20261005,11100,11200,8600,8700,100,150,50,60,10,20,20,30,10,20,0,10,20261005,2026-10-05 01:07
오목교역·목동운동장,POI044,원활,32.0,2026-10-05 01:05,14,5304.0,,1.0,33.0,0,0,14400,14500,14500,14600,0,0,0,0,0,0,0,0,0,0,0,0,20261005,16800,16900,16300,16400,50,60,50,60,10,20,10,20,0,0,0,0,20261005,2026-10-05 01:07
왕십리역,POI045,서행,21.0,2026-10-05 01:05,4,1478.0,,5.0,22.0,0,0,37500,37600,38100,38200,10,20,100,150,0,0,30,40,0,0,0,10,20261005,5900,6000,5400,5500,10,20,0,10,0,0,0,0,0,0,0,0,20261005,2026-10-05 01:07
용산역,POI046,서행,24.0,2026-10-05 01:05,11,5014.0,94.0,2.0,33.0,0,0,82500,82600,83700,83800,10,20,60,70,0,0,20,30,0,0,20,30,20261005,15300,15400,9700,9800,60,70,20,30,10,20,0,0,0,10,0,0,20261005,2026-10-05 01:07
이태원역,POI047,정체,12.0,2026-10-05 01:05,4,66.0,,1.0,9.0,0,1,19600,19700,20500,20600,0,0,0,0,0,0,0,0,0,0,0,0,20261005,2500,2600,2800,2900,20,30,20,30,0,10,10,20,0,10,0,10,20261005,2026-10-05 01:07
장지역,POI048,원활,25.0,2026-10-05 01:05,4,10611.0,,1.0,20.0,0,0,11600,11700,10800,10900,0,0,0,0,0,0,0,0,0,0,0,0,20261005,5900,6000,5500,5600,20,30,40,50,0,10,0,10,0,10,0,10,20261005,2026-10-05 01:07
장한평역,POI049,원활,27.0,2026-10-05 01:05,15,847.0,,1.0,16.0,0,0,11500,11600,11000,11100,0,0,0,0,0,0,0,0,0,0,0,0,20261005,9400,9500,9400,9500,50,60,30,40,0,10,0,10,0,10,0,10,20261005,2026-10-05 01:07
천호역,POI050,서행,23.0,2026-10-05 01:05,14,3331.0,,2.0,12.0,0,0,30100,30200,30800,30900,0,0,0,0,0,0,0,0,0,0,0,0,20261005,4400,4500,5300,5400,50,60,40,50,0,10,10,20,0,0,0,10,20261005,2026-10-05 01:07
총신대입구(이수)역,POI051,서행,21.0,2026-10-05 01:05,7,533.0,,2.0,18.0,0,0,23900,24000,24800,24900,0,0,0,0,0,0,0,0,0,0,0,0,20261005,11300,11400,9300,9400,60,70,50,60,0,10,20,30,0,0,0,0,20261005,2026-10-05 01:07
충정로역,POI052,원활,27.0,2026-10-05 01:05,5,834.0,,2.0,19.0,0,0,7200,7300,8000,8100,0,0,0,0,0,0,0,0,0,0,0,0,20261005,4900,5000,4500,4600,60,70,80,90,20,30,20,30,10,20,10,20,20261005,2026-10-05 01:07
합정역,POI053,서행,24.0,2026-10-05 01:05,6,207.0,,2.0,30.0,0,0,40900,41000,43300,43400,0,0,0,0,0,0,0,0,0,0,0,0,20261005,11400,11500,10900,11000,100,150,80,90,20,30,20,30,20,30,10,20,20261005,2026-10-05 01:07
혜화역,POI054,서행,23.0,2026-10-05 01:05,24,955.0,,1.0,12.0,5,0,33600,33700,34600,34700,0,0,0,0,0,0,0,0,0,0,0,0,20261005,13500,13600,12100,12200,150,200,100,150,60,70,50,60,20,30,20,30,20261005,2026-10-05 01:07
홍대입구역(2호선),POI055,정체,14.0,2026-10-05 01:05,16,1196.0,,1.0,17.0,0,0,88100,88200,94300,94400,0,10,90,100,0,0,30,40,0,0,0,10,20261005,22500,22600,19100,19200,250,300,60,70,30,40,20,30,10,20,10,20,20261005,2026-10-05 01:07
회기역,POI056,원활,25.0,2026-10-05 01:05,21,408.0,,1.0,22.0,0,0,21700,21800,20100,20200,0,10,100,150,0,0,0,0,0,0,0,0,20261005,15600,15700,15800,15900,90,100,150,200,20,30,50,60,10,20,0,10,20261005,2026-10-05 01:07
가락시장,POI058,원활,30.0,2026-10-05 01:05,4,2884.0,,2.0,16.0,0,0,9700,9800,10800,10900,0,0,0,0,0,0,0,0,0,0,0,0,20261005,5000,5100,5300,5400,50,60,50,60,20,30,10,20,20,30,0,10,20261005,2026-10-05 01:07
가로수길,POI059,원활,31.0,2026-10-05 01:05,51,2767.0,37.0,2.0,14.0,0,0,35900,36000,38400,38500,0,0,0,0,0,0,0,0,0,0,0,0,20261005,5400,5500,5700,5800,20,30,20,30,0,10,10,20,0,10,10,20,20261005,2026-10-05 01:07
광장(전통)시장,POI060,서행,21.0,2026-10-05 01:05,7,103.0,5.0,1.0,11.0,0,0,15200,15300,14400,14500,0,0,0,0,0,0,0,0,0,0,0,0,20261005,6000,6100,6000,6100,40,50,30,40,10,20,0,10,0,10,0,10,20261005,2026-10-05 01:07
김포공항,POI061,원활,33.0,2026-10-05 01:05,6,16594.0,,6.0,27.0,0,0,29400,29500,27200,27300,0,10,80,90,0,10,10,20,0,10,0,10,20261005,2300,2400,2300,2400,0,10,0,0,0,10,0,0,0,0,0,0,20261005,2026-10-05 01:07
노량진,POI063,원활,26.0,2026-10-05 01:05,11,1218.0,,3.0,22.0,1,0,40500,40600,41500,41600,0,0,70,80,0,0,0,0,0,0,0,0,20261005,23300,23400,21100,21200,150,200,100,150,40,50,40,50,10,20,20,30,20261005,2026-10-05 01:07
덕수궁길·정동길,POI064,원활,25.0,2026-10-05 01:05,10,620.0,,3.0,10.0,0,0,39800,39900,37800,37900,0,0,0,0,0,0,0,0,0,0,0,0,20261005,3800,3900,5300,5400,30,40,40,50,0,10,0,10,0,0,0,10,20261005,2026-10-05 01:07
북촌한옥마을,POI066,서행,22.0,2026-10-05 01:05,16,1756.0,,1.0,55.0,6,0,24700,24800,26700,26800,0,0,0,0,0,0,0,0,0,0,0,0,20261005,16700,16800,15400,15500,40,50,10,20,10,20,0,0,0,0,0,0,20261005,2026-10-05 01:07
서촌,POI067,서행,21.0,2026-10-05 01:05,9,308.0,,1.0,32.0,3,0,25600,25700,28400,28500,0,0,0,0,0,0,0,0,0,0,0,0,20261005,14000,14100,12700,12800,20,30,10,20,0,10,0,0,0,10,0,0,20261005,2026-10-05 01:07
성수카페거리,POI068,서행,21.0,2026-10-05 01:05,28,2824.0,,2.0,35.0,0,0,71800,71900,76400,76500,0,0,0,0,0,0,0,0,0,0,0,0,20261005,5400,5500,4700,4800,80,90,30,40,20,30,0,10,0,0,0,0,20261005,2026-10-05 01:07
쌍문역,POI070,서행,24.0,2026-10-05 01:05,8,345.0,,1.0,18.0,0,0,19000,19100,17200,17300,0,0,0,0,0,0,0,0,0,0,0,0,20261005,11400,11500,11700,11800,30,40,100,150,10,20,60,70,0,0,10,20,20261005,2026-10-05 01:07
압구정로데오거리,POI071,서행,23.0,2026-10-05 01:05,55,1976.0,2.0,1.0,16.0,1,1,19200,19300,18400,18500,0,10,10,20,0,0,0,0,0,0,0,0,20261005,8500,8600,7500,7600,40,50,20,30,0,10,0,0,0,10,0,0,20261005,2026-10-05 01:07
여의도,POI072,원활,29.0,2026-10-05 01:05,116,24820.0,140.0,9.0,63.0,4,0,84500,84600,83700,83800,0,10,100,150,0,0,0,0,0,0,0,0,20261005,43800,43900,42100,42200,60,70,50,60,20,30,10,20,0,10,10,20,20261005,2026-10-05 01:07
연남동,POI073,서행,21.0,2026-10-05 01:05,45,132.0,,0.0,20.0,0,0,,,,,,,,,,,,,,,,,,7400,7500,8200,8300,40,50,50,60,10,20,10,20,0,0,0,10,20261005,2026-10-05 01:07
영등포 타임스퀘어,POI074,서행,21.0,2026-10-05 01:05,10,1195.0,51.0,3.0,24.0,1,0,51000,51100,50100,50200,0,10,100,150,0,0,0,10,0,0,0,0,20261005,23900,24000,22800,22900,150,200,100,150,50,60,10,20,0,0,0,0,20261005,2026-10-05 01:07
용리단길,POI076,원활,28.0,2026-10-05 01:05,0,,,3.0,7.0,0,0,35600,35700,38900,39000,0,0,0,0,0,0,0,0,0,0,0,0,20261005,5800,5900,9400,9500,90,100,30,40,20,30,0,10,0,10,0,10,20261005,2026-10-05 01:07
이태원 앤틱가구거리,POI077,서행,22.0,2026-10-05 01:05,4,51.0,,1.0,13.0,0,0,19600,19700,20500,20600,0,0,0,0,0,0,0,0,0,0,0,0,20261005,3800,3900,4400,4500,60,70,30,40,10,20,10,20,0,10,0,10,20261005,2026-10-05 01:07
인사동,POI078,서행,18.0,2026-10-05 01:05,21,2465.0,1.0,2.0,26.0,6,0,48300,48400,48000,48100,0,10,0,0,0,0,0,0,0,0,0,0,20261005,16800,16900,13600,13700,250,300,90,100,80,90,20,30,40,50,10,20,20261005,2026-10-05 01:07
창동 신경제 중심지,POI079,서행,22.0,2026-10-05 01:05,46,4927.0,9.0,4.0,55.0,6,0,49900,50000,52500,52600,0,10,100,150,0,0,10,20,0,0,10,20,20261005,20600,20700,17500,17600,100,150,70,80,10,20,10,20,0,10,10,20,20261005,2026-10-05 01:07
청담동 명품거리,POI080,서행,24.0,2026-10-05 01:05,16,910.0,,1.0,10.0,0,0,19200,19300,18400,18500,0,10,10,20,0,0,0,0,0,0,0,0,20261005,3200,3300,2400,2500,20,30,10,20,0,10,0,10,0,0,0,10,20261005,2026-10-05 01:07
청량리 제기동 일대 전통시장,POI081,서행,23.0,2026-10-05 01:05,12,2214.0,,2.0,23.0,0,0,31300,31400,32000,32100,0,0,70,80,0,0,0,0,0,0,0,0,20261005,30200,30300,24300,24400,150,200,100,150,40,50,30,40,30,40,20,30,20261005,2026-10-05 01:07
해방촌·경리단길,POI082,원활,33.0,2026-10-05 01:05,4,273.0,,0.0,26.0,0,0,,,,,,,,,,,,,,,,,,10000,10100,10300,10400,20,30,0,10,0,10,0,0,0,0,0,0,20261005,2026-10-05 01:07
DDP(동대문디자인플라자),POI083,서행,19.0,2026-10-05 01:05,9,2596.0,889.0,3.0,11.0,5,0,35600,35700,36600,36700,0,0,0,0,0,0,0,0,0,0,0,0,20261005,4200,4300,4600,4700,100,150,50,60,10,20,0,10,10,20,0,10,20261005,2026-10-05 01:07
DMC(디지털미디어시티),POI084,원활,25.0,2026-10-05 01:05,25,9176.0,,4.0,68.0,0,0,16900,17000,17200,17300,0,10,90,100,0,0,30,40,0,0,0,0,20261005,7300,7400,7700,7800,40,50,40,50,10,20,10,20,0,0,0,10,20261005,2026-10-05 01:07
강서한강공원,POI085,원활,61.0,2026-10-05 01:05,2,106.0,6.0,0.0,1.0,0,0,,,,,,,,,,,,,,,,,,0,0,0,0,0,0,0,0,0,0,0,0,0,0,0,0,20261005,2026-10-05 01:07
고척돔,POI086,원활,32.0,2026-10-05 01:05,0,,,1.0,3.0,4,0,6400,6500,6300,6400,0,0,0,10,0,0,0,0,0,0,0,0,20261005,3300,3400,2900,3000,10,20,10,20,0,0,0,10,0,0,0,10,20261005,2026-10-05 01:07
광나루한강공원,POI087,원활,66.0,2026-10-05 01:05,4,718.0,218.0,0.0,0.0,0,0,,,,,,,,,,,,,,,,,,,,,,,,,,,,,,,,,,,2026-10-05 01:07
광화문광장,POI088,원활,28.0,2026-10-05 01:05,3,2932.0,89.0,2.0,12.0,5,0,47700,47800,51400,51500,0,0,0,0,0,0,0,0,0,0,0,0,20261005,13100,13200,11100,11200,10,20,10,20,0,10,0,10,0,10,0,0,20261005,2026-10-05 01:07
국립중앙박물관·용산가족공원,POI089,원활,38.0,2026-10-05 01:05,4,931.0,,3.0,3.0,3,0,23800,23900,23000,23100,0,0,0,10,0,0,0,10,0,0,0,0,20261005,1200,1300,1000,1100,0,10,0,10,0,10,0,0,0,10,0,0,20261005,2026-10-05 01:07
난지한강공원,POI090,원활,64.0,2026-10-05 01:05,4,1240.0,0.0,0.0,7.0,0,0,,,,,,,,,,,,,,,,,,500,550,150,200,0,0,0,0,0,0,0,0,0,0,0,0,20261005,2026-10-05 01:07
남산공원,POI091,원활,36.0,2026-10-05 01:05,33,2148.0,22.0,5.0,37.0,5,0,82400,82500,88300,88400,0,10,0,10,0,0,0,0,0,0,0,0,20261005,22800,22900,22200,22300,10,20,10,20,0,10,0,0,0,0,0,0,20261005,2026-10-05 01:07
노들섬,POI092,원활,49.0,2026-10-05 01:05,1,99.0,,0.0,4.0,4,0,,,,,,,,,,,,,,,,,,11500,11600,10000,10100,10,20,10,20,0,10,0,10,0,10,0,10,20261005,2026-10-05 01:07
뚝섬한강공원,POI093,원활,62.0,2026-10-05 01:05,8,1342.0,177.0,1.0,1.0,2,0,15300,15400,14200,14300,0,0,0,0,0,0,0,0,0,0,0,0,20261005,0,0,0,0,0,0,0,0,0,0,0,0,0,0,0,0,20261005,2026-10-05 01:07
망원한강공원,POI094,원활,42.0,2026-10-05 01:05,2,458.0,0.0,2.0,10.0,0,0,40900,41000,43300,43400,0,0,0,0,0,0,0,0,0,0,0,0,20261005,8500,8600,7900,8000,80,90,50,60,10,20,10,20,10,20,0,10,20261005,2026-10-05 01:07
반포한강공원,POI095,원활,55.0,2026-10-05 01:05,9,1483.0,9.0,0.0,6.0,0,0,,,,,,,,,,,,,,,,,,300,350,1600,1700,0,0,0,0,0,0,0,0,0,0,0,0,20261005,2026-10-05 01:07
북서울꿈의숲,POI096,원활,25.0,2026-10-05 01:05,3,549.0,,0.0,17.0,1,0,,,,,,,,,,,,,,,,,,2000,2100,1700,1800,0,0,0,0,0,0,0,0,0,0,0,0,20261005,2026-10-05 01:07
서리풀공원·몽마르뜨공원,POI098,원활,31.0,2026-10-05 01:05,0,,,4.0,7.0,0,0,109700,109800,106000,106100,0,0,0,0,0,0,0,0,0,0,0,0,20261005,20400,20500,16900,17000,150,200,60,70,30,40,10,20,0,10,0,10,20261005,2026-10-05 01:07
서울대공원,POI100,원활,28.0,2026-10-05 01:05,0,,,1.0,0.0,1,0,9800,9900,9900,10000,0,0,0,0,0,0,0,0,0,0,0,0,20261005,,,,,,,,,,,,,,,,,,2026-10-05 01:07
서울숲공원,POI101,원활,47.0,2026-10-05 01:05,2,996.0,,1.0,9.0,2,0,11600,11700,11800,11900,0,0,10,20,0,0,0,10,0,0,0,0,20261005,1800,1900,2000,2100,0,0,0,10,0,0,0,0,0,0,0,0,20261005,2026-10-05 01:07
아차산,POI102,원활,34.0,2026-10-05 01:05,0,,,0.0,3.0,0,0,,,,,,,,,,,,,,,,,,200,250,50,60,0,0,0,0,0,0,0,0,0,0,0,0,20261005,2026-10-05 01:07
양화한강공원,POI103,원활,47.0,2026-10-05 01:05,6,1002.0,27.0,0.0,5.0,0,0,,,,,,,,,,,,,,,,,,250,300,500,550,0,0,0,0,0,0,0,0,0,0,0,0,20261005,2026-10-05 01:07
어린이대공원,POI104,서행,24.0,2026-10-05 01:05,4,945.0,,2.0,9.0,4,0,25600,25700,25300,25400,0,0,20,30,0,0,0,0,0,0,0,0,20261005,2600,2700,2700,2800,30,40,20,30,10,20,10,20,0,0,0,0,20261005,2026-10-05 01:07
여의도한강공원,POI105,원활,42.0,2026-10-05 01:05,6,2866.0,66.0,1.0,3.0,0,0,25800,25900,25600,25700,0,0,0,0,0,0,0,0,0,0,0,0,20261005,3300,3400,2200,2300,0,0,0,0,0,0,0,0,0,0,0,0,20261005,2026-10-05 01:07
월드컵공원,POI106,원활,39.0,2026-10-05 01:05,9,3537.0,,4.0,34.0,0,0,23700,23800,24400,24500,0,10,80,90,0,0,30,40,0,0,0,0,20261005,5200,5300,5000,5100,10,20,20,30,0,0,10,20,0,0,0,10,20261005,2026-10-05 01:07
응봉산,POI107,원활,29.0,2026-10-05 01:05,3,88.0,,1.0,24.0,0,0,1400,1500,1200,1300,0,0,0,10,0,0,0,0,0,0,0,0,20261005,2700,2800,2500,2600,0,10,10,20,0,0,0,0,0,0,0,0,20261005,2026-10-05 01:07
이촌한강공원,POI108,원활,51.0,2026-10-05 01:05,2,514.0,0.0,0.0,4.0,1,0,,,,,,,,,,,,,,,,,,100,150,350,400,0,0,0,0,0,0,0,0,0,0,0,0,20261005,2026-10-05 01:07
잠실종합운동장,POI109,원활,28.0,2026-10-05 01:05,1,876.0,,2.0,4.0,0,0,20900,21000,22300,22400,0,0,0,0,0,0,0,0,0,0,0,0,20261005,1300,1400,1300,1400,0,10,0,10,0,0,0,0,0,0,0,0,20261005,2026-10-05 01:07
잠실한강공원,POI110,원활,50.0,2026-10-05 01:05,4,1326.0,47.0,1.0,9.0,0,0,7400,7500,7500,7600,0,0,0,0,0,0,0,0,0,0,0,0,20261005,600,650,1000,1100,0,0,0,0,0,0,0,0,0,0,0,0,20261005,2026-10-05 01:07
잠원한강공원,POI111,원활,59.0,2026-10-05 01:05,3,1540.0,0.0,0.0,5.0,0,0,,,,,,,,,,,,,,,,,,1300,1400,1300,1400,10,20,0,10,0,10,0,0,0,10,0,0,20261005,2026-10-05 01:07
청계산,POI112,원활,61.0,2026-10-05 01:05,0,,,0.0,9.0,0,0,,,,,,,,,,,,,,,,,,70,80,100,150,0,0,0,0,0,0,0,0,0,0,0,0,20261005,2026-10-05 01:07
북창동 먹자골목,POI114,서행,19.0,2026-10-05 01:05,20,552.0,0.0,0.0,11.0,0,0,,,,,,,,,,,,,,,,,,8300,8400,8300,8400,60,70,50,60,10,20,0,10,0,10,0,0,20261005,2026-10-05 01:07
남대문시장,POI115,서행,24.0,2026-10-05 01:05,16,1456.0,4.0,1.0,7.0,0,0,,,,,,,,,,,,,,,,,,5800,5900,6300,6400,50,60,30,40,0,10,10,20,0,10,0,0,20261005,2026-10-05 01:07
익선동,POI116,서행,15.0,2026-10-05 01:05,10,187.0,1.0,3.0,11.0,1,0,48700,48800,50000,50100,0,0,0,10,0,0,0,0,0,0,0,0,20261005,9100,9200,7800,7900,250,300,60,70,30,40,10,20,20,30,0,10,20261005,2026-10-05 01:07
신정네거리역,POI117,서행,23.0,2026-10-05 01:05,3,119.0,,1.0,9.0,0,0,,,,,,,,,,,,,,,,,,,,,,,,,,,,,,,,,,,2026-10-05 01:07
잠실새내역,POI118,서행,24.0,2026-10-05 01:05,31,1541.0,,1.0,18.0,0,0,17300,17400,17000,17100,0,0,90,100,0,0,30,40,0,0,0,0,20261005,7400,7500,7900,8000,90,100,70,80,10,20,20,30,0,10,0,0,20261005,2026-10-05 01:07
잠실역,POI119,원활,25.0,2026-10-05 01:05,5,6749.0,56.0,2.0,21.0,0,0,,,,,,,,,,,,,,,,,,22800,22900,22400,22500,200,250,70,80,30,40,20,30,0,10,0,10,20261005,2026-10-05 01:07
잠실롯데타워·석촌호수,POI120,서행,24.0,2026-10-05 01:05,33,9281.0,56.0,3.0,0.0,2,0,,,,,,,,,,,,,,,,,,,,,,,,,,,,,,,,,,,2026-10-05 01:07
송리단길·호수단길,POI121,서행,23.0,2026-10-05 01:05,21,878.0,,1.0,15.0,0,0,6100,6200,7600,7700,0,0,0,0,0,0,0,0,0,0,0,0,20261005,7200,7300,8000,8100,80,90,50,60,20,30,10,20,0,10,0,0,20261005,2026-10-05 01:07
신촌 스타광장,POI122,서행,20.0,2026-10-05 01:05,4,235.0,,1.0,4.0,0,0,,,,,,,,,,,,,,,,,,5600,5700,5000,5100,50,60,50,60,20,30,0,10,0,10,0,0,20261005,2026-10-05 01:07
보라매공원,POI123,서행,20.0,2026-10-05 01:05,1,78.0,,2.0,5.0,0,0,4200,4300,4400,4500,0,0,0,0,0,0,0,0,0,0,0,0,20261005,100,150,100,150,0,0,0,0,0,0,0,0,0,0,0,0,20261005,2026-10-05 01:07
서대문독립공원,POI124,원활,30.0,2026-10-05 01:05,2,150.0,,1.0,18.0,0,0,6800,6900,7600,7700,0,0,0,0,0,0,0,0,0,0,0,0,20261005,5800,5900,5100,5200,40,50,20,30,0,0,0,10,0,0,0,0,20261005,2026-10-05 01:07
안양천,POI125,원활,51.0,2026-10-05 01:05,1,294.0,,0.0,1.0,0,0,,,,,,,,,,,,,,,,,,20,30,0,10,0,0,0,0,0,0,0,0,0,0,0,0,20261005,2026-10-05 01:07
여의서로,POI126,원활,37.0,2026-10-05 01:05,2,168.0,38.0,0.0,0.0,0,0,,,,,,,,,,,,,,,,,,,,,,,,,,,,,,,,,,,2026-10-05 01:07
올림픽공원,POI127,원활,31.0,2026-10-05 01:05,4,2716.0,,4.0,17.0,6,0,,,,,,,,,,,,,,,,,,4600,4700,4800,4900,10,20,20,30,0,10,10,20,0,0,0,0,20261005,2026-10-05 01:07
홍제폭포,POI128,원활,34.0,2026-10-05 01:05,0,,,0.0,0.0,0,0,,,,,,,,,,,,,,,,,,,,,,,,,,,,,,,,,,,2026-10-05 01:07
송현녹지광장,POI129,서행,21.0,2026-10-05 01:05,4,1546.0,,1.0,25.0,6,0,24700,24800,26700,26800,0,0,0,0,0,0,0,0,0,0,0,0,20261005,14300,14400,12100,12200,40,50,10,20,10,20,0,0,0,0,0,0,20261005,2026-10-05 01:07
시의회 앞,POI130,원활,26.0,2026-10-05 01:05,9,1723.0,,3.0,25.0,5,0,62400,62500,65100,65200,0,0,0,0,0,0,0,0,0,0,0,0,20261005,17100,17200,17300,17400,100,150,50,60,30,40,10,20,10,20,0,10,20261005,2026-10-05 01:07
강남 MICE 관광특구,POI001,원활,25.0,2026-10-05 02:05,3,4428.0,,2,5,0,0,,,,,,,,,,,,,,,,,,,,,,,,,,,,,,,,,,,2026-10-05 02:07
동대문 관광특구,POI002,서행,20.0,2026-10-05 02:05,47,8302.0,757.0,6,20,7,0,,,,,,,,,,,,,,,,,,,,,,,,,,,,,,,,,,,2026-10-05 02:07
명동 관광특구,POI003,서행,22.0,2026-10-05 02:05,93,12070.0,7.0,9,46,6,1,,,,,,,,,,,,,,,,,,,,,,,,,,,,,,,,,,,2026-10-05 02:07
이태원 관광특구,POI004,서행,22.0,2026-10-05 02:05,8,853.0,,3,14,0,2,,,,,,,,,,,,,,,,,,,,,,,,,,,,,,,,,,,2026-10-05 02:07
잠실 관광특구,POI005,원활,27.0,2026-10-05 02:05,37,11997.0,54.0,6,42,8,0,,,,,,,,,,,,,,,,,,,,,,,,,,,,,,,,,,,2026-10-05 02:07
종로·청계 관광특구,POI006,서행,23.0,2026-10-05 02:05,48,2496.0,42.0,7,34,0,0,,,,,,,,,,,,,,,,,,,,,,,,,,,,,,,,,,,2026-10-05 02:07
홍대 관광특구,POI007,서행,17.0,2026-10-05 02:05,51,3098.0,,6,52,0,0,,,,,,,,,,,,,,,,,,,,,,,,,,,,,,,,,,,2026-10-05 02:07
경복궁,POI008,원활,25.0,2026-10-05 02:05,2,267.0,,1,10,3,0,,,,,,,,,,,,,,,,,,,,,,,,,,,,,,,,,,,2026-10-05 02:07
광화문·덕수궁,POI009,원활,25.0,2026-10-05 02:05,29,7988.0,89.0,3,32,12,1,,,,,,,,,,,,,,,,,,,,,,,,,,,,,,,,,,,2026-10-05 02:07
보신각,POI010,서행,20.0,2026-10-05 02:05,14,2572.0,10.0,1,8,1,0,,,,,,,,,,,,,,,,,,,,,,,,,,,,,,,,,,,2026-10-05 02:07
서울 암사동 유적,POI011,원활,27.0,2026-10-05 02:05,1,108.0,,0,3,0,0,,,,,,,,,,,,,,,,,,,,,,,,,,,,,,,,,,,2026-10-05 02:07
창덕궁·종묘,POI012,서행,24.0,2026-10-05 02:05,16,3155.0,260.0,0,14,1,0,,,,,,,,,,,,,,,,,,,,,,,,,,,,,,,,,,,2026-10-05 02:07
가산디지털단지역,POI013,원활,28.0,2026-10-05 02:05,20,8291.0,,1,51,0,0,,,,,,,,,,,,,,,,,,,,,,,,,,,,,,,,,,,2026-10-05 02:07
강남역,POI014,서행,21.0,2026-10-05 02:05,95,7876.0,,4,43,0,0,,,,,,,,,,,,,,,,,,,,,,,,,,,,,,,,,,,2026-10-05 02:07
건대입구역,POI015,원활,29.0,2026-10-05 02:05,23,6603.0,,2,8,4,0,,,,,,,,,,,,,,,,,,,,,,,,,,,,,,,,,,,2026-10-05 02:07
고덕역,POI016,원활,29.0,2026-10-05 02:05,15,1615.0,,1,4,0,0,,,,,,,,,,,,,,,,,,,,,,,,,,,,,,,,,,,2026-10-05 02:07
고속터미널역,POI017,원활,32.0,2026-10-05 02:05,3,4291.0,,3,8,0,0,,,,,,,,,,,,,,,,,,,,,,,,,,,,,,,,,,,2026-10-05 02:07
교대역,POI018,원활,25.0,2026-10-05 02:05,14,760.0,,2,10,0,0,,,,,,,,,,,,,,,,,,,,,,,,,,,,,,,,,,,2026-10-05 02:07
구로디지털단지역,POI019,서행,23.0,2026-10-05 02:05,20,6911.0,,1,28,0,0,,,,,,,,,,,,,,,,,,,,,,,,,,,,,,,,,,,2026-10-05 02:07
구로역,POI020,원활,31.0,2026-10-05 02:05,3,1047.0,,0,4,0,0,,,,,,,,,,,,,,,,,,,,,,,,,,,,,,,,,,,2026-10-05 02:07
군자역,POI021,서행,22.0,2026-10-05 02:05,11,573.0,,2,10,0,0,,,,,,,,,,,,,,,,,,,,,,,,,,,,,,,,,,,2026-10-05 02:07
대림역,POI023,서행,21.0,2026-10-05 02:05,4,221.0,,2,22,0,0,,,,,,,,,,,,,,,,,,,,,,,,,,,,,,,,,,,2026-10-05 02:07
동대문역,POI024,서행,20.0,2026-10-05 02:05,17,892.0,0.0,2,5,0,0,,,,,,,,,,,,,,,,,,,,,,,,,,,,,,,,,,,2026-10-05 02:07
뚝섬역,POI025,서행,20.0,2026-10-05 02:05,9,767.0,,1,4,0,0,,,,,,,,,,,,,,,,,,,,,,,,,,,,,,,,,,,2026-10-05 02:07
미아사거리역,POI026,서행,21.0,2026-10-05 02:05,11,1409.0,,1,23,0,0,,,,,,,,,,,,,,,,,,,,,,,,,,,,,,,,,,,2026-10-05 02:07
발산역,POI027,서행,19.0,2026-10-05 02:05,13,2880.0,,1,22,0,0,,,,,,,,,,,,,,,,,,,,,,,,,,,,,,,,,,,2026-10-05 02:07
사당역,POI029,원활,26.0,2026-10-05 02:05,13,520.0,,2,16,1,0,,,,,,,,,,,,,,,,,,,,,,,,,,,,,,,,,,,2026-10-05 02:07
삼각지역,POI030,원활,32.0,2026-10-05 02:05,0,,,2,5,0,0,,,,,,,,,,,,,,,,,,,,,,,,,,,,,,,,,,,2026-10-05 02:07
서울대입구역,POI031,원활,27.0,2026-10-05 02:05,2,52.0,,1,12,0,0,,,,,,,,,,,,,,,,,,,,,,,,,,,,,,,,,,,2026-10-05 02:07
서울식물원·마곡나루역,POI032,서행,20.0,2026-10-05 02:05,2,2651.0,,2,15,3,0,,,,,,,,,,,,,,,,,,,,,,,,,,,,,,,,,,,2026-10-05 02:07
서울역,POI033,원활,27.0,2026-10-05 02:05,23,3968.0,0.0,6,22,1,0,,,,,,,,,,,,,,,,,,,,,,,,,,,,,,,,,,,2026-10-05 02:07
선릉역,POI034,서행,24.0,2026-10-05 02:05,94,11160.0,27.0,4,12,0,0,,,,,,,,,,,,,,,,,,,,,,,,,,,,,,,,,,,2026-10-05 02:07
성신여대입구역,POI035,서행,20.0,2026-10-05 02:05,2,38.0,,2,8,1,0,,,,,,,,,,,,,,,,,,,,,,,,,,,,,,,,,,,2026-10-05 02:07
수유역,POI036,서행,19.0,2026-10-05 02:05,8,802.0,,1,27,0,0,,,,,,,,,,,,,,,,,,,,,,,,,,,,,,,,,,,2026-10-05 02:07
신논현역·논현역,POI037,서행,22.0,2026-10-05 02:05,32,1053.0,,4,11,0,0,,,,,,,,,,,,,,,,,,,,,,,,,,,,,,,,,,,2026-10-05 02:07
신도림역,POI038,원활,25.0,2026-10-05 02:05,1,1644.0,,1,1,0,0,,,,,,,,,,,,,,,,,,,,,,,,,,,,,,,,,,,2026-10-05 02:07
신림역,POI039,서행,18.0,2026-10-05 02:05,2,282.0,,2,14,0,0,,,,,,,,,,,,,,,,,,,,,,,,,,,,,,,,,,,2026-10-05 02:07
신촌·이대역,POI040,서행,21.0,2026-10-05 02:05,25,1943.0,66.0,1,31,0,0,,,,,,,,,,,,,,,,,,,,,,,,,,,,,,,,,,,2026-10-05 02:07
양재역,POI041,원활,30.0,2026-10-05 02:05,16,1881.0,,2,18,0,0,,,,,,,,,,,,,,,,,,,,,,,,,,,,,,,,,,,2026-10-05 02:07
역삼역,POI042,원활,26.0,2026-10-05 02:05,47,7473.0,1.0,1,9,0,0,,,,,,,,,,,,,,,,,,,,,,,,,,,,,,,,,,,2026-10-05 02:07
연신내역,POI043,서행,23.0,2026-10-05 02:05,5,208.0,,3,9,0,0,,,,,,,,,,,,,,,,,,,,,,,,,,,,,,,,,,,2026-10-05 02:07
오목교역·목동운동장,POI044,원활,34.0,2026-10-05 02:05,14,5304.0,,1,25,0,0,,,,,,,,,,,,,,,,,,,,,,,,,,,,,,,,,,,2026-10-05 02:07
왕십리역,POI045,서행,21.0,2026-10-05 02:05,4,1478.0,,4,18,0,0,,,,,,,,,,,,,,,,,,,,,,,,,,,,,,,,,,,2026-10-05 02:07
용산역,POI046,원활,27.0,2026-10-05 02:05,11,5014.0,94.0,1,25,0,0,,,,,,,,,,,,,,,,,,,,,,,,,,,,,,,,,,,2026-10-05 02:07
이태원역,POI047,정체,10.0,2026-10-05 02:05,4,66.0,,1,9,0,1,,,,,,,,,,,,,,,,,,,,,,,,,,,,,,,,,,,2026-10-05 02:07
장지역,POI048,서행,24.0,2026-10-05 02:05,4,10611.0,,1,18,0,0,,,,,,,,,,,,,,,,,,,,,,,,,,,,,,,,,,,2026-10-05 02:07
장한평역,POI049,원활,27.0,2026-10-05 02:05,15,847.0,,1,11,0,0,,,,,,,,,,,,,,,,,,,,,,,,,,,,,,,,,,,2026-10-05 02:07
천호역,POI050,서행,23.0,2026-10-05 02:05,14,3331.0,,2,9,0,0,,,,,,,,,,,,,,,,,,,,,,,,,,,,,,,,,,,2026-10-05 02:07
총신대입구(이수)역,POI051,서행,22.0,2026-10-05 02:05,7,533.0,,2,15,0,0,,,,,,,,,,,,,,,,,,,,,,,,,,,,,,,,,,,2026-10-05 02:07
충정로역,POI052,원활,29.0,2026-10-05 02:05,5,834.0,,2,15,0,0,,,,,,,,,,,,,,,,,,,,,,,,,,,,,,,,,,,2026-10-05 02:07
합정역,POI053,서행,24.0,2026-10-05 02:05,6,207.0,,2,27,0,0,,,,,,,,,,,,,,,,,,,,,,,,,,,,,,,,,,,2026-10-05 02:07
혜화역,POI054,서행,21.0,2026-10-05 02:05,24,955.0,,1,11,5,0,,,,,,,,,,,,,,,,,,,,,,,,,,,,,,,,,,,2026-10-05 02:07
홍대입구역(2호선),POI055,서행,18.0,2026-10-05 02:05,16,1196.0,,3,12,0,0,,,,,,,,,,,,,,,,,,,,,,,,,,,,,,,,,,,2026-10-05 02:07
회기역,POI056,서행,24.0,2026-10-05 02:05,21,408.0,,1,21,0,0,,,,,,,,,,,,,,,,,,,,,,,,,,,,,,,,,,,2026-10-05 02:07
가락시장,POI058,원활,30.0,2026-10-05 02:05,4,2884.0,,2,12,0,0,,,,,,,,,,,,,,,,,,,,,,,,,,,,,,,,,,,2026-10-05 02:07
가로수길,POI059,원활,33.0,2026-10-05 02:05,51,2767.0,34.0,3,9,0,0,,,,,,,,,,,,,,,,,,,,,,,,,,,,,,,,,,,2026-10-05 02:07
광장(전통)시장,POI060,서행,22.0,2026-10-05 02:05,7,103.0,5.0,1,7,0,0,,,,,,,,,,,,,,,,,,,,,,,,,,,,,,,,,,,2026-10-05 02:07
김포공항,POI061,원활,31.0,2026-10-05 02:05,6,16594.0,,3,21,0,0,,,,,,,,,,,,,,,,,,,,,,,,,,,,,,,,,,,2026-10-05 02:07
노량진,POI063,원활,26.0,2026-10-05 02:05,11,1218.0,,2,17,1,0,,,,,,,,,,,,,,,,,,,,,,,,,,,,,,,,,,,2026-10-05 02:07
덕수궁길·정동길,POI064,원활,27.0,2026-10-05 02:05,10,620.0,,3,10,0,0,,,,,,,,,,,,,,,,,,,,,,,,,,,,,,,,,,,2026-10-05 02:07
북촌한옥마을,POI066,서행,24.0,2026-10-05 02:05,16,1756.0,,1,49,6,0,,,,,,,,,,,,,,,,,,,,,,,,,,,,,,,,,,,2026-10-05 02:07
서촌,POI067,서행,19.0,2026-10-05 02:05,9,308.0,,0,25,3,0,,,,,,,,,,,,,,,,,,,,,,,,,,,,,,,,,,,2026-10-05 02:07
성수카페거리,POI068,서행,19.0,2026-10-05 02:05,28,2824.0,,2,23,0,0,,,,,,,,,,,,,,,,,,,,,,,,,,,,,,,,,,,2026-10-05 02:07
쌍문역,POI070,서행,22.0,2026-10-05 02:05,8,345.0,,1,17,0,0,,,,,,,,,,,,,,,,,,,,,,,,,,,,,,,,,,,2026-10-05 02:07
압구정로데오거리,POI071,서행,24.0,2026-10-05 02:05,55,1976.0,2.0,1,11,1,1,,,,,,,,,,,,,,,,,,,,,,,,,,,,,,,,,,,2026-10-05 02:07
여의도,POI072,원활,29.0,2026-10-05 02:05,116,24820.0,122.0,7,58,4,0,,,,,,,,,,,,,,,,,,,,,,,,,,,,,,,,,,,2026-10-05 02:07
연남동,POI073,서행,23.0,2026-10-05 02:05,45,132.0,,0,19,0,0,,,,,,,,,,,,,,,,,,,,,,,,,,,,,,,,,,,2026-10-05 02:07
영등포 타임스퀘어,POI074,서행,22.0,2026-10-05 02:05,10,1195.0,50.0,0,16,1,0,,,,,,,,,,,,,,,,,,,,,,,,,,,,,,,,,,,2026-10-05 02:07
용리단길,POI076,원활,28.0,2026-10-05 02:05,0,,,3,5,0,0,,,,,,,,,,,,,,,,,,,,,,,,,,,,,,,,,,,2026-10-05 02:07
이태원 앤틱가구거리,POI077,서행,22.0,2026-10-05 02:05,4,51.0,,1,13,0,0,,,,,,,,,,,,,,,,,,,,,,,,,,,,,,,,,,,2026-10-05 02:07
인사동,POI078,서행,19.0,2026-10-05 02:05,21,2465.0,1.0,2,19,6,0,,,,,,,,,,,,,,,,,,,,,,,,,,,,,,,,,,,2026-10-05 02:07
창동 신경제 중심지,POI079,서행,22.0,2026-10-05 02:05,46,4927.0,8.0,3,39,6,0,,,,,,,,,,,,,,,,,,,,,,,,,,,,,,,,,,,2026-10-05 02:07
청담동 명품거리,POI080,원활,27.0,2026-10-05 02:05,16,910.0,,1,6,0,0,,,,,,,,,,,,,,,,,,,,,,,,,,,,,,,,,,,2026-10-05 02:07
청량리 제기동 일대 전통시장,POI081,서행,23.0,2026-10-05 02:05,12,2214.0,,2,21,0,0,,,,,,,,,,,,,,,,,,,,,,,,,,,,,,,,,,,2026-10-05 02:07
해방촌·경리단길,POI082,원활,36.0,2026-10-05 02:05,4,273.0,,0,26,0,0,,,,,,,,,,,,,,,,,,,,,,,,,,,,,,,,,,,2026-10-05 02:07
DDP(동대문디자인플라자),POI083,서행,20.0,2026-10-05 02:05,9,2596.0,749.0,3,7,5,0,,,,,,,,,,,,,,,,,,,,,,,,,,,,,,,,,,,2026-10-05 02:07
DMC(디지털미디어시티),POI084,원활,28.0,2026-10-05 02:05,25,9176.0,,4,44,0,0,,,,,,,,,,,,,,,,,,,,,,,,,,,,,,,,,,,2026-10-05 02:07
강서한강공원,POI085,원활,62.0,2026-10-05 02:05,2,106.0,1.0,0,0,0,0,,,,,,,,,,,,,,,,,,,,,,,,,,,,,,,,,,,2026-10-05 02:07
고척돔,POI086,원활,35.0,2026-10-05 02:05,0,,,0,2,4,0,,,,,,,,,,,,,,,,,,,,,,,,,,,,,,,,,,,2026-10-05 02:07
광나루한강공원,POI087,원활,67.0,2026-10-05 02:05,4,718.0,214.0,0,0,0,0,,,,,,,,,,,,,,,,,,,,,,,,,,,,,,,,,,,2026-10-05 02:07
광화문광장,POI088,원활,29.0,2026-10-05 02:05,3,2932.0,89.0,2,8,5,0,,,,,,,,,,,,,,,,,,,,,,,,,,,,,,,,,,,2026-10-05 02:07
국립중앙박물관·용산가족공원,POI089,원활,39.0,2026-10-05 02:05,4,931.0,,1,3,3,0,,,,,,,,,,,,,,,,,,,,,,,,,,,,,,,,,,,2026-10-05 02:07
난지한강공원,POI090,원활,65.0,2026-10-05 02:05,4,1240.0,0.0,0,4,0,0,,,,,,,,,,,,,,,,,,,,,,,,,,,,,,,,,,,2026-10-05 02:07
남산공원,POI091,원활,38.0,2026-10-05 02:05,33,2148.0,21.0,4,22,5,0,,,,,,,,,,,,,,,,,,,,,,,,,,,,,,,,,,,2026-10-05 02:07
노들섬,POI092,원활,51.0,2026-10-05 02:05,1,99.0,,0,2,4,0,,,,,,,,,,,,,,,,,,,,,,,,,,,,,,,,,,,2026-10-05 02:07
뚝섬한강공원,POI093,원활,63.0,2026-10-05 02:05,8,1342.0,149.0,1,1,2,0,,,,,,,,,,,,,,,,,,,,,,,,,,,,,,,,,,,2026-10-05 02:07
망원한강공원,POI094,원활,43.0,2026-10-05 02:05,2,458.0,0.0,2,5,0,0,,,,,,,,,,,,,,,,,,,,,,,,,,,,,,,,,,,2026-10-05 02:07
반포한강공원,POI095,원활,57.0,2026-10-05 02:05,9,1483.0,9.0,0,2,0,0,,,,,,,,,,,,,,,,,,,,,,,,,,,,,,,,,,,2026-10-05 02:07
북서울꿈의숲,POI096,서행,24.0,2026-10-05 02:05,3,549.0,,0,14,1,0,,,,,,,,,,,,,,,,,,,,,,,,,,,,,,,,,,,2026-10-05 02:07
서리풀공원·몽마르뜨공원,POI098,원활,30.0,2026-10-05 02:05,0,,,4,7,0,0,,,,,,,,,,,,,,,,,,,,,,,,,,,,,,,,,,,2026-10-05 02:07
서울대공원,POI100,원활,30.0,2026-10-05 02:05,0,,,0,0,1,0,,,,,,,,,,,,,,,,,,,,,,,,,,,,,,,,,,,2026-10-05 02:07
서울숲공원,POI101,원활,47.0,2026-10-05 02:05,2,996.0,,1,9,2,0,,,,,,,,,,,,,,,,,,,,,,,,,,,,,,,,,,,2026-10-05 02:07
아차산,POI102,원활,35.0,2026-10-05 02:05,0,,,0,3,0,0,,,,,,,,,,,,,,,,,,,,,,,,,,,,,,,,,,,2026-10-05 02:07
양화한강공원,POI103,원활,45.0,2026-10-05 02:05,6,1002.0,23.0,0,2,0,0,,,,,,,,,,,,,,,,,,,,,,,,,,,,,,,,,,,2026-10-05 02:07
어린이대공원,POI104,서행,24.0,2026-10-05 02:05,4,945.0,,2,9,4,0,,,,,,,,,,,,,,,,,,,,,,,,,,,,,,,,,,,2026-10-05 02:07
여의도한강공원,POI105,원활,43.0,2026-10-05 02:05,6,2866.0,46.0,1,3,0,0,,,,,,,,,,,,,,,,,,,,,,,,,,,,,,,,,,,2026-10-05 02:07
월드컵공원,POI106,원활,41.0,2026-10-05 02:05,9,3537.0,,4,27,0,0,,,,,,,,,,,,,,,,,,,,,,,,,,,,,,,,,,,2026-10-05 02:07
응봉산,POI107,원활,29.0,2026-10-05 02:05,3,88.0,,0,24,0,0,,,,,,,,,,,,,,,,,,,,,,,,,,,,,,,,,,,2026-10-05 02:07
이촌한강공원,POI108,원활,52.0,2026-10-05 02:05,2,514.0,0.0,0,2,1,0,,,,,,,,,,,,,,,,,,,,,,,,,,,,,,,,,,,2026-10-05 02:07
잠실종합운동장,POI109,서행,24.0,2026-10-05 02:05,1,876.0,,1,2,0,0,,,,,,,,,,,,,,,,,,,,,,,,,,,,,,,,,,,2026-10-05 02:07
잠실한강공원,POI110,원활,50.0,2026-10-05 02:05,4,1326.0,48.0,1,2,0,0,,,,,,,,,,,,,,,,,,,,,,,,,,,,,,,,,,,2026-10-05 02:07
잠원한강공원,POI111,원활,60.0,2026-10-05 02:05,3,1540.0,0.0,0,2,0,0,,,,,,,,,,,,,,,,,,,,,,,,,,,,,,,,,,,2026-10-05 02:07
청계산,POI112,원활,61.0,2026-10-05 02:05,0,,,0,4,0,0,,,,,,,,,,,,,,,,,,,,,,,,,,,,,,,,,,,2026-10-05 02:07
북창동 먹자골목,POI114,서행,19.0,2026-10-05 02:05,20,552.0,0.0,0,10,0,0,,,,,,,,,,,,,,,,,,,,,,,,,,,,,,,,,,,2026-10-05 02:07
남대문시장,POI115,서행,24.0,2026-10-05 02:05,16,1456.0,4.0,1,6,0,0,,,,,,,,,,,,,,,,,,,,,,,,,,,,,,,,,,,2026-10-05 02:07
익선동,POI116,서행,17.0,2026-10-05 02:05,10,187.0,1.0,3,9,1,0,,,,,,,,,,,,,,,,,,,,,,,,,,,,,,,,,,,2026-10-05 02:07
신정네거리역,POI117,서행,24.0,2026-10-05 02:05,3,119.0,,1,9,0,0,,,,,,,,,,,,,,,,,,,,,,,,,,,,,,,,,,,2026-10-05 02:07
잠실새내역,POI118,서행,23.0,2026-10-05 02:05,31,1541.0,,1,10,0,0,,,,,,,,,,,,,,,,,,,,,,,,,,,,,,,,,,,2026-10-05 02:07
잠실역,POI119,원활,25.0,2026-10-05 02:05,5,6749.0,54.0,2,18,0,0,,,,,,,,,,,,,,,,,,,,,,,,,,,,,,,,,,,2026-10-05 02:07
잠실롯데타워·석촌호수,POI120,원활,25.0,2026-10-05 02:05,33,9281.0,54.0,3,0,2,0,,,,,,,,,,,,,,,,,,,,,,,,,,,,,,,,,,,2026-10-05 02:07
송리단길·호수단길,POI121,원활,27.0,2026-10-05 02:05,21,878.0,,3,12,0,0,,,,,,,,,,,,,,,,,,,,,,,,,,,,,,,,,,,2026-10-05 02:07
신촌 스타광장,POI122,서행,18.0,2026-10-05 02:05,4,235.0,,1,4,0,0,,,,,,,,,,,,,,,,,,,,,,,,,,,,,,,,,,,2026-10-05 02:07
보라매공원,POI123,서행,18.0,2026-10-05 02:05,1,78.0,,2,4,0,0,,,,,,,,,,,,,,,,,,,,,,,,,,,,,,,,,,,2026-10-05 02:07
서대문독립공원,POI124,원활,26.0,2026-10-05 02:05,2,150.0,,1,14,0,0,,,,,,,,,,,,,,,,,,,,,,,,,,,,,,,,,,,2026-10-05 02:07
안양천,POI125,원활,51.0,2026-10-05 02:05,1,294.0,,0,1,0,0,,,,,,,,,,,,,,,,,,,,,,,,,,,,,,,,,,,2026-10-05 02:07
여의서로,POI126,원활,33.0,2026-10-05 02:05,2,168.0,38.0,0,0,0,0,,,,,,,,,,,,,,,,,,,,,,,,,,,,,,,,,,,2026-10-05 02:07
올림픽공원,POI127,원활,31.0,2026-10-05 02:05,4,2716.0,,4,16,6,0,,,,,,,,,,,,,,,,,,,,,,,,,,,,,,,,,,,2026-10-05 02:07
홍제폭포,POI128,원활,40.0,2026-10-05 02:05,0,,,0,0,0,0,,,,,,,,,,,,,,,,,,,,,,,,,,,,,,,,,,,2026-10-05 02:07
송현녹지광장,POI129,서행,24.0,2026-10-05 02:05,4,1546.0,,1,22,6,0,,,,,,,,,,,,,,,,,,,,,,,,,,,,,,,,,,,2026-10-05 02:07
시의회 앞,POI130,원활,25.0,2026-10-05 02:05,9,1723.0,,3,19,5,0,,,,,,,,,,,,,,,,,,,,,,,,,,,,,,,,,,,2026-10-05 02:07
강남 MICE 관광특구,POI001,원활,27.0,2026-10-05 03:05,3,4428.0,,2,5,0,0,,,,,,,,,,,,,,,,,,,,,,,,,,,,,,,,,,,2026-10-05 03:07
동대문 관광특구,POI002,서행,19.0,2026-10-05 03:05,47,8302.0,614.0,6,20,7,0,,,,,,,,,,,,,,,,,,,,,,,,,,,,,,,,,,,2026-10-05 03:07
명동 관광특구,POI003,서행,22.0,2026-10-05 03:05,93,12070.0,6.0,9,46,6,0,,,,,,,,,,,,,,,,,,,,,,,,,,,,,,,,,,,2026-10-05 03:07
이태원 관광특구,POI004,서행,20.0,2026-10-05 03:05,8,853.0,,3,14,0,0,,,,,,,,,,,,,,,,,,,,,,,,,,,,,,,,,,,2026-10-05 03:07
잠실 관광특구,POI005,원활,26.0,2026-10-05 03:05,37,11997.0,54.0,6,42,8,0,,,,,,,,,,,,,,,,,,,,,,,,,,,,,,,,,,,2026-10-05 03:07
종로·청계 관광특구,POI006,서행,21.0,2026-10-05 03:05,48,2496.0,68.0,7,34,0,0,,,,,,,,,,,,,,,,,,,,,,,,,,,,,,,,,,,2026-10-05 03:07
홍대 관광특구,POI007,서행,18.0,2026-10-05 03:05,51,3098.0,,6,52,0,0,,,,,,,,,,,,,,,,,,,,,,,,,,,,,,,,,,,2026-10-05 03:07
경복궁,POI008,원활,26.0,2026-10-05 03:05,2,267.0,,1,10,3,0,,,,,,,,,,,,,,,,,,,,,,,,,,,,,,,,,,,2026-10-05 03:07
광화문·덕수궁,POI009,원활,26.0,2026-10-05 03:05,29,7988.0,89.0,3,32,12,0,,,,,,,,,,,,,,,,,,,,,,,,,,,,,,,,,,,2026-10-05 03:07
보신각,POI010,서행,19.0,2026-10-05 03:05,14,2572.0,10.0,1,8,1,0,,,,,,,,,,,,,,,,,,,,,,,,,,,,,,,,,,,2026-10-05 03:07
서울 암사동 유적,POI011,원활,27.0,2026-10-05 03:05,1,108.0,,0,3,0,0,,,,,,,,,,,,,,,,,,,,,,,,,,,,,,,,,,,2026-10-05 03:07
창덕궁·종묘,POI012,원활,27.0,2026-10-05 03:05,16,3155.0,254.0,0,14,1,0,,,,,,,,,,,,,,,,,,,,,,,,,,,,,,,,,,,2026-10-05 03:07
가산디지털단지역,POI013,원활,28.0,2026-10-05 03:05,20,8291.0,,1,51,0,0,,,,,,,,,,,,,,,,,,,,,,,,,,,,,,,,,,,2026-10-05 03:07
강남역,POI014,서행,20.0,2026-10-05 03:05,95,7876.0,,4,43,0,0,,,,,,,,,,,,,,,,,,,,,,,,,,,,,,,,,,,2026-10-05 03:07
건대입구역,POI015,원활,29.0,2026-10-05 03:05,23,6603.0,,2,8,4,0,,,,,,,,,,,,,,,,,,,,,,,,,,,,,,,,,,,2026-10-05 03:07
고덕역,POI016,원활,28.0,2026-10-05 03:05,15,1615.0,,1,4,0,0,,,,,,,,,,,,,,,,,,,,,,,,,,,,,,,,,,,2026-10-05 03:07
고속터미널역,POI017,원활,34.0,2026-10-05 03:05,3,4291.0,,3,8,0,0,,,,,,,,,,,,,,,,,,,,,,,,,,,,,,,,,,,2026-10-05 03:07
교대역,POI018,서행,22.0,2026-10-05 03:05,14,760.0,,2,10,0,0,,,,,,,,,,,,,,,,,,,,,,,,,,,,,,,,,,,2026-10-05 03:07
구로디지털단지역,POI019,서행,23.0,2026-10-05 03:05,20,6911.0,,1,28,0,0,,,,,,,,,,,,,,,,,,,,,,,,,,,,,,,,,,,2026-10-05 03:07
구로역,POI020,원활,30.0,2026-10-05 03:05,3,1047.0,,0,4,0,0,,,,,,,,,,,,,,,,,,,,,,,,,,,,,,,,,,,2026-10-05 03:07
군자역,POI021,서행,21.0,2026-10-05 03:05,11,573.0,,2,10,0,0,,,,,,,,,,,,,,,,,,,,,,,,,,,,,,,,,,,2026-10-05 03:07
대림역,POI023,서행,21.0,2026-10-05 03:05,4,221.0,,2,22,0,0,,,,,,,,,,,,,,,,,,,,,,,,,,,,,,,,,,,2026-10-05 03:07
동대문역,POI024,서행,18.0,2026-10-05 03:05,17,892.0,0.0,2,5,0,0,,,,,,,,,,,,,,,,,,,,,,,,,,,,,,,,,,,2026-10-05 03:07
뚝섬역,POI025,서행,23.0,2026-10-05 03:05,9,767.0,,1,4,0,0,,,,,,,,,,,,,,,,,,,,,,,,,,,,,,,,,,,2026-10-05 03:07
미아사거리역,POI026,서행,18.0,2026-10-05 03:05,11,1409.0,,1,23,0,0,,,,,,,,,,,,,,,,,,,,,,,,,,,,,,,,,,,2026-10-05 03:07
발산역,POI027,서행,22.0,2026-10-05 03:05,13,2880.0,,1,22,0,0,,,,,,,,,,,,,,,,,,,,,,,,,,,,,,,,,,,2026-10-05 03:07
사당역,POI029,서행,24.0,2026-10-05 03:05,13,520.0,,2,16,1,0,,,,,,,,,,,,,,,,,,,,,,,,,,,,,,,,,,,2026-10-05 03:07
삼각지역,POI030,원활,33.0,2026-10-05 03:05,0,,,2,5,0,0,,,,,,,,,,,,,,,,,,,,,,,,,,,,,,,,,,,2026-10-05 03:07
서울대입구역,POI031,원활,29.0,2026-10-05 03:05,2,52.0,,1,12,0,0,,,,,,,,,,,,,,,,,,,,,,,,,,,,,,,,,,,2026-10-05 03:07
서울식물원·마곡나루역,POI032,서행,19.0,2026-10-05 03:05,2,2651.0,,2,15,3,0,,,,,,,,,,,,,,,,,,,,,,,,,,,,,,,,,,,2026-10-05 03:07
서울역,POI033,원활,28.0,2026-10-05 03:05,23,3968.0,0.0,6,22,1,0,,,,,,,,,,,,,,,,,,,,,,,,,,,,,,,,,,,2026-10-05 03:07
선릉역,POI034,서행,23.0,2026-10-05 03:05,94,11160.0,27.0,4,12,0,0,,,,,,,,,,,,,,,,,,,,,,,,,,,,,,,,,,,2026-10-05 03:07
성신여대입구역,POI035,서행,23.0,2026-10-05 03:05,2,38.0,,2,8,1,0,,,,,,,,,,,,,,,,,,,,,,,,,,,,,,,,,,,2026-10-05 03:07
수유역,POI036,서행,20.0,2026-10-05 03:05,8,802.0,,1,27,0,0,,,,,,,,,,,,,,,,,,,,,,,,,,,,,,,,,,,2026-10-05 03:07
신논현역·논현역,POI037,서행,22.0,2026-10-05 03:05,32,1053.0,,4,11,0,0,,,,,,,,,,,,,,,,,,,,,,,,,,,,,,,,,,,2026-10-05 03:07
신도림역,POI038,원활,36.0,2026-10-05 03:05,1,1644.0,,1,1,0,0,,,,,,,,,,,,,,,,,,,,,,,,,,,,,,,,,,,2026-10-05 03:07
신림역,POI039,서행,17.0,2026-10-05 03:05,2,282.0,,2,14,0,0,,,,,,,,,,,,,,,,,,,,,,,,,,,,,,,,,,,2026-10-05 03:07
신촌·이대역,POI040,서행,22.0,2026-10-05 03:05,25,1943.0,63.0,1,31,0,0,,,,,,,,,,,,,,,,,,,,,,,,,,,,,,,,,,,2026-10-05 03:07
양재역,POI041,원활,34.0,2026-10-05 03:05,16,1881.0,,2,18,0,0,,,,,,,,,,,,,,,,,,,,,,,,,,,,,,,,,,,2026-10-05 03:07
역삼역,POI042,원활,26.0,2026-10-05 03:05,47,7473.0,1.0,1,9,0,0,,,,,,,,,,,,,,,,,,,,,,,,,,,,,,,,,,,2026-10-05 03:07
연신내역,POI043,서행,23.0,2026-10-05 03:05,5,208.0,,3,9,0,0,,,,,,,,,,,,,,,,,,,,,,,,,,,,,,,,,,,2026-10-05 03:07
오목교역·목동운동장,POI044,원활,34.0,2026-10-05 03:05,14,5304.0,,1,25,0,0,,,,,,,,,,,,,,,,,,,,,,,,,,,,,,,,,,,2026-10-05 03:07
왕십리역,POI045,서행,22.0,2026-10-05 03:05,4,1478.0,,4,18,0,0,,,,,,,,,,,,,,,,,,,,,,,,,,,,,,,,,,,2026-10-05 03:07
용산역,POI046,원활,27.0,2026-10-05 03:05,11,5014.0,94.0,1,25,0,0,,,,,,,,,,,,,,,,,,,,,,,,,,,,,,,,,,,2026-10-05 03:07
이태원역,POI047,정체,12.0,2026-10-05 03:05,4,66.0,,1,9,0,0,,,,,,,,,,,,,,,,,,,,,,,,,,,,,,,,,,,2026-10-05 03:07
장지역,POI048,서행,24.0,2026-10-05 03:05,4,10611.0,,1,18,0,0,,,,,,,,,,,,,,,,,,,,,,,,,,,,,,,,,,,2026-10-05 03:07
장한평역,POI049,원활,28.0,2026-10-05 03:05,15,847.0,,1,11,0,0,,,,,,,,,,,,,,,,,,,,,,,,,,,,,,,,,,,2026-10-05 03:07
천호역,POI050,서행,20.0,2026-10-05 03:05,14,3331.0,,2,9,0,0,,,,,,,,,,,,,,,,,,,,,,,,,,,,,,,,,,,2026-10-05 03:07
총신대입구(이수)역,POI051,서행,23.0,2026-10-05 03:05,7,533.0,,2,15,0,0,,,,,,,,,,,,,,,,,,,,,,,,,,,,,,,,,,,2026-10-05 03:07
충정로역,POI052,원활,27.0,2026-10-05 03:05,5,834.0,,2,15,0,0,,,,,,,,,,,,,,,,,,,,,,,,,,,,,,,,,,,2026-10-05 03:07
합정역,POI053,서행,24.0,2026-10-05 03:05,6,207.0,,2,27,0,0,,,,,,,,,,,,,,,,,,,,,,,,,,,,,,,,,,,2026-10-05 03:07
혜화역,POI054,서행,23.0,2026-10-05 03:05,24,955.0,,1,11,5,0,,,,,,,,,,,,,,,,,,,,,,,,,,,,,,,,,,,2026-10-05 03:07
홍대입구역(2호선),POI055,서행,21.0,2026-10-05 03:05,16,1196.0,,3,12,0,0,,,,,,,,,,,,,,,,,,,,,,,,,,,,,,,,,,,2026-10-05 03:07
회기역,POI056,원활,25.0,2026-10-05 03:05,21,408.0,,1,21,0,0,,,,,,,,,,,,,,,,,,,,,,,,,,,,,,,,,,,2026-10-05 03:07
가락시장,POI058,원활,33.0,2026-10-05 03:05,4,2884.0,,2,12,0,0,,,,,,,,,,,,,,,,,,,,,,,,,,,,,,,,,,,2026-10-05 03:07
가로수길,POI059,원활,31.0,2026-10-05 03:05,51,2767.0,31.0,3,9,0,0,,,,,,,,,,,,,,,,,,,,,,,,,,,,,,,,,,,2026-10-05 03:07
광장(전통)시장,POI060,서행,22.0,2026-10-05 03:05,7,103.0,4.0,1,7,0,0,,,,,,,,,,,,,,,,,,,,,,,,,,,,,,,,,,,2026-10-05 03:07
김포공항,POI061,원활,34.0,2026-10-05 03:05,6,16594.0,,3,21,0,0,,,,,,,,,,,,,,,,,,,,,,,,,,,,,,,,,,,2026-10-05 03:07
노량진,POI063,원활,30.0,2026-10-05 03:05,11,1218.0,,2,17,1,0,,,,,,,,,,,,,,,,,,,,,,,,,,,,,,,,,,,2026-10-05 03:07
덕수궁길·정동길,POI064,원활,27.0,2026-10-05 03:05,10,620.0,,3,10,0,0,,,,,,,,,,,,,,,,,,,,,,,,,,,,,,,,,,,2026-10-05 03:07
북촌한옥마을,POI066,서행,24.0,2026-10-05 03:05,16,1756.0,,1,49,6,0,,,,,,,,,,,,,,,,,,,,,,,,,,,,,,,,,,,2026-10-05 03:07
서촌,POI067,서행,21.0,2026-10-05 03:05,9,308.0,,0,25,3,0,,,,,,,,,,,,,,,,,,,,,,,,,,,,,,,,,,,2026-10-05 03:07
성수카페거리,POI068,서행,21.0,2026-10-05 03:05,28,2824.0,,2,23,0,0,,,,,,,,,,,,,,,,,,,,,,,,,,,,,,,,,,,2026-10-05 03:07
쌍문역,POI070,서행,24.0,2026-10-05 03:05,8,345.0,,1,17,0,0,,,,,,,,,,,,,,,,,,,,,,,,,,,,,,,,,,,2026-10-05 03:07
압구정로데오거리,POI071,원활,25.0,2026-10-05 03:05,55,1976.0,2.0,1,11,1,0,,,,,,,,,,,,,,,,,,,,,,,,,,,,,,,,,,,2026-10-05 03:07
여의도,POI072,원활,31.0,2026-10-05 03:05,116,24820.0,120.0,7,58,4,0,,,,,,,,,,,,,,,,,,,,,,,,,,,,,,,,,,,2026-10-05 03:07
연남동,POI073,서행,24.0,2026-10-05 03:05,45,132.0,,0,19,0,0,,,,,,,,,,,,,,,,,,,,,,,,,,,,,,,,,,,2026-10-05 03:07
영등포 타임스퀘어,POI074,서행,22.0,2026-10-05 03:05,10,1195.0,49.0,0,16,1,0,,,,,,,,,,,,,,,,,,,,,,,,,,,,,,,,,,,2026-10-05 03:07
용리단길,POI076,원활,31.0,2026-10-05 03:05,0,,,3,5,0,0,,,,,,,,,,,,,,,,,,,,,,,,,,,,,,,,,,,2026-10-05 03:07
이태원 앤틱가구거리,POI077,서행,23.0,2026-10-05 03:05,4,51.0,,1,13,0,0,,,,,,,,,,,,,,,,,,,,,,,,,,,,,,,,,,,2026-10-05 03:07
인사동,POI078,서행,21.0,2026-10-05 03:05,21,2465.0,1.0,2,19,6,0,,,,,,,,,,,,,,,,,,,,,,,,,,,,,,,,,,,2026-10-05 03:07
창동 신경제 중심지,POI079,원활,25.0,2026-10-05 03:05,46,4927.0,7.0,3,39,6,0,,,,,,,,,,,,,,,,,,,,,,,,,,,,,,,,,,,2026-10-05 03:07
청담동 명품거리,POI080,원활,26.0,2026-10-05 03:05,16,910.0,,1,6,0,0,,,,,,,,,,,,,,,,,,,,,,,,,,,,,,,,,,,2026-10-05 03:07
청량리 제기동 일대 전통시장,POI081,원활,25.0,2026-10-05 03:05,12,2214.0,,2,21,0,0,,,,,,,,,,,,,,,,,,,,,,,,,,,,,,,,,,,2026-10-05 03:07
해방촌·경리단길,POI082,원활,36.0,2026-10-05 03:05,4,273.0,,0,26,0,0,,,,,,,,,,,,,,,,,,,,,,,,,,,,,,,,,,,2026-10-05 03:07
DDP(동대문디자인플라자),POI083,서행,20.0,2026-10-05 03:05,9,2596.0,598.0,3,7,5,0,,,,,,,,,,,,,,,,,,,,,,,,,,,,,,,,,,,2026-10-05 03:07
DMC(디지털미디어시티),POI084,원활,27.0,2026-10-05 03:05,25,9176.0,,4,44,0,0,,,,,,,,,,,,,,,,,,,,,,,,,,,,,,,,,,,2026-10-05 03:07
강서한강공원,POI085,원활,62.0,2026-10-05 03:05,2,106.0,1.0,0,0,0,0,,,,,,,,,,,,,,,,,,,,,,,,,,,,,,,,,,,2026-10-05 03:07
고척돔,POI086,원활,32.0,2026-10-05 03:05,0,,,0,2,4,0,,,,,,,,,,,,,,,,,,,,,,,,,,,,,,,,,,,2026-10-05 03:07
광나루한강공원,POI087,원활,67.0,2026-10-05 03:05,4,718.0,211.0,0,0,0,0,,,,,,,,,,,,,,,,,,,,,,,,,,,,,,,,,,,2026-10-05 03:07
광화문광장,POI088,원활,30.0,2026-10-05 03:05,3,2932.0,89.0,2,8,5,0,,,,,,,,,,,,,,,,,,,,,,,,,,,,,,,,,,,2026-10-05 03:07
국립중앙박물관·용산가족공원,POI089,원활,35.0,2026-10-05 03:05,4,931.0,,1,3,3,0,,,,,,,,,,,,,,,,,,,,,,,,,,,,,,,,,,,2026-10-05 03:07
난지한강공원,POI090,원활,65.0,2026-10-05 03:05,4,1240.0,0.0,0,4,0,0,,,,,,,,,,,,,,,,,,,,,,,,,,,,,,,,,,,2026-10-05 03:07
남산공원,POI091,원활,37.0,2026-10-05 03:05,33,2148.0,22.0,4,22,5,0,,,,,,,,,,,,,,,,,,,,,,,,,,,,,,,,,,,2026-10-05 03:07
노들섬,POI092,원활,56.0,2026-10-05 03:05,1,99.0,,0,2,4,0,,,,,,,,,,,,,,,,,,,,,,,,,,,,,,,,,,,2026-10-05 03:07
뚝섬한강공원,POI093,원활,62.0,2026-10-05 03:05,8,1342.0,139.0,1,1,2,0,,,,,,,,,,,,,,,,,,,,,,,,,,,,,,,,,,,2026-10-05 03:07
망원한강공원,POI094,원활,41.0,2026-10-05 03:05,2,458.0,0.0,2,5,0,0,,,,,,,,,,,,,,,,,,,,,,,,,,,,,,,,,,,2026-10-05 03:07
반포한강공원,POI095,원활,56.0,2026-10-05 03:05,9,1483.0,9.0,0,2,0,0,,,,,,,,,,,,,,,,,,,,,,,,,,,,,,,,,,,2026-10-05 03:07
북서울꿈의숲,POI096,원활,26.0,2026-10-05 03:05,3,549.0,,0,14,1,0,,,,,,,,,,,,,,,,,,,,,,,,,,,,,,,,,,,2026-10-05 03:07
서리풀공원·몽마르뜨공원,POI098,원활,34.0,2026-10-05 03:05,0,,,4,7,0,0,,,,,,,,,,,,,,,,,,,,,,,,,,,,,,,,,,,2026-10-05 03:07
서울대공원,POI100,원활,33.0,2026-10-05 03:05,0,,,0,0,1,0,,,,,,,,,,,,,,,,,,,,,,,,,,,,,,,,,,,2026-10-05 03:07
서울숲공원,POI101,원활,46.0,2026-10-05 03:05,2,996.0,,1,9,2,0,,,,,,,,,,,,,,,,,,,,,,,,,,,,,,,,,,,2026-10-05 03:07
아차산,POI102,원활,36.0,2026-10-05 03:05,0,,,0,3,0,0,,,,,,,,,,,,,,,,,,,,,,,,,,,,,,,,,,,2026-10-05 03:07
양화한강공원,POI103,원활,47.0,2026-10-05 03:05,6,1002.0,21.0,0,2,0,0,,,,,,,,,,,,,,,,,,,,,,,,,,,,,,,,,,,2026-10-05 03:07
어린이대공원,POI104,원활,25.0,2026-10-05 03:05,4,945.0,,2,9,4,0,,,,,,,,,,,,,,,,,,,,,,,,,,,,,,,,,,,2026-10-05 03:07
여의도한강공원,POI105,원활,45.0,2026-10-05 03:05,6,2866.0,44.0,1,3,0,0,,,,,,,,,,,,,,,,,,,,,,,,,,,,,,,,,,,2026-10-05 03:07
월드컵공원,POI106,원활,40.0,2026-10-05 03:05,9,3537.0,,4,27,0,0,,,,,,,,,,,,,,,,,,,,,,,,,,,,,,,,,,,2026-10-05 03:07
응봉산,POI107,원활,32.0,2026-10-05 03:05,3,88.0,,0,24,0,0,,,,,,,,,,,,,,,,,,,,,,,,,,,,,,,,,,,2026-10-05 03:07
이촌한강공원,POI108,원활,51.0,2026-10-05 03:05,2,514.0,0.0,0,2,1,0,,,,,,,,,,,,,,,,,,,,,,,,,,,,,,,,,,,2026-10-05 03:07
잠실종합운동장,POI109,원활,26.0,2026-10-05 03:05,1,876.0,,1,2,0,0,,,,,,,,,,,,,,,,,,,,,,,,,,,,,,,,,,,2026-10-05 03:07
잠실한강공원,POI110,원활,51.0,2026-10-05 03:05,4,1326.0,48.0,1,2,0,0,,,,,,,,,,,,,,,,,,,,,,,,,,,,,,,,,,,2026-10-05 03:07
잠원한강공원,POI111,원활,59.0,2026-10-05 03:05,3,1540.0,0.0,0,2,0,0,,,,,,,,,,,,,,,,,,,,,,,,,,,,,,,,,,,2026-10-05 03:07
청계산,POI112,원활,60.0,2026-10-05 03:05,0,,,0,4,0,0,,,,,,,,,,,,,,,,,,,,,,,,,,,,,,,,,,,2026-10-05 03:07
북창동 먹자골목,POI114,서행,18.0,2026-10-05 03:05,20,552.0,0.0,0,10,0,0,,,,,,,,,,,,,,,,,,,,,,,,,,,,,,,,,,,2026-10-05 03:07
남대문시장,POI115,서행,22.0,2026-10-05 03:05,16,1456.0,4.0,1,6,0,0,,,,,,,,,,,,,,,,,,,,,,,,,,,,,,,,,,,2026-10-05 03:07
익선동,POI116,서행,18.0,2026-10-05 03:05,10,187.0,1.0,3,9,1,0,,,,,,,,,,,,,,,,,,,,,,,,,,,,,,,,,,,2026-10-05 03:07
신정네거리역,POI117,서행,23.0,2026-10-05 03:05,3,119.0,,1,9,0,0,,,,,,,,,,,,,,,,,,,,,,,,,,,,,,,,,,,2026-10-05 03:07
잠실새내역,POI118,서행,22.0,2026-10-05 03:05,31,1541.0,,1,10,0,0,,,,,,,,,,,,,,,,,,,,,,,,,,,,,,,,,,,2026-10-05 03:07
잠실역,POI119,서행,23.0,2026-10-05 03:05,5,6749.0,54.0,2,18,0,0,,,,,,,,,,,,,,,,,,,,,,,,,,,,,,,,,,,2026-10-05 03:07
잠실롯데타워·석촌호수,POI120,서행,23.0,2026-10-05 03:05,33,9281.0,54.0,3,0,2,0,,,,,,,,,,,,,,,,,,,,,,,,,,,,,,,,,,,2026-10-05 03:07
송리단길·호수단길,POI121,서행,23.0,2026-10-05 03:05,21,878.0,,3,12,0,0,,,,,,,,,,,,,,,,,,,,,,,,,,,,,,,,,,,2026-10-05 03:07
신촌 스타광장,POI122,서행,18.0,2026-10-05 03:05,4,235.0,,1,4,0,0,,,,,,,,,,,,,,,,,,,,,,,,,,,,,,,,,,,2026-10-05 03:07
보라매공원,POI123,서행,19.0,2026-10-05 03:05,1,78.0,,2,4,0,0,,,,,,,,,,,,,,,,,,,,,,,,,,,,,,,,,,,2026-10-05 03:07
서대문독립공원,POI124,원활,30.0,2026-10-05 03:05,2,150.0,,1,14,0,0,,,,,,,,,,,,,,,,,,,,,,,,,,,,,,,,,,,2026-10-05 03:07
안양천,POI125,원활,53.0,2026-10-05 03:05,1,294.0,,0,1,0,0,,,,,,,,,,,,,,,,,,,,,,,,,,,,,,,,,,,2026-10-05 03:07
여의서로,POI126,원활,37.0,2026-10-05 03:05,2,168.0,38.0,0,0,0,0,,,,,,,,,,,,,,,,,,,,,,,,,,,,,,,,,,,2026-10-05 03:07
올림픽공원,POI127,원활,31.0,2026-10-05 03:05,4,2716.0,,4,16,6,0,,,,,,,,,,,,,,,,,,,,,,,,,,,,,,,,,,,2026-10-05 03:07
홍제폭포,POI128,원활,42.0,2026-10-05 03:05,0,,,0,0,0,0,,,,,,,,,,,,,,,,,,,,,,,,,,,,,,,,,,,2026-10-05 03:07
송현녹지광장,POI129,서행,23.0,2026-10-05 03:05,4,1546.0,,1,22,6,0,,,,,,,,,,,,,,,,,,,,,,,,,,,,,,,,,,,2026-10-05 03:07
시의회 앞,POI130,원활,27.0,2026-10-05 03:05,9,1723.0,,3,19,5,0,,,,,,,,,,,,,,,,,,,,,,,,,,,,,,,,,,,2026-10-05 03:07
강남 MICE 관광특구,POI001,원활,27.0,2026-10-05 03:05,3,4428.0,,2,5,0,0,,,,,,,,,,,,,,,,,,,,,,,,,,,,,,,,,,,2026-10-05 03:08
동대문 관광특구,POI002,서행,19.0,2026-10-05 03:05,47,8302.0,614.0,6,20,7,0,,,,,,,,,,,,,,,,,,,,,,,,,,,,,,,,,,,2026-10-05 03:08
명동 관광특구,POI003,서행,22.0,2026-10-05 03:05,93,12070.0,6.0,9,46,6,0,,,,,,,,,,,,,,,,,,,,,,,,,,,,,,,,,,,2026-10-05 03:08
이태원 관광특구,POI004,서행,20.0,2026-10-05 03:05,8,853.0,,3,14,0,0,,,,,,,,,,,,,,,,,,,,,,,,,,,,,,,,,,,2026-10-05 03:08
잠실 관광특구,POI005,원활,26.0,2026-10-05 03:05,37,11997.0,54.0,6,42,8,0,,,,,,,,,,,,,,,,,,,,,,,,,,,,,,,,,,,2026-10-05 03:08
종로·청계 관광특구,POI006,서행,21.0,2026-10-05 03:05,48,2496.0,68.0,7,34,0,0,,,,,,,,,,,,,,,,,,,,,,,,,,,,,,,,,,,2026-10-05 03:08
홍대 관광특구,POI007,서행,18.0,2026-10-05 03:05,51,3098.0,,6,52,0,0,,,,,,,,,,,,,,,,,,,,,,,,,,,,,,,,,,,2026-10-05 03:08
경복궁,POI008,원활,26.0,2026-10-05 03:05,2,267.0,,1,10,3,0,,,,,,,,,,,,,,,,,,,,,,,,,,,,,,,,,,,2026-10-05 03:08
광화문·덕수궁,POI009,원활,26.0,2026-10-05 03:05,29,7988.0,89.0,3,32,12,0,,,,,,,,,,,,,,,,,,,,,,,,,,,,,,,,,,,2026-10-05 03:08
보신각,POI010,서행,19.0,2026-10-05 03:05,14,2572.0,10.0,1,8,1,0,,,,,,,,,,,,,,,,,,,,,,,,,,,,,,,,,,,2026-10-05 03:08
서울 암사동 유적,POI011,원활,27.0,2026-10-05 03:05,1,108.0,,0,3,0,0,,,,,,,,,,,,,,,,,,,,,,,,,,,,,,,,,,,2026-10-05 03:08
창덕궁·종묘,POI012,원활,27.0,2026-10-05 03:05,16,3155.0,254.0,0,14,1,0,,,,,,,,,,,,,,,,,,,,,,,,,,,,,,,,,,,2026-10-05 03:08
가산디지털단지역,POI013,원활,28.0,2026-10-05 03:05,20,8291.0,,1,51,0,0,,,,,,,,,,,,,,,,,,,,,,,,,,,,,,,,,,,2026-10-05 03:08
강남역,POI014,서행,20.0,2026-10-05 03:05,95,7876.0,,4,43,0,0,,,,,,,,,,,,,,,,,,,,,,,,,,,,,,,,,,,2026-10-05 03:08
건대입구역,POI015,원활,29.0,2026-10-05 03:05,23,6603.0,,2,8,4,0,,,,,,,,,,,,,,,,,,,,,,,,,,,,,,,,,,,2026-10-05 03:08
고덕역,POI016,원활,28.0,2026-10-05 03:05,15,1615.0,,1,4,0,0,,,,,,,,,,,,,,,,,,,,,,,,,,,,,,,,,,,2026-10-05 03:08
고속터미널역,POI017,원활,34.0,2026-10-05 03:05,3,4291.0,,3,8,0,0,,,,,,,,,,,,,,,,,,,,,,,,,,,,,,,,,,,2026-10-05 03:08
교대역,POI018,서행,22.0,2026-10-05 03:05,14,760.0,,2,10,0,0,,,,,,,,,,,,,,,,,,,,,,,,,,,,,,,,,,,2026-10-05 03:08
구로디지털단지역,POI019,서행,23.0,2026-10-05 03:05,20,6911.0,,1,28,0,0,,,,,,,,,,,,,,,,,,,,,,,,,,,,,,,,,,,2026-10-05 03:08
구로역,POI020,원활,30.0,2026-10-05 03:05,3,1047.0,,0,4,0,0,,,,,,,,,,,,,,,,,,,,,,,,,,,,,,,,,,,2026-10-05 03:08
군자역,POI021,서행,21.0,2026-10-05 03:05,11,573.0,,2,10,0,0,,,,,,,,,,,,,,,,,,,,,,,,,,,,,,,,,,,2026-10-05 03:08
대림역,POI023,서행,21.0,2026-10-05 03:05,4,221.0,,2,22,0,0,,,,,,,,,,,,,,,,,,,,,,,,,,,,,,,,,,,2026-10-05 03:08
동대문역,POI024,서행,18.0,2026-10-05 03:05,17,892.0,0.0,2,5,0,0,,,,,,,,,,,,,,,,,,,,,,,,,,,,,,,,,,,2026-10-05 03:08
뚝섬역,POI025,서행,23.0,2026-10-05 03:05,9,767.0,,1,4,0,0,,,,,,,,,,,,,,,,,,,,,,,,,,,,,,,,,,,2026-10-05 03:08
미아사거리역,POI026,서행,18.0,2026-10-05 03:05,11,1409.0,,1,23,0,0,,,,,,,,,,,,,,,,,,,,,,,,,,,,,,,,,,,2026-10-05 03:08
발산역,POI027,서행,22.0,2026-10-05 03:05,13,2880.0,,1,22,0,0,,,,,,,,,,,,,,,,,,,,,,,,,,,,,,,,,,,2026-10-05 03:08
사당역,POI029,서행,24.0,2026-10-05 03:05,13,520.0,,2,16,1,0,,,,,,,,,,,,,,,,,,,,,,,,,,,,,,,,,,,2026-10-05 03:08
삼각지역,POI030,원활,33.0,2026-10-05 03:05,0,,,2,5,0,0,,,,,,,,,,,,,,,,,,,,,,,,,,,,,,,,,,,2026-10-05 03:08
서울대입구역,POI031,원활,29.0,2026-10-05 03:05,2,52.0,,1,12,0,0,,,,,,,,,,,,,,,,,,,,,,,,,,,,,,,,,,,2026-10-05 03:08
서울식물원·마곡나루역,POI032,서행,19.0,2026-10-05 03:05,2,2651.0,,2,15,3,0,,,,,,,,,,,,,,,,,,,,,,,,,,,,,,,,,,,2026-10-05 03:08
서울역,POI033,원활,28.0,2026-10-05 03:05,23,3968.0,0.0,6,22,1,0,,,,,,,,,,,,,,,,,,,,,,,,,,,,,,,,,,,2026-10-05 03:08
선릉역,POI034,서행,23.0,2026-10-05 03:05,94,11160.0,27.0,4,12,0,0,,,,,,,,,,,,,,,,,,,,,,,,,,,,,,,,,,,2026-10-05 03:08
성신여대입구역,POI035,서행,23.0,2026-10-05 03:05,2,38.0,,2,8,1,0,,,,,,,,,,,,,,,,,,,,,,,,,,,,,,,,,,,2026-10-05 03:08
수유역,POI036,서행,20.0,2026-10-05 03:05,8,802.0,,1,27,0,0,,,,,,,,,,,,,,,,,,,,,,,,,,,,,,,,,,,2026-10-05 03:08
신논현역·논현역,POI037,서행,22.0,2026-10-05 03:05,32,1053.0,,4,11,0,0,,,,,,,,,,,,,,,,,,,,,,,,,,,,,,,,,,,2026-10-05 03:08
신도림역,POI038,원활,36.0,2026-10-05 03:05,1,1644.0,,1,1,0,0,,,,,,,,,,,,,,,,,,,,,,,,,,,,,,,,,,,2026-10-05 03:08
신림역,POI039,서행,17.0,2026-10-05 03:05,2,282.0,,2,14,0,0,,,,,,,,,,,,,,,,,,,,,,,,,,,,,,,,,,,2026-10-05 03:08
신촌·이대역,POI040,서행,22.0,2026-10-05 03:05,25,1943.0,63.0,1,31,0,0,,,,,,,,,,,,,,,,,,,,,,,,,,,,,,,,,,,2026-10-05 03:08
양재역,POI041,원활,34.0,2026-10-05 03:05,16,1881.0,,2,18,0,0,,,,,,,,,,,,,,,,,,,,,,,,,,,,,,,,,,,2026-10-05 03:08
역삼역,POI042,원활,26.0,2026-10-05 03:05,47,7473.0,1.0,1,9,0,0,,,,,,,,,,,,,,,,,,,,,,,,,,,,,,,,,,,2026-10-05 03:08
연신내역,POI043,서행,23.0,2026-10-05 03:05,5,208.0,,3,9,0,0,,,,,,,,,,,,,,,,,,,,,,,,,,,,,,,,,,,2026-10-05 03:08
오목교역·목동운동장,POI044,원활,34.0,2026-10-05 03:05,14,5304.0,,1,25,0,0,,,,,,,,,,,,,,,,,,,,,,,,,,,,,,,,,,,2026-10-05 03:08
왕십리역,POI045,서행,22.0,2026-10-05 03:05,4,1478.0,,4,18,0,0,,,,,,,,,,,,,,,,,,,,,,,,,,,,,,,,,,,2026-10-05 03:08
용산역,POI046,원활,27.0,2026-10-05 03:05,11,5014.0,94.0,1,25,0,0,,,,,,,,,,,,,,,,,,,,,,,,,,,,,,,,,,,2026-10-05 03:08
이태원역,POI047,정체,12.0,2026-10-05 03:05,4,66.0,,1,9,0,0,,,,,,,,,,,,,,,,,,,,,,,,,,,,,,,,,,,2026-10-05 03:08
장지역,POI048,서행,24.0,2026-10-05 03:05,4,10611.0,,1,18,0,0,,,,,,,,,,,,,,,,,,,,,,,,,,,,,,,,,,,2026-10-05 03:08
장한평역,POI049,원활,28.0,2026-10-05 03:05,15,847.0,,1,11,0,0,,,,,,,,,,,,,,,,,,,,,,,,,,,,,,,,,,,2026-10-05 03:08
천호역,POI050,서행,20.0,2026-10-05 03:05,14,3331.0,,2,9,0,0,,,,,,,,,,,,,,,,,,,,,,,,,,,,,,,,,,,2026-10-05 03:08
총신대입구(이수)역,POI051,서행,23.0,2026-10-05 03:05,7,533.0,,2,15,0,0,,,,,,,,,,,,,,,,,,,,,,,,,,,,,,,,,,,2026-10-05 03:08
충정로역,POI052,원활,27.0,2026-10-05 03:05,5,834.0,,2,15,0,0,,,,,,,,,,,,,,,,,,,,,,,,,,,,,,,,,,,2026-10-05 03:08
합정역,POI053,서행,24.0,2026-10-05 03:05,6,207.0,,2,27,0,0,,,,,,,,,,,,,,,,,,,,,,,,,,,,,,,,,,,2026-10-05 03:08
혜화역,POI054,서행,23.0,2026-10-05 03:05,24,955.0,,1,11,5,0,,,,,,,,,,,,,,,,,,,,,,,,,,,,,,,,,,,2026-10-05 03:08
홍대입구역(2호선),POI055,서행,21.0,2026-10-05 03:05,16,1196.0,,3,12,0,0,,,,,,,,,,,,,,,,,,,,,,,,,,,,,,,,,,,2026-10-05 03:08
회기역,POI056,원활,25.0,2026-10-05 03:05,21,408.0,,1,21,0,0,,,,,,,,,,,,,,,,,,,,,,,,,,,,,,,,,,,2026-10-05 03:08
가락시장,POI058,원활,33.0,2026-10-05 03:05,4,2884.0,,2,12,0,0,,,,,,,,,,,,,,,,,,,,,,,,,,,,,,,,,,,2026-10-05 03:08
가로수길,POI059,원활,31.0,2026-10-05 03:05,51,2767.0,31.0,3,9,0,0,,,,,,,,,,,,,,,,,,,,,,,,,,,,,,,,,,,2026-10-05 03:08
광장(전통)시장,POI060,서행,22.0,2026-10-05 03:05,7,103.0,4.0,1,7,0,0,,,,,,,,,,,,,,,,,,,,,,,,,,,,,,,,,,,2026-10-05 03:08
김포공항,POI061,원활,34.0,2026-10-05 03:05,6,16594.0,,3,21,0,0,,,,,,,,,,,,,,,,,,,,,,,,,,,,,,,,,,,2026-10-05 03:08
노량진,POI063,원활,30.0,2026-10-05 03:05,11,1218.0,,2,17,1,0,,,,,,,,,,,,,,,,,,,,,,,,,,,,,,,,,,,2026-10-05 03:08
덕수궁길·정동길,POI064,원활,27.0,2026-10-05 03:05,10,620.0,,3,10,0,0,,,,,,,,,,,,,,,,,,,,,,,,,,,,,,,,,,,2026-10-05 03:08
북촌한옥마을,POI066,서행,24.0,2026-10-05 03:05,16,1756.0,,1,49,6,0,,,,,,,,,,,,,,,,,,,,,,,,,,,,,,,,,,,2026-10-05 03:08
서촌,POI067,서행,21.0,2026-10-05 03:05,9,308.0,,0,25,3,0,,,,,,,,,,,,,,,,,,,,,,,,,,,,,,,,,,,2026-10-05 03:08
성수카페거리,POI068,서행,21.0,2026-10-05 03:05,28,2824.0,,2,23,0,0,,,,,,,,,,,,,,,,,,,,,,,,,,,,,,,,,,,2026-10-05 03:08
쌍문역,POI070,서행,24.0,2026-10-05 03:05,8,345.0,,1,17,0,0,,,,,,,,,,,,,,,,,,,,,,,,,,,,,,,,,,,2026-10-05 03:08
압구정로데오거리,POI071,원활,25.0,2026-10-05 03:05,55,1976.0,2.0,1,11,1,0,,,,,,,,,,,,,,,,,,,,,,,,,,,,,,,,,,,2026-10-05 03:08
여의도,POI072,원활,31.0,2026-10-05 03:05,116,24820.0,120.0,7,58,4,0,,,,,,,,,,,,,,,,,,,,,,,,,,,,,,,,,,,2026-10-05 03:08
연남동,POI073,서행,24.0,2026-10-05 03:05,45,132.0,,0,19,0,0,,,,,,,,,,,,,,,,,,,,,,,,,,,,,,,,,,,2026-10-05 03:08
영등포 타임스퀘어,POI074,서행,22.0,2026-10-05 03:05,10,1195.0,49.0,0,16,1,0,,,,,,,,,,,,,,,,,,,,,,,,,,,,,,,,,,,2026-10-05 03:08
용리단길,POI076,원활,31.0,2026-10-05 03:05,0,,,3,5,0,0,,,,,,,,,,,,,,,,,,,,,,,,,,,,,,,,,,,2026-10-05 03:08
이태원 앤틱가구거리,POI077,서행,23.0,2026-10-05 03:05,4,51.0,,1,13,0,0,,,,,,,,,,,,,,,,,,,,,,,,,,,,,,,,,,,2026-10-05 03:08
인사동,POI078,서행,21.0,2026-10-05 03:05,21,2465.0,1.0,2,19,6,0,,,,,,,,,,,,,,,,,,,,,,,,,,,,,,,,,,,2026-10-05 03:08
창동 신경제 중심지,POI079,원활,25.0,2026-10-05 03:05,46,4927.0,7.0,3,39,6,0,,,,,,,,,,,,,,,,,,,,,,,,,,,,,,,,,,,2026-10-05 03:08
청담동 명품거리,POI080,원활,26.0,2026-10-05 03:05,16,910.0,,1,6,0,0,,,,,,,,,,,,,,,,,,,,,,,,,,,,,,,,,,,2026-10-05 03:08
청량리 제기동 일대 전통시장,POI081,원활,25.0,2026-10-05 03:05,12,2214.0,,2,21,0,0,,,,,,,,,,,,,,,,,,,,,,,,,,,,,,,,,,,2026-10-05 03:08
해방촌·경리단길,POI082,원활,36.0,2026-10-05 03:05,4,273.0,,0,26,0,0,,,,,,,,,,,,,,,,,,,,,,,,,,,,,,,,,,,2026-10-05 03:08
DDP(동대문디자인플라자),POI083,서행,20.0,2026-10-05 03:05,9,2596.0,598.0,3,7,5,0,,,,,,,,,,,,,,,,,,,,,,,,,,,,,,,,,,,2026-10-05 03:08
DMC(디지털미디어시티),POI084,원활,27.0,2026-10-05 03:05,25,9176.0,,4,44,0,0,,,,,,,,,,,,,,,,,,,,,,,,,,,,,,,,,,,2026-10-05 03:08
강서한강공원,POI085,원활,62.0,2026-10-05 03:05,2,106.0,1.0,0,0,0,0,,,,,,,,,,,,,,,,,,,,,,,,,,,,,,,,,,,2026-10-05 03:08
고척돔,POI086,원활,32.0,2026-10-05 03:05,0,,,0,2,4,0,,,,,,,,,,,,,,,,,,,,,,,,,,,,,,,,,,,2026-10-05 03:08
광나루한강공원,POI087,원활,67.0,2026-10-05 03:05,4,718.0,211.0,0,0,0,0,,,,,,,,,,,,,,,,,,,,,,,,,,,,,,,,,,,2026-10-05 03:08
광화문광장,POI088,원활,30.0,2026-10-05 03:05,3,2932.0,89.0,2,8,5,0,,,,,,,,,,,,,,,,,,,,,,,,,,,,,,,,,,,2026-10-05 03:08
국립중앙박물관·용산가족공원,POI089,원활,35.0,2026-10-05 03:05,4,931.0,,1,3,3,0,,,,,,,,,,,,,,,,,,,,,,,,,,,,,,,,,,,2026-10-05 03:08
난지한강공원,POI090,원활,65.0,2026-10-05 03:05,4,1240.0,0.0,0,4,0,0,,,,,,,,,,,,,,,,,,,,,,,,,,,,,,,,,,,2026-10-05 03:08
남산공원,POI091,원활,37.0,2026-10-05 03:05,33,2148.0,22.0,4,22,5,0,,,,,,,,,,,,,,,,,,,,,,,,,,,,,,,,,,,2026-10-05 03:08
노들섬,POI092,원활,56.0,2026-10-05 03:05,1,99.0,,0,2,4,0,,,,,,,,,,,,,,,,,,,,,,,,,,,,,,,,,,,2026-10-05 03:08
뚝섬한강공원,POI093,원활,62.0,2026-10-05 03:05,8,1342.0,139.0,1,1,2,0,,,,,,,,,,,,,,,,,,,,,,,,,,,,,,,,,,,2026-10-05 03:08
망원한강공원,POI094,원활,41.0,2026-10-05 03:05,2,458.0,0.0,2,5,0,0,,,,,,,,,,,,,,,,,,,,,,,,,,,,,,,,,,,2026-10-05 03:08
반포한강공원,POI095,원활,56.0,2026-10-05 03:05,9,1483.0,9.0,0,2,0,0,,,,,,,,,,,,,,,,,,,,,,,,,,,,,,,,,,,2026-10-05 03:08
북서울꿈의숲,POI096,원활,26.0,2026-10-05 03:05,3,549.0,,0,14,1,0,,,,,,,,,,,,,,,,,,,,,,,,,,,,,,,,,,,2026-10-05 03:08
서리풀공원·몽마르뜨공원,POI098,원활,34.0,2026-10-05 03:05,0,,,4,7,0,0,,,,,,,,,,,,,,,,,,,,,,,,,,,,,,,,,,,2026-10-05 03:08
서울대공원,POI100,원활,33.0,2026-10-05 03:05,0,,,0,0,1,0,,,,,,,,,,,,,,,,,,,,,,,,,,,,,,,,,,,2026-10-05 03:08
서울숲공원,POI101,원활,46.0,2026-10-05 03:05,2,996.0,,1,9,2,0,,,,,,,,,,,,,,,,,,,,,,,,,,,,,,,,,,,2026-10-05 03:08
아차산,POI102,원활,36.0,2026-10-05 03:05,0,,,0,3,0,0,,,,,,,,,,,,,,,,,,,,,,,,,,,,,,,,,,,2026-10-05 03:08
양화한강공원,POI103,원활,47.0,2026-10-05 03:05,6,1002.0,21.0,0,2,0,0,,,,,,,,,,,,,,,,,,,,,,,,,,,,,,,,,,,2026-10-05 03:08
어린이대공원,POI104,원활,25.0,2026-10-05 03:05,4,945.0,,2,9,4,0,,,,,,,,,,,,,,,,,,,,,,,,,,,,,,,,,,,2026-10-05 03:08
여의도한강공원,POI105,원활,45.0,2026-10-05 03:05,6,2866.0,44.0,1,3,0,0,,,,,,,,,,,,,,,,,,,,,,,,,,,,,,,,,,,2026-10-05 03:08
월드컵공원,POI106,원활,40.0,2026-10-05 03:05,9,3537.0,,4,27,0,0,,,,,,,,,,,,,,,,,,,,,,,,,,,,,,,,,,,2026-10-05 03:08
응봉산,POI107,원활,32.0,2026-10-05 03:05,3,88.0,,0,24,0,0,,,,,,,,,,,,,,,,,,,,,,,,,,,,,,,,,,,2026-10-05 03:08
이촌한강공원,POI108,원활,51.0,2026-10-05 03:05,2,514.0,0.0,0,2,1,0,,,,,,,,,,,,,,,,,,,,,,,,,,,,,,,,,,,2026-10-05 03:08
잠실종합운동장,POI109,원활,26.0,2026-10-05 03:05,1,876.0,,1,2,0,0,,,,,,,,,,,,,,,,,,,,,,,,,,,,,,,,,,,2026-10-05 03:08
잠실한강공원,POI110,원활,51.0,2026-10-05 03:05,4,1326.0,48.0,1,2,0,0,,,,,,,,,,,,,,,,,,,,,,,,,,,,,,,,,,,2026-10-05 03:08
잠원한강공원,POI111,원활,59.0,2026-10-05 03:05,3,1540.0,0.0,0,2,0,0,,,,,,,,,,,,,,,,,,,,,,,,,,,,,,,,,,,2026-10-05 03:08
청계산,POI112,원활,60.0,2026-10-05 03:05,0,,,0,4,0,0,,,,,,,,,,,,,,,,,,,,,,,,,,,,,,,,,,,2026-10-05 03:08
북창동 먹자골목,POI114,서행,18.0,2026-10-05 03:05,20,552.0,0.0,0,10,0,0,,,,,,,,,,,,,,,,,,,,,,,,,,,,,,,,,,,2026-10-05 03:08
남대문시장,POI115,서행,22.0,2026-10-05 03:05,16,1456.0,4.0,1,6,0,0,,,,,,,,,,,,,,,,,,,,,,,,,,,,,,,,,,,2026-10-05 03:08
익선동,POI116,서행,18.0,2026-10-05 03:05,10,187.0,1.0,3,9,1,0,,,,,,,,,,,,,,,,,,,,,,,,,,,,,,,,,,,2026-10-05 03:08
신정네거리역,POI117,서행,23.0,2026-10-05 03:05,3,119.0,,1,9,0,0,,,,,,,,,,,,,,,,,,,,,,,,,,,,,,,,,,,2026-10-05 03:08
잠실새내역,POI118,서행,22.0,2026-10-05 03:05,31,1541.0,,1,10,0,0,,,,,,,,,,,,,,,,,,,,,,,,,,,,,,,,,,,2026-10-05 03:08
잠실역,POI119,서행,23.0,2026-10-05 03:05,5,6749.0,54.0,2,18,0,0,,,,,,,,,,,,,,,,,,,,,,,,,,,,,,,,,,,2026-10-05 03:08
잠실롯데타워·석촌호수,POI120,서행,23.0,2026-10-05 03:05,33,9281.0,54.0,3,0,2,0,,,,,,,,,,,,,,,,,,,,,,,,,,,,,,,,,,,2026-10-05 03:08
송리단길·호수단길,POI121,서행,23.0,2026-10-05 03:05,21,878.0,,3,12,0,0,,,,,,,,,,,,,,,,,,,,,,,,,,,,,,,,,,,2026-10-05 03:08
신촌 스타광장,POI122,서행,18.0,2026-10-05 03:05,4,235.0,,1,4,0,0,,,,,,,,,,,,,,,,,,,,,,,,,,,,,,,,,,,2026-10-05 03:08
보라매공원,POI123,서행,19.0,2026-10-05 03:05,1,78.0,,2,4,0,0,,,,,,,,,,,,,,,,,,,,,,,,,,,,,,,,,,,2026-10-05 03:08
서대문독립공원,POI124,원활,30.0,2026-10-05 03:05,2,150.0,,1,14,0,0,,,,,,,,,,,,,,,,,,,,,,,,,,,,,,,,,,,2026-10-05 03:08
안양천,POI125,원활,53.0,2026-10-05 03:05,1,294.0,,0,1,0,0,,,,,,,,,,,,,,,,,,,,,,,,,,,,,,,,,,,2026-10-05 03:08
여의서로,POI126,원활,37.0,2026-10-05 03:05,2,168.0,38.0,0,0,0,0,,,,,,,,,,,,,,,,,,,,,,,,,,,,,,,,,,,2026-10-05 03:08
올림픽공원,POI127,원활,31.0,2026-10-05 03:05,4,2716.0,,4,16,6,0,,,,,,,,,,,,,,,,,,,,,,,,,,,,,,,,,,,2026-10-05 03:08
홍제폭포,POI128,원활,42.0,2026-10-05 03:05,0,,,0,0,0,0,,,,,,,,,,,,,,,,,,,,,,,,,,,,,,,,,,,2026-10-05 03:08
송현녹지광장,POI129,서행,23.0,2026-10-05 03:05,4,1546.0,,1,22,6,0,,,,,,,,,,,,,,,,,,,,,,,,,,,,,,,,,,,2026-10-05 03:08
시의회 앞,POI130,원활,27.0,2026-10-05 03:05,9,1723.0,,3,19,5,0,,,,,,,,,,,,,,,,,,,,,,,,,,,,,,,,,,,2026-10-05 03:08
강남 MICE 관광특구,POI001,서행,23.0,2026-10-05 04:05,3,4428.0,,2,5,0,0,,,,,,,,,,,,,,,,,,,,,,,,,,,,,,,,,,,2026-10-05 04:07
동대문 관광특구,POI002,서행,19.0,2026-10-05 04:05,47,8302.0,476.0,6,20,7,0,,,,,,,,,,,,,,,,,,,,,,,,,,,,,,,,,,,2026-10-05 04:07
명동 관광특구,POI003,서행,23.0,2026-10-05 04:05,93,12070.0,6.0,9,46,6,1,,,,,,,,,,,,,,,,,,,,,,,,,,,,,,,,,,,2026-10-05 04:07
이태원 관광특구,POI004,서행,18.0,2026-10-05 04:05,8,853.0,,3,14,0,2,,,,,,,,,,,,,,,,,,,,,,,,,,,,,,,,,,,2026-10-05 04:07
잠실 관광특구,POI005,원활,28.0,2026-10-05 04:05,37,11997.0,54.0,6,42,8,0,,,,,,,,,,,,,,,,,,,,,,,,,,,,,,,,,,,2026-10-05 04:07
종로·청계 관광특구,POI006,서행,20.0,2026-10-05 04:05,48,2496.0,69.0,7,34,0,0,,,,,,,,,,,,,,,,,,,,,,,,,,,,,,,,,,,2026-10-05 04:07
홍대 관광특구,POI007,서행,16.0,2026-10-05 04:05,51,3098.0,,6,52,0,0,,,,,,,,,,,,,,,,,,,,,,,,,,,,,,,,,,,2026-10-05 04:07
경복궁,POI008,서행,23.0,2026-10-05 04:05,2,267.0,,1,10,3,0,,,,,,,,,,,,,,,,,,,,,,,,,,,,,,,,,,,2026-10-05 04:07
광화문·덕수궁,POI009,원활,27.0,2026-10-05 04:05,29,7988.0,87.0,3,32,12,1,,,,,,,,,,,,,,,,,,,,,,,,,,,,,,,,,,,2026-10-05 04:07
보신각,POI010,서행,19.0,2026-10-05 04:05,14,2572.0,10.0,1,8,1,0,,,,,,,,,,,,,,,,,,,,,,,,,,,,,,,,,,,2026-10-05 04:07
서울 암사동 유적,POI011,원활,25.0,2026-10-05 04:05,1,108.0,,0,3,0,0,,,,,,,,,,,,,,,,,,,,,,,,,,,,,,,,,,,2026-10-05 04:07
창덕궁·종묘,POI012,원활,26.0,2026-10-05 04:05,16,3155.0,251.0,0,14,1,0,,,,,,,,,,,,,,,,,,,,,,,,,,,,,,,,,,,2026-10-05 04:07
가산디지털단지역,POI013,원활,29.0,2026-10-05 04:05,20,8291.0,,1,51,0,0,,,,,,,,,,,,,,,,,,,,,,,,,,,,,,,,,,,2026-10-05 04:07
강남역,POI014,서행,22.0,2026-10-05 04:05,95,7876.0,,4,43,0,0,,,,,,,,,,,,,,,,,,,,,,,,,,,,,,,,,,,2026-10-05 04:07
건대입구역,POI015,원활,26.0,2026-10-05 04:05,23,6603.0,,2,8,4,0,,,,,,,,,,,,,,,,,,,,,,,,,,,,,,,,,,,2026-10-05 04:07
고덕역,POI016,원활,29.0,2026-10-05 04:05,15,1615.0,,1,4,0,0,,,,,,,,,,,,,,,,,,,,,,,,,,,,,,,,,,,2026-10-05 04:07
고속터미널역,POI017,원활,37.0,2026-10-05 04:05,3,4291.0,,3,8,0,0,,,,,,,,,,,,,,,,,,,,,,,,,,,,,,,,,,,2026-10-05 04:07
교대역,POI018,원활,29.0,2026-10-05 04:05,14,760.0,,2,10,0,0,,,,,,,,,,,,,,,,,,,,,,,,,,,,,,,,,,,2026-10-05 04:07
구로디지털단지역,POI019,서행,23.0,2026-10-05 04:05,20,6911.0,,1,28,0,0,,,,,,,,,,,,,,,,,,,,,,,,,,,,,,,,,,,2026-10-05 04:07
구로역,POI020,원활,31.0,2026-10-05 04:05,3,1047.0,,0,4,0,0,,,,,,,,,,,,,,,,,,,,,,,,,,,,,,,,,,,2026-10-05 04:07
군자역,POI021,서행,21.0,2026-10-05 04:05,11,573.0,,2,10,0,0,,,,,,,,,,,,,,,,,,,,,,,,,,,,,,,,,,,2026-10-05 04:07
대림역,POI023,서행,22.0,2026-10-05 04:05,4,221.0,,2,22,0,0,,,,,,,,,,,,,,,,,,,,,,,,,,,,,,,,,,,2026-10-05 04:07
동대문역,POI024,서행,19.0,2026-10-05 04:05,17,892.0,0.0,2,5,0,0,,,,,,,,,,,,,,,,,,,,,,,,,,,,,,,,,,,2026-10-05 04:07
뚝섬역,POI025,서행,19.0,2026-10-05 04:05,9,767.0,,1,4,0,0,,,,,,,,,,,,,,,,,,,,,,,,,,,,,,,,,,,2026-10-05 04:07
미아사거리역,POI026,서행,20.0,2026-10-05 04:05,11,1409.0,,1,23,0,0,,,,,,,,,,,,,,,,,,,,,,,,,,,,,,,,,,,2026-10-05 04:07
발산역,POI027,서행,21.0,2026-10-05 04:05,13,2880.0,,1,22,0,0,,,,,,,,,,,,,,,,,,,,,,,,,,,,,,,,,,,2026-10-05 04:07
사당역,POI029,서행,24.0,2026-10-05 04:05,13,520.0,,2,16,1,0,,,,,,,,,,,,,,,,,,,,,,,,,,,,,,,,,,,2026-10-05 04:07
삼각지역,POI030,원활,34.0,2026-10-05 04:05,0,,,2,5,0,0,,,,,,,,,,,,,,,,,,,,,,,,,,,,,,,,,,,2026-10-05 04:07
서울대입구역,POI031,서행,24.0,2026-10-05 04:05,2,52.0,,1,12,0,0,,,,,,,,,,,,,,,,,,,,,,,,,,,,,,,,,,,2026-10-05 04:07
서울식물원·마곡나루역,POI032,서행,20.0,2026-10-05 04:05,2,2651.0,,2,15,3,0,,,,,,,,,,,,,,,,,,,,,,,,,,,,,,,,,,,2026-10-05 04:07
서울역,POI033,원활,27.0,2026-10-05 04:05,23,3968.0,0.0,6,22,1,0,,,,,,,,,,,,,,,,,,,,,,,,,,,,,,,,,,,2026-10-05 04:07
선릉역,POI034,원활,25.0,2026-10-05 04:05,94,11160.0,25.0,4,12,0,0,,,,,,,,,,,,,,,,,,,,,,,,,,,,,,,,,,,2026-10-05 04:07
성신여대입구역,POI035,서행,23.0,2026-10-05 04:05,2,38.0,,2,8,1,0,,,,,,,,,,,,,,,,,,,,,,,,,,,,,,,,,,,2026-10-05 04:07
수유역,POI036,서행,20.0,2026-10-05 04:05,8,802.0,,1,27,0,0,,,,,,,,,,,,,,,,,,,,,,,,,,,,,,,,,,,2026-10-05 04:07
신논현역·논현역,POI037,서행,24.0,2026-10-05 04:05,32,1053.0,,4,11,0,0,,,,,,,,,,,,,,,,,,,,,,,,,,,,,,,,,,,2026-10-05 04:07
신도림역,POI038,원활,37.0,2026-10-05 04:05,1,1644.0,,1,1,0,0,,,,,,,,,,,,,,,,,,,,,,,,,,,,,,,,,,,2026-10-05 04:07
신림역,POI039,서행,20.0,2026-10-05 04:05,2,282.0,,2,14,0,0,,,,,,,,,,,,,,,,,,,,,,,,,,,,,,,,,,,2026-10-05 04:07
신촌·이대역,POI040,서행,20.0,2026-10-05 04:05,25,1943.0,63.0,1,31,0,0,,,,,,,,,,,,,,,,,,,,,,,,,,,,,,,,,,,2026-10-05 04:07
양재역,POI041,원활,30.0,2026-10-05 04:05,16,1881.0,,2,18,0,0,,,,,,,,,,,,,,,,,,,,,,,,,,,,,,,,,,,2026-10-05 04:07
역삼역,POI042,서행,23.0,2026-10-05 04:05,47,7473.0,1.0,1,9,0,0,,,,,,,,,,,,,,,,,,,,,,,,,,,,,,,,,,,2026-10-05 04:07
연신내역,POI043,원활,25.0,2026-10-05 04:05,5,208.0,,3,9,0,0,,,,,,,,,,,,,,,,,,,,,,,,,,,,,,,,,,,2026-10-05 04:07
오목교역·목동운동장,POI044,원활,33.0,2026-10-05 04:05,14,5304.0,,1,25,0,0,,,,,,,,,,,,,,,,,,,,,,,,,,,,,,,,,,,2026-10-05 04:07
왕십리역,POI045,서행,23.0,2026-10-05 04:05,4,1478.0,,4,18,0,0,,,,,,,,,,,,,,,,,,,,,,,,,,,,,,,,,,,2026-10-05 04:07
용산역,POI046,원활,30.0,2026-10-05 04:05,11,5014.0,94.0,1,25,0,0,,,,,,,,,,,,,,,,,,,,,,,,,,,,,,,,,,,2026-10-05 04:07
이태원역,POI047,정체,12.0,2026-10-05 04:05,4,66.0,,1,9,0,1,,,,,,,,,,,,,,,,,,,,,,,,,,,,,,,,,,,2026-10-05 04:07
장지역,POI048,원활,26.0,2026-10-05 04:05,4,10611.0,,1,18,0,0,,,,,,,,,,,,,,,,,,,,,,,,,,,,,,,,,,,2026-10-05 04:07
장한평역,POI049,원활,27.0,2026-10-05 04:05,15,847.0,,1,11,0,0,,,,,,,,,,,,,,,,,,,,,,,,,,,,,,,,,,,2026-10-05 04:07
천호역,POI050,원활,26.0,2026-10-05 04:05,14,3331.0,,2,9,0,0,,,,,,,,,,,,,,,,,,,,,,,,,,,,,,,,,,,2026-10-05 04:07
총신대입구(이수)역,POI051,서행,24.0,2026-10-05 04:05,7,533.0,,2,15,0,0,,,,,,,,,,,,,,,,,,,,,,,,,,,,,,,,,,,2026-10-05 04:07
충정로역,POI052,원활,30.0,2026-10-05 04:05,5,834.0,,2,15,0,0,,,,,,,,,,,,,,,,,,,,,,,,,,,,,,,,,,,2026-10-05 04:07
합정역,POI053,원활,25.0,2026-10-05 04:05,6,207.0,,2,27,0,0,,,,,,,,,,,,,,,,,,,,,,,,,,,,,,,,,,,2026-10-05 04:07
혜화역,POI054,서행,22.0,2026-10-05 04:05,24,955.0,,1,11,5,0,,,,,,,,,,,,,,,,,,,,,,,,,,,,,,,,,,,2026-10-05 04:07
홍대입구역(2호선),POI055,서행,17.0,2026-10-05 04:05,16,1196.0,,3,12,0,0,,,,,,,,,,,,,,,,,,,,,,,,,,,,,,,,,,,2026-10-05 04:07
회기역,POI056,원활,25.0,2026-10-05 04:05,21,408.0,,1,21,0,0,,,,,,,,,,,,,,,,,,,,,,,,,,,,,,,,,,,2026-10-05 04:07
가락시장,POI058,원활,31.0,2026-10-05 04:05,4,2884.0,,2,12,0,0,,,,,,,,,,,,,,,,,,,,,,,,,,,,,,,,,,,2026-10-05 04:07
가로수길,POI059,원활,31.0,2026-10-05 04:05,51,2767.0,29.0,3,9,0,0,,,,,,,,,,,,,,,,,,,,,,,,,,,,,,,,,,,2026-10-05 04:07
광장(전통)시장,POI060,서행,22.0,2026-10-05 04:05,7,103.0,5.0,1,7,0,0,,,,,,,,,,,,,,,,,,,,,,,,,,,,,,,,,,,2026-10-05 04:07
김포공항,POI061,원활,31.0,2026-10-05 04:05,6,16594.0,,3,21,0,0,,,,,,,,,,,,,,,,,,,,,,,,,,,,,,,,,,,2026-10-05 04:07
노량진,POI063,원활,28.0,2026-10-05 04:05,11,1218.0,,2,17,1,0,,,,,,,,,,,,,,,,,,,,,,,,,,,,,,,,,,,2026-10-05 04:07
덕수궁길·정동길,POI064,원활,25.0,2026-10-05 04:05,10,620.0,,3,10,0,0,,,,,,,,,,,,,,,,,,,,,,,,,,,,,,,,,,,2026-10-05 04:07
북촌한옥마을,POI066,원활,25.0,2026-10-05 04:05,16,1756.0,,1,49,6,0,,,,,,,,,,,,,,,,,,,,,,,,,,,,,,,,,,,2026-10-05 04:07
서촌,POI067,서행,19.0,2026-10-05 04:05,9,308.0,,0,25,3,0,,,,,,,,,,,,,,,,,,,,,,,,,,,,,,,,,,,2026-10-05 04:07
성수카페거리,POI068,서행,20.0,2026-10-05 04:05,28,2824.0,,2,23,0,0,,,,,,,,,,,,,,,,,,,,,,,,,,,,,,,,,,,2026-10-05 04:07
쌍문역,POI070,서행,23.0,2026-10-05 04:05,8,345.0,,1,17,0,0,,,,,,,,,,,,,,,,,,,,,,,,,,,,,,,,,,,2026-10-05 04:07
압구정로데오거리,POI071,원활,25.0,2026-10-05 04:05,55,1976.0,2.0,1,11,1,1,,,,,,,,,,,,,,,,,,,,,,,,,,,,,,,,,,,2026-10-05 04:07
여의도,POI072,원활,30.0,2026-10-05 04:05,116,24820.0,108.0,7,58,4,0,,,,,,,,,,,,,,,,,,,,,,,,,,,,,,,,,,,2026-10-05 04:07
연남동,POI073,서행,23.0,2026-10-05 04:05,45,132.0,,0,19,0,0,,,,,,,,,,,,,,,,,,,,,,,,,,,,,,,,,,,2026-10-05 04:07
영등포 타임스퀘어,POI074,서행,21.0,2026-10-05 04:05,10,1195.0,48.0,0,16,1,0,,,,,,,,,,,,,,,,,,,,,,,,,,,,,,,,,,,2026-10-05 04:07
용리단길,POI076,원활,32.0,2026-10-05 04:05,0,,,3,5,0,0,,,,,,,,,,,,,,,,,,,,,,,,,,,,,,,,,,,2026-10-05 04:07
이태원 앤틱가구거리,POI077,서행,22.0,2026-10-05 04:05,4,51.0,,1,13,0,0,,,,,,,,,,,,,,,,,,,,,,,,,,,,,,,,,,,2026-10-05 04:07
인사동,POI078,서행,20.0,2026-10-05 04:05,21,2465.0,1.0,2,19,6,0,,,,,,,,,,,,,,,,,,,,,,,,,,,,,,,,,,,2026-10-05 04:07
창동 신경제 중심지,POI079,서행,23.0,2026-10-05 04:05,46,4927.0,7.0,3,39,6,0,,,,,,,,,,,,,,,,,,,,,,,,,,,,,,,,,,,2026-10-05 04:07
청담동 명품거리,POI080,원활,25.0,2026-10-05 04:05,16,910.0,,1,6,0,0,,,,,,,,,,,,,,,,,,,,,,,,,,,,,,,,,,,2026-10-05 04:07
청량리 제기동 일대 전통시장,POI081,원활,25.0,2026-10-05 04:05,12,2214.0,,2,21,0,0,,,,,,,,,,,,,,,,,,,,,,,,,,,,,,,,,,,2026-10-05 04:07
해방촌·경리단길,POI082,원활,38.0,2026-10-05 04:05,4,273.0,,0,26,0,0,,,,,,,,,,,,,,,,,,,,,,,,,,,,,,,,,,,2026-10-05 04:07
DDP(동대문디자인플라자),POI083,서행,20.0,2026-10-05 04:05,9,2596.0,460.0,3,7,5,0,,,,,,,,,,,,,,,,,,,,,,,,,,,,,,,,,,,2026-10-05 04:07
DMC(디지털미디어시티),POI084,원활,25.0,2026-10-05 04:05,25,9176.0,,4,44,0,0,,,,,,,,,,,,,,,,,,,,,,,,,,,,,,,,,,,2026-10-05 04:07
강서한강공원,POI085,원활,60.0,2026-10-05 04:05,2,106.0,2.0,0,0,0,0,,,,,,,,,,,,,,,,,,,,,,,,,,,,,,,,,,,2026-10-05 04:07
고척돔,POI086,원활,32.0,2026-10-05 04:05,0,,,0,2,4,0,,,,,,,,,,,,,,,,,,,,,,,,,,,,,,,,,,,2026-10-05 04:07
광나루한강공원,POI087,원활,68.0,2026-10-05 04:05,4,718.0,209.0,0,0,0,0,,,,,,,,,,,,,,,,,,,,,,,,,,,,,,,,,,,2026-10-05 04:07
광화문광장,POI088,원활,31.0,2026-10-05 04:05,3,2932.0,87.0,2,8,5,0,,,,,,,,,,,,,,,,,,,,,,,,,,,,,,,,,,,2026-10-05 04:07
국립중앙박물관·용산가족공원,POI089,원활,40.0,2026-10-05 04:05,4,931.0,,1,3,3,0,,,,,,,,,,,,,,,,,,,,,,,,,,,,,,,,,,,2026-10-05 04:07
난지한강공원,POI090,원활,65.0,2026-10-05 04:05,4,1240.0,0.0,0,4,0,0,,,,,,,,,,,,,,,,,,,,,,,,,,,,,,,,,,,2026-10-05 04:07
남산공원,POI091,원활,38.0,2026-10-05 04:05,33,2148.0,22.0,4,22,5,0,,,,,,,,,,,,,,,,,,,,,,,,,,,,,,,,,,,2026-10-05 04:07
노들섬,POI092,원활,55.0,2026-10-05 04:05,1,99.0,,0,2,4,0,,,,,,,,,,,,,,,,,,,,,,,,,,,,,,,,,,,2026-10-05 04:07
뚝섬한강공원,POI093,원활,58.0,2026-10-05 04:05,8,1342.0,137.0,1,1,2,0,,,,,,,,,,,,,,,,,,,,,,,,,,,,,,,,,,,2026-10-05 04:07
망원한강공원,POI094,원활,42.0,2026-10-05 04:05,2,458.0,0.0,2,5,0,0,,,,,,,,,,,,,,,,,,,,,,,,,,,,,,,,,,,2026-10-05 04:07
반포한강공원,POI095,원활,55.0,2026-10-05 04:05,9,1483.0,9.0,0,2,0,0,,,,,,,,,,,,,,,,,,,,,,,,,,,,,,,,,,,2026-10-05 04:07
북서울꿈의숲,POI096,원활,27.0,2026-10-05 04:05,3,549.0,,0,14,1,0,,,,,,,,,,,,,,,,,,,,,,,,,,,,,,,,,,,2026-10-05 04:07
서리풀공원·몽마르뜨공원,POI098,원활,34.0,2026-10-05 04:05,0,,,4,7,0,0,,,,,,,,,,,,,,,,,,,,,,,,,,,,,,,,,,,2026-10-05 04:07
서울대공원,POI100,원활,28.0,2026-10-05 04:05,0,,,0,0,1,0,,,,,,,,,,,,,,,,,,,,,,,,,,,,,,,,,,,2026-10-05 04:07
서울숲공원,POI101,원활,45.0,2026-10-05 04:05,2,996.0,,1,9,2,0,,,,,,,,,,,,,,,,,,,,,,,,,,,,,,,,,,,2026-10-05 04:07
아차산,POI102,원활,33.0,2026-10-05 04:05,0,,,0,3,0,0,,,,,,,,,,,,,,,,,,,,,,,,,,,,,,,,,,,2026-10-05 04:07
양화한강공원,POI103,원활,45.0,2026-10-05 04:05,6,1002.0,19.0,0,2,0,0,,,,,,,,,,,,,,,,,,,,,,,,,,,,,,,,,,,2026-10-05 04:07
어린이대공원,POI104,원활,25.0,2026-10-05 04:05,4,945.0,,2,9,4,0,,,,,,,,,,,,,,,,,,,,,,,,,,,,,,,,,,,2026-10-05 04:07
여의도한강공원,POI105,원활,44.0,2026-10-05 04:05,6,2866.0,34.0,1,3,0,0,,,,,,,,,,,,,,,,,,,,,,,,,,,,,,,,,,,2026-10-05 04:07
월드컵공원,POI106,원활,39.0,2026-10-05 04:05,9,3537.0,,4,27,0,0,,,,,,,,,,,,,,,,,,,,,,,,,,,,,,,,,,,2026-10-05 04:07
응봉산,POI107,원활,31.0,2026-10-05 04:05,3,88.0,,0,24,0,0,,,,,,,,,,,,,,,,,,,,,,,,,,,,,,,,,,,2026-10-05 04:07
이촌한강공원,POI108,원활,53.0,2026-10-05 04:05,2,514.0,0.0,0,2,1,0,,,,,,,,,,,,,,,,,,,,,,,,,,,,,,,,,,,2026-10-05 04:07
잠실종합운동장,POI109,원활,26.0,2026-10-05 04:05,1,876.0,,1,2,0,0,,,,,,,,,,,,,,,,,,,,,,,,,,,,,,,,,,,2026-10-05 04:07
잠실한강공원,POI110,원활,50.0,2026-10-05 04:05,4,1326.0,49.0,1,2,0,0,,,,,,,,,,,,,,,,,,,,,,,,,,,,,,,,,,,2026-10-05 04:07
잠원한강공원,POI111,원활,60.0,2026-10-05 04:05,3,1540.0,0.0,0,2,0,0,,,,,,,,,,,,,,,,,,,,,,,,,,,,,,,,,,,2026-10-05 04:07
청계산,POI112,원활,61.0,2026-10-05 04:05,0,,,0,4,0,0,,,,,,,,,,,,,,,,,,,,,,,,,,,,,,,,,,,2026-10-05 04:07
북창동 먹자골목,POI114,서행,18.0,2026-10-05 04:05,20,552.0,0.0,0,10,0,0,,,,,,,,,,,,,,,,,,,,,,,,,,,,,,,,,,,2026-10-05 04:07
남대문시장,POI115,서행,22.0,2026-10-05 04:05,16,1456.0,4.0,1,6,0,0,,,,,,,,,,,,,,,,,,,,,,,,,,,,,,,,,,,2026-10-05 04:07
익선동,POI116,서행,17.0,2026-10-05 04:05,10,187.0,1.0,3,9,1,0,,,,,,,,,,,,,,,,,,,,,,,,,,,,,,,,,,,2026-10-05 04:07
신정네거리역,POI117,서행,24.0,2026-10-05 04:05,3,119.0,,1,9,0,0,,,,,,,,,,,,,,,,,,,,,,,,,,,,,,,,,,,2026-10-05 04:07
잠실새내역,POI118,서행,23.0,2026-10-05 04:05,31,1541.0,,1,10,0,0,,,,,,,,,,,,,,,,,,,,,,,,,,,,,,,,,,,2026-10-05 04:07
잠실역,POI119,원활,25.0,2026-10-05 04:05,5,6749.0,54.0,2,18,0,0,,,,,,,,,,,,,,,,,,,,,,,,,,,,,,,,,,,2026-10-05 04:07
잠실롯데타워·석촌호수,POI120,원활,26.0,2026-10-05 04:05,33,9281.0,54.0,3,0,2,0,,,,,,,,,,,,,,,,,,,,,,,,,,,,,,,,,,,2026-10-05 04:07
송리단길·호수단길,POI121,원활,27.0,2026-10-05 04:05,21,878.0,,3,12,0,0,,,,,,,,,,,,,,,,,,,,,,,,,,,,,,,,,,,2026-10-05 04:07
신촌 스타광장,POI122,서행,17.0,2026-10-05 04:05,4,235.0,,1,4,0,0,,,,,,,,,,,,,,,,,,,,,,,,,,,,,,,,,,,2026-10-05 04:07
보라매공원,POI123,서행,16.0,2026-10-05 04:05,1,78.0,,2,4,0,0,,,,,,,,,,,,,,,,,,,,,,,,,,,,,,,,,,,2026-10-05 04:07
서대문독립공원,POI124,원활,32.0,2026-10-05 04:05,2,150.0,,1,14,0,0,,,,,,,,,,,,,,,,,,,,,,,,,,,,,,,,,,,2026-10-05 04:07
안양천,POI125,원활,51.0,2026-10-05 04:05,1,294.0,,0,1,0,0,,,,,,,,,,,,,,,,,,,,,,,,,,,,,,,,,,,2026-10-05 04:07
여의서로,POI126,원활,35.0,2026-10-05 04:05,2,168.0,38.0,0,0,0,0,,,,,,,,,,,,,,,,,,,,,,,,,,,,,,,,,,,2026-10-05 04:07
올림픽공원,POI127,원활,31.0,2026-10-05 04:05,4,2716.0,,4,16,6,0,,,,,,,,,,,,,,,,,,,,,,,,,,,,,,,,,,,2026-10-05 04:07
홍제폭포,POI128,원활,40.0,2026-10-05 04:05,0,,,0,0,0,0,,,,,,,,,,,,,,,,,,,,,,,,,,,,,,,,,,,2026-10-05 04:07
송현녹지광장,POI129,원활,25.0,2026-10-05 04:05,4,1546.0,,1,22,6,0,,,,,,,,,,,,,,,,,,,,,,,,,,,,,,,,,,,2026-10-05 04:07
시의회 앞,POI130,원활,29.0,2026-10-05 04:05,9,1723.0,,3,19,5,0,,,,,,,,,,,,,,,,,,,,,,,,,,,,,,,,,,,2026-10-05 04:07
강남 MICE 관광특구,POI001,서행,24.0,2026-10-05 05:05,3,4428.0,,2,5,0,0,,,,,,,,,,,,,,,,,,,,,,,,,,,,,,,,,,,2026-10-05 05:07
동대문 관광특구,POI002,서행,21.0,2026-10-05 05:05,47,8302.0,251.0,6,20,7,0,,,,,,,,,,,,,,,,,,,,,,,,,,,,,,,,,,,2026-10-05 05:07
명동 관광특구,POI003,서행,22.0,2026-10-05 05:05,93,12070.0,6.0,9,46,6,1,,,,,,,,,,,,,,,,,,,,,,,,,,,,,,,,,,,2026-10-05 05:07
이태원 관광특구,POI004,서행,19.0,2026-10-05 05:05,8,853.0,,3,14,0,2,,,,,,,,,,,,,,,,,,,,,,,,,,,,,,,,,,,2026-10-05 05:07
잠실 관광특구,POI005,원활,28.0,2026-10-05 05:05,37,11997.0,54.0,6,42,8,0,,,,,,,,,,,,,,,,,,,,,,,,,,,,,,,,,,,2026-10-05 05:07
종로·청계 관광특구,POI006,서행,24.0,2026-10-05 05:05,48,2496.0,68.0,7,34,0,0,,,,,,,,,,,,,,,,,,,,,,,,,,,,,,,,,,,2026-10-05 05:07
홍대 관광특구,POI007,서행,16.0,2026-10-05 05:05,51,3098.0,,6,52,0,0,,,,,,,,,,,,,,,,,,,,,,,,,,,,,,,,,,,2026-10-05 05:07
경복궁,POI008,서행,23.0,2026-10-05 05:05,2,267.0,,1,10,3,0,,,,,,,,,,,,,,,,,,,,,,,,,,,,,,,,,,,2026-10-05 05:07
광화문·덕수궁,POI009,원활,25.0,2026-10-05 05:05,29,7988.0,87.0,3,32,12,1,,,,,,,,,,,,,,,,,,,,,,,,,,,,,,,,,,,2026-10-05 05:07
보신각,POI010,서행,20.0,2026-10-05 05:05,14,2572.0,10.0,1,8,1,0,,,,,,,,,,,,,,,,,,,,,,,,,,,,,,,,,,,2026-10-05 05:07
서울 암사동 유적,POI011,원활,26.0,2026-10-05 05:05,1,108.0,,0,3,0,0,,,,,,,,,,,,,,,,,,,,,,,,,,,,,,,,,,,2026-10-05 05:07
창덕궁·종묘,POI012,원활,25.0,2026-10-05 05:05,16,3155.0,249.0,0,14,1,0,,,,,,,,,,,,,,,,,,,,,,,,,,,,,,,,,,,2026-10-05 05:07
가산디지털단지역,POI013,원활,27.0,2026-10-05 05:05,20,8291.0,,1,51,0,0,,,,,,,,,,,,,,,,,,,,,,,,,,,,,,,,,,,2026-10-05 05:07
강남역,POI014,서행,22.0,2026-10-05 05:05,95,7876.0,,4,43,0,0,,,,,,,,,,,,,,,,,,,,,,,,,,,,,,,,,,,2026-10-05 05:07
건대입구역,POI015,원활,30.0,2026-10-05 05:05,23,6603.0,,2,8,4,0,,,,,,,,,,,,,,,,,,,,,,,,,,,,,,,,,,,2026-10-05 05:07
고덕역,POI016,원활,26.0,2026-10-05 05:05,15,1615.0,,1,4,0,0,,,,,,,,,,,,,,,,,,,,,,,,,,,,,,,,,,,2026-10-05 05:07
고속터미널역,POI017,원활,32.0,2026-10-05 05:05,3,4291.0,,3,8,0,0,,,,,,,,,,,,,,,,,,,,,,,,,,,,,,,,,,,2026-10-05 05:07
교대역,POI018,원활,27.0,2026-10-05 05:05,14,760.0,,2,10,0,0,,,,,,,,,,,,,,,,,,,,,,,,,,,,,,,,,,,2026-10-05 05:07
구로디지털단지역,POI019,서행,21.0,2026-10-05 05:05,20,6911.0,,1,28,0,0,,,,,,,,,,,,,,,,,,,,,,,,,,,,,,,,,,,2026-10-05 05:07
구로역,POI020,원활,28.0,2026-10-05 05:05,3,1047.0,,0,4,0,0,,,,,,,,,,,,,,,,,,,,,,,,,,,,,,,,,,,2026-10-05 05:07
군자역,POI021,서행,22.0,2026-10-05 05:05,11,573.0,,2,10,0,0,,,,,,,,,,,,,,,,,,,,,,,,,,,,,,,,,,,2026-10-05 05:07
대림역,POI023,서행,22.0,2026-10-05 05:05,4,221.0,,2,22,0,0,,,,,,,,,,,,,,,,,,,,,,,,,,,,,,,,,,,2026-10-05 05:07
동대문역,POI024,서행,21.0,2026-10-05 05:05,17,892.0,0.0,2,5,0,0,,,,,,,,,,,,,,,,,,,,,,,,,,,,,,,,,,,2026-10-05 05:07
뚝섬역,POI025,서행,23.0,2026-10-05 05:05,9,767.0,,1,4,0,0,,,,,,,,,,,,,,,,,,,,,,,,,,,,,,,,,,,2026-10-05 05:07
미아사거리역,POI026,서행,20.0,2026-10-05 05:05,11,1409.0,,1,23,0,0,,,,,,,,,,,,,,,,,,,,,,,,,,,,,,,,,,,2026-10-05 05:07
발산역,POI027,서행,19.0,2026-10-05 05:05,13,2880.0,,1,22,0,0,,,,,,,,,,,,,,,,,,,,,,,,,,,,,,,,,,,2026-10-05 05:07
사당역,POI029,원활,26.0,2026-10-05 05:05,13,520.0,,2,16,1,0,,,,,,,,,,,,,,,,,,,,,,,,,,,,,,,,,,,2026-10-05 05:07
삼각지역,POI030,원활,34.0,2026-10-05 05:05,0,,,2,5,0,0,,,,,,,,,,,,,,,,,,,,,,,,,,,,,,,,,,,2026-10-05 05:07
서울대입구역,POI031,서행,23.0,2026-10-05 05:05,2,52.0,,1,12,0,0,,,,,,,,,,,,,,,,,,,,,,,,,,,,,,,,,,,2026-10-05 05:07
서울식물원·마곡나루역,POI032,서행,21.0,2026-10-05 05:05,2,2651.0,,2,15,3,0,,,,,,,,,,,,,,,,,,,,,,,,,,,,,,,,,,,2026-10-05 05:07
서울역,POI033,서행,23.0,2026-10-05 05:05,23,3968.0,0.0,6,22,1,0,,,,,,,,,,,,,,,,,,,,,,,,,,,,,,,,,,,2026-10-05 05:07
선릉역,POI034,서행,23.0,2026-10-05 05:05,94,11160.0,25.0,4,12,0,0,,,,,,,,,,,,,,,,,,,,,,,,,,,,,,,,,,,2026-10-05 05:07
성신여대입구역,POI035,서행,24.0,2026-10-05 05:05,2,38.0,,2,8,1,0,,,,,,,,,,,,,,,,,,,,,,,,,,,,,,,,,,,2026-10-05 05:07
수유역,POI036,서행,18.0,2026-10-05 05:05,8,802.0,,1,27,0,0,,,,,,,,,,,,,,,,,,,,,,,,,,,,,,,,,,,2026-10-05 05:07
신논현역·논현역,POI037,원활,26.0,2026-10-05 05:05,32,1053.0,,4,11,0,0,,,,,,,,,,,,,,,,,,,,,,,,,,,,,,,,,,,2026-10-05 05:07
신도림역,POI038,원활,40.0,2026-10-05 05:05,1,1644.0,,1,1,0,0,,,,,,,,,,,,,,,,,,,,,,,,,,,,,,,,,,,2026-10-05 05:07
신림역,POI039,서행,21.0,2026-10-05 05:05,2,282.0,,2,14,0,0,,,,,,,,,,,,,,,,,,,,,,,,,,,,,,,,,,,2026-10-05 05:07
신촌·이대역,POI040,서행,22.0,2026-10-05 05:05,25,1943.0,61.0,1,31,0,0,,,,,,,,,,,,,,,,,,,,,,,,,,,,,,,,,,,2026-10-05 05:07
양재역,POI041,원활,29.0,2026-10-05 05:05,16,1881.0,,2,18,0,0,,,,,,,,,,,,,,,,,,,,,,,,,,,,,,,,,,,2026-10-05 05:07
역삼역,POI042,서행,24.0,2026-10-05 05:05,47,7473.0,1.0,1,9,0,0,,,,,,,,,,,,,,,,,,,,,,,,,,,,,,,,,,,2026-10-05 05:07
연신내역,POI043,원활,26.0,2026-10-05 05:05,5,208.0,,3,9,0,0,,,,,,,,,,,,,,,,,,,,,,,,,,,,,,,,,,,2026-10-05 05:07
오목교역·목동운동장,POI044,원활,32.0,2026-10-05 05:05,14,5304.0,,1,25,0,0,,,,,,,,,,,,,,,,,,,,,,,,,,,,,,,,,,,2026-10-05 05:07
왕십리역,POI045,서행,22.0,2026-10-05 05:05,4,1478.0,,4,18,0,0,,,,,,,,,,,,,,,,,,,,,,,,,,,,,,,,,,,2026-10-05 05:07
용산역,POI046,원활,28.0,2026-10-05 05:05,11,5014.0,94.0,1,25,0,0,,,,,,,,,,,,,,,,,,,,,,,,,,,,,,,,,,,2026-10-05 05:07
이태원역,POI047,정체,12.0,2026-10-05 05:05,4,66.0,,1,9,0,1,,,,,,,,,,,,,,,,,,,,,,,,,,,,,,,,,,,2026-10-05 05:07
장지역,POI048,원활,25.0,2026-10-05 05:05,4,10611.0,,1,18,0,0,,,,,,,,,,,,,,,,,,,,,,,,,,,,,,,,,,,2026-10-05 05:07
장한평역,POI049,원활,26.0,2026-10-05 05:05,15,847.0,,1,11,0,0,,,,,,,,,,,,,,,,,,,,,,,,,,,,,,,,,,,2026-10-05 05:07
천호역,POI050,원활,25.0,2026-10-05 05:05,14,3331.0,,2,9,0,0,,,,,,,,,,,,,,,,,,,,,,,,,,,,,,,,,,,2026-10-05 05:07
총신대입구(이수)역,POI051,서행,23.0,2026-10-05 05:05,7,533.0,,2,15,0,0,,,,,,,,,,,,,,,,,,,,,,,,,,,,,,,,,,,2026-10-05 05:07
충정로역,POI052,원활,28.0,2026-10-05 05:05,5,834.0,,2,15,0,0,,,,,,,,,,,,,,,,,,,,,,,,,,,,,,,,,,,2026-10-05 05:07
합정역,POI053,서행,24.0,2026-10-05 05:05,6,207.0,,2,27,0,0,,,,,,,,,,,,,,,,,,,,,,,,,,,,,,,,,,,2026-10-05 05:07
혜화역,POI054,서행,23.0,2026-10-05 05:05,24,955.0,,1,11,5,0,,,,,,,,,,,,,,,,,,,,,,,,,,,,,,,,,,,2026-10-05 05:07
홍대입구역(2호선),POI055,서행,18.0,2026-10-05 05:05,16,1196.0,,3,12,0,0,,,,,,,,,,,,,,,,,,,,,,,,,,,,,,,,,,,2026-10-05 05:07
회기역,POI056,서행,24.0,2026-10-05 05:05,21,408.0,,1,21,0,0,,,,,,,,,,,,,,,,,,,,,,,,,,,,,,,,,,,2026-10-05 05:07
가락시장,POI058,원활,30.0,2026-10-05 05:05,4,2884.0,,2,12,0,0,,,,,,,,,,,,,,,,,,,,,,,,,,,,,,,,,,,2026-10-05 05:07
가로수길,POI059,원활,32.0,2026-10-05 05:05,51,2767.0,28.0,3,9,0,0,,,,,,,,,,,,,,,,,,,,,,,,,,,,,,,,,,,2026-10-05 05:07
광장(전통)시장,POI060,원활,25.0,2026-10-05 05:05,7,103.0,4.0,1,7,0,0,,,,,,,,,,,,,,,,,,,,,,,,,,,,,,,,,,,2026-10-05 05:07
김포공항,POI061,원활,34.0,2026-10-05 05:05,6,16594.0,,3,21,0,0,,,,,,,,,,,,,,,,,,,,,,,,,,,,,,,,,,,2026-10-05 05:07
노량진,POI063,원활,29.0,2026-10-05 05:05,11,1218.0,,2,17,1,0,,,,,,,,,,,,,,,,,,,,,,,,,,,,,,,,,,,2026-10-05 05:07
덕수궁길·정동길,POI064,원활,27.0,2026-10-05 05:05,10,620.0,,3,10,0,0,,,,,,,,,,,,,,,,,,,,,,,,,,,,,,,,,,,2026-10-05 05:07
북촌한옥마을,POI066,서행,24.0,2026-10-05 05:05,16,1756.0,,1,49,6,0,,,,,,,,,,,,,,,,,,,,,,,,,,,,,,,,,,,2026-10-05 05:07
서촌,POI067,서행,19.0,2026-10-05 05:05,9,308.0,,0,25,3,0,,,,,,,,,,,,,,,,,,,,,,,,,,,,,,,,,,,2026-10-05 05:07
성수카페거리,POI068,서행,21.0,2026-10-05 05:05,28,2824.0,,2,23,0,0,,,,,,,,,,,,,,,,,,,,,,,,,,,,,,,,,,,2026-10-05 05:07
쌍문역,POI070,서행,22.0,2026-10-05 05:05,8,345.0,,1,17,0,0,,,,,,,,,,,,,,,,,,,,,,,,,,,,,,,,,,,2026-10-05 05:07
압구정로데오거리,POI071,서행,22.0,2026-10-05 05:05,55,1976.0,2.0,1,11,1,1,,,,,,,,,,,,,,,,,,,,,,,,,,,,,,,,,,,2026-10-05 05:07
여의도,POI072,원활,29.0,2026-10-05 05:05,116,24820.0,104.0,7,58,4,0,,,,,,,,,,,,,,,,,,,,,,,,,,,,,,,,,,,2026-10-05 05:07
연남동,POI073,서행,23.0,2026-10-05 05:05,45,132.0,,0,19,0,0,,,,,,,,,,,,,,,,,,,,,,,,,,,,,,,,,,,2026-10-05 05:07
영등포 타임스퀘어,POI074,서행,22.0,2026-10-05 05:05,10,1195.0,47.0,0,16,1,0,,,,,,,,,,,,,,,,,,,,,,,,,,,,,,,,,,,2026-10-05 05:07
용리단길,POI076,원활,30.0,2026-10-05 05:05,0,,,3,5,0,0,,,,,,,,,,,,,,,,,,,,,,,,,,,,,,,,,,,2026-10-05 05:07
이태원 앤틱가구거리,POI077,서행,23.0,2026-10-05 05:05,4,51.0,,1,13,0,0,,,,,,,,,,,,,,,,,,,,,,,,,,,,,,,,,,,2026-10-05 05:07
인사동,POI078,서행,21.0,2026-10-05 05:05,21,2465.0,1.0,2,19,6,0,,,,,,,,,,,,,,,,,,,,,,,,,,,,,,,,,,,2026-10-05 05:07
창동 신경제 중심지,POI079,서행,23.0,2026-10-05 05:05,46,4927.0,8.0,3,39,6,0,,,,,,,,,,,,,,,,,,,,,,,,,,,,,,,,,,,2026-10-05 05:07
청담동 명품거리,POI080,서행,23.0,2026-10-05 05:05,16,910.0,,1,6,0,0,,,,,,,,,,,,,,,,,,,,,,,,,,,,,,,,,,,2026-10-05 05:07
청량리 제기동 일대 전통시장,POI081,원활,26.0,2026-10-05 05:05,12,2214.0,,2,21,0,0,,,,,,,,,,,,,,,,,,,,,,,,,,,,,,,,,,,2026-10-05 05:07
해방촌·경리단길,POI082,원활,37.0,2026-10-05 05:05,4,273.0,,0,26,0,0,,,,,,,,,,,,,,,,,,,,,,,,,,,,,,,,,,,2026-10-05 05:07
DDP(동대문디자인플라자),POI083,서행,22.0,2026-10-05 05:05,9,2596.0,235.0,3,7,5,0,,,,,,,,,,,,,,,,,,,,,,,,,,,,,,,,,,,2026-10-05 05:07
DMC(디지털미디어시티),POI084,원활,25.0,2026-10-05 05:05,25,9176.0,,4,44,0,0,,,,,,,,,,,,,,,,,,,,,,,,,,,,,,,,,,,2026-10-05 05:07
강서한강공원,POI085,원활,60.0,2026-10-05 05:05,2,106.0,0.0,0,0,0,0,,,,,,,,,,,,,,,,,,,,,,,,,,,,,,,,,,,2026-10-05 05:07
고척돔,POI086,원활,28.0,2026-10-05 05:05,0,,,0,2,4,0,,,,,,,,,,,,,,,,,,,,,,,,,,,,,,,,,,,2026-10-05 05:07
광나루한강공원,POI087,원활,68.0,2026-10-05 05:05,4,718.0,212.0,0,0,0,0,,,,,,,,,,,,,,,,,,,,,,,,,,,,,,,,,,,2026-10-05 05:07
광화문광장,POI088,원활,29.0,2026-10-05 05:05,3,2932.0,87.0,2,8,5,0,,,,,,,,,,,,,,,,,,,,,,,,,,,,,,,,,,,2026-10-05 05:07
국립중앙박물관·용산가족공원,POI089,원활,45.0,2026-10-05 05:05,4,931.0,,1,3,3,0,,,,,,,,,,,,,,,,,,,,,,,,,,,,,,,,,,,2026-10-05 05:07
난지한강공원,POI090,원활,64.0,2026-10-05 05:05,4,1240.0,0.0,0,4,0,0,,,,,,,,,,,,,,,,,,,,,,,,,,,,,,,,,,,2026-10-05 05:07
남산공원,POI091,원활,38.0,2026-10-05 05:05,33,2148.0,22.0,4,22,5,0,,,,,,,,,,,,,,,,,,,,,,,,,,,,,,,,,,,2026-10-05 05:07
노들섬,POI092,원활,44.0,2026-10-05 05:05,1,99.0,,0,2,4,0,,,,,,,,,,,,,,,,,,,,,,,,,,,,,,,,,,,2026-10-05 05:07
뚝섬한강공원,POI093,원활,63.0,2026-10-05 05:05,8,1342.0,143.0,1,1,2,0,,,,,,,,,,,,,,,,,,,,,,,,,,,,,,,,,,,2026-10-05 05:07
망원한강공원,POI094,원활,41.0,2026-10-05 05:05,2,458.0,0.0,2,5,0,0,,,,,,,,,,,,,,,,,,,,,,,,,,,,,,,,,,,2026-10-05 05:07
반포한강공원,POI095,원활,54.0,2026-10-05 05:05,9,1483.0,9.0,0,2,0,0,,,,,,,,,,,,,,,,,,,,,,,,,,,,,,,,,,,2026-10-05 05:07
북서울꿈의숲,POI096,서행,24.0,2026-10-05 05:05,3,549.0,,0,14,1,0,,,,,,,,,,,,,,,,,,,,,,,,,,,,,,,,,,,2026-10-05 05:07
서리풀공원·몽마르뜨공원,POI098,원활,32.0,2026-10-05 05:05,0,,,4,7,0,0,,,,,,,,,,,,,,,,,,,,,,,,,,,,,,,,,,,2026-10-05 05:07
서울대공원,POI100,원활,32.0,2026-10-05 05:05,0,,,0,0,1,0,,,,,,,,,,,,,,,,,,,,,,,,,,,,,,,,,,,2026-10-05 05:07
서울숲공원,POI101,원활,47.0,2026-10-05 05:05,2,996.0,,1,9,2,0,,,,,,,,,,,,,,,,,,,,,,,,,,,,,,,,,,,2026-10-05 05:07
아차산,POI102,원활,36.0,2026-10-05 05:05,0,,,0,3,0,0,,,,,,,,,,,,,,,,,,,,,,,,,,,,,,,,,,,2026-10-05 05:07
양화한강공원,POI103,원활,49.0,2026-10-05 05:05,6,1002.0,19.0,0,2,0,0,,,,,,,,,,,,,,,,,,,,,,,,,,,,,,,,,,,2026-10-05 05:07
어린이대공원,POI104,원활,28.0,2026-10-05 05:05,4,945.0,,2,9,4,0,,,,,,,,,,,,,,,,,,,,,,,,,,,,,,,,,,,2026-10-05 05:07
여의도한강공원,POI105,원활,44.0,2026-10-05 05:05,6,2866.0,28.0,1,3,0,0,,,,,,,,,,,,,,,,,,,,,,,,,,,,,,,,,,,2026-10-05 05:07
월드컵공원,POI106,원활,40.0,2026-10-05 05:05,9,3537.0,,4,27,0,0,,,,,,,,,,,,,,,,,,,,,,,,,,,,,,,,,,,2026-10-05 05:07
응봉산,POI107,원활,27.0,2026-10-05 05:05,3,88.0,,0,24,0,0,,,,,,,,,,,,,,,,,,,,,,,,,,,,,,,,,,,2026-10-05 05:07
이촌한강공원,POI108,원활,52.0,2026-10-05 05:05,2,514.0,0.0,0,2,1,0,,,,,,,,,,,,,,,,,,,,,,,,,,,,,,,,,,,2026-10-05 05:07
잠실종합운동장,POI109,원활,29.0,2026-10-05 05:05,1,876.0,,1,2,0,0,,,,,,,,,,,,,,,,,,,,,,,,,,,,,,,,,,,2026-10-05 05:07
잠실한강공원,POI110,원활,51.0,2026-10-05 05:05,4,1326.0,48.0,1,2,0,0,,,,,,,,,,,,,,,,,,,,,,,,,,,,,,,,,,,2026-10-05 05:07
잠원한강공원,POI111,원활,57.0,2026-10-05 05:05,3,1540.0,0.0,0,2,0,0,,,,,,,,,,,,,,,,,,,,,,,,,,,,,,,,,,,2026-10-05 05:07
청계산,POI112,원활,61.0,2026-10-05 05:05,0,,,0,4,0,0,,,,,,,,,,,,,,,,,,,,,,,,,,,,,,,,,,,2026-10-05 05:07
북창동 먹자골목,POI114,서행,19.0,2026-10-05 05:05,20,552.0,0.0,0,10,0,0,,,,,,,,,,,,,,,,,,,,,,,,,,,,,,,,,,,2026-10-05 05:07
남대문시장,POI115,서행,22.0,2026-10-05 05:05,16,1456.0,4.0,1,6,0,0,,,,,,,,,,,,,,,,,,,,,,,,,,,,,,,,,,,2026-10-05 05:07
익선동,POI116,서행,18.0,2026-10-05 05:05,10,187.0,1.0,3,9,1,0,,,,,,,,,,,,,,,,,,,,,,,,,,,,,,,,,,,2026-10-05 05:07
신정네거리역,POI117,서행,24.0,2026-10-05 05:05,3,119.0,,1,9,0,0,,,,,,,,,,,,,,,,,,,,,,,,,,,,,,,,,,,2026-10-05 05:07
잠실새내역,POI118,서행,23.0,2026-10-05 05:05,31,1541.0,,1,10,0,0,,,,,,,,,,,,,,,,,,,,,,,,,,,,,,,,,,,2026-10-05 05:07
잠실역,POI119,원활,26.0,2026-10-05 05:05,5,6749.0,54.0,2,18,0,0,,,,,,,,,,,,,,,,,,,,,,,,,,,,,,,,,,,2026-10-05 05:07
잠실롯데타워·석촌호수,POI120,원활,26.0,2026-10-05 05:05,33,9281.0,54.0,3,0,2,0,,,,,,,,,,,,,,,,,,,,,,,,,,,,,,,,,,,2026-10-05 05:07
송리단길·호수단길,POI121,원활,27.0,2026-10-05 05:05,21,878.0,,3,12,0,0,,,,,,,,,,,,,,,,,,,,,,,,,,,,,,,,,,,2026-10-05 05:07
신촌 스타광장,POI122,서행,21.0,2026-10-05 05:05,4,235.0,,1,4,0,0,,,,,,,,,,,,,,,,,,,,,,,,,,,,,,,,,,,2026-10-05 05:07
보라매공원,POI123,서행,15.0,2026-10-05 05:05,1,78.0,,2,4,0,0,,,,,,,,,,,,,,,,,,,,,,,,,,,,,,,,,,,2026-10-05 05:07
서대문독립공원,POI124,원활,31.0,2026-10-05 05:05,2,150.0,,1,14,0,0,,,,,,,,,,,,,,,,,,,,,,,,,,,,,,,,,,,2026-10-05 05:07
안양천,POI125,원활,52.0,2026-10-05 05:05,1,294.0,,0,1,0,0,,,,,,,,,,,,,,,,,,,,,,,,,,,,,,,,,,,2026-10-05 05:07
여의서로,POI126,원활,37.0,2026-10-05 05:05,2,168.0,38.0,0,0,0,0,,,,,,,,,,,,,,,,,,,,,,,,,,,,,,,,,,,2026-10-05 05:07
올림픽공원,POI127,원활,32.0,2026-10-05 05:05,4,2716.0,,4,16,6,0,,,,,,,,,,,,,,,,,,,,,,,,,,,,,,,,,,,2026-10-05 05:07
홍제폭포,POI128,원활,42.0,2026-10-05 05:05,0,,,0,0,0,0,,,,,,,,,,,,,,,,,,,,,,,,,,,,,,,,,,,2026-10-05 05:07
송현녹지광장,POI129,서행,24.0,2026-10-05 05:05,4,1546.0,,1,22,6,0,,,,,,,,,,,,,,,,,,,,,,,,,,,,,,,,,,,2026-10-05 05:07
시의회 앞,POI130,원활,26.0,2026-10-05 05:05,9,1723.0,,3,19,5,0,,,,,,,,,,,,,,,,,,,,,,,,,,,,,,,,,,,2026-10-05 05:07
강남 MICE 관광특구,POI001,서행,22.0,2026-10-05 06:05,3,4428.0,,2,5,0,0,,,,,,,,,,,,,,,,,,,,,,,,,,,,,,,,,,,2026-10-05 06:07
동대문 관광특구,POI002,서행,19.0,2026-10-05 06:05,47,8302.0,147.0,6,20,4,0,,,,,,,,,,,,,,,,,,,,,,,,,,,,,,,,,,,2026-10-05 06:07
명동 관광특구,POI003,서행,22.0,2026-10-05 06:05,93,12070.0,6.0,9,46,3,1,,,,,,,,,,,,,,,,,,,,,,,,,,,,,,,,,,,2026-10-05 06:07
이태원 관광특구,POI004,서행,20.0,2026-10-05 06:05,8,853.0,,3,14,0,0,,,,,,,,,,,,,,,,,,,,,,,,,,,,,,,,,,,2026-10-05 06:07
잠실 관광특구,POI005,원활,26.0,2026-10-05 06:05,37,11997.0,63.0,6,42,6,0,,,,,,,,,,,,,,,,,,,,,,,,,,,,,,,,,,,2026-10-05 06:07
종로·청계 관광특구,POI006,서행,21.0,2026-10-05 06:05,48,2496.0,69.0,7,34,0,0,,,,,,,,,,,,,,,,,,,,,,,,,,,,,,,,,,,2026-10-05 06:07
홍대 관광특구,POI007,서행,19.0,2026-10-05 06:05,51,3098.0,,6,52,0,0,,,,,,,,,,,,,,,,,,,,,,,,,,,,,,,,,,,2026-10-05 06:07
경복궁,POI008,서행,23.0,2026-10-05 06:05,2,267.0,,1,10,0,0,,,,,,,,,,,,,,,,,,,,,,,,,,,,,,,,,,,2026-10-05 06:07
광화문·덕수궁,POI009,서행,24.0,2026-10-05 06:05,29,7988.0,94.0,3,32,5,1,,,,,,,,,,,,,,,,,,,,,,,,,,,,,,,,,,,2026-10-05 06:07
보신각,POI010,서행,20.0,2026-10-05 06:05,14,2572.0,10.0,1,8,0,0,,,,,,,,,,,,,,,,,,,,,,,,,,,,,,,,,,,2026-10-05 06:07
서울 암사동 유적,POI011,서행,24.0,2026-10-05 06:05,1,108.0,,0,3,0,0,,,,,,,,,,,,,,,,,,,,,,,,,,,,,,,,,,,2026-10-05 06:07
창덕궁·종묘,POI012,서행,22.0,2026-10-05 06:05,16,3155.0,249.0,0,14,1,0,,,,,,,,,,,,,,,,,,,,,,,,,,,,,,,,,,,2026-10-05 06:07
가산디지털단지역,POI013,원활,27.0,2026-10-05 06:05,20,8291.0,,1,51,0,0,,,,,,,,,,,,,,,,,,,,,,,,,,,,,,,,,,,2026-10-05 06:07
강남역,POI014,서행,21.0,2026-10-05 06:05,95,7876.0,,4,43,0,0,,,,,,,,,,,,,,,,,,,,,,,,,,,,,,,,,,,2026-10-05 06:07
건대입구역,POI015,원활,26.0,2026-10-05 06:05,23,6603.0,,2,8,1,0,,,,,,,,,,,,,,,,,,,,,,,,,,,,,,,,,,,2026-10-05 06:07
고덕역,POI016,원활,27.0,2026-10-05 06:05,15,1615.0,,1,4,0,0,,,,,,,,,,,,,,,,,,,,,,,,,,,,,,,,,,,2026-10-05 06:07
고속터미널역,POI017,원활,34.0,2026-10-05 06:05,3,4291.0,,3,8,0,0,,,,,,,,,,,,,,,,,,,,,,,,,,,,,,,,,,,2026-10-05 06:07
교대역,POI018,서행,22.0,2026-10-05 06:05,14,760.0,,2,10,0,0,,,,,,,,,,,,,,,,,,,,,,,,,,,,,,,,,,,2026-10-05 06:07
구로디지털단지역,POI019,서행,24.0,2026-10-05 06:05,20,6911.0,,1,28,0,0,,,,,,,,,,,,,,,,,,,,,,,,,,,,,,,,,,,2026-10-05 06:07
구로역,POI020,원활,28.0,2026-10-05 06:05,3,1047.0,,0,4,0,0,,,,,,,,,,,,,,,,,,,,,,,,,,,,,,,,,,,2026-10-05 06:07
군자역,POI021,서행,23.0,2026-10-05 06:05,11,573.0,,2,10,0,0,,,,,,,,,,,,,,,,,,,,,,,,,,,,,,,,,,,2026-10-05 06:07
대림역,POI023,서행,23.0,2026-10-05 06:05,4,221.0,,2,22,0,0,,,,,,,,,,,,,,,,,,,,,,,,,,,,,,,,,,,2026-10-05 06:07
동대문역,POI024,서행,21.0,2026-10-05 06:05,17,892.0,0.0,2,5,0,0,,,,,,,,,,,,,,,,,,,,,,,,,,,,,,,,,,,2026-10-05 06:07
뚝섬역,POI025,서행,22.0,2026-10-05 06:05,9,767.0,,1,4,1,0,,,,,,,,,,,,,,,,,,,,,,,,,,,,,,,,,,,2026-10-05 06:07
미아사거리역,POI026,서행,19.0,2026-10-05 06:05,11,1409.0,,1,23,0,0,,,,,,,,,,,,,,,,,,,,,,,,,,,,,,,,,,,2026-10-05 06:07
발산역,POI027,서행,20.0,2026-10-05 06:05,13,2880.0,,1,22,0,0,,,,,,,,,,,,,,,,,,,,,,,,,,,,,,,,,,,2026-10-05 06:07
사당역,POI029,원활,25.0,2026-10-05 06:05,13,520.0,,2,16,1,0,,,,,,,,,,,,,,,,,,,,,,,,,,,,,,,,,,,2026-10-05 06:07
삼각지역,POI030,원활,29.0,2026-10-05 06:05,0,,,2,5,0,0,,,,,,,,,,,,,,,,,,,,,,,,,,,,,,,,,,,2026-10-05 06:07
서울대입구역,POI031,서행,23.0,2026-10-05 06:05,2,52.0,,1,12,0,0,,,,,,,,,,,,,,,,,,,,,,,,,,,,,,,,,,,2026-10-05 06:07
서울식물원·마곡나루역,POI032,서행,20.0,2026-10-05 06:05,2,2651.0,,2,15,2,0,,,,,,,,,,,,,,,,,,,,,,,,,,,,,,,,,,,2026-10-05 06:07
서울역,POI033,서행,22.0,2026-10-05 06:05,23,3968.0,0.0,6,22,1,0,,,,,,,,,,,,,,,,,,,,,,,,,,,,,,,,,,,2026-10-05 06:07
선릉역,POI034,서행,23.0,2026-10-05 06:05,94,11160.0,25.0,4,12,0,0,,,,,,,,,,,,,,,,,,,,,,,,,,,,,,,,,,,2026-10-05 06:07
성신여대입구역,POI035,서행,19.0,2026-10-05 06:05,2,38.0,,2,8,0,0,,,,,,,,,,,,,,,,,,,,,,,,,,,,,,,,,,,2026-10-05 06:07
수유역,POI036,서행,20.0,2026-10-05 06:05,8,802.0,,1,27,0,0,,,,,,,,,,,,,,,,,,,,,,,,,,,,,,,,,,,2026-10-05 06:07
신논현역·논현역,POI037,서행,24.0,2026-10-05 06:05,32,1053.0,,4,11,0,0,,,,,,,,,,,,,,,,,,,,,,,,,,,,,,,,,,,2026-10-05 06:07
신도림역,POI038,원활,27.0,2026-10-05 06:05,1,1644.0,,1,1,0,0,,,,,,,,,,,,,,,,,,,,,,,,,,,,,,,,,,,2026-10-05 06:07
신림역,POI039,서행,18.0,2026-10-05 06:05,2,282.0,,2,14,0,0,,,,,,,,,,,,,,,,,,,,,,,,,,,,,,,,,,,2026-10-05 06:07
신촌·이대역,POI040,서행,21.0,2026-10-05 06:05,25,1943.0,62.0,1,31,0,0,,,,,,,,,,,,,,,,,,,,,,,,,,,,,,,,,,,2026-10-05 06:07
양재역,POI041,원활,27.0,2026-10-05 06:05,16,1881.0,,2,18,0,0,,,,,,,,,,,,,,,,,,,,,,,,,,,,,,,,,,,2026-10-05 06:07
역삼역,POI042,서행,23.0,2026-10-05 06:05,47,7473.0,1.0,1,9,0,0,,,,,,,,,,,,,,,,,,,,,,,,,,,,,,,,,,,2026-10-05 06:07
연신내역,POI043,서행,24.0,2026-10-05 06:05,5,208.0,,3,9,0,0,,,,,,,,,,,,,,,,,,,,,,,,,,,,,,,,,,,2026-10-05 06:07
오목교역·목동운동장,POI044,원활,31.0,2026-10-05 06:05,14,5304.0,,1,25,0,0,,,,,,,,,,,,,,,,,,,,,,,,,,,,,,,,,,,2026-10-05 06:07
왕십리역,POI045,서행,23.0,2026-10-05 06:05,4,1478.0,,4,18,0,0,,,,,,,,,,,,,,,,,,,,,,,,,,,,,,,,,,,2026-10-05 06:07
용산역,POI046,원활,27.0,2026-10-05 06:05,11,5014.0,94.0,1,25,0,0,,,,,,,,,,,,,,,,,,,,,,,,,,,,,,,,,,,2026-10-05 06:07
이태원역,POI047,정체,12.0,2026-10-05 06:05,4,66.0,,1,9,0,0,,,,,,,,,,,,,,,,,,,,,,,,,,,,,,,,,,,2026-10-05 06:07
장지역,POI048,서행,23.0,2026-10-05 06:05,4,10611.0,,1,18,0,0,,,,,,,,,,,,,,,,,,,,,,,,,,,,,,,,,,,2026-10-05 06:07
장한평역,POI049,원활,26.0,2026-10-05 06:05,15,847.0,,1,11,0,0,,,,,,,,,,,,,,,,,,,,,,,,,,,,,,,,,,,2026-10-05 06:07
천호역,POI050,서행,20.0,2026-10-05 06:05,14,3331.0,,2,9,0,0,,,,,,,,,,,,,,,,,,,,,,,,,,,,,,,,,,,2026-10-05 06:07
총신대입구(이수)역,POI051,서행,19.0,2026-10-05 06:05,7,533.0,,2,15,0,0,,,,,,,,,,,,,,,,,,,,,,,,,,,,,,,,,,,2026-10-05 06:07
충정로역,POI052,원활,29.0,2026-10-05 06:05,5,834.0,,2,15,0,0,,,,,,,,,,,,,,,,,,,,,,,,,,,,,,,,,,,2026-10-05 06:07
합정역,POI053,원활,25.0,2026-10-05 06:05,6,207.0,,2,27,0,0,,,,,,,,,,,,,,,,,,,,,,,,,,,,,,,,,,,2026-10-05 06:07
혜화역,POI054,서행,22.0,2026-10-05 06:05,24,955.0,,1,11,2,0,,,,,,,,,,,,,,,,,,,,,,,,,,,,,,,,,,,2026-10-05 06:07
홍대입구역(2호선),POI055,서행,20.0,2026-10-05 06:05,16,1196.0,,3,12,0,0,,,,,,,,,,,,,,,,,,,,,,,,,,,,,,,,,,,2026-10-05 06:07
회기역,POI056,서행,22.0,2026-10-05 06:05,21,408.0,,1,21,0,0,,,,,,,,,,,,,,,,,,,,,,,,,,,,,,,,,,,2026-10-05 06:07
가락시장,POI058,원활,30.0,2026-10-05 06:05,4,2884.0,,2,12,0,0,,,,,,,,,,,,,,,,,,,,,,,,,,,,,,,,,,,2026-10-05 06:07
가로수길,POI059,원활,32.0,2026-10-05 06:05,51,2767.0,29.0,3,9,0,0,,,,,,,,,,,,,,,,,,,,,,,,,,,,,,,,,,,2026-10-05 06:07
광장(전통)시장,POI060,서행,19.0,2026-10-05 06:05,7,103.0,5.0,1,7,0,0,,,,,,,,,,,,,,,,,,,,,,,,,,,,,,,,,,,2026-10-05 06:07
김포공항,POI061,원활,32.0,2026-10-05 06:05,6,16594.0,,3,21,0,0,,,,,,,,,,,,,,,,,,,,,,,,,,,,,,,,,,,2026-10-05 06:07
노량진,POI063,원활,27.0,2026-10-05 06:05,11,1218.0,,2,17,1,0,,,,,,,,,,,,,,,,,,,,,,,,,,,,,,,,,,,2026-10-05 06:07
덕수궁길·정동길,POI064,서행,23.0,2026-10-05 06:05,10,620.0,,3,10,0,0,,,,,,,,,,,,,,,,,,,,,,,,,,,,,,,,,,,2026-10-05 06:07
북촌한옥마을,POI066,서행,23.0,2026-10-05 06:05,16,1756.0,,1,49,5,0,,,,,,,,,,,,,,,,,,,,,,,,,,,,,,,,,,,2026-10-05 06:07
서촌,POI067,서행,19.0,2026-10-05 06:05,9,308.0,,0,25,0,0,,,,,,,,,,,,,,,,,,,,,,,,,,,,,,,,,,,2026-10-05 06:07
성수카페거리,POI068,서행,21.0,2026-10-05 06:05,28,2824.0,,2,23,1,0,,,,,,,,,,,,,,,,,,,,,,,,,,,,,,,,,,,2026-10-05 06:07
쌍문역,POI070,서행,23.0,2026-10-05 06:05,8,345.0,,1,17,0,0,,,,,,,,,,,,,,,,,,,,,,,,,,,,,,,,,,,2026-10-05 06:07
압구정로데오거리,POI071,서행,24.0,2026-10-05 06:05,55,1976.0,2.0,1,11,1,0,,,,,,,,,,,,,,,,,,,,,,,,,,,,,,,,,,,2026-10-05 06:07
여의도,POI072,원활,28.0,2026-10-05 06:05,116,24820.0,125.0,7,58,2,0,,,,,,,,,,,,,,,,,,,,,,,,,,,,,,,,,,,2026-10-05 06:07
연남동,POI073,서행,21.0,2026-10-05 06:05,45,132.0,,0,19,0,0,,,,,,,,,,,,,,,,,,,,,,,,,,,,,,,,,,,2026-10-05 06:07
영등포 타임스퀘어,POI074,서행,23.0,2026-10-05 06:05,10,1195.0,47.0,0,16,1,0,,,,,,,,,,,,,,,,,,,,,,,,,,,,,,,,,,,2026-10-05 06:07
용리단길,POI076,원활,28.0,2026-10-05 06:05,0,,,3,5,0,0,,,,,,,,,,,,,,,,,,,,,,,,,,,,,,,,,,,2026-10-05 06:07
이태원 앤틱가구거리,POI077,서행,20.0,2026-10-05 06:05,4,51.0,,1,13,0,0,,,,,,,,,,,,,,,,,,,,,,,,,,,,,,,,,,,2026-10-05 06:07
인사동,POI078,서행,20.0,2026-10-05 06:05,21,2465.0,1.0,2,19,3,0,,,,,,,,,,,,,,,,,,,,,,,,,,,,,,,,,,,2026-10-05 06:07
창동 신경제 중심지,POI079,서행,23.0,2026-10-05 06:05,46,4927.0,7.0,3,39,5,0,,,,,,,,,,,,,,,,,,,,,,,,,,,,,,,,,,,2026-10-05 06:07
청담동 명품거리,POI080,원활,25.0,2026-10-05 06:05,16,910.0,,1,6,0,0,,,,,,,,,,,,,,,,,,,,,,,,,,,,,,,,,,,2026-10-05 06:07
청량리 제기동 일대 전통시장,POI081,서행,22.0,2026-10-05 06:05,12,2214.0,,2,21,0,0,,,,,,,,,,,,,,,,,,,,,,,,,,,,,,,,,,,2026-10-05 06:07
해방촌·경리단길,POI082,원활,37.0,2026-10-05 06:05,4,273.0,,0,26,0,0,,,,,,,,,,,,,,,,,,,,,,,,,,,,,,,,,,,2026-10-05 06:07
DDP(동대문디자인플라자),POI083,서행,21.0,2026-10-05 06:05,9,2596.0,131.0,3,7,3,0,,,,,,,,,,,,,,,,,,,,,,,,,,,,,,,,,,,2026-10-05 06:07
DMC(디지털미디어시티),POI084,원활,25.0,2026-10-05 06:05,25,9176.0,,4,44,0,0,,,,,,,,,,,,,,,,,,,,,,,,,,,,,,,,,,,2026-10-05 06:07
강서한강공원,POI085,원활,60.0,2026-10-05 06:05,2,106.0,3.0,0,0,0,0,,,,,,,,,,,,,,,,,,,,,,,,,,,,,,,,,,,2026-10-05 06:07
고척돔,POI086,원활,30.0,2026-10-05 06:05,0,,,0,2,3,0,,,,,,,,,,,,,,,,,,,,,,,,,,,,,,,,,,,2026-10-05 06:07
광나루한강공원,POI087,원활,66.0,2026-10-05 06:05,4,718.0,215.0,0,0,0,0,,,,,,,,,,,,,,,,,,,,,,,,,,,,,,,,,,,2026-10-05 06:07
광화문광장,POI088,원활,28.0,2026-10-05 06:05,3,2932.0,94.0,2,8,1,0,,,,,,,,,,,,,,,,,,,,,,,,,,,,,,,,,,,2026-10-05 06:07
국립중앙박물관·용산가족공원,POI089,원활,41.0,2026-10-05 06:05,4,931.0,,1,3,1,0,,,,,,,,,,,,,,,,,,,,,,,,,,,,,,,,,,,2026-10-05 06:07
난지한강공원,POI090,원활,61.0,2026-10-05 06:05,4,1240.0,0.0,0,4,0,0,,,,,,,,,,,,,,,,,,,,,,,,,,,,,,,,,,,2026-10-05 06:07
남산공원,POI091,원활,35.0,2026-10-05 06:05,33,2148.0,22.0,4,22,2,0,,,,,,,,,,,,,,,,,,,,,,,,,,,,,,,,,,,2026-10-05 06:07
노들섬,POI092,원활,48.0,2026-10-05 06:05,1,99.0,,0,2,2,0,,,,,,,,,,,,,,,,,,,,,,,,,,,,,,,,,,,2026-10-05 06:07
뚝섬한강공원,POI093,원활,59.0,2026-10-05 06:05,8,1342.0,165.0,1,1,1,0,,,,,,,,,,,,,,,,,,,,,,,,,,,,,,,,,,,2026-10-05 06:07
망원한강공원,POI094,원활,40.0,2026-10-05 06:05,2,458.0,0.0,2,5,0,0,,,,,,,,,,,,,,,,,,,,,,,,,,,,,,,,,,,2026-10-05 06:07
반포한강공원,POI095,원활,54.0,2026-10-05 06:05,9,1483.0,9.0,0,2,0,0,,,,,,,,,,,,,,,,,,,,,,,,,,,,,,,,,,,2026-10-05 06:07
북서울꿈의숲,POI096,서행,24.0,2026-10-05 06:05,3,549.0,,0,14,0,0,,,,,,,,,,,,,,,,,,,,,,,,,,,,,,,,,,,2026-10-05 06:07
서리풀공원·몽마르뜨공원,POI098,원활,28.0,2026-10-05 06:05,0,,,4,7,0,0,,,,,,,,,,,,,,,,,,,,,,,,,,,,,,,,,,,2026-10-05 06:07
서울대공원,POI100,원활,29.0,2026-10-05 06:05,0,,,0,0,0,0,,,,,,,,,,,,,,,,,,,,,,,,,,,,,,,,,,,2026-10-05 06:07
서울숲공원,POI101,원활,44.0,2026-10-05 06:05,2,996.0,,1,9,0,0,,,,,,,,,,,,,,,,,,,,,,,,,,,,,,,,,,,2026-10-05 06:07
아차산,POI102,원활,34.0,2026-10-05 06:05,0,,,0,3,0,0,,,,,,,,,,,,,,,,,,,,,,,,,,,,,,,,,,,2026-10-05 06:07
양화한강공원,POI103,원활,43.0,2026-10-05 06:05,6,1002.0,20.0,0,2,0,0,,,,,,,,,,,,,,,,,,,,,,,,,,,,,,,,,,,2026-10-05 06:07
어린이대공원,POI104,서행,22.0,2026-10-05 06:05,4,945.0,,2,9,0,0,,,,,,,,,,,,,,,,,,,,,,,,,,,,,,,,,,,2026-10-05 06:07
여의도한강공원,POI105,원활,42.0,2026-10-05 06:05,6,2866.0,48.0,1,3,0,0,,,,,,,,,,,,,,,,,,,,,,,,,,,,,,,,,,,2026-10-05 06:07
월드컵공원,POI106,원활,37.0,2026-10-05 06:05,9,3537.0,,4,27,0,0,,,,,,,,,,,,,,,,,,,,,,,,,,,,,,,,,,,2026-10-05 06:07
응봉산,POI107,원활,29.0,2026-10-05 06:05,3,88.0,,0,24,0,0,,,,,,,,,,,,,,,,,,,,,,,,,,,,,,,,,,,2026-10-05 06:07
이촌한강공원,POI108,원활,48.0,2026-10-05 06:05,2,514.0,0.0,0,2,0,0,,,,,,,,,,,,,,,,,,,,,,,,,,,,,,,,,,,2026-10-05 06:07
잠실종합운동장,POI109,원활,25.0,2026-10-05 06:05,1,876.0,,1,2,0,0,,,,,,,,,,,,,,,,,,,,,,,,,,,,,,,,,,,2026-10-05 06:07
잠실한강공원,POI110,원활,47.0,2026-10-05 06:05,4,1326.0,46.0,1,2,0,0,,,,,,,,,,,,,,,,,,,,,,,,,,,,,,,,,,,2026-10-05 06:07
잠원한강공원,POI111,원활,58.0,2026-10-05 06:05,3,1540.0,0.0,0,2,0,0,,,,,,,,,,,,,,,,,,,,,,,,,,,,,,,,,,,2026-10-05 06:07
청계산,POI112,원활,59.0,2026-10-05 06:05,0,,,0,4,0,0,,,,,,,,,,,,,,,,,,,,,,,,,,,,,,,,,,,2026-10-05 06:07
북창동 먹자골목,POI114,서행,19.0,2026-10-05 06:05,20,552.0,0.0,0,10,0,0,,,,,,,,,,,,,,,,,,,,,,,,,,,,,,,,,,,2026-10-05 06:07
남대문시장,POI115,서행,21.0,2026-10-05 06:05,16,1456.0,4.0,1,6,0,0,,,,,,,,,,,,,,,,,,,,,,,,,,,,,,,,,,,2026-10-05 06:07
익선동,POI116,서행,17.0,2026-10-05 06:05,10,187.0,1.0,3,9,1,0,,,,,,,,,,,,,,,,,,,,,,,,,,,,,,,,,,,2026-10-05 06:07
신정네거리역,POI117,서행,20.0,2026-10-05 06:05,3,119.0,,1,9,0,0,,,,,,,,,,,,,,,,,,,,,,,,,,,,,,,,,,,2026-10-05 06:07
잠실새내역,POI118,서행,23.0,2026-10-05 06:05,31,1541.0,,1,10,0,0,,,,,,,,,,,,,,,,,,,,,,,,,,,,,,,,,,,2026-10-05 06:07
잠실역,POI119,서행,24.0,2026-10-05 06:05,5,6749.0,63.0,2,18,0,0,,,,,,,,,,,,,,,,,,,,,,,,,,,,,,,,,,,2026-10-05 06:07
잠실롯데타워·석촌호수,POI120,서행,23.0,2026-10-05 06:05,33,9281.0,63.0,3,0,2,0,,,,,,,,,,,,,,,,,,,,,,,,,,,,,,,,,,,2026-10-05 06:07
송리단길·호수단길,POI121,원활,25.0,2026-10-05 06:05,21,878.0,,3,12,0,0,,,,,,,,,,,,,,,,,,,,,,,,,,,,,,,,,,,2026-10-05 06:07
신촌 스타광장,POI122,서행,19.0,2026-10-05 06:05,4,235.0,,1,4,0,0,,,,,,,,,,,,,,,,,,,,,,,,,,,,,,,,,,,2026-10-05 06:07
보라매공원,POI123,서행,21.0,2026-10-05 06:05,1,78.0,,2,4,0,0,,,,,,,,,,,,,,,,,,,,,,,,,,,,,,,,,,,2026-10-05 06:07
서대문독립공원,POI124,원활,31.0,2026-10-05 06:05,2,150.0,,1,14,0,0,,,,,,,,,,,,,,,,,,,,,,,,,,,,,,,,,,,2026-10-05 06:07
안양천,POI125,원활,48.0,2026-10-05 06:05,1,294.0,,0,1,0,0,,,,,,,,,,,,,,,,,,,,,,,,,,,,,,,,,,,2026-10-05 06:07
여의서로,POI126,원활,34.0,2026-10-05 06:05,2,168.0,38.0,0,0,0,0,,,,,,,,,,,,,,,,,,,,,,,,,,,,,,,,,,,2026-10-05 06:07
올림픽공원,POI127,원활,29.0,2026-10-05 06:05,4,2716.0,,4,16,4,0,,,,,,,,,,,,,,,,,,,,,,,,,,,,,,,,,,,2026-10-05 06:07
홍제폭포,POI128,원활,38.0,2026-10-05 06:05,0,,,0,0,0,0,,,,,,,,,,,,,,,,,,,,,,,,,,,,,,,,,,,2026-10-05 06:07
송현녹지광장,POI129,서행,23.0,2026-10-05 06:05,4,1546.0,,1,22,5,0,,,,,,,,,,,,,,,,,,,,,,,,,,,,,,,,,,,2026-10-05 06:07
시의회 앞,POI130,서행,24.0,2026-10-05 06:05,9,1723.0,,3,19,3,0,,,,,,,,,,,,,,,,,,,,,,,,,,,,,,,,,,,2026-10-05 06:07
강남 MICE 관광특구,POI001,서행,19.0,2026-10-05 07:05,3,4428.0,,2.0,6.0,0,0,250,300,1100,1200,100,150,550,600,30,40,150,200,20,30,90,100,20261005,40,50,90,100,0,10,30,40,0,0,0,10,0,0,0,10,20261005,2026-10-05 07:07
동대문 관광특구,POI002,서행,20.0,2026-10-05 07:05,47,8302.0,132.0,7.0,32.0,4,0,2200,2300,1400,1500,450,500,850,900,150,200,300,350,100,150,200,250,20261005,850,900,300,350,90,100,80,90,20,30,20,30,0,10,0,10,20261005,2026-10-05 07:07
명동 관광특구,POI003,서행,20.0,2026-10-05 07:05,93,12070.0,7.0,7.0,54.0,3,1,700,750,2500,2600,250,300,1400,1500,100,150,550,600,60,70,250,300,20261005,450,500,1000,1100,100,150,300,350,20,30,100,150,0,10,50,60,20261005,2026-10-05 07:07
이태원 관광특구,POI004,서행,20.0,2026-10-05 07:05,8,853.0,,3.0,17.0,0,0,2000,2100,1100,1200,500,550,650,700,100,150,150,200,70,80,100,150,20261005,250,300,200,250,50,60,100,150,20,30,50,60,0,10,10,20,20261005,2026-10-05 07:07
잠실 관광특구,POI005,서행,24.0,2026-10-05 07:05,37,11997.0,68.0,6.0,50.0,6,0,1300,1400,1100,1200,550,600,600,650,150,200,150,200,90,100,100,150,20261005,250,300,400,450,100,150,100,150,30,40,40,50,10,20,10,20,20261005,2026-10-05 07:07
종로·청계 관광특구,POI006,서행,21.0,2026-10-05 07:05,48,2496.0,68.0,10.0,62.0,0,0,2200,2300,2400,2500,550,600,1400,1500,200,250,500,550,100,150,300,350,20261005,1400,1500,950,1000,200,250,250,300,70,80,100,150,30,40,40,50,20261005,2026-10-05 07:07
홍대 관광특구,POI007,서행,17.0,2026-10-05 07:05,51,3098.0,,8.0,70.0,0,0,3500,3600,1200,1300,1000,1100,700,750,300,350,250,300,150,200,100,150,20261005,900,950,450,500,200,250,150,200,60,70,50,60,30,40,30,40,20261005,2026-10-05 07:07
경복궁,POI008,서행,21.0,2026-10-05 07:05,2,267.0,,1.0,11.0,0,0,100,150,150,200,40,50,100,150,20,30,20,30,10,20,10,20,20261005,0,0,0,0,0,0,0,0,0,0,0,0,0,0,0,0,20261005,2026-10-05 07:07
광화문·덕수궁,POI009,서행,21.0,2026-10-05 07:05,29,7988.0,112.0,4.0,41.0,5,1,400,450,1100,1200,150,200,700,750,60,70,250,300,40,50,150,200,20261005,300,350,450,500,100,150,100,150,30,40,30,40,20,30,10,20,20261005,2026-10-05 07:07
보신각,POI010,서행,19.0,2026-10-05 07:05,14,2572.0,10.0,1.0,14.0,0,0,200,250,350,400,50,60,250,300,10,20,80,90,10,20,60,70,20261005,200,250,200,250,40,50,70,80,10,20,30,40,0,10,10,20,20261005,2026-10-05 07:07
서울 암사동 유적,POI011,서행,24.0,2026-10-05 07:05,1,108.0,,0.0,3.0,0,0,,,,,,,,,,,,,,,,,,0,0,0,0,0,0,0,0,0,0,0,0,0,0,0,0,20261005,2026-10-05 07:07
창덕궁·종묘,POI012,서행,21.0,2026-10-05 07:05,16,3155.0,263.0,4.0,19.0,1,0,550,600,1000,1100,200,250,600,650,90,100,200,250,40,50,100,150,20261005,60,70,150,200,20,30,50,60,0,10,10,20,0,10,0,10,20261005,2026-10-05 07:07
가산디지털단지역,POI013,원활,26.0,2026-10-05 07:05,20,8291.0,,2.0,71.0,0,0,650,700,250,300,150,200,150,200,50,60,50,60,20,30,30,40,20261005,150,200,250,300,60,70,100,150,10,20,30,40,0,10,0,10,20261005,2026-10-05 07:07
강남역,POI014,서행,20.0,2026-10-05 07:05,95,7876.0,,4.0,55.0,0,0,1000,1100,950,1000,450,500,550,600,100,150,100,150,80,90,100,150,20261005,550,600,500,550,150,200,150,200,60,70,40,50,20,30,10,20,20261005,2026-10-05 07:07
건대입구역,POI015,서행,24.0,2026-10-05 07:05,23,6603.0,,2.0,11.0,1,0,900,950,450,500,250,300,250,300,80,90,60,70,50,60,20,30,20261005,150,200,150,200,60,70,40,50,20,30,10,20,0,10,0,10,20261005,2026-10-05 07:07
고덕역,POI016,원활,26.0,2026-10-05 07:05,15,1615.0,,1.0,5.0,0,0,100,150,100,150,40,50,50,60,10,20,20,30,0,10,20,30,20261005,20,30,30,40,0,10,0,10,0,10,0,0,0,0,0,0,20261005,2026-10-05 07:07
고속터미널역,POI017,원활,32.0,2026-10-05 07:05,3,4291.0,,3.0,10.0,0,0,500,550,1200,1300,150,200,700,750,40,50,150,200,20,30,80,90,20261005,300,350,500,550,100,150,100,150,40,50,50,60,10,20,10,20,20261005,2026-10-05 07:07
교대역,POI018,서행,20.0,2026-10-05 07:05,14,760.0,,2.0,13.0,0,0,250,300,450,500,100,150,300,350,30,40,80,90,20,30,40,50,20261005,90,100,60,70,30,40,10,20,0,10,0,10,0,0,0,10,20261005,2026-10-05 07:07
구로디지털단지역,POI019,서행,21.0,2026-10-05 07:05,20,6911.0,,1.0,29.0,0,0,1500,1600,450,500,350,400,250,300,100,150,30,40,70,80,30,40,20261005,100,150,100,150,50,60,40,50,10,20,10,20,0,10,0,10,20261005,2026-10-05 07:07
구로역,POI020,원활,28.0,2026-10-05 07:05,3,1047.0,,1.0,5.0,0,0,1100,1200,200,250,100,150,90,100,50,60,40,50,30,40,20,30,20261005,40,50,250,300,10,20,20,30,0,10,10,20,0,10,10,20,20261005,2026-10-05 07:07
군자역,POI021,서행,18.0,2026-10-05 07:05,11,573.0,,2.0,16.0,0,0,650,700,250,300,200,250,150,200,60,70,50,60,30,40,20,30,20261005,200,250,150,200,50,60,60,70,10,20,10,20,0,10,0,10,20261005,2026-10-05 07:07
대림역,POI023,서행,19.0,2026-10-05 07:05,4,221.0,,2.0,29.0,0,0,1800,1900,350,400,350,400,200,250,100,150,50,60,60,70,20,30,20261005,250,300,250,300,60,70,90,100,10,20,20,30,0,10,10,20,20261005,2026-10-05 07:07
동대문역,POI024,서행,20.0,2026-10-05 07:05,17,892.0,0.0,2.0,7.0,0,0,850,900,550,600,150,200,300,350,50,60,100,150,30,40,80,90,20261005,350,400,250,300,60,70,80,90,20,30,30,40,10,20,10,20,20261005,2026-10-05 07:07
뚝섬역,POI025,서행,20.0,2026-10-05 07:05,9,767.0,,1.0,4.0,1,0,150,200,200,250,60,70,100,150,10,20,50,60,10,20,30,40,20261005,20,30,40,50,0,10,10,20,0,10,0,10,0,0,0,0,20261005,2026-10-05 07:07
미아사거리역,POI026,서행,19.0,2026-10-05 07:05,11,1409.0,,1.0,29.0,0,0,650,700,200,250,200,250,100,150,70,80,40,50,20,30,30,40,20261005,600,650,650,700,150,200,200,250,60,70,70,80,30,40,20,30,20261005,2026-10-05 07:07
발산역,POI027,서행,19.0,2026-10-05 07:05,13,2880.0,,1.0,37.0,0,0,200,250,200,250,80,90,150,200,30,40,40,50,20,30,40,50,20261005,150,200,150,200,40,50,60,70,10,20,20,30,0,10,0,10,20261005,2026-10-05 07:07
사당역,POI029,서행,21.0,2026-10-05 07:05,13,520.0,,2.0,17.0,1,0,1100,1200,900,950,450,500,550,600,100,150,150,200,80,90,90,100,20261005,150,200,200,250,50,60,80,90,20,30,20,30,0,10,10,20,20261005,2026-10-05 07:07
삼각지역,POI030,원활,28.0,2026-10-05 07:05,0,,,2.0,7.0,0,0,150,200,200,250,70,80,100,150,10,20,20,30,0,10,10,20,20261005,300,350,200,250,70,80,40,50,20,30,10,20,0,10,0,10,20261005,2026-10-05 07:07
서울대입구역,POI031,서행,24.0,2026-10-05 07:05,2,52.0,,1.0,15.0,0,0,1100,1200,300,350,300,350,200,250,100,150,80,90,80,90,40,50,20261005,500,550,550,600,150,200,150,200,60,70,70,80,20,30,30,40,20261005,2026-10-05 07:07
서울식물원·마곡나루역,POI032,서행,18.0,2026-10-05 07:05,2,2651.0,,2.0,15.0,2,0,300,350,200,250,100,150,100,150,30,40,50,60,20,30,30,40,20261005,10,20,30,40,0,10,10,20,0,0,0,10,0,0,0,0,20261005,2026-10-05 07:07
서울역,POI033,서행,22.0,2026-10-05 07:05,23,3968.0,0.0,8.0,34.0,1,0,1700,1800,3100,3200,650,700,1900,2000,200,250,600,650,100,150,350,400,20261005,600,650,1200,1300,100,150,300,350,50,60,100,150,30,40,60,70,20261005,2026-10-05 07:07
선릉역,POI034,서행,20.0,2026-10-05 07:05,94,11160.0,25.0,4.0,20.0,0,0,500,550,1300,1400,200,250,750,800,60,70,150,200,30,40,100,150,20261005,150,200,200,250,70,80,60,70,20,30,20,30,0,10,10,20,20261005,2026-10-05 07:07
성신여대입구역,POI035,서행,19.0,2026-10-05 07:05,2,38.0,,2.0,9.0,0,0,350,400,150,200,150,200,80,90,50,60,20,30,30,40,10,20,20261005,300,350,300,350,90,100,100,150,20,30,20,30,0,10,0,10,20261005,2026-10-05 07:07
수유역,POI036,서행,19.0,2026-10-05 07:05,8,802.0,,1.0,32.0,0,0,1000,1100,300,350,350,400,200,250,100,150,70,80,70,80,70,80,20261005,800,850,850,900,200,250,300,350,90,100,90,100,30,40,40,50,20261005,2026-10-05 07:07
신논현역·논현역,POI037,서행,22.0,2026-10-05 07:05,32,1053.0,,3.0,13.0,0,0,550,600,400,450,250,300,300,350,60,70,90,100,30,40,50,60,20261005,250,300,200,250,70,80,70,80,20,30,20,30,10,20,0,10,20261005,2026-10-05 07:07
신도림역,POI038,원활,42.0,2026-10-05 07:05,1,1644.0,,2.0,2.0,0,0,1500,1600,550,600,300,350,250,300,100,150,80,90,60,70,60,70,20261005,100,150,300,350,10,20,40,50,0,10,10,20,0,0,0,0,20261005,2026-10-05 07:07
신림역,POI039,서행,19.0,2026-10-05 07:05,2,282.0,,2.0,15.0,0,0,1800,1900,500,550,650,700,250,300,200,250,90,100,100,150,80,90,20261005,700,750,1000,1100,200,250,350,400,70,80,100,150,30,40,60,70,20261005,2026-10-05 07:07
신촌·이대역,POI040,서행,19.0,2026-10-05 07:05,25,1943.0,64.0,4.0,41.0,0,0,600,650,350,400,200,250,200,250,50,60,70,80,30,40,40,50,20261005,500,550,550,600,150,200,100,150,50,60,30,40,20,30,10,20,20261005,2026-10-05 07:07
양재역,POI041,서행,24.0,2026-10-05 07:05,16,1881.0,,2.0,27.0,0,0,300,350,550,600,100,150,400,450,30,40,100,150,20,30,100,150,20261005,300,350,250,300,150,200,100,150,60,70,30,40,30,40,10,20,20261005,2026-10-05 07:07
역삼역,POI042,서행,21.0,2026-10-05 07:05,47,7473.0,1.0,1.0,10.0,0,0,200,250,400,450,100,150,250,300,30,40,100,150,10,20,50,60,20261005,150,200,150,200,60,70,60,70,20,30,20,30,0,10,10,20,20261005,2026-10-05 07:07
연신내역,POI043,서행,21.0,2026-10-05 07:05,5,208.0,,3.0,14.0,0,0,1200,1300,450,500,400,450,300,350,100,150,50,60,70,80,20,30,20261005,250,300,250,300,100,150,100,150,30,40,50,60,10,20,10,20,20261005,2026-10-05 07:07
오목교역·목동운동장,POI044,원활,30.0,2026-10-05 07:05,14,5304.0,,1.0,33.0,0,0,200,250,150,200,70,80,90,100,20,30,20,30,10,20,10,20,20261005,200,250,300,350,70,80,100,150,30,40,30,40,10,20,10,20,20261005,2026-10-05 07:07
왕십리역,POI045,서행,20.0,2026-10-05 07:05,4,1478.0,,5.0,22.0,0,0,800,850,450,500,250,300,250,300,80,90,70,80,50,60,40,50,20261005,70,80,150,200,20,30,50,60,0,0,10,20,0,0,0,10,20261005,2026-10-05 07:07
용산역,POI046,원활,25.0,2026-10-05 07:05,11,5014.0,92.0,2.0,33.0,0,0,300,350,800,850,100,150,450,500,30,40,150,200,20,30,70,80,20261005,200,250,200,250,90,100,60,70,10,20,20,30,0,10,0,10,20261005,2026-10-05 07:07
이태원역,POI047,정체,12.0,2026-10-05 07:05,4,66.0,,1.0,9.0,0,0,1800,1900,750,800,400,450,450,500,100,150,100,150,60,70,100,150,20261005,150,200,60,70,30,40,20,30,10,20,0,10,0,0,0,10,20261005,2026-10-05 07:07
장지역,POI048,서행,23.0,2026-10-05 07:05,4,10611.0,,1.0,20.0,0,0,200,250,150,200,90,100,90,100,30,40,20,30,10,20,20,30,20261005,100,150,100,150,30,40,50,60,10,20,10,20,0,10,0,10,20261005,2026-10-05 07:07
장한평역,POI049,원활,25.0,2026-10-05 07:05,15,847.0,,1.0,16.0,0,0,350,400,250,300,150,200,150,200,50,60,70,80,40,50,30,40,20261005,250,300,350,400,90,100,100,150,30,40,30,40,0,10,10,20,20261005,2026-10-05 07:07
천호역,POI050,서행,20.0,2026-10-05 07:05,14,3331.0,,2.0,12.0,0,0,800,850,350,400,150,200,200,250,70,80,50,60,30,40,50,60,20261005,70,80,200,250,40,50,60,70,20,30,20,30,10,20,10,20,20261005,2026-10-05 07:07
총신대입구(이수)역,POI051,서행,18.0,2026-10-05 07:05,7,533.0,,2.0,18.0,0,0,600,650,400,450,200,250,200,250,60,70,50,60,30,40,30,40,20261005,150,200,150,200,80,90,80,90,20,30,30,40,10,20,10,20,20261005,2026-10-05 07:07
충정로역,POI052,서행,23.0,2026-10-05 07:05,5,834.0,,2.0,19.0,0,0,200,250,200,250,80,90,100,150,30,40,20,30,10,20,20,30,20261005,100,150,100,150,40,50,20,30,10,20,0,10,0,10,0,10,20261005,2026-10-05 07:07
합정역,POI053,서행,24.0,2026-10-05 07:05,6,207.0,,2.0,30.0,0,0,950,1000,450,500,250,300,200,250,80,90,70,80,50,60,40,50,20261005,350,400,150,200,70,80,60,70,20,30,20,30,10,20,0,10,20261005,2026-10-05 07:07
혜화역,POI054,서행,20.0,2026-10-05 07:05,24,955.0,,1.0,12.0,2,0,200,250,300,350,60,70,200,250,20,30,50,60,10,20,30,40,20261005,200,250,200,250,40,50,60,70,20,30,20,30,0,10,0,10,20261005,2026-10-05 07:07
홍대입구역(2호선),POI055,서행,16.0,2026-10-05 07:05,16,1196.0,,1.0,17.0,0,0,1400,1500,400,450,400,450,250,300,100,150,90,100,70,80,40,50,20261005,450,500,300,350,90,100,100,150,20,30,30,40,10,20,10,20,20261005,2026-10-05 07:07
회기역,POI056,서행,21.0,2026-10-05 07:05,21,408.0,,1.0,22.0,0,0,500,550,250,300,150,200,150,200,50,60,50,60,20,30,20,30,20261005,400,450,500,550,150,200,150,200,40,50,50,60,20,30,30,40,20261005,2026-10-05 07:07
가락시장,POI058,원활,25.0,2026-10-05 07:05,4,2884.0,,2.0,16.0,0,0,400,450,300,350,150,200,150,200,50,60,60,70,30,40,30,40,20261005,300,350,300,350,100,150,90,100,40,50,30,40,10,20,10,20,20261005,2026-10-05 07:07
가로수길,POI059,원활,29.0,2026-10-05 07:05,51,2767.0,29.0,2.0,14.0,0,0,400,450,600,650,150,200,350,400,50,60,100,150,30,40,100,150,20261005,80,90,150,200,30,40,50,60,10,20,10,20,0,10,0,10,20261005,2026-10-05 07:07
광장(전통)시장,POI060,서행,19.0,2026-10-05 07:05,7,103.0,4.0,1.0,11.0,0,0,80,90,450,500,20,30,250,300,10,20,100,150,0,10,50,60,20261005,40,50,150,200,10,20,50,60,0,10,20,30,0,10,10,20,20261005,2026-10-05 07:07
김포공항,POI061,원활,31.0,2026-10-05 07:05,6,16594.0,,6.0,27.0,0,0,300,350,1000,1100,100,150,500,550,20,30,200,250,10,20,100,150,20261005,30,40,100,150,10,20,50,60,0,0,10,20,0,0,0,10,20261005,2026-10-05 07:07
노량진,POI063,서행,24.0,2026-10-05 07:05,11,1218.0,,3.0,22.0,1,0,1100,1200,600,650,300,350,350,400,100,150,90,100,70,80,50,60,20261005,400,450,800,850,150,200,250,300,50,60,90,100,30,40,40,50,20261005,2026-10-05 07:07
덕수궁길·정동길,POI064,서행,24.0,2026-10-05 07:05,10,620.0,,3.0,10.0,0,0,300,350,1000,1100,100,150,600,650,30,40,200,250,10,20,90,100,20261005,100,150,150,200,20,30,60,70,0,10,20,30,0,0,0,0,20261005,2026-10-05 07:07
북촌한옥마을,POI066,서행,21.0,2026-10-05 07:05,16,1756.0,,1.0,55.0,5,0,80,90,200,250,20,30,150,200,0,10,70,80,0,10,20,30,20261005,100,150,200,250,40,50,90,100,10,20,30,40,10,20,10,20,20261005,2026-10-05 07:07
서촌,POI067,서행,19.0,2026-10-05 07:05,9,308.0,,1.0,32.0,0,0,100,150,150,200,40,50,100,150,20,30,20,30,10,20,10,20,20261005,100,150,150,200,70,80,80,90,10,20,30,40,0,10,10,20,20261005,2026-10-05 07:07
성수카페거리,POI068,서행,19.0,2026-10-05 07:05,28,2824.0,,2.0,35.0,1,0,450,500,1200,1300,150,200,750,800,40,50,200,250,20,30,100,150,20261005,100,150,200,250,60,70,90,100,10,20,20,30,0,10,0,10,20261005,2026-10-05 07:07
쌍문역,POI070,서행,22.0,2026-10-05 07:05,8,345.0,,1.0,18.0,0,0,1000,1100,150,200,350,400,100,150,100,150,10,20,80,90,10,20,20261005,300,350,400,450,80,90,150,200,30,40,50,60,20,30,20,30,20261005,2026-10-05 07:07
압구정로데오거리,POI071,서행,23.0,2026-10-05 07:05,55,1976.0,2.0,1.0,16.0,1,0,100,150,200,250,60,70,150,200,20,30,20,30,10,20,0,0,20261005,100,150,200,250,50,60,80,90,10,20,30,40,0,0,0,10,20261005,2026-10-05 07:07
여의도,POI072,원활,27.0,2026-10-05 07:05,116,24820.0,299.0,9.0,63.0,2,2,1100,1200,1900,2000,300,350,1300,1400,100,150,550,600,60,70,300,350,20261005,550,600,1300,1400,200,250,550,600,60,70,200,250,10,20,70,80,20261005,2026-10-05 07:07
연남동,POI073,서행,20.0,2026-10-05 07:05,45,132.0,,0.0,20.0,0,0,,,,,,,,,,,,,,,,,,150,200,100,150,50,60,30,40,10,20,10,20,0,10,0,10,20261005,2026-10-05 07:07
영등포 타임스퀘어,POI074,서행,21.0,2026-10-05 07:05,10,1195.0,50.0,3.0,24.0,1,0,1200,1300,600,650,250,300,250,300,90,100,80,90,50,60,50,60,20261005,350,400,450,500,100,150,100,150,20,30,40,50,0,10,10,20,20261005,2026-10-05 07:07
용리단길,POI076,원활,27.0,2026-10-05 07:05,0,,,3.0,7.0,0,0,200,250,350,400,100,150,200,250,20,30,50,60,10,20,30,40,20261005,70,80,200,250,20,30,60,70,10,20,20,30,0,10,0,10,20261005,2026-10-05 07:07
이태원 앤틱가구거리,POI077,서행,20.0,2026-10-05 07:05,4,51.0,,1.0,13.0,0,0,1800,1900,750,800,400,450,450,500,100,150,100,150,60,70,100,150,20261005,200,250,150,200,40,50,100,150,20,30,50,60,0,10,0,10,20261005,2026-10-05 07:07
인사동,POI078,서행,19.0,2026-10-05 07:05,21,2465.0,1.0,2.0,26.0,3,0,300,350,550,600,80,90,400,450,20,30,150,200,10,20,90,100,20261005,400,450,250,300,100,150,90,100,30,40,20,30,0,10,0,10,20261005,2026-10-05 07:07
창동 신경제 중심지,POI079,서행,21.0,2026-10-05 07:05,46,4927.0,9.0,4.0,55.0,5,0,1500,1600,700,750,500,550,300,350,100,150,150,200,80,90,50,60,20261005,350,400,400,450,100,150,150,200,20,30,50,60,10,20,20,30,20261005,2026-10-05 07:07
청담동 명품거리,POI080,서행,23.0,2026-10-05 07:05,16,910.0,,1.0,10.0,0,0,100,150,200,250,60,70,150,200,20,30,20,30,10,20,0,0,20261005,40,50,100,150,20,30,40,50,0,10,10,20,0,0,0,10,20261005,2026-10-05 07:07
청량리 제기동 일대 전통시장,POI081,서행,22.0,2026-10-05 07:05,12,2214.0,,2.0,23.0,0,0,700,750,550,600,200,250,300,350,50,60,80,90,40,50,50,60,20261005,700,750,1100,1200,150,200,300,350,70,80,100,150,30,40,50,60,20261005,2026-10-05 07:07
해방촌·경리단길,POI082,원활,33.0,2026-10-05 07:05,4,273.0,,0.0,26.0,0,0,,,,,,,,,,,,,,,,,,100,150,60,70,60,70,40,50,10,20,10,20,0,10,0,10,20261005,2026-10-05 07:07
DDP(동대문디자인플라자),POI083,서행,19.0,2026-10-05 07:05,9,2596.0,116.0,3.0,11.0,3,0,600,650,450,500,100,150,300,350,40,50,90,100,20,30,50,60,20261005,300,350,100,150,10,20,20,30,0,0,0,10,0,0,0,0,20261005,2026-10-05 07:07
DMC(디지털미디어시티),POI084,서행,23.0,2026-10-05 07:05,25,9176.0,,4.0,68.0,0,0,550,600,450,500,200,250,250,300,60,70,70,80,30,40,50,60,20261005,150,200,150,200,60,70,80,90,20,30,30,40,0,10,10,20,20261005,2026-10-05 07:07
강서한강공원,POI085,원활,58.0,2026-10-05 07:05,2,106.0,12.0,0.0,1.0,0,0,,,,,,,,,,,,,,,,,,0,0,0,0,0,0,0,0,0,0,0,0,0,0,0,0,20261005,2026-10-05 07:07
고척돔,POI086,원활,33.0,2026-10-05 07:05,0,,,1.0,3.0,3,0,150,200,100,150,60,70,50,60,20,30,20,30,10,20,20,30,20261005,100,150,80,90,20,30,20,30,0,10,10,20,0,10,0,10,20261005,2026-10-05 07:07
광나루한강공원,POI087,원활,67.0,2026-10-05 07:05,4,718.0,230.0,0.0,0.0,0,0,,,,,,,,,,,,,,,,,,,,,,,,,,,,,,,,,,,2026-10-05 07:07
광화문광장,POI088,서행,23.0,2026-10-05 07:05,3,2932.0,112.0,2.0,12.0,1,0,200,250,400,450,80,90,250,300,30,40,90,100,20,30,70,80,20261005,100,150,150,200,50,60,50,60,20,30,0,10,10,20,0,10,20261005,2026-10-05 07:07
국립중앙박물관·용산가족공원,POI089,원활,36.0,2026-10-05 07:05,4,931.0,,3.0,3.0,1,0,200,250,300,350,100,150,200,250,40,50,80,90,10,20,30,40,20261005,0,10,10,20,0,10,0,10,0,0,0,0,0,0,0,0,20261005,2026-10-05 07:07
난지한강공원,POI090,원활,60.0,2026-10-05 07:05,4,1240.0,0.0,0.0,7.0,0,0,,,,,,,,,,,,,,,,,,0,0,0,0,0,0,0,0,0,0,0,0,0,0,0,0,20261005,2026-10-05 07:07
남산공원,POI091,원활,33.0,2026-10-05 07:05,33,2148.0,22.0,5.0,37.0,2,0,450,500,1100,1200,150,200,750,800,70,80,250,300,50,60,100,150,20261005,80,90,150,200,30,40,70,80,20,30,40,50,10,20,10,20,20261005,2026-10-05 07:07
노들섬,POI092,원활,39.0,2026-10-05 07:05,1,99.0,,0.0,4.0,2,0,,,,,,,,,,,,,,,,,,20,30,40,50,0,10,10,20,0,10,0,10,0,0,0,0,20261005,2026-10-05 07:07
뚝섬한강공원,POI093,원활,59.0,2026-10-05 07:05,8,1342.0,184.0,1.0,1.0,1,0,200,250,80,90,90,100,40,50,20,30,10,20,0,10,0,10,20261005,0,0,0,0,0,0,0,0,0,0,0,0,0,0,0,0,20261005,2026-10-05 07:07
망원한강공원,POI094,원활,41.0,2026-10-05 07:05,2,458.0,0.0,2.0,10.0,0,0,950,1000,450,500,250,300,200,250,80,90,70,80,50,60,40,50,20261005,300,350,150,200,50,60,50,60,20,30,10,20,10,20,0,10,20261005,2026-10-05 07:07
반포한강공원,POI095,원활,48.0,2026-10-05 07:05,9,1483.0,9.0,0.0,6.0,0,0,,,,,,,,,,,,,,,,,,0,0,0,10,0,0,0,0,0,0,0,0,0,0,0,0,20261005,2026-10-05 07:07
북서울꿈의숲,POI096,서행,21.0,2026-10-05 07:05,3,549.0,,0.0,17.0,0,0,,,,,,,,,,,,,,,,,,100,150,30,40,30,40,10,20,0,10,0,10,0,10,0,10,20261005,2026-10-05 07:07
서리풀공원·몽마르뜨공원,POI098,원활,27.0,2026-10-05 07:05,0,,,4.0,7.0,0,0,650,700,1300,1400,250,300,750,800,70,80,200,250,40,50,100,150,20261005,300,350,500,550,100,150,100,150,30,40,50,60,10,20,10,20,20261005,2026-10-05 07:07
서울대공원,POI100,원활,27.0,2026-10-05 07:05,0,,,1.0,0.0,0,0,0,10,100,150,0,0,70,80,0,0,40,50,0,0,0,10,20261005,,,,,,,,,,,,,,,,,,2026-10-05 07:07
서울숲공원,POI101,원활,42.0,2026-10-05 07:05,2,996.0,,1.0,9.0,0,0,100,150,100,150,30,40,100,150,0,10,0,10,0,10,0,0,20261005,0,10,30,40,0,0,10,20,0,0,0,10,0,0,0,10,20261005,2026-10-05 07:07
아차산,POI102,원활,35.0,2026-10-05 07:05,0,,,0.0,3.0,0,0,,,,,,,,,,,,,,,,,,0,10,0,0,0,10,0,0,0,0,0,0,0,0,0,0,20261005,2026-10-05 07:07
양화한강공원,POI103,원활,41.0,2026-10-05 07:05,6,1002.0,30.0,0.0,5.0,0,0,,,,,,,,,,,,,,,,,,0,0,0,10,0,0,0,10,0,0,0,10,0,0,0,0,20261005,2026-10-05 07:07
어린이대공원,POI104,원활,26.0,2026-10-05 07:05,4,945.0,,2.0,9.0,0,0,550,600,250,300,200,250,150,200,60,70,30,40,30,40,30,40,20261005,60,70,90,100,30,40,30,40,10,20,10,20,0,0,0,10,20261005,2026-10-05 07:07
여의도한강공원,POI105,원활,42.0,2026-10-05 07:05,6,2866.0,212.0,1.0,3.0,0,0,70,80,100,150,20,30,60,70,10,20,10,20,0,10,10,20,20261005,20,30,20,30,10,20,0,10,0,10,0,0,0,10,0,0,20261005,2026-10-05 07:07
월드컵공원,POI106,원활,35.0,2026-10-05 07:05,9,3537.0,,4.0,34.0,0,0,550,600,600,650,200,250,350,400,70,80,100,150,40,50,80,90,20261005,50,60,50,60,20,30,40,50,0,10,10,20,0,10,0,10,20261005,2026-10-05 07:07
응봉산,POI107,원활,25.0,2026-10-05 07:05,3,88.0,,1.0,24.0,0,0,70,80,20,30,20,30,10,20,10,20,0,10,0,10,0,10,20261005,50,60,40,50,10,20,10,20,0,10,0,10,0,0,0,10,20261005,2026-10-05 07:07
이촌한강공원,POI108,원활,47.0,2026-10-05 07:05,2,514.0,0.0,0.0,4.0,0,0,,,,,,,,,,,,,,,,,,0,0,0,10,0,0,0,10,0,0,0,0,0,0,0,0,20261005,2026-10-05 07:07
잠실종합운동장,POI109,원활,28.0,2026-10-05 07:05,1,876.0,,2.0,4.0,0,0,100,150,450,500,50,60,250,300,20,30,30,40,10,20,0,10,20261005,70,80,70,80,10,20,20,30,0,10,0,10,0,0,0,10,20261005,2026-10-05 07:07
잠실한강공원,POI110,원활,48.0,2026-10-05 07:05,4,1326.0,45.0,1.0,9.0,0,0,150,200,150,200,70,80,90,100,10,20,20,30,10,20,10,20,20261005,0,10,30,40,0,10,10,20,0,0,0,10,0,0,0,0,20261005,2026-10-05 07:07
잠원한강공원,POI111,원활,54.0,2026-10-05 07:05,3,1540.0,0.0,0.0,5.0,0,0,,,,,,,,,,,,,,,,,,10,20,10,20,0,10,0,10,0,0,0,10,0,0,0,0,20261005,2026-10-05 07:07
청계산,POI112,원활,61.0,2026-10-05 07:05,0,,,0.0,9.0,0,0,,,,,,,,,,,,,,,,,,0,10,0,0,0,0,0,0,0,0,0,0,0,0,0,0,20261005,2026-10-05 07:07
북창동 먹자골목,POI114,서행,17.0,2026-10-05 07:05,20,552.0,0.0,0.0,11.0,0,0,,,,,,,,,,,,,,,,,,80,90,150,200,10,20,60,70,0,10,30,40,0,0,10,20,20261005,2026-10-05 07:07
남대문시장,POI115,서행,20.0,2026-10-05 07:05,16,1456.0,4.0,1.0,7.0,0,0,,,,,,,,,,,,,,,,,,60,70,200,250,10,20,70,80,0,10,30,40,0,0,10,20,20261005,2026-10-05 07:07
익선동,POI116,서행,17.0,2026-10-05 07:05,10,187.0,1.0,3.0,11.0,1,0,450,500,600,650,150,200,300,350,80,90,70,80,30,40,60,70,20261005,250,300,150,200,40,50,50,60,10,20,10,20,0,10,0,10,20261005,2026-10-05 07:07
신정네거리역,POI117,서행,20.0,2026-10-05 07:05,3,119.0,,1.0,9.0,0,0,,,,,,,,,,,,,,,,,,,,,,,,,,,,,,,,,,,2026-10-05 07:07
잠실새내역,POI118,서행,21.0,2026-10-05 07:05,31,1541.0,,1.0,18.0,0,0,200,250,100,150,50,60,60,70,10,20,0,10,10,20,0,10,20261005,100,150,150,200,40,50,50,60,10,20,20,30,0,10,10,20,20261005,2026-10-05 07:07
잠실역,POI119,서행,22.0,2026-10-05 07:05,5,6749.0,68.0,2.0,21.0,0,0,,,,,,,,,,,,,,,,,,300,350,450,500,100,150,150,200,30,40,40,50,10,20,10,20,20261005,2026-10-05 07:07
잠실롯데타워·석촌호수,POI120,서행,21.0,2026-10-05 07:05,33,9281.0,68.0,3.0,0.0,2,0,,,,,,,,,,,,,,,,,,,,,,,,,,,,,,,,,,,2026-10-05 07:07
송리단길·호수단길,POI121,서행,22.0,2026-10-05 07:05,21,878.0,,1.0,15.0,0,0,100,150,80,90,40,50,40,50,10,20,20,30,0,10,10,20,20261005,200,250,200,250,60,70,60,70,20,30,20,30,0,10,0,10,20261005,2026-10-05 07:07
신촌 스타광장,POI122,서행,17.0,2026-10-05 07:05,4,235.0,,1.0,4.0,0,0,,,,,,,,,,,,,,,,,,150,200,100,150,60,70,30,40,10,20,0,10,0,10,0,0,20261005,2026-10-05 07:07
보라매공원,POI123,서행,16.0,2026-10-05 07:05,1,78.0,,2.0,5.0,0,0,70,80,80,90,20,30,40,50,0,10,10,20,0,10,10,20,20261005,0,0,0,0,0,0,0,0,0,0,0,0,0,0,0,0,20261005,2026-10-05 07:07
서대문독립공원,POI124,원활,27.0,2026-10-05 07:05,2,150.0,,1.0,18.0,0,0,150,200,80,90,50,60,40,50,10,20,0,10,0,10,0,10,20261005,100,150,100,150,50,60,50,60,10,20,10,20,0,10,0,10,20261005,2026-10-05 07:07
안양천,POI125,원활,49.0,2026-10-05 07:05,1,294.0,,0.0,1.0,0,0,,,,,,,,,,,,,,,,,,0,0,0,0,0,0,0,0,0,0,0,0,0,0,0,0,20261005,2026-10-05 07:07
여의서로,POI126,원활,34.0,2026-10-05 07:05,2,168.0,38.0,0.0,0.0,0,0,,,,,,,,,,,,,,,,,,,,,,,,,,,,,,,,,,,2026-10-05 07:07
올림픽공원,POI127,원활,27.0,2026-10-05 07:05,4,2716.0,,4.0,17.0,4,0,,,,,,,,,,,,,,,,,,50,60,70,80,20,30,20,30,0,10,10,20,0,10,0,10,20261005,2026-10-05 07:07
홍제폭포,POI128,원활,35.0,2026-10-05 07:05,0,,,0.0,0.0,0,0,,,,,,,,,,,,,,,,,,,,,,,,,,,,,,,,,,,2026-10-05 07:07
송현녹지광장,POI129,서행,20.0,2026-10-05 07:05,4,1546.0,,1.0,25.0,5,0,80,90,200,250,20,30,150,200,0,10,70,80,0,10,20,30,20261005,100,150,200,250,30,40,100,150,10,20,30,40,0,10,10,20,20261005,2026-10-05 07:07
시의회 앞,POI130,서행,22.0,2026-10-05 07:05,9,1723.0,,3.0,25.0,3,0,250,300,1000,1100,100,150,600,650,40,50,250,300,20,30,100,150,20261005,150,200,300,350,60,70,100,150,20,30,20,30,10,20,10,20,20261005,2026-10-05 07:07
강남 MICE 관광특구,POI001,서행,17.0,2026-10-05 08:05,3,4428.0,,2.0,6.0,0,0,600,650,3800,3900,150,200,2100,2200,40,50,400,450,20,30,300,350,20261005,60,70,150,200,0,10,40,50,0,0,10,20,0,0,0,10,20261005,2026-10-05 08:07
동대문 관광특구,POI002,서행,20.0,2026-10-05 08:05,47,8302.0,144.0,7.0,32.0,4,0,3400,3500,3500,3600,600,650,1000,1100,150,200,300,350,100,150,200,250,20261005,1100,1200,500,550,100,150,90,100,40,50,30,40,10,20,10,20,20261005,2026-10-05 08:07
명동 관광특구,POI003,서행,20.0,2026-10-05 08:05,93,12070.0,7.0,7.0,54.0,3,1,1600,1700,5900,6000,550,600,2100,2200,150,200,550,600,90,100,400,450,20261005,700,750,1600,1700,100,150,300,350,50,60,100,150,20,30,20,30,20261005,2026-10-05 08:07
이태원 관광특구,POI004,서행,23.0,2026-10-05 08:05,8,853.0,,3.0,17.0,0,0,2600,2700,1700,1800,200,250,300,350,70,80,90,100,50,60,70,80,20261005,400,450,300,350,80,90,40,50,20,30,0,10,10,20,0,10,20261005,2026-10-05 08:07
잠실 관광특구,POI005,서행,23.0,2026-10-05 08:05,37,11997.0,77.0,6.0,50.0,6,0,2500,2600,2700,2800,750,800,800,850,200,250,200,250,100,150,150,200,20261005,500,550,850,900,100,150,200,250,30,40,60,70,0,10,20,30,20261005,2026-10-05 08:07
종로·청계 관광특구,POI006,서행,19.0,2026-10-05 08:05,48,2496.0,71.0,10.0,62.0,0,0,3500,3600,5600,5700,650,700,1700,1800,200,250,500,550,100,150,300,350,20261005,1800,1900,1600,1700,200,250,300,350,80,90,100,150,30,40,70,80,20261005,2026-10-05 08:07
홍대 관광특구,POI007,서행,18.0,2026-10-05 08:05,51,3098.0,,8.0,70.0,0,0,5300,5400,2500,2600,900,950,700,750,300,350,250,300,200,250,150,200,20261005,1300,1400,850,900,200,250,200,250,90,100,80,90,30,40,20,30,20261005,2026-10-05 08:07
경복궁,POI008,서행,21.0,2026-10-05 08:05,2,267.0,,1.0,11.0,0,0,250,300,400,450,90,100,150,200,30,40,40,50,20,30,40,50,20261005,0,10,10,20,0,10,10,20,0,0,0,10,0,0,0,0,20261005,2026-10-05 08:07
광화문·덕수궁,POI009,서행,20.0,2026-10-05 08:05,29,7988.0,122.0,4.0,41.0,5,1,850,900,2600,2700,250,300,750,800,80,90,200,250,60,70,150,200,20261005,500,550,800,850,100,150,150,200,50,60,50,60,20,30,20,30,20261005,2026-10-05 08:07
보신각,POI010,서행,20.0,2026-10-05 08:05,14,2572.0,11.0,1.0,14.0,0,0,350,400,750,800,70,80,200,250,20,30,50,60,10,20,30,40,20261005,300,350,350,400,40,50,70,80,20,30,20,30,0,10,10,20,20261005,2026-10-05 08:07
서울 암사동 유적,POI011,서행,22.0,2026-10-05 08:05,1,108.0,,0.0,3.0,0,0,,,,,,,,,,,,,,,,,,0,0,0,10,0,0,0,0,0,0,0,0,0,0,0,0,20261005,2026-10-05 08:07
창덕궁·종묘,POI012,서행,23.0,2026-10-05 08:05,16,3155.0,277.0,4.0,19.0,1,0,950,1000,2200,2300,200,250,600,650,60,70,200,250,30,40,100,150,20261005,100,150,300,350,10,20,70,80,0,10,20,30,0,0,10,20,20261005,2026-10-05 08:07
가산디지털단지역,POI013,원활,25.0,2026-10-05 08:05,20,8291.0,,2.0,71.0,0,0,1000,1100,750,800,150,200,250,300,60,70,100,150,30,40,80,90,20261005,300,350,600,650,70,80,150,200,20,30,70,80,10,20,40,50,20261005,2026-10-05 08:07
강남역,POI014,서행,19.0,2026-10-05 08:05,95,7876.0,,4.0,55.0,0,0,1900,2000,2300,2400,500,550,800,850,150,200,250,300,100,150,150,200,20261005,950,1000,850,900,200,250,200,250,70,80,80,90,20,30,30,40,20261005,2026-10-05 08:07
건대입구역,POI015,서행,23.0,2026-10-05 08:05,23,6603.0,,2.0,11.0,1,0,1600,1700,1000,1100,400,450,250,300,100,150,100,150,80,90,50,60,20261005,250,300,200,250,40,50,50,60,20,30,20,30,0,10,0,10,20261005,2026-10-05 08:07
고덕역,POI016,원활,26.0,2026-10-05 08:05,15,1615.0,,1.0,5.0,0,0,250,300,200,250,80,90,50,60,20,30,20,30,10,20,20,30,20261005,60,70,50,60,10,20,10,20,0,0,0,10,0,0,0,10,20261005,2026-10-05 08:07
고속터미널역,POI017,원활,29.0,2026-10-05 08:05,3,4291.0,,3.0,10.0,0,0,1100,1200,2600,2700,350,400,650,700,100,150,200,250,80,90,100,150,20261005,500,550,800,850,100,150,150,200,40,50,40,50,0,10,0,10,20261005,2026-10-05 08:07
교대역,POI018,서행,18.0,2026-10-05 08:05,14,760.0,,2.0,13.0,0,0,600,650,1000,1100,150,200,250,300,40,50,90,100,30,40,60,70,20261005,150,200,100,150,40,50,40,50,10,20,10,20,10,20,0,10,20261005,2026-10-05 08:07
구로디지털단지역,POI019,서행,19.0,2026-10-05 08:05,20,6911.0,,1.0,29.0,0,0,2500,2600,900,950,550,600,250,300,150,200,100,150,100,150,70,80,20261005,250,300,150,200,50,60,40,50,20,30,20,30,10,20,10,20,20261005,2026-10-05 08:07
구로역,POI020,원활,28.0,2026-10-05 08:05,3,1047.0,,1.0,5.0,0,0,1400,1500,450,500,200,250,100,150,60,70,60,70,30,40,30,40,20261005,70,80,300,350,20,30,40,50,10,20,20,30,0,10,10,20,20261005,2026-10-05 08:07
군자역,POI021,서행,18.0,2026-10-05 08:05,11,573.0,,2.0,16.0,0,0,1200,1300,500,550,300,350,100,150,90,100,20,30,60,70,10,20,20261005,300,350,300,350,40,50,60,70,10,20,10,20,10,20,0,10,20261005,2026-10-05 08:07
대림역,POI023,서행,19.0,2026-10-05 08:05,4,221.0,,2.0,29.0,0,0,2800,2900,800,850,500,550,200,250,150,200,80,90,100,150,60,70,20261005,400,450,500,550,70,80,100,150,20,30,40,50,0,10,20,30,20261005,2026-10-05 08:07
동대문역,POI024,서행,20.0,2026-10-05 08:05,17,892.0,0.0,2.0,7.0,0,0,1300,1400,1500,1600,200,250,500,550,60,70,150,200,40,50,90,100,20261005,450,500,400,450,50,60,100,150,20,30,40,50,10,20,20,30,20261005,2026-10-05 08:07
뚝섬역,POI025,서행,23.0,2026-10-05 08:05,9,767.0,,1.0,4.0,1,0,300,350,450,500,80,90,100,150,30,40,30,40,10,20,20,30,20261005,30,40,80,90,0,10,20,30,0,0,0,10,0,0,0,10,20261005,2026-10-05 08:07
미아사거리역,POI026,서행,19.0,2026-10-05 08:05,11,1409.0,,1.0,29.0,0,0,1200,1300,500,550,350,400,100,150,100,150,40,50,80,90,30,40,20261005,1000,1100,1200,1300,200,250,300,350,80,90,90,100,30,40,50,60,20261005,2026-10-05 08:07
발산역,POI027,서행,17.0,2026-10-05 08:05,13,2880.0,,1.0,37.0,0,0,450,500,500,550,150,200,150,200,40,50,60,70,20,30,10,20,20261005,250,300,250,300,50,60,70,80,10,20,20,30,0,10,10,20,20261005,2026-10-05 08:07
사당역,POI029,서행,22.0,2026-10-05 08:05,13,520.0,,2.0,17.0,1,0,2000,2100,1800,1900,500,550,400,450,150,200,100,150,100,150,70,80,20261005,250,300,400,450,50,60,90,100,10,20,20,30,0,10,10,20,20261005,2026-10-05 08:07
삼각지역,POI030,원활,30.0,2026-10-05 08:05,0,,,2.0,7.0,0,0,250,300,350,400,70,80,70,80,30,40,20,30,20,30,10,20,20261005,400,450,300,350,60,70,40,50,10,20,10,20,0,10,0,10,20261005,2026-10-05 08:07
서울대입구역,POI031,서행,22.0,2026-10-05 08:05,2,52.0,,1.0,15.0,0,0,1800,1900,700,750,400,450,200,250,100,150,70,80,100,150,50,60,20261005,850,900,1000,1100,150,200,200,250,70,80,60,70,20,30,20,30,20261005,2026-10-05 08:07
서울식물원·마곡나루역,POI032,서행,18.0,2026-10-05 08:05,2,2651.0,,2.0,15.0,2,0,650,700,550,600,200,250,150,200,70,80,80,90,30,40,40,50,20261005,40,50,90,100,10,20,20,30,0,10,10,20,0,10,0,10,20261005,2026-10-05 08:07
서울역,POI033,서행,19.0,2026-10-05 08:05,23,3968.0,0.0,8.0,34.0,1,0,3700,3800,7600,7700,1200,1300,2600,2700,400,450,900,950,200,250,500,550,20261005,850,900,2000,2100,150,200,350,400,60,70,100,150,0,10,40,50,20261005,2026-10-05 08:07
선릉역,POI034,서행,20.0,2026-10-05 08:05,94,11160.0,26.0,4.0,20.0,0,0,1000,1100,3400,3500,250,300,1300,1400,90,100,450,500,50,60,250,300,20261005,300,350,350,400,60,70,80,90,20,30,30,40,10,20,10,20,20261005,2026-10-05 08:07
성신여대입구역,POI035,서행,15.0,2026-10-05 08:05,2,38.0,,2.0,9.0,0,0,750,800,450,500,200,250,150,200,60,70,60,70,40,50,30,40,20261005,450,500,550,600,90,100,100,150,40,50,50,60,20,30,10,20,20261005,2026-10-05 08:07
수유역,POI036,서행,18.0,2026-10-05 08:05,8,802.0,,1.0,32.0,0,0,2000,2100,750,800,550,600,250,300,150,200,90,100,100,150,90,100,20261005,1300,1400,1500,1600,250,300,350,400,90,100,100,150,40,50,70,80,20261005,2026-10-05 08:07
신논현역·논현역,POI037,서행,19.0,2026-10-05 08:05,32,1053.0,,3.0,13.0,0,0,1100,1200,1000,1100,300,350,300,350,100,150,90,100,80,90,80,90,20261005,400,450,350,400,90,100,70,80,30,40,20,30,10,20,10,20,20261005,2026-10-05 08:07
신도림역,POI038,원활,40.0,2026-10-05 08:05,1,1644.0,,2.0,2.0,0,0,2300,2400,1000,1100,450,500,250,300,100,150,100,150,90,100,60,70,20261005,150,200,450,500,20,30,50,60,0,10,10,20,0,0,0,0,20261005,2026-10-05 08:07
신림역,POI039,서행,16.0,2026-10-05 08:05,2,282.0,,2.0,15.0,0,0,3100,3200,1000,1100,700,750,300,350,200,250,60,70,100,150,50,60,20261005,1200,1300,1700,1800,200,250,400,450,60,70,100,150,10,20,40,50,20261005,2026-10-05 08:07
신촌·이대역,POI040,서행,19.0,2026-10-05 08:05,25,1943.0,64.0,4.0,41.0,0,0,1200,1300,850,900,300,350,250,300,100,150,70,80,50,60,60,70,20261005,750,800,900,950,150,200,200,250,50,60,90,100,20,30,30,40,20261005,2026-10-05 08:07
양재역,POI041,원활,26.0,2026-10-05 08:05,16,1881.0,,2.0,27.0,0,0,650,700,1200,1300,150,200,300,350,50,60,80,90,30,40,50,60,20261005,550,600,500,550,100,150,100,150,50,60,30,40,30,40,10,20,20261005,2026-10-05 08:07
역삼역,POI042,서행,19.0,2026-10-05 08:05,47,7473.0,1.0,1.0,10.0,0,0,400,450,900,950,100,150,250,300,40,50,100,150,20,30,70,80,20261005,250,300,250,300,60,70,50,60,10,20,10,20,0,10,0,10,20261005,2026-10-05 08:07
연신내역,POI043,서행,20.0,2026-10-05 08:05,5,208.0,,3.0,14.0,0,0,2400,2500,1000,1100,600,650,250,300,150,200,100,150,90,100,50,60,20261005,350,400,500,550,60,70,100,150,20,30,60,70,10,20,20,30,20261005,2026-10-05 08:07
오목교역·목동운동장,POI044,원활,28.0,2026-10-05 08:05,14,5304.0,,1.0,33.0,0,0,400,450,400,450,100,150,100,150,50,60,20,30,30,40,20,30,20261005,450,500,600,650,100,150,150,200,30,40,40,50,10,20,20,30,20261005,2026-10-05 08:07
왕십리역,POI045,서행,20.0,2026-10-05 08:05,4,1478.0,,5.0,22.0,0,0,1400,1500,1000,1100,350,400,250,300,100,150,100,150,60,70,40,50,20261005,100,150,250,300,30,40,80,90,10,20,30,40,0,10,20,30,20261005,2026-10-05 08:07
용산역,POI046,서행,24.0,2026-10-05 08:05,11,5014.0,93.0,2.0,33.0,0,0,700,750,2100,2200,200,250,750,800,70,80,200,250,40,50,100,150,20261005,300,350,400,450,50,60,60,70,10,20,10,20,0,10,0,10,20261005,2026-10-05 08:07
이태원역,POI047,서행,18.0,2026-10-05 08:05,4,66.0,,1.0,9.0,0,0,2200,2300,1000,1100,150,200,100,150,50,60,30,40,30,40,20,30,20261005,250,300,100,150,60,70,20,30,10,20,0,10,10,20,0,0,20261005,2026-10-05 08:07
장지역,POI048,서행,21.0,2026-10-05 08:05,4,10611.0,,1.0,20.0,0,0,450,500,550,600,100,150,250,300,50,60,60,70,30,40,50,60,20261005,200,250,250,300,40,50,80,90,10,20,30,40,0,10,10,20,20261005,2026-10-05 08:07
장한평역,POI049,원활,26.0,2026-10-05 08:05,15,847.0,,1.0,16.0,0,0,700,750,500,550,150,200,150,200,70,80,50,60,40,50,50,60,20261005,500,550,650,700,100,150,150,200,30,40,40,50,10,20,20,30,20261005,2026-10-05 08:07
천호역,POI050,서행,21.0,2026-10-05 08:05,14,3331.0,,2.0,12.0,0,0,1400,1500,900,950,350,400,300,350,100,150,100,150,90,100,50,60,20261005,100,150,300,350,30,40,50,60,10,20,10,20,0,10,0,10,20261005,2026-10-05 08:07
총신대입구(이수)역,POI051,서행,21.0,2026-10-05 08:05,7,533.0,,2.0,18.0,0,0,1100,1200,800,850,300,350,200,250,90,100,70,80,50,60,40,50,20261005,350,400,300,350,90,100,80,90,30,40,20,30,10,20,0,10,20261005,2026-10-05 08:07
충정로역,POI052,서행,23.0,2026-10-05 08:05,5,834.0,,2.0,19.0,0,0,350,400,350,400,90,100,80,90,30,40,20,30,20,30,10,20,20261005,200,250,150,200,50,60,40,50,20,30,10,20,10,20,0,10,20261005,2026-10-05 08:07
합정역,POI053,서행,24.0,2026-10-05 08:05,6,207.0,,2.0,30.0,0,0,1400,1500,900,950,250,300,250,300,70,80,70,80,50,60,60,70,20261005,500,550,300,350,60,70,50,60,20,30,10,20,10,20,0,10,20261005,2026-10-05 08:07
혜화역,POI054,서행,19.0,2026-10-05 08:05,24,955.0,,1.0,12.0,2,0,500,550,700,750,100,150,200,250,50,60,40,50,40,50,40,50,20261005,350,400,350,400,90,100,80,90,30,40,30,40,10,20,10,20,20261005,2026-10-05 08:07
홍대입구역(2호선),POI055,서행,18.0,2026-10-05 08:05,16,1196.0,,1.0,17.0,0,0,2100,2200,900,950,350,400,250,300,100,150,100,150,90,100,60,70,20261005,650,700,500,550,100,150,100,150,40,50,40,50,10,20,10,20,20261005,2026-10-05 08:07
회기역,POI056,서행,20.0,2026-10-05 08:05,21,408.0,,1.0,22.0,0,0,1000,1100,550,600,250,300,150,200,90,100,90,100,60,70,10,20,20261005,700,750,850,900,150,200,150,200,60,70,60,70,40,50,30,40,20261005,2026-10-05 08:07
가락시장,POI058,원활,26.0,2026-10-05 08:05,4,2884.0,,2.0,16.0,0,0,800,850,600,650,200,250,100,150,60,70,40,50,30,40,40,50,20261005,550,600,450,500,100,150,80,90,40,50,20,30,20,30,10,20,20261005,2026-10-05 08:07
가로수길,POI059,원활,28.0,2026-10-05 08:05,51,2767.0,32.0,2.0,14.0,0,0,700,750,1300,1400,150,200,400,450,50,60,100,150,30,40,90,100,20261005,100,150,250,300,40,50,60,70,10,20,20,30,10,20,10,20,20261005,2026-10-05 08:07
광장(전통)시장,POI060,서행,17.0,2026-10-05 08:05,7,103.0,6.0,1.0,11.0,0,0,150,200,1000,1100,50,60,300,350,20,30,90,100,10,20,40,50,20261005,80,90,350,400,10,20,80,90,0,10,30,40,0,10,10,20,20261005,2026-10-05 08:07
김포공항,POI061,원활,31.0,2026-10-05 08:05,6,16594.0,,6.0,27.0,0,0,650,700,2000,2100,200,250,400,450,70,80,100,150,30,40,80,90,20261005,70,80,250,300,20,30,40,50,10,20,10,20,0,10,0,10,20261005,2026-10-05 08:07
노량진,POI063,서행,22.0,2026-10-05 08:05,11,1218.0,,3.0,22.0,1,0,2000,2100,1600,1700,400,450,600,650,100,150,200,250,80,90,150,200,20261005,700,750,1500,1600,100,150,400,450,40,50,150,200,20,30,70,80,20261005,2026-10-05 08:07
덕수궁길·정동길,POI064,서행,21.0,2026-10-05 08:05,10,620.0,,3.0,10.0,0,0,650,700,2000,2100,200,250,550,600,50,60,150,200,40,50,100,150,20261005,150,200,300,350,30,40,40,50,0,10,10,20,0,10,0,10,20261005,2026-10-05 08:07
북촌한옥마을,POI066,서행,21.0,2026-10-05 08:05,16,1756.0,,1.0,55.0,5,0,150,200,600,650,40,50,250,300,10,20,80,90,10,20,50,60,20261005,200,250,400,450,50,60,100,150,0,10,30,40,0,10,20,30,20261005,2026-10-05 08:07
서촌,POI067,서행,19.0,2026-10-05 08:05,9,308.0,,1.0,32.0,0,0,250,300,400,450,90,100,150,200,30,40,40,50,20,30,40,50,20261005,250,300,350,400,80,90,100,150,40,50,30,40,10,20,20,30,20261005,2026-10-05 08:07
성수카페거리,POI068,서행,20.0,2026-10-05 08:05,28,2824.0,,2.0,35.0,1,0,800,850,2000,2100,150,200,400,450,50,60,100,150,30,40,90,100,20261005,150,200,250,300,30,40,40,50,10,20,20,30,0,10,10,20,20261005,2026-10-05 08:07
쌍문역,POI070,서행,22.0,2026-10-05 08:05,8,345.0,,1.0,18.0,0,0,1900,2000,450,500,500,550,100,150,150,200,40,50,90,100,10,20,20261005,550,600,850,900,100,150,200,250,50,60,80,90,30,40,60,70,20261005,2026-10-05 08:07
압구정로데오거리,POI071,서행,21.0,2026-10-05 08:05,55,1976.0,2.0,1.0,16.0,1,0,200,250,550,600,50,60,150,200,10,20,40,50,0,10,30,40,20261005,250,300,400,450,70,80,90,100,20,30,20,30,0,10,0,10,20261005,2026-10-05 08:07
여의도,POI072,원활,26.0,2026-10-05 08:05,116,24820.0,417.0,9.0,63.0,2,2,2100,2200,4400,4500,500,550,850,900,150,200,200,250,100,150,100,150,20261005,900,950,2400,2500,150,200,400,450,70,80,100,150,20,30,60,70,20261005,2026-10-05 08:07
연남동,POI073,서행,20.0,2026-10-05 08:05,45,132.0,,0.0,20.0,0,0,,,,,,,,,,,,,,,,,,200,250,250,300,50,60,90,100,20,30,20,30,0,10,0,10,20261005,2026-10-05 08:07
영등포 타임스퀘어,POI074,서행,20.0,2026-10-05 08:05,10,1195.0,57.0,3.0,24.0,1,0,1900,2000,1400,1500,400,450,450,500,100,150,150,200,50,60,70,80,20261005,550,600,800,850,100,150,200,250,30,40,70,80,20,30,30,40,20261005,2026-10-05 08:07
용리단길,POI076,원활,27.0,2026-10-05 08:05,0,,,3.0,7.0,0,0,450,500,900,950,100,150,200,250,50,60,60,70,40,50,50,60,20261005,100,150,350,400,20,30,60,70,0,10,10,20,0,10,0,10,20261005,2026-10-05 08:07
이태원 앤틱가구거리,POI077,서행,21.0,2026-10-05 08:05,4,51.0,,1.0,13.0,0,0,2200,2300,1000,1100,150,200,100,150,50,60,30,40,30,40,20,30,20261005,300,350,250,300,50,60,20,30,10,20,0,10,10,20,0,0,20261005,2026-10-05 08:07
인사동,POI078,서행,19.0,2026-10-05 08:05,21,2465.0,1.0,2.0,26.0,3,0,500,550,1300,1400,100,150,450,500,30,40,100,150,30,40,80,90,20261005,550,600,400,450,80,90,90,100,30,40,30,40,0,10,0,10,20261005,2026-10-05 08:07
창동 신경제 중심지,POI079,서행,20.0,2026-10-05 08:05,46,4927.0,12.0,4.0,55.0,5,0,2800,2900,1400,1500,700,750,350,400,200,250,100,150,150,200,100,150,20261005,600,650,800,850,100,150,200,250,40,50,90,100,20,30,50,60,20261005,2026-10-05 08:07
청담동 명품거리,POI080,서행,22.0,2026-10-05 08:05,16,910.0,,1.0,10.0,0,0,200,250,550,600,50,60,150,200,10,20,40,50,0,10,30,40,20261005,80,90,200,250,20,30,50,60,10,20,20,30,0,0,0,10,20261005,2026-10-05 08:07
청량리 제기동 일대 전통시장,POI081,서행,21.0,2026-10-05 08:05,12,2214.0,,2.0,23.0,0,0,1300,1400,1200,1300,300,350,300,350,80,90,100,150,60,70,70,80,20261005,1100,1200,1700,1800,250,300,300,350,80,90,100,150,30,40,40,50,20261005,2026-10-05 08:07
해방촌·경리단길,POI082,원활,35.0,2026-10-05 08:05,4,273.0,,0.0,26.0,0,0,,,,,,,,,,,,,,,,,,250,300,150,200,80,90,50,60,20,30,10,20,10,20,10,20,20261005,2026-10-05 08:07
DDP(동대문디자인플라자),POI083,서행,20.0,2026-10-05 08:05,9,2596.0,128.0,3.0,11.0,3,0,1000,1100,1100,1200,200,250,300,350,60,70,90,100,30,40,60,70,20261005,350,400,150,200,20,30,30,40,10,20,10,20,0,10,0,10,20261005,2026-10-05 08:07
DMC(디지털미디어시티),POI084,서행,22.0,2026-10-05 08:05,25,9176.0,,4.0,68.0,0,0,1000,1100,800,850,250,300,150,200,80,90,80,90,50,60,50,60,20261005,300,350,350,400,80,90,100,150,20,30,40,50,10,20,10,20,20261005,2026-10-05 08:07
강서한강공원,POI085,원활,59.0,2026-10-05 08:05,2,106.0,11.0,0.0,1.0,0,0,,,,,,,,,,,,,,,,,,0,0,0,0,0,0,0,0,0,0,0,0,0,0,0,0,20261005,2026-10-05 08:07
고척돔,POI086,원활,34.0,2026-10-05 08:05,0,,,1.0,3.0,3,0,300,350,150,200,90,100,50,60,30,40,20,30,20,30,10,20,20261005,150,200,100,150,20,30,20,30,0,10,0,10,0,0,0,10,20261005,2026-10-05 08:07
광나루한강공원,POI087,원활,67.0,2026-10-05 08:05,4,718.0,242.0,0.0,0.0,0,0,,,,,,,,,,,,,,,,,,,,,,,,,,,,,,,,,,,2026-10-05 08:07
광화문광장,POI088,서행,21.0,2026-10-05 08:05,3,2932.0,122.0,2.0,12.0,1,0,400,450,1000,1100,100,150,300,350,50,60,90,100,30,40,70,80,20261005,200,250,250,300,50,60,50,60,20,30,10,20,0,10,0,10,20261005,2026-10-05 08:07
국립중앙박물관·용산가족공원,POI089,원활,39.0,2026-10-05 08:05,4,931.0,,3.0,3.0,1,0,400,450,550,600,90,100,100,150,30,40,50,60,10,20,30,40,20261005,0,10,10,20,0,10,0,10,0,0,0,0,0,0,0,0,20261005,2026-10-05 08:07
난지한강공원,POI090,원활,61.0,2026-10-05 08:05,4,1240.0,0.0,0.0,7.0,0,0,,,,,,,,,,,,,,,,,,0,0,0,10,0,0,0,0,0,0,0,0,0,0,0,0,20261005,2026-10-05 08:07
남산공원,POI091,원활,34.0,2026-10-05 08:05,33,2148.0,23.0,5.0,37.0,2,0,1000,1100,2700,2800,350,400,1000,1100,90,100,250,300,60,70,200,250,20261005,150,200,350,400,50,60,90,100,20,30,40,50,10,20,20,30,20261005,2026-10-05 08:07
노들섬,POI092,원활,42.0,2026-10-05 08:05,1,99.0,,0.0,4.0,2,0,,,,,,,,,,,,,,,,,,30,40,50,60,0,10,0,10,0,0,0,0,0,0,0,0,20261005,2026-10-05 08:07
뚝섬한강공원,POI093,원활,59.0,2026-10-05 08:05,8,1342.0,202.0,1.0,1.0,1,0,400,450,150,200,100,150,50,60,40,50,30,40,30,40,10,20,20261005,0,0,0,0,0,0,0,0,0,0,0,0,0,0,0,0,20261005,2026-10-05 08:07
망원한강공원,POI094,원활,40.0,2026-10-05 08:05,2,458.0,0.0,2.0,10.0,0,0,1400,1500,900,950,250,300,250,300,70,80,70,80,50,60,60,70,20261005,400,450,250,300,40,50,50,60,10,20,0,10,0,10,0,10,20261005,2026-10-05 08:07
반포한강공원,POI095,원활,47.0,2026-10-05 08:05,9,1483.0,9.0,0.0,6.0,0,0,,,,,,,,,,,,,,,,,,0,10,10,20,0,0,0,10,0,0,0,10,0,0,0,0,20261005,2026-10-05 08:07
북서울꿈의숲,POI096,서행,23.0,2026-10-05 08:05,3,549.0,,0.0,17.0,0,0,,,,,,,,,,,,,,,,,,150,200,50,60,40,50,10,20,10,20,0,0,0,10,0,0,20261005,2026-10-05 08:07
서리풀공원·몽마르뜨공원,POI098,원활,28.0,2026-10-05 08:05,0,,,4.0,7.0,0,0,1400,1500,2900,3000,450,500,750,800,150,200,200,250,90,100,100,150,20261005,500,550,750,800,100,150,100,150,40,50,40,50,0,10,10,20,20261005,2026-10-05 08:07
서울대공원,POI100,원활,26.0,2026-10-05 08:05,0,,,1.0,0.0,0,0,10,20,150,200,0,10,40,50,0,0,20,30,0,0,10,20,20261005,,,,,,,,,,,,,,,,,,2026-10-05 08:07
서울숲공원,POI101,원활,40.0,2026-10-05 08:05,2,996.0,,1.0,9.0,0,0,200,250,250,300,50,60,70,80,10,20,20,30,0,10,10,20,20261005,10,20,50,60,0,10,10,20,0,10,0,10,0,0,0,0,20261005,2026-10-05 08:07
아차산,POI102,원활,34.0,2026-10-05 08:05,0,,,0.0,3.0,0,0,,,,,,,,,,,,,,,,,,10,20,0,0,0,10,0,0,0,0,0,0,0,0,0,0,20261005,2026-10-05 08:07
양화한강공원,POI103,원활,43.0,2026-10-05 08:05,6,1002.0,47.0,0.0,5.0,0,0,,,,,,,,,,,,,,,,,,0,0,10,20,0,0,0,0,0,0,0,0,0,0,0,0,20261005,2026-10-05 08:07
어린이대공원,POI104,서행,22.0,2026-10-05 08:05,4,945.0,,2.0,9.0,0,0,1100,1200,600,650,250,300,150,200,90,100,50,60,60,70,30,40,20261005,100,150,100,150,20,30,30,40,0,10,10,20,0,10,0,10,20261005,2026-10-05 08:07
여의도한강공원,POI105,원활,39.0,2026-10-05 08:05,6,2866.0,328.0,1.0,3.0,0,0,100,150,250,300,30,40,100,150,0,10,30,40,0,10,10,20,20261005,20,30,40,50,0,0,0,10,0,0,0,10,0,0,0,10,20261005,2026-10-05 08:07
월드컵공원,POI106,원활,34.0,2026-10-05 08:05,9,3537.0,,4.0,34.0,0,0,1000,1100,1300,1400,200,250,400,450,70,80,100,150,50,60,80,90,20261005,90,100,200,250,20,30,90,100,10,20,30,40,0,10,10,20,20261005,2026-10-05 08:07
응봉산,POI107,원활,27.0,2026-10-05 08:05,3,88.0,,1.0,24.0,0,0,100,150,30,40,10,20,0,10,0,10,0,10,0,0,0,0,20261005,100,150,70,80,30,40,10,20,0,10,0,0,0,10,0,0,20261005,2026-10-05 08:07
이촌한강공원,POI108,원활,45.0,2026-10-05 08:05,2,514.0,0.0,0.0,4.0,0,0,,,,,,,,,,,,,,,,,,0,0,0,10,0,0,0,0,0,0,0,0,0,0,0,0,20261005,2026-10-05 08:07
잠실종합운동장,POI109,원활,27.0,2026-10-05 08:05,1,876.0,,2.0,4.0,0,0,350,400,800,850,100,150,250,300,30,40,40,50,10,20,20,30,20261005,90,100,100,150,10,20,10,20,0,10,0,10,0,0,0,10,20261005,2026-10-05 08:07
잠실한강공원,POI110,원활,44.0,2026-10-05 08:05,4,1326.0,82.0,1.0,9.0,0,0,350,400,300,350,100,150,70,80,50,60,20,30,30,40,10,20,20261005,0,10,40,50,0,0,0,10,0,0,0,10,0,0,0,0,20261005,2026-10-05 08:07
잠원한강공원,POI111,원활,51.0,2026-10-05 08:05,3,1540.0,0.0,0.0,5.0,0,0,,,,,,,,,,,,,,,,,,10,20,30,40,0,10,10,20,0,0,0,10,0,0,0,10,20261005,2026-10-05 08:07
청계산,POI112,원활,62.0,2026-10-05 08:05,0,,,0.0,9.0,0,0,,,,,,,,,,,,,,,,,,0,10,0,10,0,0,0,10,0,0,0,0,0,0,0,0,20261005,2026-10-05 08:07
북창동 먹자골목,POI114,서행,19.0,2026-10-05 08:05,20,552.0,0.0,0.0,11.0,0,0,,,,,,,,,,,,,,,,,,150,200,350,400,40,50,100,150,10,20,30,40,0,10,0,10,20261005,2026-10-05 08:07
남대문시장,POI115,서행,21.0,2026-10-05 08:05,16,1456.0,4.0,1.0,7.0,0,0,,,,,,,,,,,,,,,,,,100,150,350,400,20,30,90,100,0,10,20,30,0,10,0,10,20261005,2026-10-05 08:07
익선동,POI116,서행,18.0,2026-10-05 08:05,10,187.0,1.0,3.0,11.0,1,0,750,800,1100,1200,150,200,300,350,30,40,100,150,20,30,80,90,20261005,350,400,250,300,40,50,60,70,20,30,20,30,10,20,10,20,20261005,2026-10-05 08:07
신정네거리역,POI117,서행,18.0,2026-10-05 08:05,3,119.0,,1.0,9.0,0,0,,,,,,,,,,,,,,,,,,,,,,,,,,,,,,,,,,,2026-10-05 08:07
잠실새내역,POI118,서행,20.0,2026-10-05 08:05,31,1541.0,,1.0,18.0,0,0,550,600,350,400,200,250,150,200,60,70,30,40,50,60,10,20,20261005,200,250,250,300,50,60,70,80,10,20,20,30,0,10,10,20,20261005,2026-10-05 08:07
잠실역,POI119,서행,22.0,2026-10-05 08:05,5,6749.0,77.0,2.0,21.0,0,0,,,,,,,,,,,,,,,,,,500,550,900,950,100,150,200,250,30,40,80,90,10,20,30,40,20261005,2026-10-05 08:07
잠실롯데타워·석촌호수,POI120,서행,21.0,2026-10-05 08:05,33,9281.0,77.0,3.0,0.0,2,0,,,,,,,,,,,,,,,,,,,,,,,,,,,,,,,,,,,2026-10-05 08:07
송리단길·호수단길,POI121,서행,24.0,2026-10-05 08:05,21,878.0,,1.0,15.0,0,0,200,250,200,250,60,70,60,70,10,20,20,30,10,20,0,10,20261005,300,350,300,350,60,70,70,80,20,30,20,30,10,20,0,10,20261005,2026-10-05 08:07
신촌 스타광장,POI122,서행,18.0,2026-10-05 08:05,4,235.0,,1.0,4.0,0,0,,,,,,,,,,,,,,,,,,200,250,200,250,50,60,50,60,10,20,30,40,10,20,10,20,20261005,2026-10-05 08:07
보라매공원,POI123,서행,16.0,2026-10-05 08:05,1,78.0,,2.0,5.0,0,0,150,200,200,250,70,80,40,50,10,20,0,10,0,0,0,0,20261005,0,10,0,10,0,0,0,0,0,0,0,0,0,0,0,0,20261005,2026-10-05 08:07
서대문독립공원,POI124,원활,29.0,2026-10-05 08:05,2,150.0,,1.0,18.0,0,0,300,350,150,200,80,90,50,60,20,30,20,30,10,20,10,20,20261005,200,250,250,300,50,60,50,60,10,20,10,20,10,20,10,20,20261005,2026-10-05 08:07
안양천,POI125,원활,48.0,2026-10-05 08:05,1,294.0,,0.0,1.0,0,0,,,,,,,,,,,,,,,,,,0,0,0,0,0,0,0,0,0,0,0,0,0,0,0,0,20261005,2026-10-05 08:07
여의서로,POI126,원활,32.0,2026-10-05 08:05,2,168.0,38.0,0.0,0.0,0,0,,,,,,,,,,,,,,,,,,,,,,,,,,,,,,,,,,,2026-10-05 08:07
올림픽공원,POI127,원활,26.0,2026-10-05 08:05,4,2716.0,,4.0,17.0,4,0,,,,,,,,,,,,,,,,,,100,150,150,200,40,50,60,70,10,20,10,20,0,0,0,10,20261005,2026-10-05 08:07
홍제폭포,POI128,원활,36.0,2026-10-05 08:05,0,,,0.0,0.0,0,0,,,,,,,,,,,,,,,,,,,,,,,,,,,,,,,,,,,2026-10-05 08:07
송현녹지광장,POI129,서행,20.0,2026-10-05 08:05,4,1546.0,,1.0,25.0,5,0,150,200,600,650,40,50,250,300,10,20,80,90,10,20,50,60,20261005,200,250,400,450,50,60,90,100,0,10,30,40,0,10,10,20,20261005,2026-10-05 08:07
시의회 앞,POI130,서행,21.0,2026-10-05 08:05,9,1723.0,,3.0,25.0,3,0,550,600,2100,2200,150,200,600,650,50,60,150,200,30,40,100,150,20261005,250,300,500,550,60,70,100,150,30,40,30,40,10,20,10,20,20261005,2026-10-05 08:07
강남 MICE 관광특구,POI001,서행,17.0,2026-10-05 08:05,3,4428.0,,2.0,6.0,0,0,600,650,3800,3900,150,200,2100,2200,40,50,400,450,20,30,300,350,20261005,60,70,150,200,0,10,40,50,0,0,10,20,0,0,0,10,20261005,2026-10-05 08:08
동대문 관광특구,POI002,서행,20.0,2026-10-05 08:05,47,8302.0,144.0,7.0,32.0,4,0,3400,3500,3500,3600,600,650,1000,1100,150,200,300,350,100,150,200,250,20261005,1100,1200,500,550,100,150,90,100,40,50,30,40,10,20,10,20,20261005,2026-10-05 08:08
명동 관광특구,POI003,서행,20.0,2026-10-05 08:05,93,12070.0,7.0,7.0,54.0,3,1,1600,1700,5900,6000,550,600,2100,2200,150,200,550,600,90,100,400,450,20261005,700,750,1600,1700,100,150,300,350,50,60,100,150,20,30,20,30,20261005,2026-10-05 08:08
이태원 관광특구,POI004,서행,23.0,2026-10-05 08:05,8,853.0,,3.0,17.0,0,0,2600,2700,1700,1800,200,250,300,350,70,80,90,100,50,60,70,80,20261005,400,450,300,350,80,90,40,50,20,30,0,10,10,20,0,10,20261005,2026-10-05 08:08
잠실 관광특구,POI005,서행,23.0,2026-10-05 08:05,37,11997.0,77.0,6.0,50.0,6,0,2500,2600,2700,2800,750,800,800,850,200,250,200,250,100,150,150,200,20261005,500,550,850,900,100,150,200,250,30,40,60,70,0,10,20,30,20261005,2026-10-05 08:08
종로·청계 관광특구,POI006,서행,19.0,2026-10-05 08:05,48,2496.0,71.0,10.0,62.0,0,0,3500,3600,5600,5700,650,700,1700,1800,200,250,500,550,100,150,300,350,20261005,1800,1900,1600,1700,200,250,300,350,80,90,100,150,30,40,70,80,20261005,2026-10-05 08:08
홍대 관광특구,POI007,서행,18.0,2026-10-05 08:05,51,3098.0,,8.0,70.0,0,0,5300,5400,2500,2600,900,950,700,750,300,350,250,300,200,250,150,200,20261005,1300,1400,850,900,200,250,200,250,90,100,80,90,30,40,20,30,20261005,2026-10-05 08:08
경복궁,POI008,서행,21.0,2026-10-05 08:05,2,267.0,,1.0,11.0,0,0,250,300,400,450,90,100,150,200,30,40,40,50,20,30,40,50,20261005,0,10,10,20,0,10,10,20,0,0,0,10,0,0,0,0,20261005,2026-10-05 08:08
광화문·덕수궁,POI009,서행,20.0,2026-10-05 08:05,29,7988.0,122.0,4.0,41.0,5,1,850,900,2600,2700,250,300,750,800,80,90,200,250,60,70,150,200,20261005,500,550,800,850,100,150,150,200,50,60,50,60,20,30,20,30,20261005,2026-10-05 08:08
보신각,POI010,서행,20.0,2026-10-05 08:05,14,2572.0,11.0,1.0,14.0,0,0,350,400,750,800,70,80,200,250,20,30,50,60,10,20,30,40,20261005,300,350,350,400,40,50,70,80,20,30,20,30,0,10,10,20,20261005,2026-10-05 08:08
서울 암사동 유적,POI011,서행,22.0,2026-10-05 08:05,1,108.0,,0.0,3.0,0,0,,,,,,,,,,,,,,,,,,0,0,0,10,0,0,0,0,0,0,0,0,0,0,0,0,20261005,2026-10-05 08:08
창덕궁·종묘,POI012,서행,23.0,2026-10-05 08:05,16,3155.0,277.0,4.0,19.0,1,0,950,1000,2200,2300,200,250,600,650,60,70,200,250,30,40,100,150,20261005,100,150,300,350,10,20,70,80,0,10,20,30,0,0,10,20,20261005,2026-10-05 08:08
가산디지털단지역,POI013,원활,25.0,2026-10-05 08:05,20,8291.0,,2.0,71.0,0,0,1000,1100,750,800,150,200,250,300,60,70,100,150,30,40,80,90,20261005,300,350,600,650,70,80,150,200,20,30,70,80,10,20,40,50,20261005,2026-10-05 08:08
강남역,POI014,서행,19.0,2026-10-05 08:05,95,7876.0,,4.0,55.0,0,0,1900,2000,2300,2400,500,550,800,850,150,200,250,300,100,150,150,200,20261005,950,1000,850,900,200,250,200,250,70,80,80,90,20,30,30,40,20261005,2026-10-05 08:08
건대입구역,POI015,서행,23.0,2026-10-05 08:05,23,6603.0,,2.0,11.0,1,0,1600,1700,1000,1100,400,450,250,300,100,150,100,150,80,90,50,60,20261005,250,300,200,250,40,50,50,60,20,30,20,30,0,10,0,10,20261005,2026-10-05 08:08
고덕역,POI016,원활,26.0,2026-10-05 08:05,15,1615.0,,1.0,5.0,0,0,250,300,200,250,80,90,50,60,20,30,20,30,10,20,20,30,20261005,60,70,50,60,10,20,10,20,0,0,0,10,0,0,0,10,20261005,2026-10-05 08:08
고속터미널역,POI017,원활,29.0,2026-10-05 08:05,3,4291.0,,3.0,10.0,0,0,1100,1200,2600,2700,350,400,650,700,100,150,200,250,80,90,100,150,20261005,500,550,800,850,100,150,150,200,40,50,40,50,0,10,0,10,20261005,2026-10-05 08:08
교대역,POI018,서행,18.0,2026-10-05 08:05,14,760.0,,2.0,13.0,0,0,600,650,1000,1100,150,200,250,300,40,50,90,100,30,40,60,70,20261005,150,200,100,150,40,50,40,50,10,20,10,20,10,20,0,10,20261005,2026-10-05 08:08
구로디지털단지역,POI019,서행,19.0,2026-10-05 08:05,20,6911.0,,1.0,29.0,0,0,2500,2600,900,950,550,600,250,300,150,200,100,150,100,150,70,80,20261005,250,300,150,200,50,60,40,50,20,30,20,30,10,20,10,20,20261005,2026-10-05 08:08
구로역,POI020,원활,28.0,2026-10-05 08:05,3,1047.0,,1.0,5.0,0,0,1400,1500,450,500,200,250,100,150,60,70,60,70,30,40,30,40,20261005,70,80,300,350,20,30,40,50,10,20,20,30,0,10,10,20,20261005,2026-10-05 08:08
군자역,POI021,서행,18.0,2026-10-05 08:05,11,573.0,,2.0,16.0,0,0,1200,1300,500,550,300,350,100,150,90,100,20,30,60,70,10,20,20261005,300,350,300,350,40,50,60,70,10,20,10,20,10,20,0,10,20261005,2026-10-05 08:08
대림역,POI023,서행,19.0,2026-10-05 08:05,4,221.0,,2.0,29.0,0,0,2800,2900,800,850,500,550,200,250,150,200,80,90,100,150,60,70,20261005,400,450,500,550,70,80,100,150,20,30,40,50,0,10,20,30,20261005,2026-10-05 08:08
동대문역,POI024,서행,20.0,2026-10-05 08:05,17,892.0,0.0,2.0,7.0,0,0,1300,1400,1500,1600,200,250,500,550,60,70,150,200,40,50,90,100,20261005,450,500,400,450,50,60,100,150,20,30,40,50,10,20,20,30,20261005,2026-10-05 08:08
뚝섬역,POI025,서행,23.0,2026-10-05 08:05,9,767.0,,1.0,4.0,1,0,300,350,450,500,80,90,100,150,30,40,30,40,10,20,20,30,20261005,30,40,80,90,0,10,20,30,0,0,0,10,0,0,0,10,20261005,2026-10-05 08:08
미아사거리역,POI026,서행,19.0,2026-10-05 08:05,11,1409.0,,1.0,29.0,0,0,1200,1300,500,550,350,400,100,150,100,150,40,50,80,90,30,40,20261005,1000,1100,1200,1300,200,250,300,350,80,90,90,100,30,40,50,60,20261005,2026-10-05 08:08
발산역,POI027,서행,17.0,2026-10-05 08:05,13,2880.0,,1.0,37.0,0,0,450,500,500,550,150,200,150,200,40,50,60,70,20,30,10,20,20261005,250,300,250,300,50,60,70,80,10,20,20,30,0,10,10,20,20261005,2026-10-05 08:08
사당역,POI029,서행,22.0,2026-10-05 08:05,13,520.0,,2.0,17.0,1,0,2000,2100,1800,1900,500,550,400,450,150,200,100,150,100,150,70,80,20261005,250,300,400,450,50,60,90,100,10,20,20,30,0,10,10,20,20261005,2026-10-05 08:08
삼각지역,POI030,원활,30.0,2026-10-05 08:05,0,,,2.0,7.0,0,0,250,300,350,400,70,80,70,80,30,40,20,30,20,30,10,20,20261005,400,450,300,350,60,70,40,50,10,20,10,20,0,10,0,10,20261005,2026-10-05 08:08
서울대입구역,POI031,서행,22.0,2026-10-05 08:05,2,52.0,,1.0,15.0,0,0,1800,1900,700,750,400,450,200,250,100,150,70,80,100,150,50,60,20261005,850,900,1000,1100,150,200,200,250,70,80,60,70,20,30,20,30,20261005,2026-10-05 08:08
서울식물원·마곡나루역,POI032,서행,18.0,2026-10-05 08:05,2,2651.0,,2.0,15.0,2,0,650,700,550,600,200,250,150,200,70,80,80,90,30,40,40,50,20261005,40,50,90,100,10,20,20,30,0,10,10,20,0,10,0,10,20261005,2026-10-05 08:08
서울역,POI033,서행,19.0,2026-10-05 08:05,23,3968.0,0.0,8.0,34.0,1,0,3700,3800,7600,7700,1200,1300,2600,2700,400,450,900,950,200,250,500,550,20261005,850,900,2000,2100,150,200,350,400,60,70,100,150,0,10,40,50,20261005,2026-10-05 08:08
선릉역,POI034,서행,20.0,2026-10-05 08:05,94,11160.0,26.0,4.0,20.0,0,0,1000,1100,3400,3500,250,300,1300,1400,90,100,450,500,50,60,250,300,20261005,300,350,350,400,60,70,80,90,20,30,30,40,10,20,10,20,20261005,2026-10-05 08:08
성신여대입구역,POI035,서행,15.0,2026-10-05 08:05,2,38.0,,2.0,9.0,0,0,750,800,450,500,200,250,150,200,60,70,60,70,40,50,30,40,20261005,450,500,550,600,90,100,100,150,40,50,50,60,20,30,10,20,20261005,2026-10-05 08:08
수유역,POI036,서행,18.0,2026-10-05 08:05,8,802.0,,1.0,32.0,0,0,2000,2100,750,800,550,600,250,300,150,200,90,100,100,150,90,100,20261005,1300,1400,1500,1600,250,300,350,400,90,100,100,150,40,50,70,80,20261005,2026-10-05 08:08
신논현역·논현역,POI037,서행,19.0,2026-10-05 08:05,32,1053.0,,3.0,13.0,0,0,1100,1200,1000,1100,300,350,300,350,100,150,90,100,80,90,80,90,20261005,400,450,350,400,90,100,70,80,30,40,20,30,10,20,10,20,20261005,2026-10-05 08:08
신도림역,POI038,원활,40.0,2026-10-05 08:05,1,1644.0,,2.0,2.0,0,0,2300,2400,1000,1100,450,500,250,300,100,150,100,150,90,100,60,70,20261005,150,200,450,500,20,30,50,60,0,10,10,20,0,0,0,0,20261005,2026-10-05 08:08
신림역,POI039,서행,16.0,2026-10-05 08:05,2,282.0,,2.0,15.0,0,0,3100,3200,1000,1100,700,750,300,350,200,250,60,70,100,150,50,60,20261005,1200,1300,1700,1800,200,250,400,450,60,70,100,150,10,20,40,50,20261005,2026-10-05 08:08
신촌·이대역,POI040,서행,19.0,2026-10-05 08:05,25,1943.0,64.0,4.0,41.0,0,0,1200,1300,850,900,300,350,250,300,100,150,70,80,50,60,60,70,20261005,750,800,900,950,150,200,200,250,50,60,90,100,20,30,30,40,20261005,2026-10-05 08:08
양재역,POI041,원활,26.0,2026-10-05 08:05,16,1881.0,,2.0,27.0,0,0,650,700,1200,1300,150,200,300,350,50,60,80,90,30,40,50,60,20261005,550,600,500,550,100,150,100,150,50,60,30,40,30,40,10,20,20261005,2026-10-05 08:08
역삼역,POI042,서행,19.0,2026-10-05 08:05,47,7473.0,1.0,1.0,10.0,0,0,400,450,900,950,100,150,250,300,40,50,100,150,20,30,70,80,20261005,250,300,250,300,60,70,50,60,10,20,10,20,0,10,0,10,20261005,2026-10-05 08:08
연신내역,POI043,서행,20.0,2026-10-05 08:05,5,208.0,,3.0,14.0,0,0,2400,2500,1000,1100,600,650,250,300,150,200,100,150,90,100,50,60,20261005,350,400,500,550,60,70,100,150,20,30,60,70,10,20,20,30,20261005,2026-10-05 08:08
오목교역·목동운동장,POI044,원활,28.0,2026-10-05 08:05,14,5304.0,,1.0,33.0,0,0,400,450,400,450,100,150,100,150,50,60,20,30,30,40,20,30,20261005,450,500,600,650,100,150,150,200,30,40,40,50,10,20,20,30,20261005,2026-10-05 08:08
왕십리역,POI045,서행,20.0,2026-10-05 08:05,4,1478.0,,5.0,22.0,0,0,1400,1500,1000,1100,350,400,250,300,100,150,100,150,60,70,40,50,20261005,100,150,250,300,30,40,80,90,10,20,30,40,0,10,20,30,20261005,2026-10-05 08:08
용산역,POI046,서행,24.0,2026-10-05 08:05,11,5014.0,93.0,2.0,33.0,0,0,700,750,2100,2200,200,250,750,800,70,80,200,250,40,50,100,150,20261005,300,350,400,450,50,60,60,70,10,20,10,20,0,10,0,10,20261005,2026-10-05 08:08
이태원역,POI047,서행,18.0,2026-10-05 08:05,4,66.0,,1.0,9.0,0,0,2200,2300,1000,1100,150,200,100,150,50,60,30,40,30,40,20,30,20261005,250,300,100,150,60,70,20,30,10,20,0,10,10,20,0,0,20261005,2026-10-05 08:08
장지역,POI048,서행,21.0,2026-10-05 08:05,4,10611.0,,1.0,20.0,0,0,450,500,550,600,100,150,250,300,50,60,60,70,30,40,50,60,20261005,200,250,250,300,40,50,80,90,10,20,30,40,0,10,10,20,20261005,2026-10-05 08:08
장한평역,POI049,원활,26.0,2026-10-05 08:05,15,847.0,,1.0,16.0,0,0,700,750,500,550,150,200,150,200,70,80,50,60,40,50,50,60,20261005,500,550,650,700,100,150,150,200,30,40,40,50,10,20,20,30,20261005,2026-10-05 08:08
천호역,POI050,서행,21.0,2026-10-05 08:05,14,3331.0,,2.0,12.0,0,0,1400,1500,900,950,350,400,300,350,100,150,100,150,90,100,50,60,20261005,100,150,300,350,30,40,50,60,10,20,10,20,0,10,0,10,20261005,2026-10-05 08:08
총신대입구(이수)역,POI051,서행,21.0,2026-10-05 08:05,7,533.0,,2.0,18.0,0,0,1100,1200,800,850,300,350,200,250,90,100,70,80,50,60,40,50,20261005,350,400,300,350,90,100,80,90,30,40,20,30,10,20,0,10,20261005,2026-10-05 08:08
충정로역,POI052,서행,23.0,2026-10-05 08:05,5,834.0,,2.0,19.0,0,0,350,400,350,400,90,100,80,90,30,40,20,30,20,30,10,20,20261005,200,250,150,200,50,60,40,50,20,30,10,20,10,20,0,10,20261005,2026-10-05 08:08
합정역,POI053,서행,24.0,2026-10-05 08:05,6,207.0,,2.0,30.0,0,0,1400,1500,900,950,250,300,250,300,70,80,70,80,50,60,60,70,20261005,500,550,300,350,60,70,50,60,20,30,10,20,10,20,0,10,20261005,2026-10-05 08:08
혜화역,POI054,서행,19.0,2026-10-05 08:05,24,955.0,,1.0,12.0,2,0,500,550,700,750,100,150,200,250,50,60,40,50,40,50,40,50,20261005,350,400,350,400,90,100,80,90,30,40,30,40,10,20,10,20,20261005,2026-10-05 08:08
홍대입구역(2호선),POI055,서행,18.0,2026-10-05 08:05,16,1196.0,,1.0,17.0,0,0,2100,2200,900,950,350,400,250,300,100,150,100,150,90,100,60,70,20261005,650,700,500,550,100,150,100,150,40,50,40,50,10,20,10,20,20261005,2026-10-05 08:08
회기역,POI056,서행,20.0,2026-10-05 08:05,21,408.0,,1.0,22.0,0,0,1000,1100,550,600,250,300,150,200,90,100,90,100,60,70,10,20,20261005,700,750,850,900,150,200,150,200,60,70,60,70,40,50,30,40,20261005,2026-10-05 08:08
가락시장,POI058,원활,26.0,2026-10-05 08:05,4,2884.0,,2.0,16.0,0,0,800,850,600,650,200,250,100,150,60,70,40,50,30,40,40,50,20261005,550,600,450,500,100,150,80,90,40,50,20,30,20,30,10,20,20261005,2026-10-05 08:08
가로수길,POI059,원활,28.0,2026-10-05 08:05,51,2767.0,32.0,2.0,14.0,0,0,700,750,1300,1400,150,200,400,450,50,60,100,150,30,40,90,100,20261005,100,150,250,300,40,50,60,70,10,20,20,30,10,20,10,20,20261005,2026-10-05 08:08
광장(전통)시장,POI060,서행,17.0,2026-10-05 08:05,7,103.0,6.0,1.0,11.0,0,0,150,200,1000,1100,50,60,300,350,20,30,90,100,10,20,40,50,20261005,80,90,350,400,10,20,80,90,0,10,30,40,0,10,10,20,20261005,2026-10-05 08:08
김포공항,POI061,원활,31.0,2026-10-05 08:05,6,16594.0,,6.0,27.0,0,0,650,700,2000,2100,200,250,400,450,70,80,100,150,30,40,80,90,20261005,70,80,250,300,20,30,40,50,10,20,10,20,0,10,0,10,20261005,2026-10-05 08:08
노량진,POI063,서행,22.0,2026-10-05 08:05,11,1218.0,,3.0,22.0,1,0,2000,2100,1600,1700,400,450,600,650,100,150,200,250,80,90,150,200,20261005,700,750,1500,1600,100,150,400,450,40,50,150,200,20,30,70,80,20261005,2026-10-05 08:08
덕수궁길·정동길,POI064,서행,21.0,2026-10-05 08:05,10,620.0,,3.0,10.0,0,0,650,700,2000,2100,200,250,550,600,50,60,150,200,40,50,100,150,20261005,150,200,300,350,30,40,40,50,0,10,10,20,0,10,0,10,20261005,2026-10-05 08:08
북촌한옥마을,POI066,서행,21.0,2026-10-05 08:05,16,1756.0,,1.0,55.0,5,0,150,200,600,650,40,50,250,300,10,20,80,90,10,20,50,60,20261005,200,250,400,450,50,60,100,150,0,10,30,40,0,10,20,30,20261005,2026-10-05 08:08
서촌,POI067,서행,19.0,2026-10-05 08:05,9,308.0,,1.0,32.0,0,0,250,300,400,450,90,100,150,200,30,40,40,50,20,30,40,50,20261005,250,300,350,400,80,90,100,150,40,50,30,40,10,20,20,30,20261005,2026-10-05 08:08
성수카페거리,POI068,서행,20.0,2026-10-05 08:05,28,2824.0,,2.0,35.0,1,0,800,850,2000,2100,150,200,400,450,50,60,100,150,30,40,90,100,20261005,150,200,250,300,30,40,40,50,10,20,20,30,0,10,10,20,20261005,2026-10-05 08:08
쌍문역,POI070,서행,22.0,2026-10-05 08:05,8,345.0,,1.0,18.0,0,0,1900,2000,450,500,500,550,100,150,150,200,40,50,90,100,10,20,20261005,550,600,850,900,100,150,200,250,50,60,80,90,30,40,60,70,20261005,2026-10-05 08:08
압구정로데오거리,POI071,서행,21.0,2026-10-05 08:05,55,1976.0,2.0,1.0,16.0,1,0,200,250,550,600,50,60,150,200,10,20,40,50,0,10,30,40,20261005,250,300,400,450,70,80,90,100,20,30,20,30,0,10,0,10,20261005,2026-10-05 08:08
여의도,POI072,원활,26.0,2026-10-05 08:05,116,24820.0,417.0,9.0,63.0,2,2,2100,2200,4400,4500,500,550,850,900,150,200,200,250,100,150,100,150,20261005,900,950,2400,2500,150,200,400,450,70,80,100,150,20,30,60,70,20261005,2026-10-05 08:08
연남동,POI073,서행,20.0,2026-10-05 08:05,45,132.0,,0.0,20.0,0,0,,,,,,,,,,,,,,,,,,200,250,250,300,50,60,90,100,20,30,20,30,0,10,0,10,20261005,2026-10-05 08:08
영등포 타임스퀘어,POI074,서행,20.0,2026-10-05 08:05,10,1195.0,57.0,3.0,24.0,1,0,1900,2000,1400,1500,400,450,450,500,100,150,150,200,50,60,70,80,20261005,550,600,800,850,100,150,200,250,30,40,70,80,20,30,30,40,20261005,2026-10-05 08:08
용리단길,POI076,원활,27.0,2026-10-05 08:05,0,,,3.0,7.0,0,0,450,500,900,950,100,150,200,250,50,60,60,70,40,50,50,60,20261005,100,150,350,400,20,30,60,70,0,10,10,20,0,10,0,10,20261005,2026-10-05 08:08
이태원 앤틱가구거리,POI077,서행,21.0,2026-10-05 08:05,4,51.0,,1.0,13.0,0,0,2200,2300,1000,1100,150,200,100,150,50,60,30,40,30,40,20,30,20261005,300,350,250,300,50,60,20,30,10,20,0,10,10,20,0,0,20261005,2026-10-05 08:08
인사동,POI078,서행,19.0,2026-10-05 08:05,21,2465.0,1.0,2.0,26.0,3,0,500,550,1300,1400,100,150,450,500,30,40,100,150,30,40,80,90,20261005,550,600,400,450,80,90,90,100,30,40,30,40,0,10,0,10,20261005,2026-10-05 08:08
창동 신경제 중심지,POI079,서행,20.0,2026-10-05 08:05,46,4927.0,12.0,4.0,55.0,5,0,2800,2900,1400,1500,700,750,350,400,200,250,100,150,150,200,100,150,20261005,600,650,800,850,100,150,200,250,40,50,90,100,20,30,50,60,20261005,2026-10-05 08:08
청담동 명품거리,POI080,서행,22.0,2026-10-05 08:05,16,910.0,,1.0,10.0,0,0,200,250,550,600,50,60,150,200,10,20,40,50,0,10,30,40,20261005,80,90,200,250,20,30,50,60,10,20,20,30,0,0,0,10,20261005,2026-10-05 08:08
청량리 제기동 일대 전통시장,POI081,서행,21.0,2026-10-05 08:05,12,2214.0,,2.0,23.0,0,0,1300,1400,1200,1300,300,350,300,350,80,90,100,150,60,70,70,80,20261005,1100,1200,1700,1800,250,300,300,350,80,90,100,150,30,40,40,50,20261005,2026-10-05 08:08
해방촌·경리단길,POI082,원활,35.0,2026-10-05 08:05,4,273.0,,0.0,26.0,0,0,,,,,,,,,,,,,,,,,,250,300,150,200,80,90,50,60,20,30,10,20,10,20,10,20,20261005,2026-10-05 08:08
DDP(동대문디자인플라자),POI083,서행,20.0,2026-10-05 08:05,9,2596.0,128.0,3.0,11.0,3,0,1000,1100,1100,1200,200,250,300,350,60,70,90,100,30,40,60,70,20261005,350,400,150,200,20,30,30,40,10,20,10,20,0,10,0,10,20261005,2026-10-05 08:08
DMC(디지털미디어시티),POI084,서행,22.0,2026-10-05 08:05,25,9176.0,,4.0,68.0,0,0,1000,1100,800,850,250,300,150,200,80,90,80,90,50,60,50,60,20261005,300,350,350,400,80,90,100,150,20,30,40,50,10,20,10,20,20261005,2026-10-05 08:08
강서한강공원,POI085,원활,59.0,2026-10-05 08:05,2,106.0,11.0,0.0,1.0,0,0,,,,,,,,,,,,,,,,,,0,0,0,0,0,0,0,0,0,0,0,0,0,0,0,0,20261005,2026-10-05 08:08
고척돔,POI086,원활,34.0,2026-10-05 08:05,0,,,1.0,3.0,3,0,300,350,150,200,90,100,50,60,30,40,20,30,20,30,10,20,20261005,150,200,100,150,20,30,20,30,0,10,0,10,0,0,0,10,20261005,2026-10-05 08:08
광나루한강공원,POI087,원활,67.0,2026-10-05 08:05,4,718.0,242.0,0.0,0.0,0,0,,,,,,,,,,,,,,,,,,,,,,,,,,,,,,,,,,,2026-10-05 08:08
광화문광장,POI088,서행,21.0,2026-10-05 08:05,3,2932.0,122.0,2.0,12.0,1,0,400,450,1000,1100,100,150,300,350,50,60,90,100,30,40,70,80,20261005,200,250,250,300,50,60,50,60,20,30,10,20,0,10,0,10,20261005,2026-10-05 08:08
국립중앙박물관·용산가족공원,POI089,원활,39.0,2026-10-05 08:05,4,931.0,,3.0,3.0,1,0,400,450,550,600,90,100,100,150,30,40,50,60,10,20,30,40,20261005,0,10,10,20,0,10,0,10,0,0,0,0,0,0,0,0,20261005,2026-10-05 08:08
난지한강공원,POI090,원활,61.0,2026-10-05 08:05,4,1240.0,0.0,0.0,7.0,0,0,,,,,,,,,,,,,,,,,,0,0,0,10,0,0,0,0,0,0,0,0,0,0,0,0,20261005,2026-10-05 08:08
남산공원,POI091,원활,34.0,2026-10-05 08:05,33,2148.0,23.0,5.0,37.0,2,0,1000,1100,2700,2800,350,400,1000,1100,90,100,250,300,60,70,200,250,20261005,150,200,350,400,50,60,90,100,20,30,40,50,10,20,20,30,20261005,2026-10-05 08:08
노들섬,POI092,원활,42.0,2026-10-05 08:05,1,99.0,,0.0,4.0,2,0,,,,,,,,,,,,,,,,,,30,40,50,60,0,10,0,10,0,0,0,0,0,0,0,0,20261005,2026-10-05 08:08
뚝섬한강공원,POI093,원활,59.0,2026-10-05 08:05,8,1342.0,202.0,1.0,1.0,1,0,400,450,150,200,100,150,50,60,40,50,30,40,30,40,10,20,20261005,0,0,0,0,0,0,0,0,0,0,0,0,0,0,0,0,20261005,2026-10-05 08:08
망원한강공원,POI094,원활,40.0,2026-10-05 08:05,2,458.0,0.0,2.0,10.0,0,0,1400,1500,900,950,250,300,250,300,70,80,70,80,50,60,60,70,20261005,400,450,250,300,40,50,50,60,10,20,0,10,0,10,0,10,20261005,2026-10-05 08:08
반포한강공원,POI095,원활,47.0,2026-10-05 08:05,9,1483.0,9.0,0.0,6.0,0,0,,,,,,,,,,,,,,,,,,0,10,10,20,0,0,0,10,0,0,0,10,0,0,0,0,20261005,2026-10-05 08:08
북서울꿈의숲,POI096,서행,23.0,2026-10-05 08:05,3,549.0,,0.0,17.0,0,0,,,,,,,,,,,,,,,,,,150,200,50,60,40,50,10,20,10,20,0,0,0,10,0,0,20261005,2026-10-05 08:08
서리풀공원·몽마르뜨공원,POI098,원활,28.0,2026-10-05 08:05,0,,,4.0,7.0,0,0,1400,1500,2900,3000,450,500,750,800,150,200,200,250,90,100,100,150,20261005,500,550,750,800,100,150,100,150,40,50,40,50,0,10,10,20,20261005,2026-10-05 08:08
서울대공원,POI100,원활,26.0,2026-10-05 08:05,0,,,1.0,0.0,0,0,10,20,150,200,0,10,40,50,0,0,20,30,0,0,10,20,20261005,,,,,,,,,,,,,,,,,,2026-10-05 08:08
서울숲공원,POI101,원활,40.0,2026-10-05 08:05,2,996.0,,1.0,9.0,0,0,200,250,250,300,50,60,70,80,10,20,20,30,0,10,10,20,20261005,10,20,50,60,0,10,10,20,0,10,0,10,0,0,0,0,20261005,2026-10-05 08:08
아차산,POI102,원활,34.0,2026-10-05 08:05,0,,,0.0,3.0,0,0,,,,,,,,,,,,,,,,,,10,20,0,0,0,10,0,0,0,0,0,0,0,0,0,0,20261005,2026-10-05 08:08
양화한강공원,POI103,원활,43.0,2026-10-05 08:05,6,1002.0,47.0,0.0,5.0,0,0,,,,,,,,,,,,,,,,,,0,0,10,20,0,0,0,0,0,0,0,0,0,0,0,0,20261005,2026-10-05 08:08
어린이대공원,POI104,서행,22.0,2026-10-05 08:05,4,945.0,,2.0,9.0,0,0,1100,1200,600,650,250,300,150,200,90,100,50,60,60,70,30,40,20261005,100,150,100,150,20,30,30,40,0,10,10,20,0,10,0,10,20261005,2026-10-05 08:08
여의도한강공원,POI105,원활,39.0,2026-10-05 08:05,6,2866.0,328.0,1.0,3.0,0,0,100,150,250,300,30,40,100,150,0,10,30,40,0,10,10,20,20261005,20,30,40,50,0,0,0,10,0,0,0,10,0,0,0,10,20261005,2026-10-05 08:08
월드컵공원,POI106,원활,34.0,2026-10-05 08:05,9,3537.0,,4.0,34.0,0,0,1000,1100,1300,1400,200,250,400,450,70,80,100,150,50,60,80,90,20261005,90,100,200,250,20,30,90,100,10,20,30,40,0,10,10,20,20261005,2026-10-05 08:08
응봉산,POI107,원활,27.0,2026-10-05 08:05,3,88.0,,1.0,24.0,0,0,100,150,30,40,10,20,0,10,0,10,0,10,0,0,0,0,20261005,100,150,70,80,30,40,10,20,0,10,0,0,0,10,0,0,20261005,2026-10-05 08:08
이촌한강공원,POI108,원활,45.0,2026-10-05 08:05,2,514.0,0.0,0.0,4.0,0,0,,,,,,,,,,,,,,,,,,0,0,0,10,0,0,0,0,0,0,0,0,0,0,0,0,20261005,2026-10-05 08:08
잠실종합운동장,POI109,원활,27.0,2026-10-05 08:05,1,876.0,,2.0,4.0,0,0,350,400,800,850,100,150,250,300,30,40,40,50,10,20,20,30,20261005,90,100,100,150,10,20,10,20,0,10,0,10,0,0,0,10,20261005,2026-10-05 08:08
잠실한강공원,POI110,원활,44.0,2026-10-05 08:05,4,1326.0,82.0,1.0,9.0,0,0,350,400,300,350,100,150,70,80,50,60,20,30,30,40,10,20,20261005,0,10,40,50,0,0,0,10,0,0,0,10,0,0,0,0,20261005,2026-10-05 08:08
잠원한강공원,POI111,원활,51.0,2026-10-05 08:05,3,1540.0,0.0,0.0,5.0,0,0,,,,,,,,,,,,,,,,,,10,20,30,40,0,10,10,20,0,0,0,10,0,0,0,10,20261005,2026-10-05 08:08
청계산,POI112,원활,62.0,2026-10-05 08:05,0,,,0.0,9.0,0,0,,,,,,,,,,,,,,,,,,0,10,0,10,0,0,0,10,0,0,0,0,0,0,0,0,20261005,2026-10-05 08:08
북창동 먹자골목,POI114,서행,19.0,2026-10-05 08:05,20,552.0,0.0,0.0,11.0,0,0,,,,,,,,,,,,,,,,,,150,200,350,400,40,50,100,150,10,20,30,40,0,10,0,10,20261005,2026-10-05 08:08
남대문시장,POI115,서행,21.0,2026-10-05 08:05,16,1456.0,4.0,1.0,7.0,0,0,,,,,,,,,,,,,,,,,,100,150,350,400,20,30,90,100,0,10,20,30,0,10,0,10,20261005,2026-10-05 08:08
익선동,POI116,서행,18.0,2026-10-05 08:05,10,187.0,1.0,3.0,11.0,1,0,750,800,1100,1200,150,200,300,350,30,40,100,150,20,30,80,90,20261005,350,400,250,300,40,50,60,70,20,30,20,30,10,20,10,20,20261005,2026-10-05 08:08
신정네거리역,POI117,서행,18.0,2026-10-05 08:05,3,119.0,,1.0,9.0,0,0,,,,,,,,,,,,,,,,,,,,,,,,,,,,,,,,,,,2026-10-05 08:08
잠실새내역,POI118,서행,20.0,2026-10-05 08:05,31,1541.0,,1.0,18.0,0,0,550,600,350,400,200,250,150,200,60,70,30,40,50,60,10,20,20261005,200,250,250,300,50,60,70,80,10,20,20,30,0,10,10,20,20261005,2026-10-05 08:08
잠실역,POI119,서행,22.0,2026-10-05 08:05,5,6749.0,77.0,2.0,21.0,0,0,,,,,,,,,,,,,,,,,,500,550,900,950,100,150,200,250,30,40,80,90,10,20,30,40,20261005,2026-10-05 08:08
잠실롯데타워·석촌호수,POI120,서행,21.0,2026-10-05 08:05,33,9281.0,77.0,3.0,0.0,2,0,,,,,,,,,,,,,,,,,,,,,,,,,,,,,,,,,,,2026-10-05 08:08
송리단길·호수단길,POI121,서행,24.0,2026-10-05 08:05,21,878.0,,1.0,15.0,0,0,200,250,200,250,60,70,60,70,10,20,20,30,10,20,0,10,20261005,300,350,300,350,60,70,70,80,20,30,20,30,10,20,0,10,20261005,2026-10-05 08:08
신촌 스타광장,POI122,서행,18.0,2026-10-05 08:05,4,235.0,,1.0,4.0,0,0,,,,,,,,,,,,,,,,,,200,250,200,250,50,60,50,60,10,20,30,40,10,20,10,20,20261005,2026-10-05 08:08
보라매공원,POI123,서행,16.0,2026-10-05 08:05,1,78.0,,2.0,5.0,0,0,150,200,200,250,70,80,40,50,10,20,0,10,0,0,0,0,20261005,0,10,0,10,0,0,0,0,0,0,0,0,0,0,0,0,20261005,2026-10-05 08:08
서대문독립공원,POI124,원활,29.0,2026-10-05 08:05,2,150.0,,1.0,18.0,0,0,300,350,150,200,80,90,50,60,20,30,20,30,10,20,10,20,20261005,200,250,250,300,50,60,50,60,10,20,10,20,10,20,10,20,20261005,2026-10-05 08:08
안양천,POI125,원활,48.0,2026-10-05 08:05,1,294.0,,0.0,1.0,0,0,,,,,,,,,,,,,,,,,,0,0,0,0,0,0,0,0,0,0,0,0,0,0,0,0,20261005,2026-10-05 08:08
여의서로,POI126,원활,32.0,2026-10-05 08:05,2,168.0,38.0,0.0,0.0,0,0,,,,,,,,,,,,,,,,,,,,,,,,,,,,,,,,,,,2026-10-05 08:08
올림픽공원,POI127,원활,26.0,2026-10-05 08:05,4,2716.0,,4.0,17.0,4,0,,,,,,,,,,,,,,,,,,100,150,150,200,40,50,60,70,10,20,10,20,0,0,0,10,20261005,2026-10-05 08:08
홍제폭포,POI128,원활,36.0,2026-10-05 08:05,0,,,0.0,0.0,0,0,,,,,,,,,,,,,,,,,,,,,,,,,,,,,,,,,,,2026-10-05 08:08
송현녹지광장,POI129,서행,20.0,2026-10-05 08:05,4,1546.0,,1.0,25.0,5,0,150,200,600,650,40,50,250,300,10,20,80,90,10,20,50,60,20261005,200,250,400,450,50,60,90,100,0,10,30,40,0,10,10,20,20261005,2026-10-05 08:08
시의회 앞,POI130,서행,21.0,2026-10-05 08:05,9,1723.0,,3.0,25.0,3,0,550,600,2100,2200,150,200,600,650,50,60,150,200,30,40,100,150,20261005,250,300,500,550,60,70,100,150,30,40,30,40,10,20,10,20,20261005,2026-10-05 08:08
강남 MICE 관광특구,POI001,서행,17.0,2026-10-05 09:05,3,4428.0,,2.0,6.0,0,0,900,950,9200,9300,150,200,2200,2300,50,60,500,550,20,30,250,300,20261005,90,100,250,300,10,20,50,60,0,10,20,30,0,0,0,10,20261005,2026-10-05 09:07
동대문 관광특구,POI002,서행,18.0,2026-10-05 09:05,47,8302.0,159.0,7.0,32.0,4,0,5200,5300,6600,6700,1000,1100,1700,1800,300,350,600,650,200,250,300,350,20261005,1300,1400,800,850,100,150,150,200,60,70,70,80,30,40,20,30,20261005,2026-10-05 09:07
명동 관광특구,POI003,서행,18.0,2026-10-05 09:05,93,12070.0,7.0,7.0,54.0,3,1,3400,3500,11300,11400,1000,1100,3500,3600,300,350,950,1000,100,150,550,600,20261005,1100,1200,2700,2800,250,300,550,600,90,100,200,250,40,50,80,90,20261005,2026-10-05 09:07
이태원 관광특구,POI004,서행,20.0,2026-10-05 09:05,8,853.0,,3.0,17.0,0,0,3000,3100,2300,2400,200,250,350,400,50,60,100,150,30,40,40,50,20261005,550,600,400,450,70,80,50,60,30,40,20,30,10,20,10,20,20261005,2026-10-05 09:07
잠실 관광특구,POI005,서행,22.0,2026-10-05 09:05,37,11997.0,91.0,6.0,50.0,6,0,4700,4800,5400,5500,1100,1200,1600,1700,350,400,600,650,200,250,350,400,20261005,900,950,1500,1600,200,250,400,450,80,90,150,200,10,20,70,80,20261005,2026-10-05 09:07
종로·청계 관광특구,POI006,서행,19.0,2026-10-05 09:05,48,2496.0,42.0,10.0,62.0,0,0,5600,5700,11000,11100,1100,1200,3000,3100,350,400,1100,1200,200,250,550,600,20261005,2300,2400,2400,2500,300,350,450,500,100,150,150,200,30,40,70,80,20261005,2026-10-05 09:07
홍대 관광특구,POI007,서행,18.0,2026-10-05 09:05,51,3098.0,,8.0,70.0,0,0,7900,8000,4800,4900,1300,1400,1300,1400,400,450,450,500,200,250,300,350,20261005,1800,1900,1500,1600,250,300,300,350,100,150,100,150,50,60,60,70,20261005,2026-10-05 09:07
경복궁,POI008,서행,19.0,2026-10-05 09:05,2,267.0,,1.0,11.0,0,0,450,500,1100,1200,100,150,400,450,40,50,100,150,20,30,10,20,20261005,10,20,80,90,10,20,40,50,0,10,20,30,0,0,0,10,20261005,2026-10-05 09:07
광화문·덕수궁,POI009,서행,18.0,2026-10-05 09:05,29,7988.0,157.0,4.0,41.0,5,1,1600,1700,5400,5500,400,450,1700,1800,100,150,550,600,60,70,300,350,20261005,850,900,1300,1400,200,250,300,350,60,70,100,150,40,50,30,40,20261005,2026-10-05 09:07
보신각,POI010,서행,19.0,2026-10-05 09:05,14,2572.0,11.0,1.0,14.0,0,0,550,600,1500,1600,90,100,450,500,20,30,150,200,0,10,60,70,20261005,450,500,550,600,70,80,100,150,10,20,40,50,10,20,20,30,20261005,2026-10-05 09:07
서울 암사동 유적,POI011,서행,22.0,2026-10-05 09:05,1,108.0,,0.0,3.0,0,0,,,,,,,,,,,,,,,,,,0,0,0,10,0,0,0,0,0,0,0,0,0,0,0,0,20261005,2026-10-05 09:07
창덕궁·종묘,POI012,서행,21.0,2026-10-05 09:05,16,3155.0,332.0,4.0,19.0,1,0,1700,1800,4100,4200,450,500,1000,1100,100,150,350,400,80,90,150,200,20261005,150,200,450,500,40,50,100,150,10,20,30,40,0,10,10,20,20261005,2026-10-05 09:07
가산디지털단지역,POI013,서행,24.0,2026-10-05 09:05,20,8291.0,,2.0,71.0,0,0,1600,1700,1700,1800,300,350,450,500,100,150,150,200,50,60,90,100,20261005,600,650,1000,1100,100,150,200,250,40,50,70,80,20,30,30,40,20261005,2026-10-05 09:07
강남역,POI014,서행,19.0,2026-10-05 09:05,95,7876.0,,4.0,55.0,0,0,3200,3300,4800,4900,650,700,1500,1600,200,250,500,550,100,150,300,350,20261005,1500,1600,1500,1600,250,300,300,350,80,90,100,150,20,30,40,50,20261005,2026-10-05 09:07
건대입구역,POI015,서행,23.0,2026-10-05 09:05,23,6603.0,,2.0,11.0,1,0,2700,2800,1700,1800,550,600,450,500,150,200,150,200,50,60,60,70,20261005,350,400,400,450,70,80,80,90,20,30,20,30,10,20,0,10,20261005,2026-10-05 09:07
고덕역,POI016,원활,26.0,2026-10-05 09:05,15,1615.0,,1.0,5.0,0,0,500,550,350,400,100,150,70,80,40,50,0,0,30,40,0,0,20261005,100,150,80,90,20,30,20,30,10,20,0,10,0,0,0,10,20261005,2026-10-05 09:07
고속터미널역,POI017,원활,26.0,2026-10-05 09:05,3,4291.0,,3.0,10.0,0,0,2300,2400,4700,4800,650,700,1100,1200,200,250,350,400,100,150,150,200,20261005,850,900,1200,1300,200,250,250,300,70,80,70,80,20,30,20,30,20261005,2026-10-05 09:07
교대역,POI018,서행,19.0,2026-10-05 09:05,14,760.0,,2.0,13.0,0,0,1000,1100,1800,1900,200,250,450,500,80,90,150,200,50,60,80,90,20261005,250,300,150,200,60,70,40,50,20,30,20,30,10,20,0,10,20261005,2026-10-05 09:07
구로디지털단지역,POI019,서행,19.0,2026-10-05 09:05,20,6911.0,,1.0,29.0,0,0,4200,4300,1800,1900,900,950,450,500,250,300,150,200,150,200,100,150,20261005,400,450,300,350,90,100,70,80,30,40,20,30,20,30,0,10,20261005,2026-10-05 09:07
구로역,POI020,원활,28.0,2026-10-05 09:05,3,1047.0,,1.0,5.0,0,0,2000,2100,850,900,250,300,250,300,90,100,100,150,40,50,40,50,20261005,100,150,400,450,20,30,60,70,10,20,30,40,0,10,0,10,20261005,2026-10-05 09:07
군자역,POI021,서행,19.0,2026-10-05 09:05,11,573.0,,2.0,16.0,0,0,2100,2200,1000,1100,500,550,300,350,100,150,100,150,40,50,50,60,20261005,450,500,450,500,80,90,90,100,20,30,30,40,10,20,10,20,20261005,2026-10-05 09:07
대림역,POI023,서행,16.0,2026-10-05 09:05,4,221.0,,2.0,29.0,0,0,4500,4600,1400,1500,900,950,300,350,250,300,90,100,150,200,70,80,20261005,600,650,850,900,100,150,200,250,40,50,60,70,20,30,30,40,20261005,2026-10-05 09:07
동대문역,POI024,서행,18.0,2026-10-05 09:05,17,892.0,0.0,2.0,7.0,0,0,1900,2000,2900,3000,300,350,750,800,100,150,300,350,60,70,150,200,20261005,600,650,650,700,70,80,100,150,20,30,40,50,0,10,10,20,20261005,2026-10-05 09:07
뚝섬역,POI025,서행,24.0,2026-10-05 09:05,9,767.0,,1.0,4.0,1,0,550,600,800,850,100,150,200,250,40,50,90,100,10,20,30,40,20261005,60,70,100,150,10,20,10,20,0,10,0,10,0,0,0,0,20261005,2026-10-05 09:07
미아사거리역,POI026,서행,17.0,2026-10-05 09:05,11,1409.0,,1.0,29.0,0,0,2300,2400,1000,1100,550,600,300,350,150,200,100,150,80,90,60,70,20261005,1700,1800,2100,2200,350,400,500,550,100,150,200,250,80,90,100,150,20261005,2026-10-05 09:07
발산역,POI027,서행,17.0,2026-10-05 09:05,13,2880.0,,1.0,37.0,0,0,800,850,1000,1100,150,200,250,300,50,60,80,90,20,30,0,0,20261005,350,400,500,550,70,80,100,150,20,30,40,50,10,20,20,30,20261005,2026-10-05 09:07
사당역,POI029,서행,22.0,2026-10-05 09:05,13,520.0,,2.0,17.0,1,0,3500,3600,2800,2900,800,850,500,550,200,250,200,250,100,150,100,150,20261005,400,450,650,700,90,100,100,150,20,30,50,60,10,20,30,40,20261005,2026-10-05 09:07
삼각지역,POI030,원활,26.0,2026-10-05 09:05,0,,,2.0,7.0,0,0,450,500,550,600,100,150,100,150,40,50,30,40,10,20,10,20,20261005,550,600,400,450,80,90,70,80,30,40,20,30,10,20,0,0,20261005,2026-10-05 09:07
서울대입구역,POI031,서행,20.0,2026-10-05 09:05,2,52.0,,1.0,15.0,0,0,3100,3200,1400,1500,700,750,400,450,200,250,150,200,80,90,30,40,20261005,1300,1400,1600,1700,300,350,300,350,100,150,100,150,20,30,30,40,20261005,2026-10-05 09:07
서울식물원·마곡나루역,POI032,서행,18.0,2026-10-05 09:05,2,2651.0,,2.0,15.0,2,0,1100,1200,1100,1200,250,300,250,300,90,100,100,150,50,60,50,60,20261005,80,90,150,200,10,20,40,50,0,10,0,10,0,0,0,0,20261005,2026-10-05 09:07
서울역,POI033,서행,20.0,2026-10-05 09:05,23,3968.0,0.0,8.0,34.0,1,0,7700,7800,14000,14100,2000,2100,3600,3700,750,800,1100,1200,400,450,600,650,20261005,1300,1400,2800,2900,250,300,450,500,100,150,150,200,40,50,50,60,20261005,2026-10-05 09:07
선릉역,POI034,서행,19.0,2026-10-05 09:05,94,11160.0,26.0,4.0,20.0,0,0,1700,1800,9000,9100,350,400,2600,2700,100,150,650,700,40,50,350,400,20261005,500,550,550,600,100,150,100,150,20,30,50,60,10,20,20,30,20261005,2026-10-05 09:07
성신여대입구역,POI035,서행,16.0,2026-10-05 09:05,2,38.0,,2.0,9.0,0,0,1400,1500,950,1000,350,400,300,350,100,150,100,150,70,80,80,90,20261005,750,800,950,1000,150,200,200,250,60,70,70,80,20,30,30,40,20261005,2026-10-05 09:07
수유역,POI036,서행,18.0,2026-10-05 09:05,8,802.0,,1.0,32.0,0,0,3700,3800,1300,1400,850,900,350,400,250,300,90,100,100,150,20,30,20261005,2300,2400,2700,2800,500,550,650,700,150,200,250,300,70,80,100,150,20261005,2026-10-05 09:07
신논현역·논현역,POI037,서행,22.0,2026-10-05 09:05,32,1053.0,,3.0,13.0,0,0,1900,2000,2100,2200,350,400,600,650,100,150,200,250,70,80,150,200,20261005,650,700,550,600,100,150,100,150,40,50,50,60,20,30,20,30,20261005,2026-10-05 09:07
신도림역,POI038,원활,39.0,2026-10-05 09:05,1,1644.0,,2.0,2.0,0,0,3700,3800,1800,1900,650,700,400,450,150,200,150,200,50,60,40,50,20261005,200,250,650,700,40,50,100,150,20,30,30,40,0,10,10,20,20261005,2026-10-05 09:07
신림역,POI039,서행,17.0,2026-10-05 09:05,2,282.0,,2.0,15.0,0,0,5500,5600,1800,1900,1200,1300,350,400,350,400,90,100,250,300,70,80,20261005,1800,1900,2900,3000,350,400,650,700,100,150,200,250,30,40,80,90,20261005,2026-10-05 09:07
신촌·이대역,POI040,서행,18.0,2026-10-05 09:05,25,1943.0,72.0,4.0,41.0,0,0,2100,2200,1700,1800,500,550,500,550,150,200,150,200,100,150,90,100,20261005,1100,1200,1500,1600,200,250,300,350,80,90,100,150,30,40,60,70,20261005,2026-10-05 09:07
양재역,POI041,원활,28.0,2026-10-05 09:05,16,1881.0,,2.0,27.0,0,0,1200,1300,2100,2200,250,300,500,550,100,150,150,200,60,70,80,90,20261005,950,1000,850,900,200,250,150,200,80,90,60,70,40,50,30,40,20261005,2026-10-05 09:07
역삼역,POI042,서행,18.0,2026-10-05 09:05,47,7473.0,1.0,1.0,10.0,0,0,700,750,1600,1700,100,150,400,450,40,50,150,200,10,20,60,70,20261005,400,450,450,500,70,80,90,100,20,30,20,30,10,20,0,10,20261005,2026-10-05 09:07
연신내역,POI043,서행,21.0,2026-10-05 09:05,5,208.0,,3.0,14.0,0,0,4200,4300,1900,2000,1000,1100,500,550,300,350,100,150,100,150,30,40,20261005,600,650,900,950,100,150,200,250,30,40,60,70,20,30,20,30,20261005,2026-10-05 09:07
오목교역·목동운동장,POI044,원활,28.0,2026-10-05 09:05,14,5304.0,,1.0,33.0,0,0,750,800,900,950,200,250,250,300,60,70,70,80,40,50,60,70,20261005,750,800,1000,1100,150,200,250,300,60,70,100,150,20,30,50,60,20261005,2026-10-05 09:07
왕십리역,POI045,서행,19.0,2026-10-05 09:05,4,1478.0,,5.0,22.0,0,0,2500,2600,1900,2000,600,650,500,550,150,200,150,200,100,150,80,90,20261005,200,250,450,500,40,50,100,150,10,20,30,40,10,20,20,30,20261005,2026-10-05 09:07
용산역,POI046,서행,23.0,2026-10-05 09:05,11,5014.0,91.0,2.0,33.0,0,0,1500,1600,4300,4400,550,600,1100,1200,200,250,400,450,60,70,90,100,20261005,450,500,550,600,90,100,100,150,30,40,20,30,10,20,10,20,20261005,2026-10-05 09:07
이태원역,POI047,정체,13.0,2026-10-05 09:05,4,66.0,,1.0,9.0,0,0,2500,2600,1200,1300,100,150,100,150,30,40,20,30,20,30,10,20,20261005,400,450,150,200,40,50,20,30,20,30,10,20,10,20,0,10,20261005,2026-10-05 09:07
장지역,POI048,서행,23.0,2026-10-05 09:05,4,10611.0,,1.0,20.0,0,0,850,900,850,900,200,250,150,200,60,70,60,70,30,40,20,30,20261005,350,400,450,500,60,70,100,150,20,30,40,50,0,10,10,20,20261005,2026-10-05 09:07
장한평역,POI049,서행,24.0,2026-10-05 09:05,15,847.0,,1.0,16.0,0,0,1300,1400,1000,1100,350,400,250,300,100,150,70,80,60,70,30,40,20261005,900,950,1200,1300,200,250,300,350,80,90,100,150,40,50,30,40,20261005,2026-10-05 09:07
천호역,POI050,서행,20.0,2026-10-05 09:05,14,3331.0,,2.0,12.0,0,0,2400,2500,1600,1700,550,600,450,500,150,200,150,200,60,70,80,90,20261005,200,250,450,500,40,50,90,100,10,20,20,30,0,10,10,20,20261005,2026-10-05 09:07
총신대입구(이수)역,POI051,서행,19.0,2026-10-05 09:05,7,533.0,,2.0,18.0,0,0,1900,2000,1400,1500,500,550,400,450,100,150,150,200,40,50,80,90,20261005,550,600,550,600,100,150,100,150,40,50,30,40,10,20,20,30,20261005,2026-10-05 09:07
충정로역,POI052,서행,23.0,2026-10-05 09:05,5,834.0,,2.0,19.0,0,0,600,650,550,600,100,150,100,150,50,60,30,40,20,30,10,20,20261005,350,400,300,350,80,90,70,80,30,40,20,30,0,10,0,10,20261005,2026-10-05 09:07
합정역,POI053,원활,25.0,2026-10-05 09:05,6,207.0,,2.0,30.0,0,0,2000,2100,1500,1600,300,350,350,400,100,150,100,150,50,60,50,60,20261005,650,700,500,550,80,90,100,150,30,40,40,50,20,30,20,30,20261005,2026-10-05 09:07
혜화역,POI054,서행,21.0,2026-10-05 09:05,24,955.0,,1.0,12.0,2,0,850,900,1200,1300,150,200,250,300,50,60,70,80,30,40,60,70,20261005,600,650,550,600,100,150,100,150,40,50,30,40,20,30,10,20,20261005,2026-10-05 09:07
홍대입구역(2호선),POI055,서행,17.0,2026-10-05 09:05,16,1196.0,,1.0,17.0,0,0,3100,3200,1700,1800,500,550,500,550,150,200,150,200,80,90,100,150,20261005,950,1000,900,950,150,200,200,250,70,80,60,70,20,30,30,40,20261005,2026-10-05 09:07
회기역,POI056,서행,19.0,2026-10-05 09:05,21,408.0,,1.0,22.0,0,0,1900,2000,1000,1100,500,550,250,300,150,200,100,150,80,90,40,50,20261005,1200,1300,1300,1400,300,350,250,300,100,150,80,90,30,40,30,40,20261005,2026-10-05 09:07
가락시장,POI058,원활,27.0,2026-10-05 09:05,4,2884.0,,2.0,16.0,0,0,1200,1300,1000,1100,200,250,250,300,70,80,100,150,20,30,70,80,20261005,800,850,650,700,100,150,90,100,30,40,30,40,20,30,20,30,20261005,2026-10-05 09:07
가로수길,POI059,원활,27.0,2026-10-05 09:05,51,2767.0,37.0,2.0,14.0,0,0,1200,1300,2800,2900,250,300,950,1000,70,80,350,400,40,50,350,400,20261005,200,250,400,450,50,60,80,90,20,30,40,50,0,10,10,20,20261005,2026-10-05 09:07
광장(전통)시장,POI060,서행,19.0,2026-10-05 09:05,7,103.0,4.0,1.0,11.0,0,0,400,450,1800,1900,150,200,450,500,40,50,100,150,10,20,20,30,20261005,150,200,550,600,50,60,100,150,20,30,40,50,0,10,10,20,20261005,2026-10-05 09:07
김포공항,POI061,원활,31.0,2026-10-05 09:05,6,16594.0,,6.0,27.0,0,0,1500,1600,3100,3200,500,550,600,650,150,200,200,250,70,80,100,150,20261005,150,200,350,400,40,50,50,60,10,20,10,20,0,10,0,10,20261005,2026-10-05 09:07
노량진,POI063,서행,24.0,2026-10-05 09:05,11,1218.0,,3.0,22.0,1,0,3200,3300,3200,3300,600,650,900,950,200,250,350,400,100,150,200,250,20261005,1000,1100,2500,2600,150,200,500,550,60,70,150,200,20,30,60,70,20261005,2026-10-05 09:07
덕수궁길·정동길,POI064,서행,20.0,2026-10-05 09:05,10,620.0,,3.0,10.0,0,0,1300,1400,3500,3600,350,400,800,850,100,150,250,300,30,40,100,150,20261005,300,350,400,450,70,80,80,90,20,30,30,40,0,10,20,30,20261005,2026-10-05 09:07
북촌한옥마을,POI066,서행,20.0,2026-10-05 09:05,16,1756.0,,1.0,55.0,5,0,350,400,1300,1400,100,150,400,450,30,40,150,200,10,20,60,70,20261005,400,450,750,800,100,150,200,250,30,40,80,90,20,30,50,60,20261005,2026-10-05 09:07
서촌,POI067,서행,18.0,2026-10-05 09:05,9,308.0,,1.0,32.0,0,0,450,500,1100,1200,100,150,400,450,40,50,100,150,20,30,10,20,20261005,550,600,750,800,150,200,200,250,40,50,80,90,20,30,30,40,20261005,2026-10-05 09:07
성수카페거리,POI068,서행,19.0,2026-10-05 09:05,28,2824.0,,2.0,35.0,1,0,1400,1500,3300,3400,300,350,700,750,90,100,250,300,40,50,150,200,20261005,250,300,400,450,20,30,50,60,0,10,10,20,0,0,10,20,20261005,2026-10-05 09:07
쌍문역,POI070,서행,19.0,2026-10-05 09:05,8,345.0,,1.0,18.0,0,0,3300,3400,900,950,700,750,250,300,200,250,100,150,150,200,50,60,20261005,950,1000,1500,1600,200,250,350,400,60,70,90,100,20,30,50,60,20261005,2026-10-05 09:07
압구정로데오거리,POI071,서행,23.0,2026-10-05 09:05,55,1976.0,2.0,1.0,16.0,1,0,300,350,1000,1100,60,70,300,350,20,30,100,150,0,10,90,100,20261005,350,400,700,750,60,70,150,200,10,20,50,60,0,10,10,20,20261005,2026-10-05 09:07
여의도,POI072,원활,25.0,2026-10-05 09:05,116,24820.0,422.0,9.0,63.0,2,2,3500,3600,6500,6600,700,750,1100,1200,250,300,450,500,100,150,250,300,20261005,1400,1500,3300,3400,300,350,500,550,100,150,150,200,50,60,90,100,20261005,2026-10-05 09:07
연남동,POI073,서행,18.0,2026-10-05 09:05,45,132.0,,0.0,20.0,0,0,,,,,,,,,,,,,,,,,,400,450,350,400,100,150,80,90,40,50,30,40,20,30,10,20,20261005,2026-10-05 09:07
영등포 타임스퀘어,POI074,서행,20.0,2026-10-05 09:05,10,1195.0,95.0,3.0,24.0,1,0,3100,3200,2800,2900,600,650,800,850,200,250,300,350,100,150,100,150,20261005,800,850,1200,1300,100,150,250,300,40,50,100,150,10,20,40,50,20261005,2026-10-05 09:07
용리단길,POI076,원활,25.0,2026-10-05 09:05,0,,,3.0,7.0,0,0,850,900,1600,1700,200,250,350,400,70,80,90,100,20,30,10,20,20261005,150,200,500,550,20,30,100,150,0,10,30,40,0,10,0,10,20261005,2026-10-05 09:07
이태원 앤틱가구거리,POI077,서행,20.0,2026-10-05 09:05,4,51.0,,1.0,13.0,0,0,2500,2600,1200,1300,100,150,100,150,30,40,20,30,20,30,10,20,20261005,400,450,300,350,50,60,30,40,20,30,10,20,10,20,0,10,20261005,2026-10-05 09:07
인사동,POI078,서행,17.0,2026-10-05 09:05,21,2465.0,1.0,2.0,26.0,3,0,900,950,2800,2900,200,250,850,900,60,70,350,400,10,20,100,150,20261005,800,850,700,750,100,150,150,200,30,40,60,70,10,20,30,40,20261005,2026-10-05 09:07
창동 신경제 중심지,POI079,서행,19.0,2026-10-05 09:05,46,4927.0,18.0,4.0,55.0,5,0,4900,5000,3000,3100,1100,1200,950,1000,300,350,350,400,200,250,200,250,20261005,1000,1100,1500,1600,200,250,350,400,80,90,100,150,30,40,60,70,20261005,2026-10-05 09:07
청담동 명품거리,POI080,서행,22.0,2026-10-05 09:05,16,910.0,,1.0,10.0,0,0,300,350,1000,1100,60,70,300,350,20,30,100,150,0,10,90,100,20261005,100,150,300,350,30,40,60,70,10,20,10,20,10,20,0,10,20261005,2026-10-05 09:07
청량리 제기동 일대 전통시장,POI081,서행,21.0,2026-10-05 09:05,12,2214.0,,2.0,23.0,0,0,2400,2500,2300,2400,550,600,650,700,150,200,150,200,70,80,60,70,20261005,1900,2000,2800,2900,450,500,600,650,150,200,200,250,60,70,90,100,20261005,2026-10-05 09:07
해방촌·경리단길,POI082,원활,33.0,2026-10-05 09:05,4,273.0,,0.0,26.0,0,0,,,,,,,,,,,,,,,,,,550,600,250,300,100,150,50,60,50,60,10,20,40,50,10,20,20261005,2026-10-05 09:07
DDP(동대문디자인플라자),POI083,서행,18.0,2026-10-05 09:05,9,2596.0,151.0,3.0,11.0,3,0,1700,1800,2100,2200,350,400,550,600,100,150,150,200,80,90,100,150,20261005,400,450,250,300,20,30,40,50,10,20,10,20,0,10,0,10,20261005,2026-10-05 09:07
DMC(디지털미디어시티),POI084,서행,23.0,2026-10-05 09:05,25,9176.0,,4.0,68.0,0,0,1800,1900,1300,1400,450,500,250,300,150,200,80,90,80,90,30,40,20261005,550,600,700,750,150,200,200,250,30,40,70,80,20,30,30,40,20261005,2026-10-05 09:07
강서한강공원,POI085,원활,58.0,2026-10-05 09:05,2,106.0,28.0,0.0,1.0,0,0,,,,,,,,,,,,,,,,,,0,0,0,0,0,0,0,0,0,0,0,0,0,0,0,0,20261005,2026-10-05 09:07
고척돔,POI086,원활,30.0,2026-10-05 09:05,0,,,1.0,3.0,3,0,600,650,300,350,100,150,50,60,50,60,10,20,10,20,0,10,20261005,250,300,200,250,70,80,60,70,10,20,10,20,10,20,0,10,20261005,2026-10-05 09:07
광나루한강공원,POI087,원활,65.0,2026-10-05 09:05,4,718.0,233.0,0.0,0.0,0,0,,,,,,,,,,,,,,,,,,,,,,,,,,,,,,,,,,,2026-10-05 09:07
광화문광장,POI088,서행,19.0,2026-10-05 09:05,3,2932.0,157.0,2.0,12.0,1,0,750,800,2400,2500,200,250,850,900,70,80,250,300,30,40,100,150,20261005,350,400,500,550,90,100,100,150,30,40,40,50,20,30,0,10,20261005,2026-10-05 09:07
국립중앙박물관·용산가족공원,POI089,원활,38.0,2026-10-05 09:05,4,931.0,,3.0,3.0,1,0,700,750,1000,1100,150,200,300,350,40,50,150,200,10,20,100,150,20261005,10,20,30,40,0,10,10,20,0,10,0,0,0,10,0,0,20261005,2026-10-05 09:07
난지한강공원,POI090,원활,61.0,2026-10-05 09:05,4,1240.0,0.0,0.0,7.0,0,0,,,,,,,,,,,,,,,,,,0,0,0,10,0,0,0,0,0,0,0,0,0,0,0,0,20261005,2026-10-05 09:07
남산공원,POI091,원활,33.0,2026-10-05 09:05,33,2148.0,20.0,5.0,37.0,2,0,2100,2200,5000,5100,700,750,1500,1600,150,200,400,450,80,90,200,250,20261005,350,400,600,650,100,150,100,150,30,40,60,70,10,20,20,30,20261005,2026-10-05 09:07
노들섬,POI092,원활,43.0,2026-10-05 09:05,1,99.0,,0.0,4.0,2,0,,,,,,,,,,,,,,,,,,50,60,80,90,10,20,0,10,0,10,0,10,0,0,0,0,20261005,2026-10-05 09:07
뚝섬한강공원,POI093,원활,57.0,2026-10-05 09:05,8,1342.0,268.0,1.0,1.0,1,0,750,800,300,350,150,200,100,150,50,60,30,40,40,50,20,30,20261005,0,0,0,0,0,0,0,0,0,0,0,0,0,0,0,0,20261005,2026-10-05 09:07
망원한강공원,POI094,원활,41.0,2026-10-05 09:05,2,458.0,0.0,2.0,10.0,0,0,2000,2100,1500,1600,300,350,350,400,100,150,100,150,50,60,50,60,20261005,500,550,400,450,50,60,80,90,20,30,20,30,10,20,0,10,20261005,2026-10-05 09:07
반포한강공원,POI095,원활,47.0,2026-10-05 09:05,9,1483.0,9.0,0.0,6.0,0,0,,,,,,,,,,,,,,,,,,0,10,10,20,0,0,0,0,0,0,0,0,0,0,0,0,20261005,2026-10-05 09:07
북서울꿈의숲,POI096,서행,20.0,2026-10-05 09:05,3,549.0,,0.0,17.0,0,0,,,,,,,,,,,,,,,,,,250,300,100,150,50,60,30,40,0,10,0,0,0,10,0,0,20261005,2026-10-05 09:07
서리풀공원·몽마르뜨공원,POI098,원활,28.0,2026-10-05 09:05,0,,,4.0,7.0,0,0,2900,3000,5400,5500,800,850,1300,1400,250,300,400,450,150,200,200,250,20261005,800,850,1100,1200,200,250,200,250,70,80,60,70,20,30,20,30,20261005,2026-10-05 09:07
서울대공원,POI100,원활,29.0,2026-10-05 09:05,0,,,1.0,0.0,0,0,40,50,550,600,0,10,250,300,0,10,60,70,0,0,60,70,20261005,,,,,,,,,,,,,,,,,,2026-10-05 09:07
서울숲공원,POI101,원활,41.0,2026-10-05 09:05,2,996.0,,1.0,9.0,0,0,350,400,400,450,100,150,90,100,30,40,40,50,20,30,0,10,20261005,20,30,70,80,0,10,10,20,0,0,0,10,0,0,0,10,20261005,2026-10-05 09:07
아차산,POI102,원활,31.0,2026-10-05 09:05,0,,,0.0,3.0,0,0,,,,,,,,,,,,,,,,,,30,40,0,10,0,10,0,10,0,10,0,0,0,0,0,0,20261005,2026-10-05 09:07
양화한강공원,POI103,원활,42.0,2026-10-05 09:05,6,1002.0,147.0,0.0,5.0,0,0,,,,,,,,,,,,,,,,,,0,0,10,20,0,0,0,10,0,0,0,10,0,0,0,10,20261005,2026-10-05 09:07
어린이대공원,POI104,서행,23.0,2026-10-05 09:05,4,945.0,,2.0,9.0,0,0,2000,2100,1300,1400,500,550,350,400,100,150,80,90,70,80,50,60,20261005,150,200,200,250,40,50,40,50,10,20,10,20,0,0,0,0,20261005,2026-10-05 09:07
여의도한강공원,POI105,원활,37.0,2026-10-05 09:05,6,2866.0,334.0,1.0,3.0,0,0,250,300,550,600,60,70,100,150,20,30,50,60,20,30,30,40,20261005,40,50,80,90,0,10,10,20,0,10,0,10,0,0,0,0,20261005,2026-10-05 09:07
월드컵공원,POI106,원활,34.0,2026-10-05 09:05,9,3537.0,,4.0,34.0,0,0,1800,1900,2000,2100,450,500,350,400,150,200,100,150,60,70,20,30,20261005,150,200,300,350,50,60,40,50,10,20,10,20,0,10,0,10,20261005,2026-10-05 09:07
응봉산,POI107,원활,27.0,2026-10-05 09:05,3,88.0,,1.0,24.0,0,0,200,250,60,70,50,60,10,20,20,30,0,10,10,20,0,10,20261005,200,250,100,150,60,70,40,50,20,30,0,10,10,20,0,10,20261005,2026-10-05 09:07
이촌한강공원,POI108,원활,46.0,2026-10-05 09:05,2,514.0,0.0,0.0,4.0,0,0,,,,,,,,,,,,,,,,,,0,0,10,20,0,0,0,10,0,0,0,0,0,0,0,0,20261005,2026-10-05 09:07
잠실종합운동장,POI109,서행,24.0,2026-10-05 09:05,1,876.0,,2.0,4.0,0,0,600,650,1100,1200,100,150,150,200,20,30,70,80,10,20,40,50,20261005,100,150,150,200,20,30,30,40,0,10,0,10,0,10,0,0,20261005,2026-10-05 09:07
잠실한강공원,POI110,원활,45.0,2026-10-05 09:05,4,1326.0,71.0,1.0,9.0,0,0,700,750,500,550,150,200,90,100,40,50,40,50,10,20,20,30,20261005,20,30,70,80,0,10,10,20,0,0,0,0,0,0,0,0,20261005,2026-10-05 09:07
잠원한강공원,POI111,원활,53.0,2026-10-05 09:05,3,1540.0,0.0,0.0,5.0,0,0,,,,,,,,,,,,,,,,,,30,40,40,50,0,10,0,10,0,0,0,10,0,0,0,0,20261005,2026-10-05 09:07
청계산,POI112,원활,61.0,2026-10-05 09:05,0,,,0.0,9.0,0,0,,,,,,,,,,,,,,,,,,10,20,10,20,0,0,0,0,0,0,0,0,0,0,0,0,20261005,2026-10-05 09:07
북창동 먹자골목,POI114,서행,17.0,2026-10-05 09:05,20,552.0,0.0,0.0,11.0,0,0,,,,,,,,,,,,,,,,,,300,350,700,750,100,150,150,200,30,40,90,100,0,10,30,40,20261005,2026-10-05 09:07
남대문시장,POI115,서행,19.0,2026-10-05 09:05,16,1456.0,4.0,1.0,7.0,0,0,,,,,,,,,,,,,,,,,,200,250,650,700,50,60,150,200,20,30,70,80,10,20,30,40,20261005,2026-10-05 09:07
익선동,POI116,서행,15.0,2026-10-05 09:05,10,187.0,1.0,3.0,11.0,1,0,1200,1300,2200,2300,300,350,550,600,90,100,200,250,70,80,150,200,20261005,450,500,400,450,50,60,80,90,10,20,20,30,0,10,0,10,20261005,2026-10-05 09:07
신정네거리역,POI117,서행,19.0,2026-10-05 09:05,3,119.0,,1.0,9.0,0,0,,,,,,,,,,,,,,,,,,,,,,,,,,,,,,,,,,,2026-10-05 09:07
잠실새내역,POI118,서행,19.0,2026-10-05 09:05,31,1541.0,,1.0,18.0,0,0,1200,1300,700,750,350,400,200,250,150,200,100,150,100,150,80,90,20261005,350,400,450,500,90,100,100,150,30,40,50,60,20,30,20,30,20261005,2026-10-05 09:07
잠실역,POI119,서행,20.0,2026-10-05 09:05,5,6749.0,91.0,2.0,21.0,0,0,,,,,,,,,,,,,,,,,,850,900,1600,1700,150,200,400,450,60,70,150,200,20,30,70,80,20261005,2026-10-05 09:07
잠실롯데타워·석촌호수,POI120,서행,20.0,2026-10-05 09:05,33,9281.0,91.0,3.0,0.0,2,0,,,,,,,,,,,,,,,,,,,,,,,,,,,,,,,,,,,2026-10-05 09:07
송리단길·호수단길,POI121,서행,20.0,2026-10-05 09:05,21,878.0,,1.0,15.0,0,0,450,500,400,450,100,150,100,150,30,40,30,40,0,10,0,0,20261005,500,550,550,600,90,100,100,150,30,40,40,50,10,20,20,30,20261005,2026-10-05 09:07
신촌 스타광장,POI122,서행,16.0,2026-10-05 09:05,4,235.0,,1.0,4.0,0,0,,,,,,,,,,,,,,,,,,350,400,400,450,60,70,90,100,20,30,20,30,10,20,10,20,20261005,2026-10-05 09:07
보라매공원,POI123,서행,15.0,2026-10-05 09:05,1,78.0,,2.0,5.0,0,0,350,400,350,400,80,90,80,90,30,40,40,50,20,30,30,40,20261005,0,10,10,20,0,0,0,10,0,0,0,0,0,0,0,0,20261005,2026-10-05 09:07
서대문독립공원,POI124,원활,28.0,2026-10-05 09:05,2,150.0,,1.0,18.0,0,0,550,600,350,400,100,150,100,150,40,50,30,40,20,30,20,30,20261005,350,400,350,400,100,150,60,70,40,50,20,30,10,20,0,10,20261005,2026-10-05 09:07
안양천,POI125,원활,44.0,2026-10-05 09:05,1,294.0,,0.0,1.0,0,0,,,,,,,,,,,,,,,,,,0,0,0,0,0,0,0,0,0,0,0,0,0,0,0,0,20261005,2026-10-05 09:07
여의서로,POI126,원활,30.0,2026-10-05 09:05,2,168.0,38.0,0.0,0.0,0,0,,,,,,,,,,,,,,,,,,,,,,,,,,,,,,,,,,,2026-10-05 09:07
올림픽공원,POI127,원활,25.0,2026-10-05 09:05,4,2716.0,,4.0,17.0,4,0,,,,,,,,,,,,,,,,,,200,250,300,350,60,70,90,100,20,30,40,50,0,10,20,30,20261005,2026-10-05 09:07
홍제폭포,POI128,원활,34.0,2026-10-05 09:05,0,,,0.0,0.0,0,0,,,,,,,,,,,,,,,,,,,,,,,,,,,,,,,,,,,2026-10-05 09:07
송현녹지광장,POI129,서행,19.0,2026-10-05 09:05,4,1546.0,,1.0,25.0,5,0,350,400,1300,1400,100,150,400,450,30,40,150,200,10,20,60,70,20261005,350,400,650,700,80,90,150,200,20,30,70,80,10,20,40,50,20261005,2026-10-05 09:07
시의회 앞,POI130,서행,20.0,2026-10-05 09:05,9,1723.0,,3.0,25.0,3,0,1100,1200,4300,4400,250,300,1300,1400,90,100,450,500,40,50,250,300,20261005,450,500,900,950,90,100,200,250,20,30,70,80,10,20,20,30,20261005,2026-10-05 09:07
강남 MICE 관광특구,POI001,서행,16.0,2026-10-05 10:05,3,4428.0,,2.0,6.0,0,0,1500,1600,12600,12700,300,350,1600,1700,90,100,350,400,20,30,100,150,20261005,100,150,400,450,10,20,80,90,0,10,10,20,0,0,0,10,20261005,2026-10-05 10:07
동대문 관광특구,POI002,서행,18.0,2026-10-05 10:05,47,8302.0,202.0,7.0,32.0,4,0,8300,8400,10800,10900,1600,1700,2100,2200,500,550,850,900,150,200,200,250,20261005,1600,1700,1200,1300,150,200,200,250,50,60,70,80,10,20,30,40,20261005,2026-10-05 10:07
명동 관광특구,POI003,서행,18.0,2026-10-05 10:05,93,12070.0,7.0,7.0,54.0,3,2,6400,6500,22000,22100,1600,1700,6100,6200,550,600,2000,2100,200,250,650,700,20261005,1900,2000,4400,4500,450,500,950,1000,150,200,400,450,60,70,100,150,20261005,2026-10-05 10:07
이태원 관광특구,POI004,서행,20.0,2026-10-05 10:05,8,853.0,,3.0,17.0,0,0,3500,3600,3100,3200,250,300,400,450,80,90,100,150,30,40,10,20,20261005,750,800,550,600,90,100,70,80,20,30,20,30,0,10,10,20,20261005,2026-10-05 10:07
잠실 관광특구,POI005,서행,21.0,2026-10-05 10:05,37,11997.0,113.0,6.0,50.0,6,0,7500,7600,10400,10500,1400,1500,2700,2800,400,450,700,750,150,200,200,250,20261005,1300,1400,2500,2600,200,250,500,550,70,80,150,200,30,40,70,80,20261005,2026-10-05 10:07
종로·청계 관광특구,POI006,서행,18.0,2026-10-05 10:05,48,2496.0,71.0,10.0,62.0,0,0,9300,9400,19800,19900,2000,2100,4700,4800,650,700,1800,1900,200,250,550,600,20261005,3100,3200,3700,3800,400,450,650,700,150,200,250,300,40,50,100,150,20261005,2026-10-05 10:07
홍대 관광특구,POI007,서행,17.0,2026-10-05 10:05,51,3098.0,,8.0,70.0,0,0,11400,11500,9400,9500,1900,2000,2800,2900,550,600,1000,1100,200,250,350,400,20261005,2400,2500,2500,2600,350,400,600,650,100,150,200,250,60,70,90,100,20261005,2026-10-05 10:07
경복궁,POI008,서행,19.0,2026-10-05 10:05,2,267.0,,1.0,11.0,0,0,900,950,2900,3000,150,200,1000,1100,50,60,250,300,0,10,20,30,20261005,30,40,150,200,10,20,30,40,0,10,10,20,0,0,0,0,20261005,2026-10-05 10:07
광화문·덕수궁,POI009,서행,18.0,2026-10-05 10:05,29,7988.0,202.0,4.0,41.0,5,2,2700,2800,10900,11000,500,550,3100,3200,150,200,1000,1100,50,60,300,350,20261005,1400,1500,2500,2600,300,350,650,700,100,150,200,250,60,70,100,150,20261005,2026-10-05 10:07
보신각,POI010,서행,19.0,2026-10-05 10:05,14,2572.0,11.0,1.0,14.0,0,0,900,950,2900,3000,150,200,700,750,40,50,250,300,20,30,70,80,20261005,650,700,900,950,90,100,150,200,30,40,60,70,10,20,20,30,20261005,2026-10-05 10:07
서울 암사동 유적,POI011,서행,24.0,2026-10-05 10:05,1,108.0,,0.0,3.0,0,0,,,,,,,,,,,,,,,,,,0,10,0,10,0,0,0,0,0,0,0,0,0,0,0,0,20261005,2026-10-05 10:07
창덕궁·종묘,POI012,서행,17.0,2026-10-05 10:05,16,3155.0,428.0,4.0,19.0,1,0,3000,3100,7300,7400,750,800,1700,1800,250,300,650,700,80,90,200,250,20261005,300,350,750,800,80,90,150,200,30,40,50,60,0,10,20,30,20261005,2026-10-05 10:07
가산디지털단지역,POI013,서행,23.0,2026-10-05 10:05,20,8291.0,,2.0,71.0,0,0,2400,2500,2900,3000,400,450,650,700,100,150,300,350,30,40,100,150,20261005,850,900,1400,1500,100,150,250,300,30,40,70,80,20,30,40,50,20261005,2026-10-05 10:07
강남역,POI014,서행,18.0,2026-10-05 10:05,95,7876.0,,4.0,55.0,0,0,5000,5100,11200,11300,1000,1100,3900,4000,300,350,1300,1400,150,200,650,700,20261005,2300,2400,2500,2600,400,450,600,650,100,150,150,200,40,50,70,80,20261005,2026-10-05 10:07
건대입구역,POI015,서행,24.0,2026-10-05 10:05,23,6603.0,,2.0,11.0,1,0,4300,4400,3000,3100,850,900,750,800,200,250,250,300,50,60,100,150,20261005,500,550,600,650,60,70,100,150,20,30,60,70,0,10,30,40,20261005,2026-10-05 10:07
고덕역,POI016,서행,24.0,2026-10-05 10:05,15,1615.0,,1.0,5.0,0,0,800,850,650,700,150,200,100,150,40,50,60,70,10,20,0,0,20261005,150,200,150,200,20,30,40,50,10,20,10,20,0,10,0,0,20261005,2026-10-05 10:07
고속터미널역,POI017,원활,28.0,2026-10-05 10:05,3,4291.0,,3.0,10.0,0,0,4400,4500,8600,8700,1100,1200,2200,2300,350,400,850,900,100,150,250,300,20261005,1300,1400,1900,2000,250,300,400,450,150,200,150,200,50,60,60,70,20261005,2026-10-05 10:07
교대역,POI018,서행,19.0,2026-10-05 10:05,14,760.0,,2.0,13.0,0,0,1700,1800,2900,3000,350,400,600,650,100,150,200,250,30,40,100,150,20261005,400,450,250,300,80,90,50,60,20,30,20,30,10,20,10,20,20261005,2026-10-05 10:07
구로디지털단지역,POI019,서행,19.0,2026-10-05 10:05,20,6911.0,,1.0,29.0,0,0,6600,6700,2800,2900,1200,1300,550,600,250,300,200,250,90,100,80,90,20261005,650,700,500,550,100,150,100,150,40,50,40,50,20,30,30,40,20261005,2026-10-05 10:07
구로역,POI020,원활,25.0,2026-10-05 10:05,3,1047.0,,1.0,5.0,0,0,2600,2700,1300,1400,250,300,200,250,90,100,60,70,40,50,30,40,20261005,150,200,500,550,30,40,60,70,0,10,10,20,0,0,0,10,20261005,2026-10-05 10:07
군자역,POI021,서행,18.0,2026-10-05 10:05,11,573.0,,2.0,16.0,0,0,3300,3400,1600,1700,600,650,250,300,150,200,90,100,50,60,30,40,20261005,650,700,650,700,100,150,100,150,30,40,40,50,10,20,20,30,20261005,2026-10-05 10:07
대림역,POI023,서행,19.0,2026-10-05 10:05,4,221.0,,2.0,29.0,0,0,6600,6700,2300,2400,1000,1100,500,550,250,300,150,200,90,100,40,50,20261005,900,950,1300,1400,150,200,200,250,50,60,80,90,10,20,20,30,20261005,2026-10-05 10:07
동대문역,POI024,서행,17.0,2026-10-05 10:05,17,892.0,0.0,2.0,7.0,0,0,3000,3100,5000,5100,600,650,1000,1100,200,250,400,450,50,60,90,100,20261005,800,850,900,950,100,150,100,150,60,70,60,70,10,20,10,20,20261005,2026-10-05 10:07
뚝섬역,POI025,서행,18.0,2026-10-05 10:05,9,767.0,,1.0,4.0,1,0,900,950,1300,1400,150,200,350,400,50,60,100,150,20,30,20,30,20261005,90,100,150,200,10,20,40,50,0,10,10,20,0,10,0,10,20261005,2026-10-05 10:07
미아사거리역,POI026,서행,17.0,2026-10-05 10:05,11,1409.0,,1.0,29.0,0,0,3600,3700,1700,1800,700,750,350,400,200,250,100,150,60,70,40,50,20261005,2400,2500,3200,3300,350,400,650,700,100,150,200,250,60,70,100,150,20261005,2026-10-05 10:07
발산역,POI027,서행,17.0,2026-10-05 10:05,13,2880.0,,1.0,37.0,0,0,1200,1300,1700,1800,200,250,400,450,80,90,150,200,20,30,70,80,20261005,550,600,800,850,90,100,150,200,40,50,70,80,20,30,30,40,20261005,2026-10-05 10:07
사당역,POI029,서행,19.0,2026-10-05 10:05,13,520.0,,2.0,17.0,1,0,5800,5900,4400,4500,1200,1300,900,950,300,350,300,350,100,150,150,200,20261005,650,700,1000,1100,100,150,200,250,30,40,60,70,10,20,30,40,20261005,2026-10-05 10:07
삼각지역,POI030,서행,23.0,2026-10-05 10:05,0,,,2.0,7.0,0,0,750,800,850,900,150,200,150,200,50,60,40,50,10,20,10,20,20261005,700,750,600,650,90,100,100,150,20,30,30,40,10,20,10,20,20261005,2026-10-05 10:07
서울대입구역,POI031,서행,20.0,2026-10-05 10:05,2,52.0,,1.0,15.0,0,0,5200,5300,2500,2600,1100,1200,600,650,350,400,150,200,100,150,50,60,20261005,2100,2200,2600,2700,350,400,500,550,100,150,100,150,10,20,30,40,20261005,2026-10-05 10:07
서울식물원·마곡나루역,POI032,서행,17.0,2026-10-05 10:05,2,2651.0,,2.0,15.0,2,0,1700,1800,1700,1800,300,350,300,350,80,90,100,150,40,50,90,100,20261005,100,150,300,350,20,30,70,80,0,10,20,30,0,0,10,20,20261005,2026-10-05 10:07
서울역,POI033,서행,21.0,2026-10-05 10:05,23,3968.0,0.0,8.0,34.0,1,0,13400,13500,23700,23800,2800,2900,5200,5300,850,900,1700,1800,300,350,550,600,20261005,2200,2300,4000,4100,400,450,650,700,100,150,200,250,50,60,100,150,20261005,2026-10-05 10:07
선릉역,POI034,서행,19.0,2026-10-05 10:05,94,11160.0,27.0,4.0,20.0,0,0,2700,2800,12500,12600,550,600,2000,2100,150,200,600,650,70,80,300,350,20261005,750,800,850,900,150,200,100,150,60,70,40,50,40,50,20,30,20261005,2026-10-05 10:07
성신여대입구역,POI035,서행,16.0,2026-10-05 10:05,2,38.0,,2.0,9.0,0,0,2500,2600,1700,1800,500,550,400,450,150,200,150,200,60,70,100,150,20261005,1100,1200,1500,1600,200,250,250,300,90,100,100,150,30,40,40,50,20261005,2026-10-05 10:07
수유역,POI036,서행,17.0,2026-10-05 10:05,8,802.0,,1.0,32.0,0,0,5600,5700,2000,2100,1000,1100,350,400,250,300,60,70,80,90,0,0,20261005,3300,3400,4100,4200,550,600,800,850,200,250,300,350,100,150,150,200,20261005,2026-10-05 10:07
신논현역·논현역,POI037,서행,20.0,2026-10-05 10:05,32,1053.0,,3.0,13.0,0,0,2700,2800,4700,4800,450,500,1500,1600,150,200,500,550,100,150,350,400,20261005,1000,1100,900,950,200,250,150,200,70,80,70,80,30,40,30,40,20261005,2026-10-05 10:07
신도림역,POI038,원활,43.0,2026-10-05 10:05,1,1644.0,,2.0,2.0,0,0,5400,5500,2700,2800,900,950,500,550,250,300,150,200,80,90,40,50,20261005,350,400,900,950,60,70,100,150,20,30,40,50,10,20,20,30,20261005,2026-10-05 10:07
신림역,POI039,서행,17.0,2026-10-05 10:05,2,282.0,,2.0,15.0,0,0,9000,9100,2800,2900,1800,1900,550,600,500,550,200,250,100,150,100,150,20261005,2500,2600,4600,4700,400,450,900,950,150,200,300,350,70,80,100,150,20261005,2026-10-05 10:07
신촌·이대역,POI040,서행,17.0,2026-10-05 10:05,25,1943.0,116.0,4.0,41.0,0,0,3600,3700,3300,3400,800,850,950,1000,250,300,350,400,90,100,100,150,20261005,1800,1900,2300,2400,300,350,400,450,100,150,150,200,30,40,60,70,20261005,2026-10-05 10:07
양재역,POI041,원활,27.0,2026-10-05 10:05,16,1881.0,,2.0,27.0,0,0,1900,2000,3400,3500,400,450,650,700,100,150,200,250,50,60,20,30,20261005,1400,1500,1300,1400,250,300,200,250,100,150,70,80,50,60,40,50,20261005,2026-10-05 10:07
역삼역,POI042,서행,18.0,2026-10-05 10:05,47,7473.0,1.0,1.0,10.0,0,0,1100,1200,2900,3000,250,300,650,700,90,100,200,250,30,40,70,80,20261005,600,650,700,750,100,150,150,200,50,60,60,70,10,20,20,30,20261005,2026-10-05 10:07
연신내역,POI043,서행,19.0,2026-10-05 10:05,5,208.0,,3.0,14.0,0,0,6500,6600,3300,3400,1100,1200,650,700,350,400,200,250,100,150,80,90,20261005,900,950,1400,1500,150,200,250,300,50,60,100,150,30,40,40,50,20261005,2026-10-05 10:07
오목교역·목동운동장,POI044,원활,26.0,2026-10-05 10:05,14,5304.0,,1.0,33.0,0,0,1300,1400,1800,1900,250,300,500,550,70,80,200,250,20,30,50,60,20261005,1200,1300,1800,1900,200,250,350,400,70,80,100,150,20,30,50,60,20261005,2026-10-05 10:07
왕십리역,POI045,서행,19.0,2026-10-05 10:05,4,1478.0,,5.0,22.0,0,0,4000,4100,3100,3200,800,850,600,650,250,300,200,250,90,100,90,100,20261005,300,350,700,750,60,70,100,150,20,30,50,60,0,10,10,20,20261005,2026-10-05 10:07
용산역,POI046,서행,22.0,2026-10-05 10:05,11,5014.0,88.0,2.0,33.0,0,0,2900,3000,7300,7400,900,950,1600,1700,300,350,600,650,150,200,150,200,20261005,750,800,900,950,150,200,150,200,80,90,70,80,20,30,20,30,20261005,2026-10-05 10:07
이태원역,POI047,서행,16.0,2026-10-05 10:05,4,66.0,,1.0,9.0,0,0,2800,2900,1500,1600,100,150,100,150,50,60,40,50,20,30,0,0,20261005,500,550,250,300,70,80,30,40,10,20,10,20,0,10,10,20,20261005,2026-10-05 10:07
장지역,POI048,서행,21.0,2026-10-05 10:05,4,10611.0,,1.0,20.0,0,0,1400,1500,1300,1400,300,350,250,300,100,150,90,100,30,40,30,40,20261005,500,550,700,750,70,80,100,150,20,30,40,50,10,20,20,30,20261005,2026-10-05 10:07
장한평역,POI049,서행,24.0,2026-10-05 10:05,15,847.0,,1.0,16.0,0,0,2100,2200,1400,1500,400,450,150,200,100,150,90,100,30,40,20,30,20261005,1300,1400,1700,1800,250,300,300,350,90,100,100,150,50,60,50,60,20261005,2026-10-05 10:07
천호역,POI050,서행,19.0,2026-10-05 10:05,14,3331.0,,2.0,12.0,0,0,3800,3900,2900,3000,700,750,700,750,200,250,200,250,70,80,70,80,20261005,300,350,750,800,60,70,100,150,20,30,70,80,20,30,30,40,20261005,2026-10-05 10:07
총신대입구(이수)역,POI051,서행,17.0,2026-10-05 10:05,7,533.0,,2.0,18.0,0,0,3300,3400,2500,2600,700,750,600,650,200,250,150,200,70,80,100,150,20261005,900,950,950,1000,150,200,200,250,70,80,80,90,40,50,40,50,20261005,2026-10-05 10:07
충정로역,POI052,서행,24.0,2026-10-05 10:05,5,834.0,,2.0,19.0,0,0,1000,1100,850,900,200,250,100,150,70,80,40,50,20,30,10,20,20261005,550,600,450,500,100,150,60,70,40,50,30,40,10,20,10,20,20261005,2026-10-05 10:07
합정역,POI053,서행,24.0,2026-10-05 10:05,6,207.0,,2.0,30.0,0,0,2900,3000,2700,2800,450,500,650,700,150,200,250,300,50,60,100,150,20261005,900,950,800,850,100,150,150,200,70,80,80,90,30,40,30,40,20261005,2026-10-05 10:07
혜화역,POI054,서행,19.0,2026-10-05 10:05,24,955.0,,1.0,12.0,2,0,1300,1400,2000,2100,250,300,450,500,80,90,200,250,30,40,50,60,20261005,850,900,900,950,100,150,150,200,40,50,60,70,10,20,30,40,20261005,2026-10-05 10:07
홍대입구역(2호선),POI055,서행,17.0,2026-10-05 10:05,16,1196.0,,1.0,17.0,0,0,4500,4600,3800,3900,750,800,1300,1400,200,250,500,550,70,80,150,200,20261005,1300,1400,1500,1600,200,250,350,400,80,90,100,150,20,30,30,40,20261005,2026-10-05 10:07
회기역,POI056,서행,19.0,2026-10-05 10:05,21,408.0,,1.0,22.0,0,0,3200,3300,1500,1600,700,750,250,300,250,300,150,200,100,150,70,80,20261005,1800,1900,1900,2000,300,350,300,350,100,150,100,150,80,90,80,90,20261005,2026-10-05 10:07
가락시장,POI058,원활,26.0,2026-10-05 10:05,4,2884.0,,2.0,16.0,0,0,1700,1800,1500,1600,250,300,250,300,90,100,90,100,40,50,10,20,20261005,1100,1200,900,950,150,200,100,150,40,50,40,50,30,40,20,30,20261005,2026-10-05 10:07
가로수길,POI059,원활,25.0,2026-10-05 10:05,51,2767.0,63.0,2.0,14.0,0,0,1900,2000,6300,6400,350,400,2000,2100,100,150,650,700,40,50,250,300,20261005,400,450,700,750,90,100,150,200,30,40,40,50,20,30,10,20,20261005,2026-10-05 10:07
광장(전통)시장,POI060,서행,18.0,2026-10-05 10:05,7,103.0,6.0,1.0,11.0,0,0,850,900,3100,3200,250,300,600,650,100,150,250,300,30,40,100,150,20261005,300,350,900,950,100,150,150,200,30,40,60,70,0,10,10,20,20261005,2026-10-05 10:07
김포공항,POI061,원활,31.0,2026-10-05 10:05,6,16594.0,,6.0,27.0,0,0,2500,2600,4400,4500,550,600,700,750,150,200,200,250,80,90,100,150,20261005,200,250,450,500,30,40,50,60,0,10,20,30,0,10,0,10,20261005,2026-10-05 10:07
노량진,POI063,원활,25.0,2026-10-05 10:05,11,1218.0,,3.0,22.0,1,0,4800,4900,4700,4800,900,950,550,600,250,300,150,200,150,200,100,150,20261005,1500,1600,3600,3700,200,250,550,600,60,70,200,250,30,40,70,80,20261005,2026-10-05 10:07
덕수궁길·정동길,POI064,서행,19.0,2026-10-05 10:05,10,620.0,,3.0,10.0,0,1,2100,2200,5600,5700,400,450,1100,1200,100,150,350,400,40,50,90,100,20261005,400,450,550,600,60,70,90,100,20,30,20,30,0,10,10,20,20261005,2026-10-05 10:07
북촌한옥마을,POI066,서행,18.0,2026-10-05 10:05,16,1756.0,,1.0,55.0,5,0,650,700,2600,2700,150,200,700,750,40,50,100,150,10,20,20,30,20261005,700,750,1400,1500,200,250,400,450,60,70,100,150,20,30,70,80,20261005,2026-10-05 10:07
서촌,POI067,서행,19.0,2026-10-05 10:05,9,308.0,,1.0,32.0,0,0,900,950,2900,3000,150,200,1000,1100,50,60,250,300,0,10,20,30,20261005,1000,1100,1300,1400,200,250,250,300,100,150,100,150,40,50,40,50,20261005,2026-10-05 10:07
성수카페거리,POI068,서행,17.0,2026-10-05 10:05,28,2824.0,,2.0,35.0,1,0,2200,2300,5500,5600,400,450,1400,1500,100,150,500,550,30,40,200,250,20261005,350,400,500,550,70,80,80,90,20,30,40,50,10,20,10,20,20261005,2026-10-05 10:07
쌍문역,POI070,서행,18.0,2026-10-05 10:05,8,345.0,,1.0,18.0,0,0,5000,5100,1300,1400,900,950,200,250,250,300,90,100,70,80,60,70,20261005,1400,1500,2300,2400,200,250,400,450,90,100,100,150,50,60,90,100,20261005,2026-10-05 10:07
압구정로데오거리,POI071,서행,19.0,2026-10-05 10:05,55,1976.0,2.0,1.0,16.0,1,0,500,550,2400,2500,90,100,800,850,30,40,250,300,10,20,200,250,20261005,600,650,1300,1400,100,150,350,400,40,50,100,150,10,20,50,60,20261005,2026-10-05 10:07
여의도,POI072,원활,26.0,2026-10-05 10:05,116,24820.0,389.0,9.0,63.0,2,0,6000,6100,9500,9600,1400,1500,1700,1800,450,500,550,600,200,250,300,350,20261005,2300,2400,4700,4800,500,550,750,800,150,200,250,300,70,80,100,150,20261005,2026-10-05 10:07
연남동,POI073,서행,17.0,2026-10-05 10:05,45,132.0,,0.0,20.0,0,0,,,,,,,,,,,,,,,,,,600,650,600,650,100,150,100,150,50,60,40,50,20,30,20,30,20261005,2026-10-05 10:07
영등포 타임스퀘어,POI074,서행,21.0,2026-10-05 10:05,10,1195.0,114.0,3.0,24.0,1,0,4900,5000,4600,4700,950,1000,1100,1200,300,350,500,550,150,200,200,250,20261005,1200,1300,2100,2200,200,250,500,550,70,80,150,200,30,40,60,70,20261005,2026-10-05 10:07
용리단길,POI076,서행,22.0,2026-10-05 10:05,0,,,3.0,7.0,0,0,1500,1600,2700,2800,400,450,650,700,100,150,200,250,30,40,20,30,20261005,250,300,750,800,50,60,100,150,20,30,50,60,0,10,10,20,20261005,2026-10-05 10:07
이태원 앤틱가구거리,POI077,서행,21.0,2026-10-05 10:05,4,51.0,,1.0,13.0,0,0,2800,2900,1500,1600,100,150,100,150,50,60,40,50,20,30,0,0,20261005,550,600,400,450,70,80,50,60,10,20,10,20,0,10,10,20,20261005,2026-10-05 10:07
인사동,POI078,서행,17.0,2026-10-05 10:05,21,2465.0,1.0,2.0,26.0,3,0,1600,1700,5500,5600,350,400,1400,1500,80,90,400,450,30,40,90,100,20261005,1100,1200,1100,1200,200,250,250,300,70,80,70,80,20,30,20,30,20261005,2026-10-05 10:07
창동 신경제 중심지,POI079,서행,18.0,2026-10-05 10:05,46,4927.0,29.0,4.0,55.0,5,0,7400,7500,5300,5400,1300,1400,1300,1400,400,450,450,500,100,150,200,250,20261005,1500,1600,2500,2600,300,350,550,600,100,150,150,200,30,40,100,150,20261005,2026-10-05 10:07
청담동 명품거리,POI080,서행,19.0,2026-10-05 10:05,16,910.0,,1.0,10.0,0,0,500,550,2400,2500,90,100,800,850,30,40,250,300,10,20,200,250,20261005,200,250,550,600,50,60,100,150,20,30,50,60,0,10,10,20,20261005,2026-10-05 10:07
청량리 제기동 일대 전통시장,POI081,서행,18.0,2026-10-05 10:05,12,2214.0,,2.0,23.0,0,0,3800,3900,4100,4200,750,800,900,950,200,250,250,300,60,70,100,150,20261005,2900,3000,4300,4400,500,550,750,800,150,200,250,300,80,90,100,150,20261005,2026-10-05 10:07
해방촌·경리단길,POI082,원활,33.0,2026-10-05 10:05,4,273.0,,0.0,26.0,0,0,,,,,,,,,,,,,,,,,,850,900,450,500,150,200,80,90,50,60,20,30,40,50,10,20,20261005,2026-10-05 10:07
DDP(동대문디자인플라자),POI083,서행,18.0,2026-10-05 10:05,9,2596.0,186.0,3.0,11.0,3,0,2900,3000,3400,3500,650,700,700,750,200,250,250,300,70,80,80,90,20261005,500,550,400,450,50,60,90,100,10,20,30,40,10,20,20,30,20261005,2026-10-05 10:07
DMC(디지털미디어시티),POI084,서행,22.0,2026-10-05 10:05,25,9176.0,,4.0,68.0,0,0,2700,2800,2000,2100,450,500,350,400,100,150,100,150,70,80,70,80,20261005,950,1000,1200,1300,200,250,250,300,80,90,100,150,20,30,40,50,20261005,2026-10-05 10:07
강서한강공원,POI085,원활,57.0,2026-10-05 10:05,2,106.0,37.0,0.0,1.0,0,0,,,,,,,,,,,,,,,,,,0,0,0,0,0,0,0,0,0,0,0,0,0,0,0,0,20261005,2026-10-05 10:07
고척돔,POI086,원활,27.0,2026-10-05 10:05,0,,,1.0,3.0,3,0,900,950,400,450,150,200,50,60,60,70,10,20,30,40,0,0,20261005,400,450,350,400,60,70,60,70,10,20,10,20,0,0,0,10,20261005,2026-10-05 10:07
광나루한강공원,POI087,원활,63.0,2026-10-05 10:05,4,718.0,246.0,0.0,0.0,0,0,,,,,,,,,,,,,,,,,,,,,,,,,,,,,,,,,,,2026-10-05 10:07
광화문광장,POI088,서행,20.0,2026-10-05 10:05,3,2932.0,202.0,2.0,12.0,1,0,1400,1500,5500,5600,250,300,1700,1800,90,100,550,600,20,30,150,200,20261005,550,600,1000,1100,100,150,300,350,50,60,100,150,20,30,50,60,20261005,2026-10-05 10:07
국립중앙박물관·용산가족공원,POI089,원활,36.0,2026-10-05 10:05,4,931.0,,3.0,3.0,1,0,1100,1200,1900,2000,200,250,600,650,90,100,250,300,40,50,150,200,20261005,30,40,70,80,0,10,20,30,0,10,0,10,0,10,0,10,20261005,2026-10-05 10:07
난지한강공원,POI090,원활,58.0,2026-10-05 10:05,4,1240.0,0.0,0.0,7.0,0,0,,,,,,,,,,,,,,,,,,0,0,0,10,0,0,0,10,0,0,0,0,0,0,0,0,20261005,2026-10-05 10:07
남산공원,POI091,원활,32.0,2026-10-05 10:05,33,2148.0,22.0,5.0,37.0,2,0,4200,4300,8800,8900,1100,1200,2100,2200,350,400,800,850,100,150,250,300,20261005,750,800,1100,1200,200,250,250,300,70,80,100,150,60,70,40,50,20261005,2026-10-05 10:07
노들섬,POI092,원활,31.0,2026-10-05 10:05,1,99.0,,0.0,4.0,2,0,,,,,,,,,,,,,,,,,,80,90,100,150,10,20,30,40,0,10,10,20,0,0,0,10,20261005,2026-10-05 10:07
뚝섬한강공원,POI093,원활,56.0,2026-10-05 10:05,8,1342.0,429.0,1.0,1.0,1,0,1200,1300,550,600,200,250,100,150,50,60,30,40,10,20,0,0,20261005,0,0,0,0,0,0,0,0,0,0,0,0,0,0,0,0,20261005,2026-10-05 10:07
망원한강공원,POI094,원활,37.0,2026-10-05 10:05,2,458.0,0.0,2.0,10.0,0,0,2900,3000,2700,2800,450,500,650,700,150,200,250,300,50,60,100,150,20261005,650,700,650,700,90,100,100,150,40,50,70,80,20,30,20,30,20261005,2026-10-05 10:07
반포한강공원,POI095,원활,43.0,2026-10-05 10:05,9,1483.0,9.0,0.0,6.0,0,0,,,,,,,,,,,,,,,,,,10,20,30,40,0,0,0,0,0,0,0,0,0,0,0,0,20261005,2026-10-05 10:07
북서울꿈의숲,POI096,서행,21.0,2026-10-05 10:05,3,549.0,,0.0,17.0,0,0,,,,,,,,,,,,,,,,,,350,400,100,150,60,70,20,30,10,20,0,10,10,20,0,10,20261005,2026-10-05 10:07
서리풀공원·몽마르뜨공원,POI098,원활,27.0,2026-10-05 10:05,0,,,4.0,7.0,0,0,5300,5400,9800,9900,1300,1400,2500,2600,450,500,950,1000,150,200,300,350,20261005,1300,1400,1800,1900,250,300,350,400,100,150,150,200,50,60,60,70,20261005,2026-10-05 10:07
서울대공원,POI100,원활,28.0,2026-10-05 10:05,0,,,1.0,0.0,0,0,70,80,1200,1300,20,30,350,400,0,10,20,30,0,0,0,0,20261005,,,,,,,,,,,,,,,,,,2026-10-05 10:07
서울숲공원,POI101,원활,37.0,2026-10-05 10:05,2,996.0,,1.0,9.0,0,0,550,600,750,800,100,150,200,250,30,40,80,90,10,20,80,90,20261005,40,50,100,150,10,20,30,40,0,0,10,20,0,0,0,10,20261005,2026-10-05 10:07
아차산,POI102,원활,33.0,2026-10-05 10:05,0,,,0.0,3.0,0,0,,,,,,,,,,,,,,,,,,30,40,0,10,0,10,0,0,0,0,0,0,0,0,0,0,20261005,2026-10-05 10:07
양화한강공원,POI103,원활,40.0,2026-10-05 10:05,6,1002.0,204.0,0.0,5.0,0,0,,,,,,,,,,,,,,,,,,0,0,30,40,0,0,0,10,0,0,0,0,0,0,0,0,20261005,2026-10-05 10:07
어린이대공원,POI104,서행,19.0,2026-10-05 10:05,4,945.0,,2.0,9.0,0,0,3200,3300,2300,2400,650,700,500,550,150,200,150,200,50,60,70,80,20261005,300,350,300,350,50,60,40,50,20,30,30,40,10,20,10,20,20261005,2026-10-05 10:07
여의도한강공원,POI105,원활,38.0,2026-10-05 10:05,6,2866.0,304.0,1.0,3.0,0,0,350,400,1000,1100,60,70,250,300,20,30,100,150,0,10,50,60,20261005,50,60,100,150,10,20,20,30,0,10,10,20,0,10,0,10,20261005,2026-10-05 10:07
월드컵공원,POI106,원활,33.0,2026-10-05 10:05,9,3537.0,,4.0,34.0,0,0,2800,2900,3100,3200,550,600,600,650,150,200,150,200,70,80,100,150,20261005,350,400,450,500,100,150,80,90,40,50,30,40,10,20,10,20,20261005,2026-10-05 10:07
응봉산,POI107,원활,25.0,2026-10-05 10:05,3,88.0,,1.0,24.0,0,0,300,350,100,150,50,60,20,30,10,20,10,20,0,10,0,0,20261005,350,400,200,250,60,70,20,30,20,30,10,20,10,20,0,10,20261005,2026-10-05 10:07
이촌한강공원,POI108,원활,44.0,2026-10-05 10:05,2,514.0,0.0,0.0,4.0,0,0,,,,,,,,,,,,,,,,,,0,0,10,20,0,0,0,0,0,0,0,0,0,0,0,0,20261005,2026-10-05 10:07
잠실종합운동장,POI109,원활,25.0,2026-10-05 10:05,1,876.0,,2.0,4.0,0,0,1000,1100,1500,1600,250,300,250,300,60,70,80,90,30,40,10,20,20261005,150,200,200,250,20,30,50,60,0,10,10,20,0,10,0,0,20261005,2026-10-05 10:07
잠실한강공원,POI110,원활,44.0,2026-10-05 10:05,4,1326.0,90.0,1.0,9.0,0,0,1200,1300,750,800,300,350,100,150,100,150,40,50,40,50,10,20,20261005,20,30,90,100,0,0,10,20,0,0,0,10,0,0,0,10,20261005,2026-10-05 10:07
잠원한강공원,POI111,원활,52.0,2026-10-05 10:05,3,1540.0,0.0,0.0,5.0,0,0,,,,,,,,,,,,,,,,,,60,70,90,100,20,30,30,40,10,20,0,10,0,10,0,10,20261005,2026-10-05 10:07
청계산,POI112,원활,47.0,2026-10-05 10:05,0,,,0.0,9.0,0,0,,,,,,,,,,,,,,,,,,10,20,20,30,0,0,0,10,0,0,0,10,0,0,0,0,20261005,2026-10-05 10:07
북창동 먹자골목,POI114,서행,16.0,2026-10-05 10:05,20,552.0,0.0,0.0,11.0,0,0,,,,,,,,,,,,,,,,,,550,600,1200,1300,100,150,300,350,60,70,100,150,40,50,60,70,20261005,2026-10-05 10:07
남대문시장,POI115,서행,17.0,2026-10-05 10:05,16,1456.0,4.0,1.0,7.0,0,0,,,,,,,,,,,,,,,,,,300,350,1100,1200,60,70,250,300,20,30,100,150,0,10,40,50,20261005,2026-10-05 10:07
익선동,POI116,서행,15.0,2026-10-05 10:05,10,187.0,1.0,3.0,11.0,1,0,2200,2300,4100,4200,500,550,1100,1200,150,200,400,450,50,60,100,150,20261005,650,700,700,750,100,150,150,200,30,40,70,80,10,20,40,50,20261005,2026-10-05 10:07
신정네거리역,POI117,서행,18.0,2026-10-05 10:05,3,119.0,,1.0,9.0,0,0,,,,,,,,,,,,,,,,,,,,,,,,,,,,,,,,,,,2026-10-05 10:07
잠실새내역,POI118,서행,18.0,2026-10-05 10:05,31,1541.0,,1.0,18.0,0,0,1700,1800,1100,1200,250,300,150,200,100,150,50,60,30,40,20,30,20261005,600,650,800,850,100,150,150,200,50,60,50,60,10,20,10,20,20261005,2026-10-05 10:07
잠실역,POI119,서행,19.0,2026-10-05 10:05,5,6749.0,113.0,2.0,21.0,0,0,,,,,,,,,,,,,,,,,,1200,1300,2500,2600,150,200,500,550,50,60,150,200,20,30,80,90,20261005,2026-10-05 10:07
잠실롯데타워·석촌호수,POI120,서행,19.0,2026-10-05 10:05,33,9281.0,113.0,3.0,0.0,2,0,,,,,,,,,,,,,,,,,,,,,,,,,,,,,,,,,,,2026-10-05 10:07
송리단길·호수단길,POI121,서행,18.0,2026-10-05 10:05,21,878.0,,1.0,15.0,0,0,750,800,700,750,150,200,150,200,50,60,40,50,10,20,40,50,20261005,750,800,850,900,100,150,150,200,40,50,50,60,10,20,10,20,20261005,2026-10-05 10:07
신촌 스타광장,POI122,서행,18.0,2026-10-05 10:05,4,235.0,,1.0,4.0,0,0,,,,,,,,,,,,,,,,,,500,550,600,650,90,100,100,150,20,30,40,50,0,10,0,10,20261005,2026-10-05 10:07
보라매공원,POI123,서행,15.0,2026-10-05 10:05,1,78.0,,2.0,5.0,0,0,600,650,550,600,100,150,100,150,20,30,30,40,0,0,0,0,20261005,10,20,10,20,0,0,0,10,0,0,0,10,0,0,0,10,20261005,2026-10-05 10:07
서대문독립공원,POI124,서행,24.0,2026-10-05 10:05,2,150.0,,1.0,18.0,0,0,900,950,750,800,150,200,200,250,50,60,90,100,10,20,40,50,20261005,650,700,550,600,100,150,100,150,50,60,30,40,30,40,10,20,20261005,2026-10-05 10:07
안양천,POI125,원활,41.0,2026-10-05 10:05,1,294.0,,0.0,1.0,0,0,,,,,,,,,,,,,,,,,,0,0,0,0,0,0,0,0,0,0,0,0,0,0,0,0,20261005,2026-10-05 10:07
여의서로,POI126,원활,32.0,2026-10-05 10:05,2,168.0,38.0,0.0,0.0,0,0,,,,,,,,,,,,,,,,,,,,,,,,,,,,,,,,,,,2026-10-05 10:07
올림픽공원,POI127,서행,24.0,2026-10-05 10:05,4,2716.0,,4.0,17.0,4,0,,,,,,,,,,,,,,,,,,350,400,450,500,70,80,100,150,30,40,30,40,10,20,10,20,20261005,2026-10-05 10:07
홍제폭포,POI128,원활,34.0,2026-10-05 10:05,0,,,0.0,0.0,0,0,,,,,,,,,,,,,,,,,,,,,,,,,,,,,,,,,,,2026-10-05 10:07
송현녹지광장,POI129,서행,17.0,2026-10-05 10:05,4,1546.0,,1.0,25.0,5,0,650,700,2600,2700,150,200,700,750,40,50,100,150,10,20,20,30,20261005,600,650,1200,1300,150,200,350,400,60,70,100,150,20,30,50,60,20261005,2026-10-05 10:07
시의회 앞,POI130,서행,20.0,2026-10-05 10:05,9,1723.0,,3.0,25.0,3,0,1800,1900,7900,8000,350,400,2000,2100,100,150,750,800,40,50,250,300,20261005,700,750,1500,1600,150,200,300,350,60,70,100,150,30,40,70,80,20261005,2026-10-05 10:07
강남 MICE 관광특구,POI001,서행,17.0,2026-10-05 11:05,3,4428.0,,2.0,6.0,0,0,2400,2500,15800,15900,550,600,1500,1600,200,250,450,500,100,150,150,200,20261005,150,200,600,650,40,50,100,150,10,20,40,50,0,10,30,40,20261005,2026-10-05 11:07
동대문 관광특구,POI002,서행,17.0,2026-10-05 11:05,47,8302.0,227.0,7.0,32.0,4,0,12100,12200,16400,16500,2000,2100,2800,2900,650,700,950,1000,400,450,500,550,20261005,2100,2200,1800,1900,250,300,300,350,70,80,90,100,50,60,30,40,20261005,2026-10-05 11:07
명동 관광특구,POI003,서행,16.0,2026-10-05 11:05,93,12070.0,7.0,7.0,54.0,3,2,10500,10600,35100,35200,2300,2400,6800,6900,750,800,2300,2400,400,450,1400,1500,20261005,3100,3200,7100,7200,600,650,1400,1500,200,250,500,550,100,150,200,250,20261005,2026-10-05 11:07
이태원 관광특구,POI004,서행,19.0,2026-10-05 11:05,8,853.0,,3.0,17.0,0,0,4100,4200,4500,4600,300,350,700,750,100,150,200,250,60,70,200,250,20261005,950,1000,800,850,100,150,100,150,20,30,40,50,0,10,20,30,20261005,2026-10-05 11:07
잠실 관광특구,POI005,서행,20.0,2026-10-05 11:05,37,11997.0,174.0,6.0,50.0,6,0,11000,11100,17200,17300,1800,1900,3200,3300,600,650,1100,1200,400,450,950,1000,20261005,1900,2000,3800,3900,250,300,600,650,80,90,250,300,40,50,90,100,20261005,2026-10-05 11:07
종로·청계 관광특구,POI006,서행,16.0,2026-10-05 11:05,48,2496.0,45.0,10.0,62.0,0,0,14200,14300,32900,33000,2600,2700,6800,6900,850,900,2400,2500,450,500,1400,1500,20261005,4300,4400,5600,5700,600,650,950,1000,200,250,300,350,90,100,150,200,20261005,2026-10-05 11:07
홍대 관광특구,POI007,서행,15.0,2026-10-05 11:05,51,3098.0,,8.0,70.0,0,0,16300,16400,17200,17300,2600,2700,4200,4300,850,900,1700,1800,500,550,1000,1100,20261005,3300,3400,4100,4200,450,500,850,900,150,200,300,350,70,80,100,150,20261005,2026-10-05 11:07
경복궁,POI008,서행,18.0,2026-10-05 11:05,2,267.0,,1.0,11.0,0,0,1400,1500,5500,5600,300,350,1300,1400,80,90,350,400,20,30,300,350,20261005,70,80,250,300,30,40,50,60,10,20,10,20,0,0,0,0,20261005,2026-10-05 11:07
광화문·덕수궁,POI009,서행,17.0,2026-10-05 11:05,29,7988.0,257.0,4.0,41.0,5,2,4200,4300,18900,19000,850,900,4200,4300,250,300,1400,1500,100,150,1000,1100,20261005,2200,2300,4200,4300,400,450,850,900,150,200,250,300,90,100,50,60,20261005,2026-10-05 11:07
보신각,POI010,서행,16.0,2026-10-05 11:05,14,2572.0,11.0,1.0,14.0,0,0,1300,1400,4700,4800,200,250,950,1000,80,90,400,450,40,50,100,150,20261005,900,950,1300,1400,100,150,200,250,40,50,70,80,20,30,20,30,20261005,2026-10-05 11:07
서울 암사동 유적,POI011,서행,23.0,2026-10-05 11:05,1,108.0,,0.0,3.0,0,0,,,,,,,,,,,,,,,,,,0,10,0,10,0,10,0,0,0,0,0,0,0,0,0,0,20261005,2026-10-05 11:07
창덕궁·종묘,POI012,서행,18.0,2026-10-05 11:05,16,3155.0,583.0,4.0,19.0,1,0,5100,5200,12400,12500,1200,1300,2700,2800,400,450,1000,1100,200,250,700,750,20261005,450,500,1100,1200,100,150,150,200,40,50,60,70,10,20,20,30,20261005,2026-10-05 11:07
가산디지털단지역,POI013,서행,23.0,2026-10-05 11:05,20,8291.0,,2.0,71.0,0,0,3200,3300,4300,4400,400,450,650,700,100,150,150,200,60,70,100,150,20261005,1100,1200,2000,2100,150,200,250,300,60,70,100,150,30,40,60,70,20261005,2026-10-05 11:07
강남역,POI014,서행,18.0,2026-10-05 11:05,95,7876.0,,4.0,55.0,0,0,7600,7700,17000,17100,1500,1600,2700,2800,500,550,800,850,300,350,500,550,20261005,3400,3500,3700,3800,600,650,600,650,150,200,200,250,60,70,100,150,20261005,2026-10-05 11:07
건대입구역,POI015,서행,20.0,2026-10-05 11:05,23,6603.0,,2.0,11.0,1,0,5900,6000,4700,4800,900,950,900,950,350,400,300,350,150,200,150,200,20261005,650,700,950,1000,80,90,150,200,20,30,50,60,0,10,30,40,20261005,2026-10-05 11:07
고덕역,POI016,서행,22.0,2026-10-05 11:05,15,1615.0,,1.0,5.0,0,0,1200,1300,1000,1100,200,250,200,250,80,90,60,70,20,30,60,70,20261005,200,250,250,300,20,30,50,60,0,10,10,20,0,10,10,20,20261005,2026-10-05 11:07
고속터미널역,POI017,원활,27.0,2026-10-05 11:05,3,4291.0,,3.0,10.0,0,0,7400,7500,14000,14100,1700,1800,2800,2900,600,650,1000,1100,250,300,600,650,20261005,1900,2000,2800,2900,300,350,450,500,100,150,150,200,30,40,40,50,20261005,2026-10-05 11:07
교대역,POI018,서행,20.0,2026-10-05 11:05,14,760.0,,2.0,13.0,0,0,2600,2700,4200,4300,500,550,650,700,150,200,200,250,100,150,100,150,20261005,550,600,400,450,90,100,60,70,40,50,20,30,20,30,0,10,20261005,2026-10-05 11:07
구로디지털단지역,POI019,서행,17.0,2026-10-05 11:05,20,6911.0,,1.0,29.0,0,0,8800,8900,4400,4500,1200,1300,850,900,350,400,250,300,150,200,100,150,20261005,900,950,800,850,100,150,100,150,30,40,50,60,20,30,30,40,20261005,2026-10-05 11:07
구로역,POI020,서행,23.0,2026-10-05 11:05,3,1047.0,,1.0,5.0,0,0,3200,3300,2000,2100,250,300,350,400,70,80,100,150,70,80,100,150,20261005,200,250,650,700,30,40,60,70,10,20,20,30,0,10,10,20,20261005,2026-10-05 11:07
군자역,POI021,서행,18.0,2026-10-05 11:05,11,573.0,,2.0,16.0,0,1,4500,4600,2200,2300,600,650,300,350,150,200,100,150,90,100,50,60,20261005,850,900,900,950,100,150,100,150,30,40,30,40,20,30,20,30,20261005,2026-10-05 11:07
대림역,POI023,서행,18.0,2026-10-05 11:05,4,221.0,,2.0,29.0,0,0,8400,8500,3800,3900,900,950,800,850,250,300,250,300,150,200,150,200,20261005,1200,1300,1800,1900,150,200,200,250,40,50,70,80,30,40,50,60,20261005,2026-10-05 11:07
동대문역,POI024,서행,16.0,2026-10-05 11:05,17,892.0,0.0,2.0,7.0,0,0,4400,4500,7800,7900,700,750,1300,1400,200,250,450,500,100,150,200,250,20261005,1000,1100,1300,1400,100,150,150,200,40,50,60,70,10,20,20,30,20261005,2026-10-05 11:07
뚝섬역,POI025,서행,18.0,2026-10-05 11:05,9,767.0,,1.0,4.0,1,0,1300,1400,2400,2500,200,250,550,600,70,80,250,300,30,40,100,150,20261005,100,150,250,300,10,20,50,60,0,0,20,30,0,0,10,20,20261005,2026-10-05 11:07
미아사거리역,POI026,서행,16.0,2026-10-05 11:05,11,1409.0,,1.0,29.0,0,1,5000,5100,2600,2700,700,750,350,400,200,250,150,200,100,150,90,100,20261005,3500,3600,4700,4800,500,550,750,800,200,250,250,300,100,150,100,150,20261005,2026-10-05 11:07
발산역,POI027,서행,16.0,2026-10-05 11:05,13,2880.0,,1.0,37.0,0,1,1900,2000,2600,2700,350,400,400,450,100,150,200,250,40,50,100,150,20261005,750,800,1200,1300,100,150,150,200,30,40,30,40,10,20,0,10,20261005,2026-10-05 11:07
사당역,POI029,서행,19.0,2026-10-05 11:05,13,520.0,,2.0,17.0,1,0,8800,8900,6400,6500,1500,1600,1000,1100,500,550,350,400,250,300,200,250,20261005,900,950,1400,1500,150,200,200,250,40,50,70,80,30,40,30,40,20261005,2026-10-05 11:07
삼각지역,POI030,서행,22.0,2026-10-05 11:05,0,,,2.0,7.0,0,0,1100,1200,1400,1500,200,250,300,350,90,100,100,150,30,40,80,90,20261005,900,950,800,850,100,150,100,150,40,50,60,70,20,30,10,20,20261005,2026-10-05 11:07
서울대입구역,POI031,서행,18.0,2026-10-05 11:05,2,52.0,,1.0,15.0,0,0,7400,7500,3700,3800,1100,1200,550,600,350,400,200,250,150,200,100,150,20261005,3000,3100,3700,3800,450,500,550,600,150,200,200,250,60,70,100,150,20261005,2026-10-05 11:07
서울식물원·마곡나루역,POI032,서행,17.0,2026-10-05 11:05,2,2651.0,,2.0,15.0,2,0,2300,2400,2500,2600,300,350,350,400,80,90,100,150,50,60,40,50,20261005,150,200,400,450,30,40,60,70,10,20,30,40,10,20,10,20,20261005,2026-10-05 11:07
서울역,POI033,서행,17.0,2026-10-05 11:05,23,3968.0,0.0,8.0,34.0,1,1,21700,21800,36400,36500,4300,4400,6400,6500,1500,1600,2100,2200,700,750,850,900,20261005,3300,3400,5300,5400,600,650,600,650,200,250,200,250,90,100,70,80,20261005,2026-10-05 11:07
선릉역,POI034,서행,18.0,2026-10-05 11:05,94,11160.0,27.0,4.0,20.0,0,0,4400,4500,17600,17700,950,1000,2600,2700,350,400,800,850,150,200,300,350,20261005,1100,1200,1200,1300,150,200,150,200,70,80,60,70,20,30,30,40,20261005,2026-10-05 11:07
성신여대입구역,POI035,서행,19.0,2026-10-05 11:05,2,38.0,,2.0,9.0,0,0,3700,3800,2500,2600,650,700,400,450,200,250,150,200,90,100,100,150,20261005,1600,1700,2200,2300,250,300,350,400,80,90,100,150,20,30,30,40,20261005,2026-10-05 11:07
수유역,POI036,서행,17.0,2026-10-05 11:05,8,802.0,,1.0,32.0,0,0,7600,7700,3000,3100,1000,1100,450,500,300,350,150,200,100,150,40,50,20261005,4400,4500,5700,5800,550,600,750,800,200,250,300,350,100,150,150,200,20261005,2026-10-05 11:07
신논현역·논현역,POI037,서행,20.0,2026-10-05 11:05,32,1053.0,,3.0,13.0,0,0,4000,4100,7200,7300,700,750,1100,1200,200,250,400,450,150,200,250,300,20261005,1400,1500,1300,1400,200,250,200,250,100,150,90,100,20,30,20,30,20261005,2026-10-05 11:07
신도림역,POI038,서행,23.0,2026-10-05 11:05,1,1644.0,,2.0,2.0,0,0,7400,7500,4100,4200,1000,1100,750,800,350,400,250,300,150,200,100,150,20261005,450,500,1200,1300,50,60,100,150,10,20,40,50,10,20,10,20,20261005,2026-10-05 11:07
신림역,POI039,서행,17.0,2026-10-05 11:05,2,282.0,,2.0,15.0,0,0,12200,12300,4100,4200,1600,1700,700,750,500,550,200,250,350,400,100,150,20261005,3400,3500,6400,6500,400,450,850,900,100,150,300,350,30,40,150,200,20261005,2026-10-05 11:07
신촌·이대역,POI040,서행,18.0,2026-10-05 11:05,25,1943.0,154.0,4.0,41.0,0,0,5600,5700,5800,5900,1100,1200,1200,1300,400,450,400,450,250,300,300,350,20261005,2600,2700,3500,3600,400,450,550,600,150,200,150,200,70,80,70,80,20261005,2026-10-05 11:07
양재역,POI041,원활,25.0,2026-10-05 11:05,16,1881.0,,2.0,27.0,0,0,2900,3000,4600,4700,550,600,550,600,150,200,100,150,90,100,30,40,20261005,1900,2000,1800,1900,300,350,250,300,100,150,80,90,60,70,50,60,20261005,2026-10-05 11:07
역삼역,POI042,서행,18.0,2026-10-05 11:05,47,7473.0,1.0,1.0,10.0,0,0,1700,1800,4100,4200,300,350,650,700,90,100,200,250,40,50,100,150,20261005,850,900,950,1000,100,150,100,150,30,40,30,40,10,20,20,30,20261005,2026-10-05 11:07
연신내역,POI043,서행,19.0,2026-10-05 11:05,5,208.0,,3.0,14.0,0,0,8800,8900,4900,5000,1200,1300,750,800,350,400,250,300,100,150,100,150,20261005,1300,1400,2000,2100,200,250,300,350,50,60,70,80,20,30,20,30,20261005,2026-10-05 11:07
오목교역·목동운동장,POI044,원활,27.0,2026-10-05 11:05,14,5304.0,,1.0,33.0,0,0,1900,2000,2900,3000,350,400,500,550,100,150,150,200,90,100,100,150,20261005,1800,1900,2900,3000,250,300,450,500,100,150,200,250,50,60,100,150,20261005,2026-10-05 11:07
왕십리역,POI045,서행,18.0,2026-10-05 11:05,4,1478.0,,5.0,22.0,0,0,5800,5900,4700,4800,950,1000,850,900,300,350,250,300,150,200,150,200,20261005,450,500,1100,1200,100,150,150,200,30,40,60,70,10,20,40,50,20261005,2026-10-05 11:07
용산역,POI046,서행,22.0,2026-10-05 11:05,11,5014.0,94.0,2.0,33.0,0,0,4900,5000,12100,12200,700,750,2500,2600,200,250,800,850,150,200,700,750,20261005,1100,1200,1300,1400,150,200,200,250,50,60,80,90,10,20,30,40,20261005,2026-10-05 11:07
이태원역,POI047,서행,15.0,2026-10-05 11:05,4,66.0,,1.0,9.0,0,0,3100,3200,2000,2100,150,200,200,250,50,60,50,60,40,50,50,60,20261005,650,700,350,400,70,80,60,70,10,20,10,20,0,0,0,10,20261005,2026-10-05 11:07
장지역,POI048,서행,21.0,2026-10-05 11:05,4,10611.0,,1.0,20.0,0,0,2000,2100,2000,2100,300,350,350,400,100,150,100,150,70,80,90,100,20261005,650,700,1000,1100,80,90,150,200,20,30,70,80,10,20,30,40,20261005,2026-10-05 11:07
장한평역,POI049,서행,23.0,2026-10-05 11:05,15,847.0,,1.0,16.0,0,0,2900,3000,2000,2100,450,500,350,400,150,200,100,150,100,150,80,90,20261005,1800,1900,2400,2500,200,250,400,450,90,100,100,150,30,40,70,80,20261005,2026-10-05 11:07
천호역,POI050,서행,17.0,2026-10-05 11:05,14,3331.0,,2.0,12.0,0,0,5300,5400,4500,4600,850,900,850,900,250,300,250,300,100,150,150,200,20261005,400,450,1000,1100,50,60,100,150,20,30,30,40,10,20,10,20,20261005,2026-10-05 11:07
총신대입구(이수)역,POI051,서행,15.0,2026-10-05 11:05,7,533.0,,2.0,18.0,0,0,4900,5000,3700,3800,900,950,600,650,300,350,200,250,150,200,80,90,20261005,1300,1400,1500,1600,200,250,250,300,90,100,90,100,40,50,30,40,20261005,2026-10-05 11:07
충정로역,POI052,서행,24.0,2026-10-05 11:05,5,834.0,,2.0,19.0,0,0,1500,1600,1200,1300,250,300,200,250,90,100,60,70,40,50,20,30,20261005,750,800,600,650,100,150,80,90,40,50,30,40,0,10,0,10,20261005,2026-10-05 11:07
합정역,POI053,서행,22.0,2026-10-05 11:05,6,207.0,,2.0,30.0,0,0,4200,4300,4400,4500,600,650,950,1000,200,250,450,500,100,150,200,250,20261005,1200,1300,1200,1300,150,200,200,250,60,70,70,80,30,40,20,30,20261005,2026-10-05 11:07
혜화역,POI054,서행,17.0,2026-10-05 11:05,24,955.0,,1.0,12.0,2,0,1900,2000,3400,3500,300,350,750,800,90,100,350,400,70,80,150,200,20261005,1200,1300,1400,1500,150,200,250,300,70,80,100,150,30,40,60,70,20261005,2026-10-05 11:07
홍대입구역(2호선),POI055,서행,15.0,2026-10-05 11:05,16,1196.0,,1.0,17.0,0,0,6600,6700,7800,7900,1100,1200,2100,2200,350,400,900,950,250,300,550,600,20261005,1800,1900,2600,2700,250,300,500,550,100,150,200,250,30,40,100,150,20261005,2026-10-05 11:07
회기역,POI056,서행,20.0,2026-10-05 11:05,21,408.0,,1.0,22.0,0,0,4500,4600,2100,2200,700,750,300,350,150,200,50,60,150,200,50,60,20261005,2500,2600,2600,2700,350,400,350,400,150,200,100,150,50,60,70,80,20261005,2026-10-05 11:07
가락시장,POI058,원활,25.0,2026-10-05 11:05,4,2884.0,,2.0,16.0,0,0,2500,2600,2200,2300,400,450,300,350,100,150,100,150,70,80,80,90,20261005,1400,1500,1100,1200,100,150,100,150,30,40,30,40,10,20,10,20,20261005,2026-10-05 11:07
가로수길,POI059,원활,25.0,2026-10-05 11:05,51,2767.0,89.0,2.0,14.0,0,0,2900,3000,9700,9800,500,550,1600,1700,200,250,550,600,100,150,450,500,20261005,600,650,1100,1200,100,150,200,250,50,60,90,100,30,40,50,60,20261005,2026-10-05 11:07
광장(전통)시장,POI060,서행,17.0,2026-10-05 11:05,7,103.0,7.0,1.0,11.0,0,0,1500,1600,4900,5000,400,450,1000,1100,150,200,350,400,70,80,300,350,20261005,600,650,1400,1500,150,200,250,300,50,60,80,90,20,30,40,50,20261005,2026-10-05 11:07
김포공항,POI061,원활,30.0,2026-10-05 11:05,6,16594.0,,6.0,27.0,0,0,3700,3800,6200,6300,600,650,900,950,150,200,250,300,100,150,200,250,20261005,300,350,600,650,50,60,50,60,0,10,10,20,0,0,0,10,20261005,2026-10-05 11:07
노량진,POI063,서행,23.0,2026-10-05 11:05,11,1218.0,,3.0,22.0,1,0,6600,6700,6100,6200,1000,1100,650,700,250,300,200,250,150,200,150,200,20261005,2200,2300,4800,4900,300,350,600,650,100,150,200,250,50,60,70,80,20261005,2026-10-05 11:07
덕수궁길·정동길,POI064,서행,18.0,2026-10-05 11:05,10,620.0,,3.0,10.0,0,1,3400,3500,8400,8500,750,800,1400,1500,200,250,550,600,100,150,250,300,20261005,600,650,800,850,70,80,100,150,10,20,30,40,0,10,10,20,20261005,2026-10-05 11:07
북촌한옥마을,POI066,서행,18.0,2026-10-05 11:05,16,1756.0,,1.0,55.0,5,0,1100,1200,4700,4800,250,300,1100,1200,100,150,350,400,50,60,70,80,20261005,1100,1200,2500,2600,250,300,450,500,80,90,150,200,20,30,60,70,20261005,2026-10-05 11:07
서촌,POI067,서행,18.0,2026-10-05 11:05,9,308.0,,1.0,32.0,0,0,1400,1500,5500,5600,300,350,1300,1400,80,90,350,400,20,30,300,350,20261005,1500,1600,1900,2000,350,400,350,400,150,200,100,150,40,50,20,30,20261005,2026-10-05 11:07
성수카페거리,POI068,서행,16.0,2026-10-05 11:05,28,2824.0,,2.0,35.0,1,0,3200,3300,10600,10700,550,600,2900,3000,150,200,1200,1300,100,150,750,800,20261005,500,550,700,750,50,60,100,150,10,20,40,50,0,0,20,30,20261005,2026-10-05 11:07
쌍문역,POI070,서행,17.0,2026-10-05 11:05,8,345.0,,1.0,18.0,0,0,6800,6900,1900,2000,900,950,250,300,250,300,100,150,200,250,90,100,20261005,1900,2000,3100,3200,200,250,400,450,80,90,100,150,40,50,40,50,20261005,2026-10-05 11:07
압구정로데오거리,POI071,서행,19.0,2026-10-05 11:05,55,1976.0,2.0,1.0,16.0,1,0,700,750,3700,3800,100,150,500,550,30,40,100,150,30,40,100,150,20261005,800,850,2000,2100,100,150,300,350,30,40,100,150,10,20,50,60,20261005,2026-10-05 11:07
여의도,POI072,원활,25.0,2026-10-05 11:05,116,24820.0,481.0,9.0,63.0,2,0,9000,9100,13300,13400,1500,1600,2000,2100,400,450,700,750,250,300,450,500,20261005,3400,3500,6500,6600,550,600,900,950,150,200,250,300,50,60,100,150,20261005,2026-10-05 11:07
연남동,POI073,서행,16.0,2026-10-05 11:05,45,132.0,,0.0,20.0,0,0,,,,,,,,,,,,,,,,,,950,1000,900,950,150,200,150,200,50,60,50,60,30,40,30,40,20261005,2026-10-05 11:07
영등포 타임스퀘어,POI074,서행,17.0,2026-10-05 11:05,10,1195.0,114.0,3.0,24.0,1,0,7200,7300,7600,7700,1100,1200,1300,1400,300,350,400,450,250,300,400,450,20261005,1800,1900,3500,3600,300,350,700,750,90,100,250,300,30,40,90,100,20261005,2026-10-05 11:07
용리단길,POI076,서행,21.0,2026-10-05 11:05,0,,,3.0,7.0,0,0,2400,2500,4500,4600,400,450,1000,1100,150,200,400,450,60,70,250,300,20261005,350,400,1100,1200,50,60,200,250,20,30,100,150,10,20,30,40,20261005,2026-10-05 11:07
이태원 앤틱가구거리,POI077,서행,20.0,2026-10-05 11:05,4,51.0,,1.0,13.0,0,0,3100,3200,2000,2100,150,200,200,250,50,60,50,60,40,50,50,60,20261005,650,700,550,600,60,70,60,70,20,30,20,30,0,10,10,20,20261005,2026-10-05 11:07
인사동,POI078,서행,16.0,2026-10-05 11:05,21,2465.0,1.0,2.0,26.0,3,0,2400,2500,9500,9600,450,500,2100,2200,150,200,750,800,90,100,200,250,20261005,1600,1700,1800,1900,250,300,350,400,80,90,100,150,50,60,60,70,20261005,2026-10-05 11:07
창동 신경제 중심지,POI079,서행,17.0,2026-10-05 11:05,46,4927.0,27.0,4.0,55.0,5,0,10500,10600,8300,8400,1600,1700,1300,1400,550,600,450,500,350,400,300,350,20261005,2100,2200,3700,3800,250,300,500,550,100,150,200,250,50,60,100,150,20261005,2026-10-05 11:07
청담동 명품거리,POI080,서행,21.0,2026-10-05 11:05,16,910.0,,1.0,10.0,0,0,700,750,3700,3800,100,150,500,550,30,40,100,150,30,40,100,150,20261005,350,400,800,850,70,80,100,150,20,30,40,50,10,20,0,10,20261005,2026-10-05 11:07
청량리 제기동 일대 전통시장,POI081,서행,19.0,2026-10-05 11:05,12,2214.0,,2.0,23.0,0,0,5800,5900,6600,6700,1100,1200,1200,1300,400,450,350,400,200,250,150,200,20261005,4200,4300,6200,6300,650,700,950,1000,250,300,300,350,100,150,150,200,20261005,2026-10-05 11:07
해방촌·경리단길,POI082,원활,32.0,2026-10-05 11:05,4,273.0,,0.0,26.0,0,0,,,,,,,,,,,,,,,,,,1200,1300,650,700,200,250,100,150,90,100,40,50,40,50,20,30,20261005,2026-10-05 11:07
DDP(동대문디자인플라자),POI083,서행,17.0,2026-10-05 11:05,9,2596.0,219.0,3.0,11.0,3,0,4500,4600,5500,5600,800,850,1100,1200,250,300,300,350,150,200,200,250,20261005,600,650,650,700,50,60,100,150,10,20,10,20,10,20,0,10,20261005,2026-10-05 11:07
DMC(디지털미디어시티),POI084,서행,21.0,2026-10-05 11:05,25,9176.0,,4.0,68.0,0,2,3700,3800,2700,2800,550,600,350,400,150,200,100,150,90,100,50,60,20261005,1200,1300,1600,1700,150,200,200,250,60,70,70,80,20,30,10,20,20261005,2026-10-05 11:07
강서한강공원,POI085,원활,58.0,2026-10-05 11:05,2,106.0,35.0,0.0,1.0,0,0,,,,,,,,,,,,,,,,,,0,0,0,0,0,0,0,0,0,0,0,0,0,0,0,0,20261005,2026-10-05 11:07
고척돔,POI086,원활,29.0,2026-10-05 11:05,0,,,1.0,3.0,3,0,1200,1300,600,650,150,200,70,80,20,30,20,30,20,30,20,30,20261005,550,600,450,500,80,90,60,70,20,30,10,20,10,20,0,10,20261005,2026-10-05 11:07
광나루한강공원,POI087,원활,61.0,2026-10-05 11:05,4,718.0,249.0,0.0,0.0,0,0,,,,,,,,,,,,,,,,,,,,,,,,,,,,,,,,,,,2026-10-05 11:07
광화문광장,POI088,서행,19.0,2026-10-05 11:05,3,2932.0,257.0,2.0,12.0,1,0,2200,2300,10000,10100,450,500,2300,2400,100,150,750,800,60,70,600,650,20261005,950,1000,1700,1800,150,200,350,400,60,70,100,150,30,40,20,30,20261005,2026-10-05 11:07
국립중앙박물관·용산가족공원,POI089,원활,35.0,2026-10-05 11:05,4,931.0,,3.0,3.0,1,0,1700,1800,3300,3400,300,350,750,800,100,150,200,250,70,80,100,150,20261005,50,60,150,200,10,20,20,30,0,10,0,10,0,10,0,10,20261005,2026-10-05 11:07
난지한강공원,POI090,원활,52.0,2026-10-05 11:05,4,1240.0,0.0,0.0,7.0,0,0,,,,,,,,,,,,,,,,,,0,10,10,20,0,10,0,10,0,0,0,0,0,0,0,0,20261005,2026-10-05 11:07
남산공원,POI091,원활,29.0,2026-10-05 11:05,33,2148.0,22.0,5.0,37.0,2,0,6500,6600,12300,12400,1200,1300,1500,1600,400,450,500,550,250,300,350,400,20261005,1300,1400,1900,2000,350,400,400,450,150,200,150,200,50,60,50,60,20261005,2026-10-05 11:07
노들섬,POI092,정체,12.0,2026-10-05 11:05,1,99.0,,0.0,4.0,2,0,,,,,,,,,,,,,,,,,,100,150,200,250,10,20,60,70,0,0,10,20,0,0,0,10,20261005,2026-10-05 11:07
뚝섬한강공원,POI093,원활,54.0,2026-10-05 11:05,8,1342.0,568.0,1.0,1.0,1,0,1600,1700,1000,1100,200,250,250,300,70,80,100,150,50,60,90,100,20261005,0,0,0,0,0,0,0,0,0,0,0,0,0,0,0,0,20261005,2026-10-05 11:07
망원한강공원,POI094,원활,34.0,2026-10-05 11:05,2,458.0,0.0,2.0,10.0,0,0,4200,4300,4400,4500,600,650,950,1000,200,250,450,500,100,150,200,250,20261005,850,900,900,950,100,150,150,200,30,40,40,50,20,30,10,20,20261005,2026-10-05 11:07
반포한강공원,POI095,원활,41.0,2026-10-05 11:05,9,1483.0,9.0,0.0,6.0,0,0,,,,,,,,,,,,,,,,,,20,30,40,50,0,10,0,10,0,0,0,0,0,0,0,0,20261005,2026-10-05 11:07
북서울꿈의숲,POI096,서행,21.0,2026-10-05 11:05,3,549.0,,0.0,17.0,0,0,,,,,,,,,,,,,,,,,,500,550,150,200,70,80,10,20,30,40,0,10,10,20,0,10,20261005,2026-10-05 11:07
서리풀공원·몽마르뜨공원,POI098,원활,26.0,2026-10-05 11:05,0,,,4.0,7.0,0,0,8900,9000,15800,15900,2000,2100,3100,3200,700,750,1100,1200,300,350,650,700,20261005,1900,2000,2600,2700,300,350,450,500,100,150,150,200,30,40,50,60,20261005,2026-10-05 11:07
서울대공원,POI100,원활,29.0,2026-10-05 11:05,0,,,1.0,0.0,0,0,100,150,2600,2700,30,40,650,700,10,20,200,250,10,20,200,250,20261005,,,,,,,,,,,,,,,,,,2026-10-05 11:07
서울숲공원,POI101,원활,38.0,2026-10-05 11:05,2,996.0,,1.0,9.0,0,0,800,850,1500,1600,100,150,450,500,20,30,100,150,20,30,100,150,20261005,50,60,200,250,0,10,30,40,0,0,20,30,0,0,10,20,20261005,2026-10-05 11:07
아차산,POI102,원활,31.0,2026-10-05 11:05,0,,,0.0,3.0,0,0,,,,,,,,,,,,,,,,,,50,60,10,20,0,10,0,10,0,10,0,0,0,0,0,0,20261005,2026-10-05 11:07
양화한강공원,POI103,원활,40.0,2026-10-05 11:05,6,1002.0,276.0,0.0,5.0,0,0,,,,,,,,,,,,,,,,,,0,10,40,50,0,0,0,10,0,0,0,0,0,0,0,0,20261005,2026-10-05 11:07
어린이대공원,POI104,서행,18.0,2026-10-05 11:05,4,945.0,,2.0,9.0,0,0,4600,4700,4000,4100,750,800,850,900,250,300,350,400,150,200,250,300,20261005,400,450,400,450,50,60,60,70,20,30,20,30,10,20,10,20,20261005,2026-10-05 11:07
여의도한강공원,POI105,원활,39.0,2026-10-05 11:05,6,2866.0,402.0,1.0,3.0,0,0,550,600,1800,1900,100,150,500,550,20,30,150,200,10,20,100,150,20261005,70,80,150,200,10,20,20,30,0,0,0,10,0,0,0,10,20261005,2026-10-05 11:07
월드컵공원,POI106,원활,30.0,2026-10-05 11:05,9,3537.0,,4.0,34.0,0,1,4100,4200,4700,4800,650,700,900,950,200,250,300,350,100,150,150,200,20261005,600,650,650,700,100,150,100,150,30,40,30,40,10,20,10,20,20261005,2026-10-05 11:07
응봉산,POI107,원활,25.0,2026-10-05 11:05,3,88.0,,1.0,24.0,0,0,450,500,150,200,70,80,10,20,10,20,0,10,10,20,0,10,20261005,550,600,300,350,100,150,40,50,40,50,10,20,20,30,0,0,20261005,2026-10-05 11:07
이촌한강공원,POI108,원활,42.0,2026-10-05 11:05,2,514.0,0.0,0.0,4.0,0,0,,,,,,,,,,,,,,,,,,0,0,20,30,0,0,0,10,0,0,0,10,0,0,0,0,20261005,2026-10-05 11:07
잠실종합운동장,POI109,서행,23.0,2026-10-05 11:05,1,876.0,,2.0,4.0,0,0,1600,1700,2100,2200,350,400,400,450,90,100,90,100,40,50,40,50,20261005,200,250,300,350,20,30,40,50,0,10,10,20,0,10,0,0,20261005,2026-10-05 11:07
잠실한강공원,POI110,원활,43.0,2026-10-05 11:05,4,1326.0,136.0,1.0,9.0,0,0,1900,2000,1000,1100,350,400,100,150,150,200,40,50,80,90,10,20,20261005,30,40,100,150,0,10,30,40,0,0,10,20,0,0,0,0,20261005,2026-10-05 11:07
잠원한강공원,POI111,원활,46.0,2026-10-05 11:05,3,1540.0,0.0,0.0,5.0,0,0,,,,,,,,,,,,,,,,,,100,150,100,150,20,30,30,40,10,20,20,30,10,20,0,10,20261005,2026-10-05 11:07
청계산,POI112,원활,51.0,2026-10-05 11:05,0,,,0.0,9.0,0,0,,,,,,,,,,,,,,,,,,10,20,30,40,0,0,0,10,0,0,0,0,0,0,0,0,20261005,2026-10-05 11:07
북창동 먹자골목,POI114,정체,13.0,2026-10-05 11:05,20,552.0,0.0,0.0,11.0,0,0,,,,,,,,,,,,,,,,,,900,950,2000,2100,200,250,400,450,100,150,150,200,40,50,60,70,20261005,2026-10-05 11:07
남대문시장,POI115,정체,14.0,2026-10-05 11:05,16,1456.0,4.0,1.0,7.0,0,0,,,,,,,,,,,,,,,,,,550,600,1800,1900,100,150,350,400,60,70,100,150,30,40,40,50,20261005,2026-10-05 11:07
익선동,POI116,서행,15.0,2026-10-05 11:05,10,187.0,1.0,3.0,11.0,1,0,3500,3600,7500,7600,750,800,1700,1800,250,300,650,700,150,200,350,400,20261005,950,1000,1100,1200,150,200,200,250,60,70,60,70,30,40,40,50,20261005,2026-10-05 11:07
신정네거리역,POI117,서행,18.0,2026-10-05 11:05,3,119.0,,1.0,9.0,0,0,,,,,,,,,,,,,,,,,,,,,,,,,,,,,,,,,,,2026-10-05 11:07
잠실새내역,POI118,서행,16.0,2026-10-05 11:05,31,1541.0,,1.0,18.0,0,0,2800,2900,1900,2000,350,400,200,250,100,150,40,50,70,80,20,30,20261005,850,900,1100,1200,150,200,150,200,50,60,60,70,20,30,30,40,20261005,2026-10-05 11:07
잠실역,POI119,서행,19.0,2026-10-05 11:05,5,6749.0,174.0,2.0,21.0,0,0,,,,,,,,,,,,,,,,,,1600,1700,3800,3900,200,250,650,700,70,80,250,300,40,50,100,150,20261005,2026-10-05 11:07
잠실롯데타워·석촌호수,POI120,서행,18.0,2026-10-05 11:05,33,9281.0,174.0,3.0,0.0,2,0,,,,,,,,,,,,,,,,,,,,,,,,,,,,,,,,,,,2026-10-05 11:07
송리단길·호수단길,POI121,서행,20.0,2026-10-05 11:05,21,878.0,,1.0,15.0,0,0,1100,1200,1100,1200,200,250,150,200,50,60,50,60,30,40,20,30,20261005,1000,1100,1200,1300,100,150,200,250,30,40,80,90,10,20,30,40,20261005,2026-10-05 11:07
신촌 스타광장,POI122,서행,17.0,2026-10-05 11:05,4,235.0,,1.0,4.0,0,0,,,,,,,,,,,,,,,,,,800,850,950,1000,100,150,150,200,30,40,60,70,10,20,20,30,20261005,2026-10-05 11:07
보라매공원,POI123,정체,14.0,2026-10-05 11:05,1,78.0,,2.0,5.0,0,0,850,900,800,850,150,200,100,150,40,50,20,30,0,0,0,0,20261005,10,20,20,30,0,0,0,10,0,0,0,0,0,0,0,0,20261005,2026-10-05 11:07
서대문독립공원,POI124,원활,27.0,2026-10-05 11:05,2,150.0,,1.0,18.0,0,0,1300,1400,1400,1500,200,250,300,350,80,90,100,150,50,60,60,70,20261005,950,1000,800,850,100,150,150,200,40,50,50,60,10,20,10,20,20261005,2026-10-05 11:07
안양천,POI125,원활,43.0,2026-10-05 11:05,1,294.0,,0.0,1.0,0,0,,,,,,,,,,,,,,,,,,0,0,0,0,0,0,0,0,0,0,0,0,0,0,0,0,20261005,2026-10-05 11:07
여의서로,POI126,원활,33.0,2026-10-05 11:05,2,168.0,38.0,0.0,0.0,0,0,,,,,,,,,,,,,,,,,,,,,,,,,,,,,,,,,,,2026-10-05 11:07
올림픽공원,POI127,서행,23.0,2026-10-05 11:05,4,2716.0,,4.0,17.0,4,0,,,,,,,,,,,,,,,,,,500,550,650,700,80,90,70,80,20,30,20,30,0,10,10,20,20261005,2026-10-05 11:07
홍제폭포,POI128,원활,28.0,2026-10-05 11:05,0,,,0.0,0.0,0,0,,,,,,,,,,,,,,,,,,,,,,,,,,,,,,,,,,,2026-10-05 11:07
송현녹지광장,POI129,서행,16.0,2026-10-05 11:05,4,1546.0,,1.0,25.0,5,0,1100,1200,4700,4800,250,300,1100,1200,100,150,350,400,50,60,70,80,20261005,950,1000,2100,2200,200,250,350,400,70,80,100,150,20,30,50,60,20261005,2026-10-05 11:07
시의회 앞,POI130,서행,18.0,2026-10-05 11:05,9,1723.0,,3.0,25.0,3,0,2700,2800,13400,13500,500,550,2900,3000,150,200,1100,1200,100,150,750,800,20261005,1100,1200,2400,2500,200,250,450,500,100,150,100,150,50,60,30,40,20261005,2026-10-05 11:07
강남 MICE 관광특구,POI001,서행,15.0,2026-10-05 12:05,3,4428.0,,2.0,6.0,0,0,4900,5000,18900,19000,1400,1500,1600,1700,450,500,750,800,250,300,700,750,20261005,400,450,900,950,100,150,150,200,20,30,40,50,20,30,20,30,20261005,2026-10-05 12:07
동대문 관광특구,POI002,서행,17.0,2026-10-05 12:05,47,8302.0,262.0,7.0,32.0,4,0,16100,16200,23100,23200,2000,2100,3500,3600,650,700,1100,1200,350,400,600,650,20261005,2600,2700,2600,2700,250,300,350,400,90,100,100,150,20,30,50,60,20261005,2026-10-05 12:07
명동 관광특구,POI003,서행,16.0,2026-10-05 12:05,93,12070.0,7.0,7.0,54.0,3,2,16900,17000,54200,54300,3700,3800,9500,9600,1100,1200,2700,2800,550,600,1200,1300,20261005,4800,4900,10500,10600,950,1000,1800,1900,250,300,500,550,100,150,250,300,20261005,2026-10-05 12:07
이태원 관광특구,POI004,서행,19.0,2026-10-05 12:05,8,853.0,,3.0,17.0,0,0,4800,4900,6200,6300,350,400,900,950,100,150,250,300,70,80,100,150,20261005,1200,1300,1200,1300,100,150,200,250,60,70,70,80,20,30,20,30,20261005,2026-10-05 12:07
잠실 관광특구,POI005,서행,20.0,2026-10-05 12:05,37,11997.0,220.0,6.0,50.0,6,0,15400,15500,24700,24800,2400,2500,3800,3900,750,800,1300,1400,500,550,750,800,20261005,2600,2700,5300,5400,350,400,750,800,100,150,250,300,40,50,90,100,20261005,2026-10-05 12:07
종로·청계 관광특구,POI006,정체,13.0,2026-10-05 12:05,48,2496.0,72.0,10.0,62.0,0,0,20600,20700,49700,49800,3400,3500,8900,9000,1000,1100,2800,2900,600,650,1500,1600,20261005,5800,5900,8000,8100,800,850,1200,1300,300,350,450,500,150,200,200,250,20261005,2026-10-05 12:07
홍대 관광특구,POI007,정체,14.0,2026-10-05 12:05,51,3098.0,,8.0,70.0,0,0,21800,21900,27900,28000,2900,3000,5500,5600,850,900,1700,1800,450,500,1000,1100,20261005,4400,4500,6100,6200,600,650,1000,1100,150,200,300,350,90,100,150,200,20261005,2026-10-05 12:07
경복궁,POI008,서행,16.0,2026-10-05 12:05,2,267.0,,1.0,11.0,0,0,2200,2300,8300,8400,400,450,1300,1400,100,150,400,450,70,80,100,150,20261005,150,200,400,450,60,70,70,80,30,40,20,30,10,20,10,20,20261005,2026-10-05 12:07
광화문·덕수궁,POI009,서행,17.0,2026-10-05 12:05,29,7988.0,356.0,4.0,41.0,5,2,6300,6400,27600,27700,1100,1200,4500,4600,350,400,1300,1400,200,250,550,600,20261005,3500,3600,6300,6400,650,700,1000,1100,200,250,300,350,150,200,150,200,20261005,2026-10-05 12:07
보신각,POI010,정체,14.0,2026-10-05 12:05,14,2572.0,11.0,1.0,14.0,0,0,1900,2000,7000,7100,350,400,1200,1300,100,150,350,400,40,50,150,200,20261005,1200,1300,1900,2000,150,200,300,350,60,70,100,150,40,50,50,60,20261005,2026-10-05 12:07
서울 암사동 유적,POI011,서행,23.0,2026-10-05 12:05,1,108.0,,0.0,3.0,0,0,,,,,,,,,,,,,,,,,,10,20,0,10,0,0,0,0,0,0,0,0,0,0,0,0,20261005,2026-10-05 12:07
창덕궁·종묘,POI012,서행,17.0,2026-10-05 12:05,16,3155.0,717.0,4.0,19.0,1,0,7800,7900,19100,19200,1300,1400,3500,3600,400,450,1100,1200,200,250,650,700,20261005,700,750,1500,1600,100,150,200,250,40,50,70,80,20,30,30,40,20261005,2026-10-05 12:07
가산디지털단지역,POI013,서행,24.0,2026-10-05 12:05,20,8291.0,,2.0,71.0,0,0,4200,4300,5600,5700,500,550,650,700,150,200,150,200,90,100,80,90,20261005,1500,1600,2600,2700,150,200,300,350,50,60,90,100,20,30,60,70,20261005,2026-10-05 12:07
강남역,POI014,서행,17.0,2026-10-05 12:05,95,7876.0,,4.0,55.0,0,0,11100,11200,22800,22900,1900,2000,2800,2900,550,600,850,900,350,400,550,600,20261005,4800,4900,5200,5300,750,800,750,800,300,350,250,300,100,150,100,150,20261005,2026-10-05 12:07
건대입구역,POI015,서행,20.0,2026-10-05 12:05,23,6603.0,,2.0,11.0,1,0,7700,7800,6800,6900,900,950,1100,1200,200,250,300,350,100,150,150,200,20261005,850,900,1300,1400,100,150,200,250,20,30,40,50,10,20,20,30,20261005,2026-10-05 12:07
고덕역,POI016,서행,23.0,2026-10-05 12:05,15,1615.0,,1.0,5.0,0,0,1600,1700,1300,1400,250,300,100,150,70,80,40,50,40,50,0,0,20261005,300,350,350,400,50,60,50,60,10,20,20,30,0,0,0,10,20261005,2026-10-05 12:07
고속터미널역,POI017,원활,25.0,2026-10-05 12:05,3,4291.0,,3.0,10.0,0,0,11400,11500,20900,21000,2100,2200,3600,3700,700,750,1200,1300,300,350,650,700,20261005,2800,2900,4000,4100,450,500,550,600,150,200,250,300,70,80,90,100,20261005,2026-10-05 12:07
교대역,POI018,서행,17.0,2026-10-05 12:05,14,760.0,,2.0,13.0,0,0,3600,3700,5600,5700,500,550,700,750,150,200,200,250,100,150,100,150,20261005,750,800,550,600,100,150,70,80,30,40,40,50,10,20,20,30,20261005,2026-10-05 12:07
구로디지털단지역,POI019,서행,17.0,2026-10-05 12:05,20,6911.0,,1.0,29.0,0,0,11000,11100,5700,5800,1200,1300,600,650,350,400,150,200,250,300,100,150,20261005,1200,1300,1100,1200,200,250,150,200,90,100,60,70,40,50,40,50,20261005,2026-10-05 12:07
구로역,POI020,서행,23.0,2026-10-05 12:05,3,1047.0,,1.0,5.0,0,0,4000,4100,2800,2900,350,400,400,450,100,150,150,200,70,80,70,80,20261005,300,350,850,900,50,60,100,150,20,30,20,30,10,20,10,20,20261005,2026-10-05 12:07
군자역,POI021,서행,18.0,2026-10-05 12:05,11,573.0,,2.0,16.0,0,1,5700,5800,3000,3100,650,700,400,450,200,250,90,100,40,50,20,30,20261005,1100,1200,1100,1200,100,150,100,150,50,60,60,70,10,20,10,20,20261005,2026-10-05 12:07
대림역,POI023,서행,17.0,2026-10-05 12:05,4,221.0,,2.0,29.0,0,0,10000,10100,5400,5500,800,850,850,900,250,300,300,350,150,200,150,200,20261005,1600,1700,2400,2500,150,200,250,300,70,80,70,80,40,50,30,40,20261005,2026-10-05 12:07
동대문역,POI024,서행,16.0,2026-10-05 12:05,17,892.0,0.0,2.0,7.0,0,0,5900,6000,11100,11200,750,800,1800,1900,250,300,500,550,100,150,250,300,20261005,1200,1300,1700,1800,100,150,200,250,40,50,80,90,20,30,40,50,20261005,2026-10-05 12:07
뚝섬역,POI025,서행,19.0,2026-10-05 12:05,9,767.0,,1.0,4.0,1,0,1800,1900,3700,3800,250,300,650,700,80,90,150,200,30,40,90,100,20261005,150,200,350,400,30,40,50,60,10,20,20,30,0,10,0,10,20261005,2026-10-05 12:07
미아사거리역,POI026,서행,15.0,2026-10-05 12:05,11,1409.0,,1.0,29.0,0,1,6400,6500,3500,3600,700,750,500,550,200,250,150,200,70,80,100,150,20261005,4700,4800,6400,6500,700,750,800,850,200,250,250,300,90,100,100,150,20261005,2026-10-05 12:07
발산역,POI027,서행,16.0,2026-10-05 12:05,13,2880.0,,1.0,37.0,0,0,2600,2700,3400,3500,300,350,450,500,100,150,200,250,30,40,100,150,20261005,1000,1100,1700,1800,150,200,250,300,60,70,100,150,20,30,40,50,20261005,2026-10-05 12:07
사당역,POI029,서행,17.0,2026-10-05 12:05,13,520.0,,2.0,17.0,1,0,11800,11900,9400,9500,1600,1700,1600,1700,450,500,450,500,250,300,250,300,20261005,1200,1300,2000,2100,150,200,300,350,50,60,100,150,20,30,40,50,20261005,2026-10-05 12:07
삼각지역,POI030,서행,23.0,2026-10-05 12:05,0,,,2.0,7.0,0,0,1500,1600,2200,2300,250,300,400,450,80,90,100,150,50,60,50,60,20261005,1100,1200,1100,1200,100,150,150,200,30,40,50,60,20,30,20,30,20261005,2026-10-05 12:07
서울대입구역,POI031,서행,20.0,2026-10-05 12:05,2,52.0,,1.0,15.0,0,0,9500,9600,4800,4900,1100,1200,550,600,350,400,100,150,100,150,40,50,20261005,4000,4100,4800,4900,500,550,550,600,150,200,200,250,50,60,70,80,20261005,2026-10-05 12:07
서울식물원·마곡나루역,POI032,서행,17.0,2026-10-05 12:05,2,2651.0,,2.0,15.0,2,0,3100,3200,3700,3800,400,450,600,650,100,150,200,250,80,90,150,200,20261005,250,300,550,600,30,40,80,90,10,20,20,30,0,10,20,30,20261005,2026-10-05 12:07
서울역,POI033,서행,18.0,2026-10-05 12:05,23,3968.0,0.0,8.0,34.0,1,1,29600,29700,50400,50500,4400,4500,7100,7200,1400,1500,2200,2300,500,550,900,950,20261005,4700,4800,6900,7000,650,700,800,850,200,250,250,300,80,90,100,150,20261005,2026-10-05 12:07
선릉역,POI034,서행,17.0,2026-10-05 12:05,94,11160.0,28.0,4.0,20.0,0,0,7300,7400,22100,22200,1600,1700,2100,2200,450,500,650,700,200,250,450,500,20261005,1400,1500,1500,1600,150,200,100,150,50,60,50,60,30,40,30,40,20261005,2026-10-05 12:07
성신여대입구역,POI035,서행,17.0,2026-10-05 12:05,2,38.0,,2.0,9.0,0,0,4900,5000,3600,3700,650,700,550,600,200,250,200,250,100,150,90,100,20261005,2200,2300,3100,3200,300,350,400,450,100,150,80,90,40,50,30,40,20261005,2026-10-05 12:07
수유역,POI036,서행,16.0,2026-10-05 12:05,8,802.0,,1.0,32.0,0,0,9400,9500,4000,4100,1000,1100,550,600,250,300,100,150,70,80,0,10,20261005,5700,5800,7300,7400,650,700,800,850,250,300,250,300,100,150,100,150,20261005,2026-10-05 12:07
신논현역·논현역,POI037,서행,19.0,2026-10-05 12:05,32,1053.0,,3.0,13.0,0,0,5700,5800,9500,9600,900,950,1200,1300,250,300,350,400,150,200,250,300,20261005,1800,1900,1800,1900,200,250,200,250,60,70,70,80,30,40,40,50,20261005,2026-10-05 12:07
신도림역,POI038,원활,41.0,2026-10-05 12:05,1,1644.0,,2.0,2.0,0,0,9500,9600,5900,6000,1000,1100,900,950,300,350,250,300,100,150,70,80,20261005,600,650,1500,1600,70,80,100,150,20,30,40,50,10,20,10,20,20261005,2026-10-05 12:07
신림역,POI039,서행,15.0,2026-10-05 12:05,2,282.0,,2.0,15.0,0,0,15200,15300,5500,5600,1500,1600,700,750,450,500,200,250,300,350,100,150,20261005,4300,4400,8100,8200,450,500,850,900,150,200,350,400,80,90,200,250,20261005,2026-10-05 12:07
신촌·이대역,POI040,서행,16.0,2026-10-05 12:05,25,1943.0,158.0,4.0,41.0,0,0,8000,8100,8200,8300,1200,1300,1200,1300,400,450,350,400,250,300,200,250,20261005,3800,3900,4900,5000,600,650,750,800,200,250,250,300,90,100,100,150,20261005,2026-10-05 12:07
양재역,POI041,서행,24.0,2026-10-05 12:05,16,1881.0,,2.0,27.0,0,0,4000,4100,6100,6200,550,600,800,850,150,200,300,350,60,70,150,200,20261005,2500,2600,2400,2500,250,300,300,350,90,100,100,150,50,60,80,90,20261005,2026-10-05 12:07
역삼역,POI042,서행,16.0,2026-10-05 12:05,47,7473.0,1.0,1.0,10.0,0,0,2400,2500,5200,5300,300,350,500,550,100,150,150,200,50,60,70,80,20261005,1100,1200,1200,1300,100,150,100,150,50,60,60,70,30,40,20,30,20261005,2026-10-05 12:07
연신내역,POI043,서행,16.0,2026-10-05 12:05,5,208.0,,3.0,14.0,0,0,11400,11500,6400,6500,1300,1400,800,850,400,450,250,300,150,200,70,80,20261005,1800,1900,2600,2700,250,300,300,350,70,80,100,150,10,20,30,40,20261005,2026-10-05 12:07
오목교역·목동운동장,POI044,원활,27.0,2026-10-05 12:05,14,5304.0,,1.0,33.0,0,0,2700,2800,3700,3800,400,450,400,450,150,200,100,150,100,150,90,100,20261005,2500,2600,4000,4100,350,400,550,600,100,150,200,250,60,70,100,150,20261005,2026-10-05 12:07
왕십리역,POI045,서행,20.0,2026-10-05 12:05,4,1478.0,,5.0,22.0,0,0,7800,7900,6600,6700,1000,1100,950,1000,300,350,300,350,150,200,150,200,20261005,700,750,1500,1600,100,150,150,200,30,40,60,70,10,20,20,30,20261005,2026-10-05 12:07
용산역,POI046,서행,21.0,2026-10-05 12:05,11,5014.0,100.0,2.0,33.0,0,0,7900,8000,17100,17200,1600,1700,2700,2800,400,450,900,950,200,250,400,450,20261005,1600,1700,1800,1900,250,300,250,300,60,70,90,100,10,20,20,30,20261005,2026-10-05 12:07
이태원역,POI047,서행,15.0,2026-10-05 12:05,4,66.0,,1.0,9.0,0,0,3400,3500,2500,2600,150,200,250,300,50,60,80,90,40,50,40,50,20261005,800,850,550,600,80,90,100,150,30,40,30,40,10,20,10,20,20261005,2026-10-05 12:07
장지역,POI048,서행,21.0,2026-10-05 12:05,4,10611.0,,1.0,20.0,0,0,2700,2800,2700,2800,350,400,300,350,90,100,100,150,70,80,40,50,20261005,850,900,1400,1500,100,150,200,250,30,40,80,90,10,20,40,50,20261005,2026-10-05 12:07
장한평역,POI049,서행,23.0,2026-10-05 12:05,15,847.0,,1.0,16.0,0,0,3800,3900,2600,2700,450,500,350,400,150,200,70,80,90,100,60,70,20261005,2300,2400,3100,3200,250,300,350,400,100,150,100,150,40,50,50,60,20261005,2026-10-05 12:07
천호역,POI050,서행,17.0,2026-10-05 12:05,14,3331.0,,2.0,12.0,0,0,7100,7200,6400,6500,950,1000,950,1000,300,350,350,400,100,150,100,150,20261005,550,600,1300,1400,90,100,150,200,40,50,70,80,20,30,30,40,20261005,2026-10-05 12:07
총신대입구(이수)역,POI051,서행,16.0,2026-10-05 12:05,7,533.0,,2.0,18.0,0,0,6600,6700,5100,5200,900,950,700,750,250,300,200,250,100,150,90,100,20261005,1800,1900,2100,2200,300,350,300,350,100,150,90,100,60,70,60,70,20261005,2026-10-05 12:07
충정로역,POI052,서행,22.0,2026-10-05 12:05,5,834.0,,2.0,19.0,0,0,2000,2100,1500,1600,250,300,200,250,80,90,80,90,20,30,30,40,20261005,1000,1100,850,900,150,200,100,150,40,50,30,40,10,20,10,20,20261005,2026-10-05 12:07
합정역,POI053,서행,20.0,2026-10-05 12:05,6,207.0,,2.0,30.0,0,0,5600,5700,6600,6700,750,800,1100,1200,200,250,300,350,90,100,100,150,20261005,1600,1700,1700,1800,200,250,250,300,70,80,100,150,50,60,30,40,20261005,2026-10-05 12:07
혜화역,POI054,서행,20.0,2026-10-05 12:05,24,955.0,,1.0,12.0,2,0,2600,2700,5300,5400,300,350,1000,1100,90,100,300,350,50,60,200,250,20261005,1700,1800,2100,2200,250,300,350,400,100,150,100,150,60,70,60,70,20261005,2026-10-05 12:07
홍대입구역(2호선),POI055,서행,15.0,2026-10-05 12:05,16,1196.0,,1.0,17.0,0,0,8900,9000,13100,13200,1200,1300,2800,2900,350,400,850,900,250,300,650,700,20261005,2500,2600,3800,3900,350,400,600,650,100,150,200,250,40,50,100,150,20261005,2026-10-05 12:07
회기역,POI056,서행,20.0,2026-10-05 12:05,21,408.0,,1.0,22.0,0,0,6000,6100,2800,2900,750,800,300,350,250,300,100,150,100,150,100,150,20261005,3300,3400,3400,3500,400,450,350,400,100,150,90,100,50,60,50,60,20261005,2026-10-05 12:07
가락시장,POI058,원활,26.0,2026-10-05 12:05,4,2884.0,,2.0,16.0,0,0,3300,3400,3000,3100,400,450,400,450,150,200,150,200,80,90,90,100,20261005,1700,1800,1400,1500,150,200,100,150,60,70,40,50,20,30,10,20,20261005,2026-10-05 12:07
가로수길,POI059,원활,25.0,2026-10-05 12:05,51,2767.0,121.0,2.0,14.0,0,0,4300,4400,12500,12600,750,800,1300,1400,200,250,400,450,100,150,200,250,20261005,850,900,1400,1500,100,150,200,250,50,60,60,70,20,30,30,40,20261005,2026-10-05 12:07
광장(전통)시장,POI060,정체,14.0,2026-10-05 12:05,7,103.0,7.0,1.0,11.0,0,0,2600,2700,7100,7200,550,600,1200,1300,150,200,350,400,70,80,100,150,20261005,950,1000,2000,2100,200,250,250,300,90,100,100,150,40,50,60,70,20261005,2026-10-05 12:07
김포공항,POI061,원활,29.0,2026-10-05 12:05,6,16594.0,,6.0,27.0,0,0,5200,5300,8400,8500,800,850,1200,1300,250,300,400,450,150,200,200,250,20261005,350,400,750,800,40,50,90,100,10,20,30,40,10,20,10,20,20261005,2026-10-05 12:07
노량진,POI063,서행,23.0,2026-10-05 12:05,11,1218.0,,3.0,22.0,1,0,8600,8700,7700,7800,1000,1100,850,900,300,350,300,350,200,250,150,200,20261005,2900,3000,5900,6000,350,400,600,650,150,200,200,250,50,60,70,80,20261005,2026-10-05 12:07
덕수궁길·정동길,POI064,서행,18.0,2026-10-05 12:05,10,620.0,,3.0,10.0,0,1,4800,4900,11600,11700,750,800,1600,1700,200,250,450,500,90,100,100,150,20261005,800,850,1100,1200,100,150,100,150,40,50,40,50,10,20,10,20,20261005,2026-10-05 12:07
북촌한옥마을,POI066,서행,17.0,2026-10-05 12:05,16,1756.0,,1.0,55.0,5,0,1800,1900,7600,7700,400,450,1500,1600,100,150,300,350,60,70,80,90,20261005,1800,1900,3800,3900,350,400,650,700,100,150,200,250,80,90,100,150,20261005,2026-10-05 12:07
서촌,POI067,서행,17.0,2026-10-05 12:05,9,308.0,,1.0,32.0,0,0,2200,2300,8300,8400,400,450,1300,1400,100,150,400,450,70,80,100,150,20261005,2200,2300,2700,2800,300,350,400,450,80,90,100,150,10,20,30,40,20261005,2026-10-05 12:07
성수카페거리,POI068,서행,16.0,2026-10-05 12:05,28,2824.0,,2.0,35.0,1,0,4600,4700,17200,17300,800,850,3500,3600,200,250,1000,1100,100,150,600,650,20261005,650,700,1000,1100,80,90,150,200,30,40,60,70,10,20,40,50,20261005,2026-10-05 12:07
쌍문역,POI070,서행,17.0,2026-10-05 12:05,8,345.0,,1.0,18.0,0,0,8400,8500,2500,2600,800,850,350,400,200,250,100,150,150,200,70,80,20261005,2400,2500,4000,4100,250,300,400,450,90,100,150,200,50,60,80,90,20261005,2026-10-05 12:07
압구정로데오거리,POI071,서행,17.0,2026-10-05 12:05,55,1976.0,2.0,1.0,16.0,1,0,1000,1100,5100,5200,150,200,750,800,60,70,250,300,30,40,150,200,20261005,1100,1200,2700,2800,150,200,250,300,60,70,100,150,40,50,40,50,20261005,2026-10-05 12:07
여의도,POI072,원활,25.0,2026-10-05 12:05,116,24820.0,688.0,9.0,63.0,2,0,12100,12200,17700,17800,1500,1600,2300,2400,450,500,700,750,200,250,350,400,20261005,4800,4900,8700,8800,750,800,1100,1200,300,350,350,400,100,150,100,150,20261005,2026-10-05 12:07
연남동,POI073,서행,18.0,2026-10-05 12:05,45,132.0,,0.0,20.0,0,0,,,,,,,,,,,,,,,,,,1200,1300,1300,1400,150,200,200,250,60,70,80,90,30,40,40,50,20261005,2026-10-05 12:07
영등포 타임스퀘어,POI074,서행,17.0,2026-10-05 12:05,10,1195.0,112.0,3.0,24.0,1,0,9800,9900,10900,11000,1400,1500,1700,1800,500,550,550,600,250,300,300,350,20261005,2500,2600,5100,5200,400,450,750,800,150,200,300,350,80,90,100,150,20261005,2026-10-05 12:07
용리단길,POI076,서행,21.0,2026-10-05 12:05,0,,,3.0,7.0,0,0,3400,3500,6600,6700,650,700,1100,1200,150,200,300,350,80,90,100,150,20261005,500,550,1500,1600,70,80,250,300,20,30,100,150,0,10,30,40,20261005,2026-10-05 12:07
이태원 앤틱가구거리,POI077,서행,20.0,2026-10-05 12:05,4,51.0,,1.0,13.0,0,0,3400,3500,2500,2600,150,200,250,300,50,60,80,90,40,50,40,50,20261005,800,850,700,750,70,80,100,150,30,40,30,40,0,10,10,20,20261005,2026-10-05 12:07
인사동,POI078,정체,14.0,2026-10-05 12:05,21,2465.0,1.0,2.0,26.0,3,0,3700,3800,14600,14700,750,800,2700,2800,200,250,700,750,100,150,200,250,20261005,2300,2400,2700,2800,300,350,450,500,100,150,150,200,60,70,50,60,20261005,2026-10-05 12:07
창동 신경제 중심지,POI079,서행,18.0,2026-10-05 12:05,46,4927.0,39.0,4.0,55.0,5,0,13800,13900,11200,11300,1700,1800,1500,1600,500,550,500,550,300,350,300,350,20261005,2900,3000,5000,5100,400,450,650,700,150,200,200,250,80,90,100,150,20261005,2026-10-05 12:07
청담동 명품거리,POI080,서행,20.0,2026-10-05 12:05,16,910.0,,1.0,10.0,0,0,1000,1100,5100,5200,150,200,750,800,60,70,250,300,30,40,150,200,20261005,500,550,1000,1100,80,90,100,150,30,40,30,40,10,20,10,20,20261005,2026-10-05 12:07
청량리 제기동 일대 전통시장,POI081,서행,18.0,2026-10-05 12:05,12,2214.0,,2.0,23.0,0,0,8200,8300,10100,10200,1300,1400,1900,2000,400,450,500,550,150,200,200,250,20261005,6000,6100,8300,8400,850,900,1000,1100,300,350,350,400,100,150,150,200,20261005,2026-10-05 12:07
해방촌·경리단길,POI082,원활,32.0,2026-10-05 12:05,4,273.0,,0.0,26.0,0,0,,,,,,,,,,,,,,,,,,1600,1700,1000,1100,150,200,150,200,60,70,90,100,10,20,30,40,20261005,2026-10-05 12:07
DDP(동대문디자인플라자),POI083,서행,18.0,2026-10-05 12:05,9,2596.0,246.0,3.0,11.0,3,0,6100,6200,8100,8200,800,850,1200,1300,250,300,400,450,100,150,250,300,20261005,700,750,1000,1100,60,70,150,200,20,30,50,60,0,10,0,10,20261005,2026-10-05 12:07
DMC(디지털미디어시티),POI084,서행,23.0,2026-10-05 12:05,25,9176.0,,4.0,68.0,0,2,4700,4800,3600,3700,550,600,450,500,150,200,100,150,90,100,70,80,20261005,1700,1800,2200,2300,200,250,250,300,70,80,100,150,30,40,40,50,20261005,2026-10-05 12:07
강서한강공원,POI085,원활,55.0,2026-10-05 12:05,2,106.0,53.0,0.0,1.0,0,0,,,,,,,,,,,,,,,,,,0,0,0,0,0,0,0,0,0,0,0,0,0,0,0,0,20261005,2026-10-05 12:07
고척돔,POI086,원활,29.0,2026-10-05 12:05,0,,,1.0,3.0,3,0,1600,1700,700,750,200,250,70,80,60,70,40,50,30,40,10,20,20261005,700,750,600,650,90,100,60,70,20,30,10,20,10,20,10,20,20261005,2026-10-05 12:07
광나루한강공원,POI087,원활,61.0,2026-10-05 12:05,4,718.0,320.0,0.0,0.0,0,0,,,,,,,,,,,,,,,,,,,,,,,,,,,,,,,,,,,2026-10-05 12:07
광화문광장,POI088,서행,18.0,2026-10-05 12:05,3,2932.0,356.0,2.0,12.0,1,0,3300,3400,14900,15000,600,650,2500,2600,200,250,750,800,100,150,300,350,20261005,1500,1600,2600,2700,250,300,400,450,100,150,150,200,80,90,90,100,20261005,2026-10-05 12:07
국립중앙박물관·용산가족공원,POI089,원활,36.0,2026-10-05 12:05,4,931.0,,3.0,3.0,1,0,2400,2500,4700,4800,350,400,700,750,100,150,150,200,40,50,100,150,20261005,70,80,200,250,10,20,30,40,10,20,10,20,0,0,0,0,20261005,2026-10-05 12:07
난지한강공원,POI090,원활,53.0,2026-10-05 12:05,4,1240.0,0.0,0.0,7.0,0,0,,,,,,,,,,,,,,,,,,10,20,10,20,0,0,0,10,0,0,0,0,0,0,0,0,20261005,2026-10-05 12:07
남산공원,POI091,원활,29.0,2026-10-05 12:05,33,2148.0,22.0,5.0,37.0,2,0,10000,10100,20300,20400,1900,2000,3800,3900,450,500,950,1000,250,300,400,450,20261005,2300,2400,3100,3200,500,550,650,700,200,250,250,300,50,60,60,70,20261005,2026-10-05 12:07
노들섬,POI092,원활,34.0,2026-10-05 12:05,1,99.0,,0.0,4.0,2,0,,,,,,,,,,,,,,,,,,200,250,350,400,60,70,70,80,20,30,30,40,10,20,10,20,20261005,2026-10-05 12:07
뚝섬한강공원,POI093,원활,56.0,2026-10-05 12:05,8,1342.0,667.0,1.0,1.0,1,0,2100,2200,1700,1800,250,300,350,400,80,90,100,150,50,60,100,150,20261005,0,0,0,0,0,0,0,0,0,0,0,0,0,0,0,0,20261005,2026-10-05 12:07
망원한강공원,POI094,원활,32.0,2026-10-05 12:05,2,458.0,0.0,2.0,10.0,0,0,5600,5700,6600,6700,750,800,1100,1200,200,250,300,350,90,100,100,150,20261005,1100,1200,1300,1400,100,150,200,250,50,60,80,90,40,50,20,30,20261005,2026-10-05 12:07
반포한강공원,POI095,원활,40.0,2026-10-05 12:05,9,1483.0,9.0,0.0,6.0,0,0,,,,,,,,,,,,,,,,,,30,40,60,70,0,10,10,20,0,0,0,10,0,0,0,10,20261005,2026-10-05 12:07
북서울꿈의숲,POI096,서행,21.0,2026-10-05 12:05,3,549.0,,0.0,17.0,0,0,,,,,,,,,,,,,,,,,,650,700,250,300,80,90,40,50,30,40,20,30,10,20,10,20,20261005,2026-10-05 12:07
서리풀공원·몽마르뜨공원,POI098,원활,25.0,2026-10-05 12:05,0,,,4.0,7.0,0,1,13400,13500,23200,23300,2400,2500,3900,4000,800,850,1300,1400,400,450,750,800,20261005,2700,2800,3700,3800,450,500,550,600,150,200,200,250,80,90,90,100,20261005,2026-10-05 12:07
서울대공원,POI100,원활,31.0,2026-10-05 12:05,0,,,1.0,0.0,0,0,250,300,4000,4100,70,80,750,800,20,30,250,300,10,20,150,200,20261005,,,,,,,,,,,,,,,,,,2026-10-05 12:07
서울숲공원,POI101,원활,37.0,2026-10-05 12:05,2,996.0,,1.0,9.0,0,0,1000,1100,2700,2800,150,200,600,650,70,80,200,250,30,40,100,150,20261005,100,150,300,350,30,40,70,80,10,20,20,30,0,10,10,20,20261005,2026-10-05 12:07
아차산,POI102,원활,30.0,2026-10-05 12:05,0,,,0.0,3.0,0,0,,,,,,,,,,,,,,,,,,60,70,20,30,0,10,0,0,0,0,0,0,0,0,0,0,20261005,2026-10-05 12:07
양화한강공원,POI103,원활,41.0,2026-10-05 12:05,6,1002.0,372.0,0.0,5.0,0,0,,,,,,,,,,,,,,,,,,0,10,60,70,0,10,10,20,0,0,0,0,0,0,0,0,20261005,2026-10-05 12:07
어린이대공원,POI104,서행,18.0,2026-10-05 12:05,4,945.0,,2.0,9.0,0,0,5800,5900,5800,5900,650,700,900,950,150,200,300,350,80,90,100,150,20261005,500,550,550,600,50,60,50,60,20,30,10,20,10,20,0,10,20261005,2026-10-05 12:07
여의도한강공원,POI105,원활,39.0,2026-10-05 12:05,6,2866.0,610.0,1.0,3.0,0,0,800,850,3000,3100,100,150,600,650,20,30,150,200,0,10,30,40,20261005,100,150,200,250,20,30,50,60,10,20,20,30,0,0,0,10,20261005,2026-10-05 12:07
월드컵공원,POI106,원활,30.0,2026-10-05 12:05,9,3537.0,,4.0,34.0,0,1,5300,5400,6500,6600,650,700,900,950,200,250,250,300,100,150,90,100,20261005,800,850,950,1000,90,100,100,150,40,50,40,50,20,30,20,30,20261005,2026-10-05 12:07
응봉산,POI107,서행,24.0,2026-10-05 12:05,3,88.0,,1.0,24.0,0,0,550,600,200,250,60,70,30,40,20,30,10,20,10,20,0,10,20261005,750,800,400,450,100,150,50,60,40,50,10,20,20,30,0,10,20261005,2026-10-05 12:07
이촌한강공원,POI108,원활,44.0,2026-10-05 12:05,2,514.0,0.0,0.0,4.0,0,0,,,,,,,,,,,,,,,,,,0,0,40,50,0,0,10,20,0,0,0,0,0,0,0,0,20261005,2026-10-05 12:07
잠실종합운동장,POI109,서행,17.0,2026-10-05 12:05,1,876.0,,2.0,4.0,0,0,2300,2400,2900,3000,250,300,350,400,100,150,100,150,50,60,60,70,20261005,250,300,400,450,20,30,40,50,10,20,10,20,0,10,0,0,20261005,2026-10-05 12:07
잠실한강공원,POI110,원활,42.0,2026-10-05 12:05,4,1326.0,136.0,1.0,9.0,0,0,2600,2700,1400,1500,350,400,200,250,90,100,60,70,20,30,20,30,20261005,40,50,200,250,0,10,30,40,0,0,10,20,0,0,0,10,20261005,2026-10-05 12:07
잠원한강공원,POI111,원활,52.0,2026-10-05 12:05,3,1540.0,0.0,0.0,5.0,0,0,,,,,,,,,,,,,,,,,,100,150,200,250,20,30,30,40,0,10,0,10,0,0,0,0,20261005,2026-10-05 12:07
청계산,POI112,원활,54.0,2026-10-05 12:05,0,,,0.0,9.0,0,0,,,,,,,,,,,,,,,,,,20,30,40,50,0,0,0,10,0,0,0,10,0,0,0,10,20261005,2026-10-05 12:07
북창동 먹자골목,POI114,서행,15.0,2026-10-05 12:05,20,552.0,0.0,0.0,11.0,0,0,,,,,,,,,,,,,,,,,,1400,1500,3200,3300,250,300,600,650,100,150,150,200,40,50,90,100,20261005,2026-10-05 12:07
남대문시장,POI115,정체,13.0,2026-10-05 12:05,16,1456.0,4.0,1.0,7.0,0,0,,,,,,,,,,,,,,,,,,950,1000,2900,3000,200,250,550,600,80,90,150,200,40,50,80,90,20261005,2026-10-05 12:07
익선동,POI116,정체,14.0,2026-10-05 12:05,10,187.0,1.0,3.0,11.0,1,0,5200,5300,11900,12000,800,850,2300,2400,250,300,750,800,150,200,500,550,20261005,1300,1400,1600,1700,200,250,250,300,100,150,90,100,40,50,60,70,20261005,2026-10-05 12:07
신정네거리역,POI117,서행,19.0,2026-10-05 12:05,3,119.0,,1.0,9.0,0,0,,,,,,,,,,,,,,,,,,,,,,,,,,,,,,,,,,,2026-10-05 12:07
잠실새내역,POI118,서행,18.0,2026-10-05 12:05,31,1541.0,,1.0,18.0,0,0,4100,4200,3100,3200,950,1000,1100,1200,150,200,200,250,90,100,200,250,20261005,1200,1300,1600,1700,150,200,200,250,60,70,70,80,20,30,30,40,20261005,2026-10-05 12:07
잠실역,POI119,서행,19.0,2026-10-05 12:05,5,6749.0,220.0,2.0,21.0,0,0,,,,,,,,,,,,,,,,,,2200,2300,5500,5600,300,350,750,800,100,150,250,300,40,50,100,150,20261005,2026-10-05 12:07
잠실롯데타워·석촌호수,POI120,서행,18.0,2026-10-05 12:05,33,9281.0,220.0,3.0,0.0,2,0,,,,,,,,,,,,,,,,,,,,,,,,,,,,,,,,,,,2026-10-05 12:07
송리단길·호수단길,POI121,서행,18.0,2026-10-05 12:05,21,878.0,,1.0,15.0,0,0,1500,1600,1600,1700,150,200,200,250,60,70,90,100,20,30,10,20,20261005,1300,1400,1700,1800,150,200,200,250,50,60,80,90,20,30,20,30,20261005,2026-10-05 12:07
신촌 스타광장,POI122,정체,14.0,2026-10-05 12:05,4,235.0,,1.0,4.0,0,0,,,,,,,,,,,,,,,,,,1100,1200,1300,1400,150,200,150,200,50,60,60,70,20,30,20,30,20261005,2026-10-05 12:07
보라매공원,POI123,정체,12.0,2026-10-05 12:05,1,78.0,,2.0,5.0,0,0,1100,1200,1100,1200,100,150,150,200,40,50,30,40,40,50,30,40,20261005,20,30,30,40,0,10,0,10,0,10,0,0,0,10,0,0,20261005,2026-10-05 12:07
서대문독립공원,POI124,원활,25.0,2026-10-05 12:05,2,150.0,,1.0,18.0,0,0,1800,1900,2000,2100,200,250,250,300,60,70,90,100,40,50,50,60,20261005,1300,1400,1100,1200,150,200,150,200,60,70,50,60,10,20,10,20,20261005,2026-10-05 12:07
안양천,POI125,원활,37.0,2026-10-05 12:05,1,294.0,,0.0,1.0,0,0,,,,,,,,,,,,,,,,,,0,0,0,0,0,0,0,0,0,0,0,0,0,0,0,0,20261005,2026-10-05 12:07
여의서로,POI126,원활,33.0,2026-10-05 12:05,2,168.0,38.0,0.0,0.0,0,0,,,,,,,,,,,,,,,,,,,,,,,,,,,,,,,,,,,2026-10-05 12:07
올림픽공원,POI127,서행,24.0,2026-10-05 12:05,4,2716.0,,4.0,17.0,4,0,,,,,,,,,,,,,,,,,,700,750,950,1000,100,150,100,150,30,40,50,60,10,20,20,30,20261005,2026-10-05 12:07
홍제폭포,POI128,원활,33.0,2026-10-05 12:05,0,,,0.0,0.0,0,0,,,,,,,,,,,,,,,,,,,,,,,,,,,,,,,,,,,2026-10-05 12:07
송현녹지광장,POI129,서행,16.0,2026-10-05 12:05,4,1546.0,,1.0,25.0,5,0,1800,1900,7600,7700,400,450,1500,1600,100,150,300,350,60,70,80,90,20261005,1500,1600,3100,3200,300,350,550,600,100,150,200,250,70,80,70,80,20261005,2026-10-05 12:07
시의회 앞,POI130,서행,18.0,2026-10-05 12:05,9,1723.0,,3.0,25.0,3,0,4000,4100,19300,19400,700,750,3100,3200,200,250,900,950,100,150,450,500,20261005,1800,1900,3600,3700,300,350,600,650,100,150,150,200,60,70,70,80,20261005,2026-10-05 12:07
강남 MICE 관광특구,POI001,서행,16.0,2026-10-05 13:05,3,4428.0,,2.0,6.0,0,0,8900,9000,26100,26200,1900,2000,2200,2300,650,700,700,750,300,350,450,500,20261005,800,850,1200,1300,200,250,200,250,90,100,80,90,50,60,30,40,20261005,2026-10-05 13:07
동대문 관광특구,POI002,서행,16.0,2026-10-05 13:05,47,8302.0,273.0,7.0,32.0,4,0,20900,21000,29800,29900,2400,2500,3400,3500,700,750,1000,1100,500,550,700,750,20261005,3300,3400,3600,3700,300,350,450,500,90,100,100,150,40,50,70,80,20261005,2026-10-05 13:07
명동 관광특구,POI003,서행,15.0,2026-10-05 13:05,93,12070.0,7.0,7.0,54.0,3,2,24000,24100,68800,68900,3900,4000,6800,6900,1200,1300,1900,2000,650,700,1100,1200,20261005,7200,7300,14300,14400,1200,1300,1800,1900,450,500,600,650,200,250,150,200,20261005,2026-10-05 13:07
이태원 관광특구,POI004,서행,18.0,2026-10-05 13:05,8,853.0,,3.0,17.0,0,0,5600,5700,8300,8400,450,500,950,1000,100,150,250,300,50,60,150,200,20261005,1500,1600,1600,1700,150,200,150,200,60,70,60,70,20,30,30,40,20261005,2026-10-05 13:07
잠실 관광특구,POI005,서행,21.0,2026-10-05 13:05,37,11997.0,275.0,6.0,50.0,6,0,20700,20800,32400,32500,2900,3000,4100,4200,950,1000,1300,1400,650,700,850,900,20261005,3600,3700,7200,7300,500,550,950,1000,150,200,350,400,80,90,150,200,20261005,2026-10-05 13:07
종로·청계 관광특구,POI006,서행,15.0,2026-10-05 13:05,48,2496.0,73.0,10.0,62.0,0,0,29300,29400,66900,67000,4500,4600,8500,8600,1400,1500,2400,2500,800,850,1400,1500,20261005,7500,7600,10600,10700,800,850,1200,1300,300,350,450,500,80,90,100,150,20261005,2026-10-05 13:07
홍대 관광특구,POI007,정체,14.0,2026-10-05 13:05,51,3098.0,,8.0,70.0,0,0,28400,28500,41000,41100,3400,3500,6600,6700,1000,1100,2100,2200,600,650,900,950,20261005,6000,6100,8400,8500,850,900,1000,1100,250,300,350,400,100,150,100,150,20261005,2026-10-05 13:07
경복궁,POI008,서행,15.0,2026-10-05 13:05,2,267.0,,1.0,11.0,0,0,3300,3400,10900,11000,600,650,1100,1200,200,250,300,350,150,200,200,250,20261005,300,350,600,650,80,90,90,100,20,30,0,10,0,0,0,0,20261005,2026-10-05 13:07
광화문·덕수궁,POI009,서행,16.0,2026-10-05 13:05,29,7988.0,431.0,4.0,41.0,5,2,9000,9100,36400,36500,1500,1600,3900,4000,500,550,1100,1200,350,400,800,850,20261005,4800,4900,8600,8700,700,750,1100,1200,250,300,400,450,100,150,150,200,20261005,2026-10-05 13:07
보신각,POI010,정체,14.0,2026-10-05 13:05,14,2572.0,11.0,1.0,14.0,0,0,2700,2800,9200,9300,400,450,1100,1200,150,200,300,350,50,60,200,250,20261005,1600,1700,2600,2700,200,250,300,350,100,150,100,150,10,20,20,30,20261005,2026-10-05 13:07
서울 암사동 유적,POI011,서행,23.0,2026-10-05 13:05,1,108.0,,0.0,3.0,0,0,,,,,,,,,,,,,,,,,,20,30,10,20,0,10,0,10,0,0,0,10,0,0,0,0,20261005,2026-10-05 13:07
창덕궁·종묘,POI012,서행,17.0,2026-10-05 13:05,16,3155.0,856.0,4.0,19.0,1,0,11700,11800,26300,26400,1900,2000,3500,3600,550,600,900,950,300,350,500,550,20261005,1100,1200,2000,2100,150,200,250,300,70,80,100,150,30,40,30,40,20261005,2026-10-05 13:07
가산디지털단지역,POI013,서행,24.0,2026-10-05 13:05,20,8291.0,,2.0,71.0,0,0,5300,5400,7100,7200,600,650,650,700,150,200,200,250,90,100,150,200,20261005,1800,1900,3300,3400,150,200,300,350,70,80,100,150,30,40,60,70,20261005,2026-10-05 13:07
강남역,POI014,서행,17.0,2026-10-05 13:05,95,7876.0,,4.0,55.0,0,0,15400,15500,28900,29000,2300,2400,2900,3000,800,850,950,1000,450,500,650,700,20261005,6400,6500,6800,6900,850,900,750,800,250,300,250,300,60,70,90,100,20261005,2026-10-05 13:07
건대입구역,POI015,서행,20.0,2026-10-05 13:05,23,6603.0,,2.0,11.0,1,0,9700,9800,9500,9600,1100,1200,1200,1300,300,350,350,400,100,150,250,300,20261005,1000,1100,1800,1900,100,150,200,250,50,60,100,150,30,40,50,60,20261005,2026-10-05 13:07
고덕역,POI016,서행,24.0,2026-10-05 13:05,15,1615.0,,1.0,5.0,0,0,2100,2200,1600,1700,250,300,150,200,90,100,70,80,50,60,70,80,20261005,400,450,450,500,50,60,50,60,10,20,10,20,0,10,0,10,20261005,2026-10-05 13:07
고속터미널역,POI017,서행,24.0,2026-10-05 13:05,3,4291.0,,3.0,10.0,0,0,16300,16400,27500,27600,2500,2600,3200,3300,800,850,1100,1200,500,550,650,700,20261005,3900,4000,5200,5300,500,550,550,600,100,150,150,200,30,40,50,60,20261005,2026-10-05 13:07
교대역,POI018,서행,19.0,2026-10-05 13:05,14,760.0,,2.0,13.0,0,0,4800,4900,6900,7000,600,650,650,700,200,250,150,200,100,150,100,150,20261005,950,1000,700,750,90,100,80,90,10,20,10,20,0,10,0,10,20261005,2026-10-05 13:07
구로디지털단지역,POI019,서행,16.0,2026-10-05 13:05,20,6911.0,,1.0,29.0,0,0,13300,13400,7100,7200,1300,1400,650,700,400,450,200,250,300,350,150,200,20261005,1500,1600,1400,1500,150,200,150,200,50,60,80,90,10,20,20,30,20261005,2026-10-05 13:07
구로역,POI020,원활,27.0,2026-10-05 13:05,3,1047.0,,1.0,5.0,0,0,4700,4800,3600,3700,300,350,300,350,100,150,100,150,40,50,40,50,20261005,400,450,1000,1100,50,60,80,90,10,20,20,30,0,10,0,10,20261005,2026-10-05 13:07
군자역,POI021,서행,18.0,2026-10-05 13:05,11,573.0,,2.0,16.0,0,0,6900,7000,4000,4100,650,700,450,500,200,250,100,150,70,80,40,50,20261005,1400,1500,1400,1500,150,200,100,150,50,60,30,40,10,20,10,20,20261005,2026-10-05 13:07
대림역,POI023,서행,17.0,2026-10-05 13:05,4,221.0,,2.0,29.0,0,0,11600,11700,7000,7100,800,850,750,800,200,250,200,250,100,150,150,200,20261005,2000,2100,2900,3000,150,200,250,300,70,80,100,150,50,60,50,60,20261005,2026-10-05 13:07
동대문역,POI024,서행,16.0,2026-10-05 13:05,17,892.0,0.0,2.0,7.0,0,0,7800,7900,14100,14200,1000,1100,1500,1600,300,350,400,450,200,250,250,300,20261005,1500,1600,2100,2200,100,150,150,200,60,70,70,80,0,0,20,30,20261005,2026-10-05 13:07
뚝섬역,POI025,서행,19.0,2026-10-05 13:05,9,767.0,,1.0,4.0,1,0,2500,2600,5000,5100,300,350,600,650,100,150,200,250,30,40,40,50,20261005,250,300,500,550,40,50,80,90,10,20,10,20,10,20,10,20,20261005,2026-10-05 13:07
미아사거리역,POI026,서행,16.0,2026-10-05 13:05,11,1409.0,,1.0,29.0,0,1,7800,7900,4500,4600,700,750,450,500,200,250,150,200,150,200,100,150,20261005,6100,6200,7900,8000,650,700,750,800,250,300,300,350,100,150,100,150,20261005,2026-10-05 13:07
발산역,POI027,서행,16.0,2026-10-05 13:05,13,2880.0,,1.0,37.0,0,0,3500,3600,4500,4600,400,450,500,550,100,150,100,150,90,100,100,150,20261005,1400,1500,2300,2400,200,250,300,350,100,150,100,150,30,40,70,80,20261005,2026-10-05 13:07
사당역,POI029,서행,19.0,2026-10-05 13:05,13,520.0,,2.0,17.0,1,0,15000,15100,12800,12900,1700,1800,1500,1600,600,650,400,450,450,500,300,350,20261005,1500,1600,2600,2700,150,200,300,350,60,70,100,150,20,30,60,70,20261005,2026-10-05 13:07
삼각지역,POI030,서행,22.0,2026-10-05 13:05,0,,,2.0,7.0,0,0,2200,2300,3300,3400,350,400,500,550,100,150,100,150,50,60,70,80,20261005,1500,1600,1500,1600,150,200,150,200,60,70,60,70,30,40,30,40,20261005,2026-10-05 13:07
서울대입구역,POI031,서행,21.0,2026-10-05 13:05,2,52.0,,1.0,15.0,0,0,12000,12100,6300,6400,1300,1400,750,800,400,450,150,200,150,200,70,80,20261005,5000,5100,6200,6300,550,600,700,750,150,200,200,250,80,90,90,100,20261005,2026-10-05 13:07
서울식물원·마곡나루역,POI032,서행,16.0,2026-10-05 13:05,2,2651.0,,2.0,15.0,2,0,4000,4100,5100,5200,450,500,750,800,150,200,250,300,80,90,100,150,20261005,300,350,700,750,50,60,70,80,10,20,30,40,0,10,20,30,20261005,2026-10-05 13:07
서울역,POI033,서행,17.0,2026-10-05 13:05,23,3968.0,0.0,8.0,34.0,1,0,40000,40100,64500,64600,5400,5500,7200,7300,2000,2100,2200,2300,1200,1300,1100,1200,20261005,6300,6400,8400,8500,800,850,750,800,300,350,250,300,100,150,100,150,20261005,2026-10-05 13:07
선릉역,POI034,서행,17.0,2026-10-05 13:05,94,11160.0,27.0,4.0,20.0,0,0,11500,11600,26500,26600,2000,2100,2200,2300,700,750,750,800,300,350,400,450,20261005,1800,1900,1900,2000,200,250,150,200,80,90,60,70,30,40,30,40,20261005,2026-10-05 13:07
성신여대입구역,POI035,서행,15.0,2026-10-05 13:05,2,38.0,,2.0,9.0,0,0,6400,6500,4800,4900,700,750,500,550,200,250,150,200,100,150,90,100,20261005,3000,3100,3900,4000,350,400,400,450,100,150,150,200,60,70,60,70,20261005,2026-10-05 13:07
수유역,POI036,서행,16.0,2026-10-05 13:05,8,802.0,,1.0,32.0,0,0,11400,11500,5200,5300,950,1000,550,600,300,350,250,300,200,250,200,250,20261005,7100,7200,9200,9300,700,750,900,950,200,250,300,350,100,150,150,200,20261005,2026-10-05 13:07
신논현역·논현역,POI037,서행,19.0,2026-10-05 13:05,32,1053.0,,3.0,13.0,0,0,7600,7700,11900,12000,900,950,1100,1200,350,400,400,450,150,200,200,250,20261005,2300,2400,2300,2400,250,300,200,250,90,100,40,50,40,50,20,30,20261005,2026-10-05 13:07
신도림역,POI038,원활,39.0,2026-10-05 13:05,1,1644.0,,2.0,2.0,0,0,11700,11800,8000,8100,1100,1200,1000,1100,300,350,350,400,150,200,250,300,20261005,700,750,1900,2000,70,80,150,200,30,40,40,50,0,10,0,10,20261005,2026-10-05 13:07
신림역,POI039,서행,17.0,2026-10-05 13:05,2,282.0,,2.0,15.0,0,1,18500,18600,7300,7400,1700,1800,900,950,450,500,250,300,300,350,200,250,20261005,5600,5700,9900,10000,650,700,900,950,200,250,250,300,90,100,100,150,20261005,2026-10-05 13:07
신촌·이대역,POI040,서행,16.0,2026-10-05 13:05,25,1943.0,172.0,4.0,41.0,0,1,10800,10900,11000,11100,1400,1500,1400,1500,400,450,400,450,250,300,300,350,20261005,5200,5300,6500,6600,750,800,800,850,250,300,250,300,150,200,100,150,20261005,2026-10-05 13:07
양재역,POI041,서행,24.0,2026-10-05 13:05,16,1881.0,,2.0,27.0,0,0,5200,5300,7600,7700,550,600,700,750,150,200,200,250,90,100,100,150,20261005,3100,3200,3100,3200,350,400,350,400,100,150,100,150,70,80,70,80,20261005,2026-10-05 13:07
역삼역,POI042,서행,16.0,2026-10-05 13:05,47,7473.0,1.0,1.0,10.0,0,0,3200,3300,6300,6400,400,450,550,600,100,150,150,200,40,50,50,60,20261005,1300,1400,1600,1700,100,150,150,200,30,40,60,70,0,10,10,20,20261005,2026-10-05 13:07
연신내역,POI043,서행,18.0,2026-10-05 13:05,5,208.0,,3.0,14.0,0,0,14100,14200,8200,8300,1400,1500,800,850,350,400,150,200,100,150,80,90,20261005,2300,2400,3300,3400,300,350,300,350,100,150,90,100,50,60,30,40,20261005,2026-10-05 13:07
오목교역·목동운동장,POI044,원활,26.0,2026-10-05 13:05,14,5304.0,,1.0,33.0,0,0,3500,3600,4700,4800,400,450,450,500,100,150,100,150,70,80,100,150,20261005,3300,3400,5100,5200,400,450,550,600,150,200,200,250,80,90,100,150,20261005,2026-10-05 13:07
왕십리역,POI045,서행,18.0,2026-10-05 13:05,4,1478.0,,5.0,22.0,0,0,10000,10100,8900,9000,1100,1200,1100,1200,350,400,350,400,150,200,200,250,20261005,950,1000,1900,2000,100,150,200,250,40,50,80,90,10,20,30,40,20261005,2026-10-05 13:07
용산역,POI046,서행,21.0,2026-10-05 13:05,11,5014.0,95.0,2.0,33.0,0,0,11100,11200,23200,23300,1500,1600,2700,2800,550,600,950,1000,200,250,250,300,20261005,2300,2400,2300,2400,350,400,250,300,100,150,90,100,50,60,40,50,20261005,2026-10-05 13:07
이태원역,POI047,서행,16.0,2026-10-05 13:05,4,66.0,,1.0,9.0,0,0,3800,3900,3100,3200,200,250,250,300,30,40,50,60,20,30,40,50,20261005,1000,1100,750,800,90,100,80,90,40,50,30,40,10,20,10,20,20261005,2026-10-05 13:07
장지역,POI048,서행,19.0,2026-10-05 13:05,4,10611.0,,1.0,20.0,0,0,3300,3400,3500,3600,350,400,400,450,100,150,100,150,70,80,100,150,20261005,1000,1100,1800,1900,100,150,200,250,40,50,60,70,20,30,30,40,20261005,2026-10-05 13:07
장한평역,POI049,서행,22.0,2026-10-05 13:05,15,847.0,,1.0,16.0,0,0,4600,4700,3300,3400,400,450,300,350,100,150,80,90,70,80,40,50,20261005,2800,2900,3800,3900,250,300,300,350,80,90,100,150,40,50,20,30,20261005,2026-10-05 13:07
천호역,POI050,서행,17.0,2026-10-05 13:05,14,3331.0,,2.0,12.0,0,0,9200,9300,8400,8500,1000,1100,950,1000,300,350,300,350,200,250,250,300,20261005,750,800,1700,1800,100,150,150,200,40,50,40,50,20,30,10,20,20261005,2026-10-05 13:07
총신대입구(이수)역,POI051,서행,16.0,2026-10-05 13:05,7,533.0,,2.0,18.0,0,0,8400,8500,6700,6800,900,950,800,850,250,300,200,250,150,200,100,150,20261005,2500,2600,2800,2900,300,350,300,350,100,150,100,150,60,70,50,60,20261005,2026-10-05 13:07
충정로역,POI052,서행,23.0,2026-10-05 13:05,5,834.0,,2.0,19.0,0,0,2500,2600,1900,2000,250,300,150,200,80,90,50,60,50,60,40,50,20261005,1400,1500,1100,1200,150,200,100,150,50,60,40,50,20,30,0,10,20261005,2026-10-05 13:07
합정역,POI053,서행,20.0,2026-10-05 13:05,6,207.0,,2.0,30.0,0,0,7300,7400,9200,9300,900,950,1300,1400,250,300,300,350,150,200,100,150,20261005,2000,2100,2300,2400,250,300,300,350,70,80,100,150,30,40,40,50,20261005,2026-10-05 13:07
혜화역,POI054,서행,18.0,2026-10-05 13:05,24,955.0,,1.0,12.0,2,0,3500,3600,8300,8400,450,500,1500,1600,100,150,350,400,80,90,300,350,20261005,2200,2300,3000,3100,250,300,450,500,100,150,150,200,50,60,90,100,20261005,2026-10-05 13:07
홍대입구역(2호선),POI055,정체,14.0,2026-10-05 13:05,16,1196.0,,1.0,17.0,0,0,11700,11800,19700,19800,1400,1500,3400,3500,350,400,1100,1200,250,300,500,550,20261005,3400,3500,5200,5300,450,500,650,700,150,200,200,250,70,80,70,80,20261005,2026-10-05 13:07
회기역,POI056,서행,19.0,2026-10-05 13:05,21,408.0,,1.0,22.0,0,0,7500,7600,3500,3600,650,700,350,400,250,300,100,150,100,150,20,30,20261005,4100,4200,4300,4400,350,400,400,450,100,150,100,150,30,40,40,50,20261005,2026-10-05 13:07
가락시장,POI058,서행,24.0,2026-10-05 13:05,4,2884.0,,2.0,16.0,0,0,4100,4200,3600,3700,400,450,300,350,100,150,100,150,60,70,10,20,20261005,2100,2200,1600,1700,150,200,100,150,70,80,50,60,30,40,20,30,20261005,2026-10-05 13:07
가로수길,POI059,원활,26.0,2026-10-05 13:05,51,2767.0,136.0,2.0,14.0,0,0,5900,6000,15400,15500,850,900,1300,1400,250,300,400,450,150,200,250,300,20261005,1100,1200,1900,2000,150,200,200,250,60,70,80,90,30,40,50,60,20261005,2026-10-05 13:07
광장(전통)시장,POI060,서행,16.0,2026-10-05 13:05,7,103.0,8.0,1.0,11.0,0,0,4000,4100,9300,9400,700,750,1100,1200,200,250,250,300,90,100,50,60,20261005,1400,1500,2700,2800,200,250,350,400,90,100,150,200,30,40,50,60,20261005,2026-10-05 13:07
김포공항,POI061,원활,29.0,2026-10-05 13:05,6,16594.0,,6.0,27.0,0,0,7000,7100,10700,10800,850,900,1100,1200,250,300,400,450,150,200,200,250,20261005,450,500,950,1000,60,70,100,150,20,30,40,50,0,10,0,10,20261005,2026-10-05 13:07
노량진,POI063,서행,22.0,2026-10-05 13:05,11,1218.0,,3.0,22.0,1,0,10900,11000,9700,9800,1100,1200,850,900,450,500,400,450,250,300,150,200,20261005,3900,4000,7300,7400,500,550,700,750,150,200,300,350,100,150,150,200,20261005,2026-10-05 13:07
덕수궁길·정동길,POI064,서행,16.0,2026-10-05 13:05,10,620.0,,3.0,10.0,0,1,6400,6500,14900,15000,800,850,1500,1600,250,300,450,500,150,200,350,400,20261005,1000,1100,1400,1500,100,150,100,150,40,50,50,60,10,20,30,40,20261005,2026-10-05 13:07
북촌한옥마을,POI066,서행,16.0,2026-10-05 13:05,16,1756.0,,1.0,55.0,5,0,2700,2800,10500,10600,450,500,1200,1300,150,200,300,350,70,80,80,90,20261005,2600,2700,5000,5100,450,500,550,600,150,200,150,200,30,40,50,60,20261005,2026-10-05 13:07
서촌,POI067,서행,17.0,2026-10-05 13:05,9,308.0,,1.0,32.0,0,0,3300,3400,10900,11000,600,650,1100,1200,200,250,300,350,150,200,200,250,20261005,3000,3100,3800,3900,400,450,500,550,150,200,200,250,70,80,100,150,20261005,2026-10-05 13:07
성수카페거리,POI068,서행,16.0,2026-10-05 13:05,28,2824.0,,2.0,35.0,1,0,6700,6800,24400,24500,1100,1200,3300,3400,350,400,1000,1100,200,250,650,700,20261005,850,900,1400,1500,90,100,200,250,30,40,80,90,20,30,50,60,20261005,2026-10-05 13:07
쌍문역,POI070,서행,19.0,2026-10-05 13:05,8,345.0,,1.0,18.0,0,0,10000,10100,3300,3400,750,800,400,450,200,250,100,150,150,200,100,150,20261005,3000,3100,4900,5000,250,300,450,500,80,90,100,150,30,40,60,70,20261005,2026-10-05 13:07
압구정로데오거리,POI071,서행,18.0,2026-10-05 13:05,55,1976.0,2.0,1.0,16.0,1,0,1500,1600,6100,6200,200,250,350,400,90,100,150,200,30,40,60,70,20261005,1500,1600,3300,3400,200,250,300,350,90,100,100,150,20,30,40,50,20261005,2026-10-05 13:07
여의도,POI072,서행,24.0,2026-10-05 13:05,116,24820.0,926.0,9.0,63.0,2,0,15300,15400,22600,22700,1500,1600,2300,2400,500,550,800,850,200,250,350,400,20261005,6400,6500,11200,11300,850,900,1300,1400,250,300,350,400,100,150,150,200,20261005,2026-10-05 13:07
연남동,POI073,서행,16.0,2026-10-05 13:05,45,132.0,,0.0,20.0,0,0,,,,,,,,,,,,,,,,,,1700,1800,1800,1900,200,250,250,300,80,90,100,150,50,60,70,80,20261005,2026-10-05 13:07
영등포 타임스퀘어,POI074,서행,18.0,2026-10-05 13:05,10,1195.0,133.0,3.0,24.0,1,0,12400,12500,14600,14700,1200,1300,1600,1700,450,500,650,700,150,200,250,300,20261005,3500,3600,6800,6900,500,550,800,850,150,200,250,300,60,70,90,100,20261005,2026-10-05 13:07
용리단길,POI076,서행,19.0,2026-10-05 13:05,0,,,3.0,7.0,0,0,4900,5000,9400,9500,800,850,1300,1400,250,300,300,350,100,150,90,100,20261005,700,750,2100,2200,80,90,250,300,20,30,90,100,10,20,30,40,20261005,2026-10-05 13:07
이태원 앤틱가구거리,POI077,서행,19.0,2026-10-05 13:05,4,51.0,,1.0,13.0,0,0,3800,3900,3100,3200,200,250,250,300,30,40,50,60,20,30,40,50,20261005,1000,1100,900,950,80,90,90,100,40,50,30,40,10,20,10,20,20261005,2026-10-05 13:07
인사동,POI078,정체,14.0,2026-10-05 13:05,21,2465.0,1.0,2.0,26.0,3,0,5500,5600,19700,19800,900,950,2400,2500,300,350,650,700,100,150,300,350,20261005,3000,3100,3800,3900,350,400,550,600,150,200,200,250,50,60,50,60,20261005,2026-10-05 13:07
창동 신경제 중심지,POI079,서행,18.0,2026-10-05 13:05,46,4927.0,42.0,4.0,55.0,5,0,17500,17600,14500,14600,1900,2000,1500,1600,550,600,400,450,300,350,200,250,20261005,3800,3900,6500,6600,500,550,700,750,150,200,200,250,80,90,100,150,20261005,2026-10-05 13:07
청담동 명품거리,POI080,서행,20.0,2026-10-05 13:05,16,910.0,,1.0,10.0,0,0,1500,1600,6100,6200,200,250,350,400,90,100,150,200,30,40,60,70,20261005,700,750,1200,1300,100,150,100,150,40,50,50,60,30,40,20,30,20261005,2026-10-05 13:07
청량리 제기동 일대 전통시장,POI081,서행,17.0,2026-10-05 13:05,12,2214.0,,2.0,23.0,0,0,11000,11100,13600,13700,1500,1600,1700,1800,450,500,500,550,150,200,150,200,20261005,8200,8300,10400,10500,1100,1200,1100,1200,350,400,300,350,150,200,100,150,20261005,2026-10-05 13:07
해방촌·경리단길,POI082,원활,31.0,2026-10-05 13:05,4,273.0,,0.0,26.0,0,0,,,,,,,,,,,,,,,,,,2200,2300,1600,1700,250,300,250,300,100,150,100,150,30,40,30,40,20261005,2026-10-05 13:07
DDP(동대문디자인플라자),POI083,서행,15.0,2026-10-05 13:05,9,2596.0,257.0,3.0,11.0,3,0,7900,8000,10600,10700,900,950,1300,1400,250,300,400,450,150,200,250,300,20261005,900,950,1400,1500,90,100,200,250,20,30,50,60,10,20,40,50,20261005,2026-10-05 13:07
DMC(디지털미디어시티),POI084,서행,22.0,2026-10-05 13:05,25,9176.0,,4.0,68.0,0,0,5800,5900,4500,4600,500,550,450,500,150,200,100,150,70,80,90,100,20261005,2100,2200,2800,2900,200,250,250,300,90,100,100,150,30,40,60,70,20261005,2026-10-05 13:07
강서한강공원,POI085,원활,56.0,2026-10-05 13:05,2,106.0,53.0,0.0,1.0,0,0,,,,,,,,,,,,,,,,,,0,0,0,0,0,0,0,0,0,0,0,0,0,0,0,0,20261005,2026-10-05 13:07
고척돔,POI086,원활,29.0,2026-10-05 13:05,0,,,1.0,3.0,3,0,2000,2100,850,900,150,200,70,80,60,70,30,40,10,20,0,10,20261005,900,950,750,800,90,100,60,70,20,30,20,30,10,20,0,10,20261005,2026-10-05 13:07
광나루한강공원,POI087,원활,62.0,2026-10-05 13:05,4,718.0,359.0,0.0,0.0,0,0,,,,,,,,,,,,,,,,,,,,,,,,,,,,,,,,,,,2026-10-05 13:07
광화문광장,POI088,서행,19.0,2026-10-05 13:05,3,2932.0,431.0,2.0,12.0,1,0,5000,5100,19800,19900,900,950,2100,2200,300,350,600,650,200,250,400,450,20261005,2100,2200,3600,3700,250,300,450,500,100,150,150,200,40,50,60,70,20261005,2026-10-05 13:07
국립중앙박물관·용산가족공원,POI089,원활,33.0,2026-10-05 13:05,4,931.0,,3.0,3.0,1,0,3500,3600,6100,6200,550,600,650,700,200,250,150,200,100,150,100,150,20261005,100,150,300,350,40,50,70,80,10,20,10,20,0,10,10,20,20261005,2026-10-05 13:07
난지한강공원,POI090,원활,48.0,2026-10-05 13:05,4,1240.0,0.0,0.0,7.0,0,0,,,,,,,,,,,,,,,,,,10,20,20,30,0,0,0,10,0,0,0,0,0,0,0,0,20261005,2026-10-05 13:07
남산공원,POI091,원활,30.0,2026-10-05 13:05,33,2148.0,23.0,5.0,37.0,2,0,12800,12900,24700,24800,1400,1500,1900,2000,450,500,650,700,250,300,300,350,20261005,3600,3700,4400,4500,650,700,600,650,200,250,250,300,50,60,60,70,20261005,2026-10-05 13:07
노들섬,POI092,원활,38.0,2026-10-05 13:05,1,99.0,,0.0,4.0,2,0,,,,,,,,,,,,,,,,,,350,400,600,650,60,70,100,150,10,20,40,50,0,10,20,30,20261005,2026-10-05 13:07
뚝섬한강공원,POI093,원활,48.0,2026-10-05 13:05,8,1342.0,671.0,1.0,1.0,1,0,2500,2600,2600,2700,200,250,500,550,70,80,150,200,50,60,100,150,20261005,0,0,0,0,0,0,0,0,0,0,0,0,0,0,0,0,20261005,2026-10-05 13:07
망원한강공원,POI094,원활,32.0,2026-10-05 13:05,2,458.0,0.0,2.0,10.0,0,0,7300,7400,9200,9300,900,950,1300,1400,250,300,300,350,150,200,100,150,20261005,1400,1500,1800,1900,150,200,200,250,40,50,80,90,20,30,30,40,20261005,2026-10-05 13:07
반포한강공원,POI095,원활,41.0,2026-10-05 13:05,9,1483.0,9.0,0.0,6.0,0,0,,,,,,,,,,,,,,,,,,40,50,100,150,0,10,20,30,0,0,0,10,0,0,0,10,20261005,2026-10-05 13:07
북서울꿈의숲,POI096,서행,21.0,2026-10-05 13:05,3,549.0,,0.0,17.0,0,0,,,,,,,,,,,,,,,,,,800,850,350,400,90,100,40,50,40,50,20,30,20,30,10,20,20261005,2026-10-05 13:07
서리풀공원·몽마르뜨공원,POI098,원활,26.0,2026-10-05 13:05,0,,,4.0,7.0,0,1,18900,19000,30300,30400,2900,3000,3500,3600,900,950,1200,1300,550,600,700,750,20261005,3800,3900,4900,5000,500,550,550,600,100,150,100,150,40,50,60,70,20261005,2026-10-05 13:07
서울대공원,POI100,원활,31.0,2026-10-05 13:05,0,,,1.0,0.0,0,0,600,650,5200,5300,150,200,600,650,100,150,300,350,40,50,80,90,20261005,,,,,,,,,,,,,,,,,,2026-10-05 13:07
서울숲공원,POI101,원활,37.0,2026-10-05 13:05,2,996.0,,1.0,9.0,0,0,1500,1600,3800,3900,200,250,450,500,90,100,150,200,30,40,10,20,20261005,150,200,450,500,50,60,60,70,20,30,40,50,0,10,10,20,20261005,2026-10-05 13:07
아차산,POI102,원활,28.0,2026-10-05 13:05,0,,,0.0,3.0,0,0,,,,,,,,,,,,,,,,,,90,100,20,30,10,20,0,0,0,10,0,0,0,10,0,0,20261005,2026-10-05 13:07
양화한강공원,POI103,원활,39.0,2026-10-05 13:05,6,1002.0,428.0,0.0,5.0,0,0,,,,,,,,,,,,,,,,,,10,20,80,90,0,10,0,10,0,10,0,0,0,10,0,0,20261005,2026-10-05 13:07
어린이대공원,POI104,서행,18.0,2026-10-05 13:05,4,945.0,,2.0,9.0,0,0,7200,7300,7600,7700,750,800,850,900,200,250,200,250,100,150,150,200,20261005,650,700,700,750,60,70,60,70,20,30,20,30,0,0,0,0,20261005,2026-10-05 13:07
여의도한강공원,POI105,원활,36.0,2026-10-05 13:05,6,2866.0,850.0,1.0,3.0,0,0,1100,1200,4400,4500,150,200,700,750,40,50,150,200,30,40,150,200,20261005,150,200,350,400,30,40,50,60,10,20,20,30,0,0,0,10,20261005,2026-10-05 13:07
월드컵공원,POI106,원활,30.0,2026-10-05 13:05,9,3537.0,,4.0,34.0,0,1,6600,6700,8000,8100,650,700,700,750,200,250,200,250,100,150,100,150,20261005,1000,1100,1200,1300,150,200,150,200,50,60,60,70,10,20,20,30,20261005,2026-10-05 13:07
응봉산,POI107,원활,25.0,2026-10-05 13:05,3,88.0,,1.0,24.0,0,0,700,750,250,300,50,60,50,60,30,40,40,50,0,10,20,30,20261005,950,1000,550,600,90,100,60,70,40,50,30,40,10,20,10,20,20261005,2026-10-05 13:07
이촌한강공원,POI108,원활,44.0,2026-10-05 13:05,2,514.0,0.0,0.0,4.0,0,0,,,,,,,,,,,,,,,,,,0,0,50,60,0,0,0,10,0,0,0,0,0,0,0,0,20261005,2026-10-05 13:07
잠실종합운동장,POI109,서행,16.0,2026-10-05 13:05,1,876.0,,2.0,4.0,0,0,3100,3200,6100,6200,400,450,1800,1900,100,150,600,650,60,70,400,450,20261005,350,400,550,600,30,40,90,100,0,10,20,30,0,10,10,20,20261005,2026-10-05 13:07
잠실한강공원,POI110,원활,43.0,2026-10-05 13:05,4,1326.0,135.0,1.0,9.0,0,0,3200,3300,1800,1900,300,350,200,250,90,100,60,70,40,50,30,40,20261005,50,60,250,300,0,10,30,40,0,0,10,20,0,0,0,0,20261005,2026-10-05 13:07
잠원한강공원,POI111,원활,49.0,2026-10-05 13:05,3,1540.0,0.0,0.0,5.0,0,0,,,,,,,,,,,,,,,,,,150,200,250,300,20,30,20,30,0,10,0,10,0,0,0,0,20261005,2026-10-05 13:07
청계산,POI112,원활,49.0,2026-10-05 13:05,0,,,0.0,9.0,0,0,,,,,,,,,,,,,,,,,,20,30,40,50,0,0,0,10,0,0,0,0,0,0,0,0,20261005,2026-10-05 13:07
북창동 먹자골목,POI114,정체,14.0,2026-10-05 13:05,20,552.0,0.0,0.0,11.0,0,0,,,,,,,,,,,,,,,,,,2200,2300,4300,4400,400,450,500,550,150,200,150,200,70,80,40,50,20261005,2026-10-05 13:07
남대문시장,POI115,정체,12.0,2026-10-05 13:05,16,1456.0,4.0,1.0,7.0,0,0,,,,,,,,,,,,,,,,,,1600,1700,4000,4100,300,350,500,550,100,150,100,150,20,30,20,30,20261005,2026-10-05 13:07
익선동,POI116,정체,14.0,2026-10-05 13:05,10,187.0,1.0,3.0,11.0,1,0,7600,7700,16900,17000,1200,1300,2400,2500,300,350,600,650,200,250,450,500,20261005,1700,1800,2200,2300,200,250,250,300,100,150,100,150,30,40,30,40,20261005,2026-10-05 13:07
신정네거리역,POI117,서행,19.0,2026-10-05 13:05,3,119.0,,1.0,9.0,0,0,,,,,,,,,,,,,,,,,,,,,,,,,,,,,,,,,,,2026-10-05 13:07
잠실새내역,POI118,서행,17.0,2026-10-05 13:05,31,1541.0,,1.0,18.0,0,0,4800,4900,3200,3300,450,500,0,0,150,200,0,0,100,150,0,0,20261005,1600,1700,2200,2300,200,250,300,350,60,70,60,70,10,20,20,30,20261005,2026-10-05 13:07
잠실역,POI119,서행,18.0,2026-10-05 13:05,5,6749.0,275.0,2.0,21.0,0,0,,,,,,,,,,,,,,,,,,3000,3100,7300,7400,450,500,900,950,150,200,300,350,70,80,150,200,20261005,2026-10-05 13:07
잠실롯데타워·석촌호수,POI120,서행,18.0,2026-10-05 13:05,33,9281.0,275.0,3.0,0.0,2,0,,,,,,,,,,,,,,,,,,,,,,,,,,,,,,,,,,,2026-10-05 13:07
송리단길·호수단길,POI121,서행,18.0,2026-10-05 13:05,21,878.0,,1.0,15.0,0,0,1900,2000,2200,2300,150,200,250,300,60,70,80,90,20,30,70,80,20261005,1600,1700,2300,2400,150,200,300,350,70,80,90,100,30,40,60,70,20261005,2026-10-05 13:07
신촌 스타광장,POI122,서행,15.0,2026-10-05 13:05,4,235.0,,1.0,4.0,0,0,,,,,,,,,,,,,,,,,,1500,1600,1800,1900,200,250,250,300,80,90,90,100,40,50,20,30,20261005,2026-10-05 13:07
보라매공원,POI123,서행,15.0,2026-10-05 13:05,1,78.0,,2.0,5.0,0,0,1400,1500,1400,1500,150,200,100,150,30,40,30,40,30,40,30,40,20261005,20,30,40,50,0,10,0,10,0,0,0,0,0,0,0,0,20261005,2026-10-05 13:07
서대문독립공원,POI124,원활,26.0,2026-10-05 13:05,2,150.0,,1.0,18.0,0,0,2300,2400,2500,2600,250,300,250,300,90,100,80,90,60,70,50,60,20261005,1600,1700,1400,1500,150,200,150,200,50,60,50,60,10,20,30,40,20261005,2026-10-05 13:07
안양천,POI125,원활,39.0,2026-10-05 13:05,1,294.0,,0.0,1.0,0,0,,,,,,,,,,,,,,,,,,0,10,0,0,0,0,0,0,0,0,0,0,0,0,0,0,20261005,2026-10-05 13:07
여의서로,POI126,원활,33.0,2026-10-05 13:05,2,168.0,38.0,0.0,0.0,0,0,,,,,,,,,,,,,,,,,,,,,,,,,,,,,,,,,,,2026-10-05 13:07
올림픽공원,POI127,서행,24.0,2026-10-05 13:05,4,2716.0,,4.0,17.0,4,0,,,,,,,,,,,,,,,,,,950,1000,1200,1300,100,150,150,200,30,40,60,70,10,20,20,30,20261005,2026-10-05 13:07
홍제폭포,POI128,원활,31.0,2026-10-05 13:05,0,,,0.0,0.0,0,0,,,,,,,,,,,,,,,,,,,,,,,,,,,,,,,,,,,2026-10-05 13:07
송현녹지광장,POI129,정체,14.0,2026-10-05 13:05,4,1546.0,,1.0,25.0,5,0,2700,2800,10500,10600,450,500,1200,1300,150,200,300,350,70,80,80,90,20261005,2200,2300,4100,4200,350,400,450,500,100,150,150,200,30,40,40,50,20261005,2026-10-05 13:07
시의회 앞,POI130,서행,17.0,2026-10-05 13:05,9,1723.0,,3.0,25.0,3,0,5700,5800,25500,25600,850,900,2700,2800,250,300,800,850,200,250,550,600,20261005,2400,2500,5000,5100,350,400,600,650,100,150,200,250,70,80,100,150,20261005,2026-10-05 13:07
강남 MICE 관광특구,POI001,서행,16.0,2026-10-05 13:05,3,4428.0,,2.0,6.0,0,0,8900,9000,26100,26200,1900,2000,2200,2300,650,700,700,750,300,350,450,500,20261005,800,850,1200,1300,200,250,200,250,90,100,80,90,50,60,30,40,20261005,2026-10-05 13:08
동대문 관광특구,POI002,서행,16.0,2026-10-05 13:05,47,8302.0,273.0,7.0,32.0,4,0,20900,21000,29800,29900,2400,2500,3400,3500,700,750,1000,1100,500,550,700,750,20261005,3300,3400,3600,3700,300,350,450,500,90,100,100,150,40,50,70,80,20261005,2026-10-05 13:08
명동 관광특구,POI003,서행,15.0,2026-10-05 13:05,93,12070.0,7.0,7.0,54.0,3,2,24000,24100,68800,68900,3900,4000,6800,6900,1200,1300,1900,2000,650,700,1100,1200,20261005,7200,7300,14300,14400,1200,1300,1800,1900,450,500,600,650,200,250,150,200,20261005,2026-10-05 13:08
이태원 관광특구,POI004,서행,18.0,2026-10-05 13:05,8,853.0,,3.0,17.0,0,0,5600,5700,8300,8400,450,500,950,1000,100,150,250,300,50,60,150,200,20261005,1500,1600,1600,1700,150,200,150,200,60,70,60,70,20,30,30,40,20261005,2026-10-05 13:08
잠실 관광특구,POI005,서행,21.0,2026-10-05 13:05,37,11997.0,275.0,6.0,50.0,6,0,20700,20800,32400,32500,2900,3000,4100,4200,950,1000,1300,1400,650,700,850,900,20261005,3600,3700,7200,7300,500,550,950,1000,150,200,350,400,80,90,150,200,20261005,2026-10-05 13:08
종로·청계 관광특구,POI006,서행,15.0,2026-10-05 13:05,48,2496.0,73.0,10.0,62.0,0,0,29300,29400,66900,67000,4500,4600,8500,8600,1400,1500,2400,2500,800,850,1400,1500,20261005,7500,7600,10600,10700,800,850,1200,1300,300,350,450,500,80,90,100,150,20261005,2026-10-05 13:08
홍대 관광특구,POI007,정체,14.0,2026-10-05 13:05,51,3098.0,,8.0,70.0,0,0,28400,28500,41000,41100,3400,3500,6600,6700,1000,1100,2100,2200,600,650,900,950,20261005,6000,6100,8400,8500,850,900,1000,1100,250,300,350,400,100,150,100,150,20261005,2026-10-05 13:08
경복궁,POI008,서행,15.0,2026-10-05 13:05,2,267.0,,1.0,11.0,0,0,3300,3400,10900,11000,600,650,1100,1200,200,250,300,350,150,200,200,250,20261005,300,350,600,650,80,90,90,100,20,30,0,10,0,0,0,0,20261005,2026-10-05 13:08
광화문·덕수궁,POI009,서행,16.0,2026-10-05 13:05,29,7988.0,431.0,4.0,41.0,5,2,9000,9100,36400,36500,1500,1600,3900,4000,500,550,1100,1200,350,400,800,850,20261005,4800,4900,8600,8700,700,750,1100,1200,250,300,400,450,100,150,150,200,20261005,2026-10-05 13:08
보신각,POI010,정체,14.0,2026-10-05 13:05,14,2572.0,11.0,1.0,14.0,0,0,2700,2800,9200,9300,400,450,1100,1200,150,200,300,350,50,60,200,250,20261005,1600,1700,2600,2700,200,250,300,350,100,150,100,150,10,20,20,30,20261005,2026-10-05 13:08
서울 암사동 유적,POI011,서행,23.0,2026-10-05 13:05,1,108.0,,0.0,3.0,0,0,,,,,,,,,,,,,,,,,,20,30,10,20,0,10,0,10,0,0,0,10,0,0,0,0,20261005,2026-10-05 13:08
창덕궁·종묘,POI012,서행,17.0,2026-10-05 13:05,16,3155.0,856.0,4.0,19.0,1,0,11700,11800,26300,26400,1900,2000,3500,3600,550,600,900,950,300,350,500,550,20261005,1100,1200,2000,2100,150,200,250,300,70,80,100,150,30,40,30,40,20261005,2026-10-05 13:08
가산디지털단지역,POI013,서행,24.0,2026-10-05 13:05,20,8291.0,,2.0,71.0,0,0,5300,5400,7100,7200,600,650,650,700,150,200,200,250,90,100,150,200,20261005,1800,1900,3300,3400,150,200,300,350,70,80,100,150,30,40,60,70,20261005,2026-10-05 13:08
강남역,POI014,서행,17.0,2026-10-05 13:05,95,7876.0,,4.0,55.0,0,0,15400,15500,28900,29000,2300,2400,2900,3000,800,850,950,1000,450,500,650,700,20261005,6400,6500,6800,6900,850,900,750,800,250,300,250,300,60,70,90,100,20261005,2026-10-05 13:08
건대입구역,POI015,서행,20.0,2026-10-05 13:05,23,6603.0,,2.0,11.0,1,0,9700,9800,9500,9600,1100,1200,1200,1300,300,350,350,400,100,150,250,300,20261005,1000,1100,1800,1900,100,150,200,250,50,60,100,150,30,40,50,60,20261005,2026-10-05 13:08
고덕역,POI016,서행,24.0,2026-10-05 13:05,15,1615.0,,1.0,5.0,0,0,2100,2200,1600,1700,250,300,150,200,90,100,70,80,50,60,70,80,20261005,400,450,450,500,50,60,50,60,10,20,10,20,0,10,0,10,20261005,2026-10-05 13:08
고속터미널역,POI017,서행,24.0,2026-10-05 13:05,3,4291.0,,3.0,10.0,0,0,16300,16400,27500,27600,2500,2600,3200,3300,800,850,1100,1200,500,550,650,700,20261005,3900,4000,5200,5300,500,550,550,600,100,150,150,200,30,40,50,60,20261005,2026-10-05 13:08
교대역,POI018,서행,19.0,2026-10-05 13:05,14,760.0,,2.0,13.0,0,0,4800,4900,6900,7000,600,650,650,700,200,250,150,200,100,150,100,150,20261005,950,1000,700,750,90,100,80,90,10,20,10,20,0,10,0,10,20261005,2026-10-05 13:08
구로디지털단지역,POI019,서행,16.0,2026-10-05 13:05,20,6911.0,,1.0,29.0,0,0,13300,13400,7100,7200,1300,1400,650,700,400,450,200,250,300,350,150,200,20261005,1500,1600,1400,1500,150,200,150,200,50,60,80,90,10,20,20,30,20261005,2026-10-05 13:08
구로역,POI020,원활,27.0,2026-10-05 13:05,3,1047.0,,1.0,5.0,0,0,4700,4800,3600,3700,300,350,300,350,100,150,100,150,40,50,40,50,20261005,400,450,1000,1100,50,60,80,90,10,20,20,30,0,10,0,10,20261005,2026-10-05 13:08
군자역,POI021,서행,18.0,2026-10-05 13:05,11,573.0,,2.0,16.0,0,0,6900,7000,4000,4100,650,700,450,500,200,250,100,150,70,80,40,50,20261005,1400,1500,1400,1500,150,200,100,150,50,60,30,40,10,20,10,20,20261005,2026-10-05 13:08
대림역,POI023,서행,17.0,2026-10-05 13:05,4,221.0,,2.0,29.0,0,0,11600,11700,7000,7100,800,850,750,800,200,250,200,250,100,150,150,200,20261005,2000,2100,2900,3000,150,200,250,300,70,80,100,150,50,60,50,60,20261005,2026-10-05 13:08
동대문역,POI024,서행,16.0,2026-10-05 13:05,17,892.0,0.0,2.0,7.0,0,0,7800,7900,14100,14200,1000,1100,1500,1600,300,350,400,450,200,250,250,300,20261005,1500,1600,2100,2200,100,150,150,200,60,70,70,80,0,0,20,30,20261005,2026-10-05 13:08
뚝섬역,POI025,서행,19.0,2026-10-05 13:05,9,767.0,,1.0,4.0,1,0,2500,2600,5000,5100,300,350,600,650,100,150,200,250,30,40,40,50,20261005,250,300,500,550,40,50,80,90,10,20,10,20,10,20,10,20,20261005,2026-10-05 13:08
미아사거리역,POI026,서행,16.0,2026-10-05 13:05,11,1409.0,,1.0,29.0,0,1,7800,7900,4500,4600,700,750,450,500,200,250,150,200,150,200,100,150,20261005,6100,6200,7900,8000,650,700,750,800,250,300,300,350,100,150,100,150,20261005,2026-10-05 13:08
발산역,POI027,서행,16.0,2026-10-05 13:05,13,2880.0,,1.0,37.0,0,0,3500,3600,4500,4600,400,450,500,550,100,150,100,150,90,100,100,150,20261005,1400,1500,2300,2400,200,250,300,350,100,150,100,150,30,40,70,80,20261005,2026-10-05 13:08
사당역,POI029,서행,19.0,2026-10-05 13:05,13,520.0,,2.0,17.0,1,0,15000,15100,12800,12900,1700,1800,1500,1600,600,650,400,450,450,500,300,350,20261005,1500,1600,2600,2700,150,200,300,350,60,70,100,150,20,30,60,70,20261005,2026-10-05 13:08
삼각지역,POI030,서행,22.0,2026-10-05 13:05,0,,,2.0,7.0,0,0,2200,2300,3300,3400,350,400,500,550,100,150,100,150,50,60,70,80,20261005,1500,1600,1500,1600,150,200,150,200,60,70,60,70,30,40,30,40,20261005,2026-10-05 13:08
서울대입구역,POI031,서행,21.0,2026-10-05 13:05,2,52.0,,1.0,15.0,0,0,12000,12100,6300,6400,1300,1400,750,800,400,450,150,200,150,200,70,80,20261005,5000,5100,6200,6300,550,600,700,750,150,200,200,250,80,90,90,100,20261005,2026-10-05 13:08
서울식물원·마곡나루역,POI032,서행,16.0,2026-10-05 13:05,2,2651.0,,2.0,15.0,2,0,4000,4100,5100,5200,450,500,750,800,150,200,250,300,80,90,100,150,20261005,300,350,700,750,50,60,70,80,10,20,30,40,0,10,20,30,20261005,2026-10-05 13:08
서울역,POI033,서행,17.0,2026-10-05 13:05,23,3968.0,0.0,8.0,34.0,1,0,40000,40100,64500,64600,5400,5500,7200,7300,2000,2100,2200,2300,1200,1300,1100,1200,20261005,6300,6400,8400,8500,800,850,750,800,300,350,250,300,100,150,100,150,20261005,2026-10-05 13:08
선릉역,POI034,서행,17.0,2026-10-05 13:05,94,11160.0,27.0,4.0,20.0,0,0,11500,11600,26500,26600,2000,2100,2200,2300,700,750,750,800,300,350,400,450,20261005,1800,1900,1900,2000,200,250,150,200,80,90,60,70,30,40,30,40,20261005,2026-10-05 13:08
성신여대입구역,POI035,서행,15.0,2026-10-05 13:05,2,38.0,,2.0,9.0,0,0,6400,6500,4800,4900,700,750,500,550,200,250,150,200,100,150,90,100,20261005,3000,3100,3900,4000,350,400,400,450,100,150,150,200,60,70,60,70,20261005,2026-10-05 13:08
수유역,POI036,서행,16.0,2026-10-05 13:05,8,802.0,,1.0,32.0,0,0,11400,11500,5200,5300,950,1000,550,600,300,350,250,300,200,250,200,250,20261005,7100,7200,9200,9300,700,750,900,950,200,250,300,350,100,150,150,200,20261005,2026-10-05 13:08
신논현역·논현역,POI037,서행,19.0,2026-10-05 13:05,32,1053.0,,3.0,13.0,0,0,7600,7700,11900,12000,900,950,1100,1200,350,400,400,450,150,200,200,250,20261005,2300,2400,2300,2400,250,300,200,250,90,100,40,50,40,50,20,30,20261005,2026-10-05 13:08
신도림역,POI038,원활,39.0,2026-10-05 13:05,1,1644.0,,2.0,2.0,0,0,11700,11800,8000,8100,1100,1200,1000,1100,300,350,350,400,150,200,250,300,20261005,700,750,1900,2000,70,80,150,200,30,40,40,50,0,10,0,10,20261005,2026-10-05 13:08
신림역,POI039,서행,17.0,2026-10-05 13:05,2,282.0,,2.0,15.0,0,1,18500,18600,7300,7400,1700,1800,900,950,450,500,250,300,300,350,200,250,20261005,5600,5700,9900,10000,650,700,900,950,200,250,250,300,90,100,100,150,20261005,2026-10-05 13:08
신촌·이대역,POI040,서행,16.0,2026-10-05 13:05,25,1943.0,172.0,4.0,41.0,0,1,10800,10900,11000,11100,1400,1500,1400,1500,400,450,400,450,250,300,300,350,20261005,5200,5300,6500,6600,750,800,800,850,250,300,250,300,150,200,100,150,20261005,2026-10-05 13:08
양재역,POI041,서행,24.0,2026-10-05 13:05,16,1881.0,,2.0,27.0,0,0,5200,5300,7600,7700,550,600,700,750,150,200,200,250,90,100,100,150,20261005,3100,3200,3100,3200,350,400,350,400,100,150,100,150,70,80,70,80,20261005,2026-10-05 13:08
역삼역,POI042,서행,16.0,2026-10-05 13:05,47,7473.0,1.0,1.0,10.0,0,0,3200,3300,6300,6400,400,450,550,600,100,150,150,200,40,50,50,60,20261005,1300,1400,1600,1700,100,150,150,200,30,40,60,70,0,10,10,20,20261005,2026-10-05 13:08
연신내역,POI043,서행,18.0,2026-10-05 13:05,5,208.0,,3.0,14.0,0,0,14100,14200,8200,8300,1400,1500,800,850,350,400,150,200,100,150,80,90,20261005,2300,2400,3300,3400,300,350,300,350,100,150,90,100,50,60,30,40,20261005,2026-10-05 13:08
오목교역·목동운동장,POI044,원활,26.0,2026-10-05 13:05,14,5304.0,,1.0,33.0,0,0,3500,3600,4700,4800,400,450,450,500,100,150,100,150,70,80,100,150,20261005,3300,3400,5100,5200,400,450,550,600,150,200,200,250,80,90,100,150,20261005,2026-10-05 13:08
왕십리역,POI045,서행,18.0,2026-10-05 13:05,4,1478.0,,5.0,22.0,0,0,10000,10100,8900,9000,1100,1200,1100,1200,350,400,350,400,150,200,200,250,20261005,950,1000,1900,2000,100,150,200,250,40,50,80,90,10,20,30,40,20261005,2026-10-05 13:08
용산역,POI046,서행,21.0,2026-10-05 13:05,11,5014.0,95.0,2.0,33.0,0,0,11100,11200,23200,23300,1500,1600,2700,2800,550,600,950,1000,200,250,250,300,20261005,2300,2400,2300,2400,350,400,250,300,100,150,90,100,50,60,40,50,20261005,2026-10-05 13:08
이태원역,POI047,서행,16.0,2026-10-05 13:05,4,66.0,,1.0,9.0,0,0,3800,3900,3100,3200,200,250,250,300,30,40,50,60,20,30,40,50,20261005,1000,1100,750,800,90,100,80,90,40,50,30,40,10,20,10,20,20261005,2026-10-05 13:08
장지역,POI048,서행,19.0,2026-10-05 13:05,4,10611.0,,1.0,20.0,0,0,3300,3400,3500,3600,350,400,400,450,100,150,100,150,70,80,100,150,20261005,1000,1100,1800,1900,100,150,200,250,40,50,60,70,20,30,30,40,20261005,2026-10-05 13:08
장한평역,POI049,서행,22.0,2026-10-05 13:05,15,847.0,,1.0,16.0,0,0,4600,4700,3300,3400,400,450,300,350,100,150,80,90,70,80,40,50,20261005,2800,2900,3800,3900,250,300,300,350,80,90,100,150,40,50,20,30,20261005,2026-10-05 13:08
천호역,POI050,서행,17.0,2026-10-05 13:05,14,3331.0,,2.0,12.0,0,0,9200,9300,8400,8500,1000,1100,950,1000,300,350,300,350,200,250,250,300,20261005,750,800,1700,1800,100,150,150,200,40,50,40,50,20,30,10,20,20261005,2026-10-05 13:08
총신대입구(이수)역,POI051,서행,16.0,2026-10-05 13:05,7,533.0,,2.0,18.0,0,0,8400,8500,6700,6800,900,950,800,850,250,300,200,250,150,200,100,150,20261005,2500,2600,2800,2900,300,350,300,350,100,150,100,150,60,70,50,60,20261005,2026-10-05 13:08
충정로역,POI052,서행,23.0,2026-10-05 13:05,5,834.0,,2.0,19.0,0,0,2500,2600,1900,2000,250,300,150,200,80,90,50,60,50,60,40,50,20261005,1400,1500,1100,1200,150,200,100,150,50,60,40,50,20,30,0,10,20261005,2026-10-05 13:08
합정역,POI053,서행,20.0,2026-10-05 13:05,6,207.0,,2.0,30.0,0,0,7300,7400,9200,9300,900,950,1300,1400,250,300,300,350,150,200,100,150,20261005,2000,2100,2300,2400,250,300,300,350,70,80,100,150,30,40,40,50,20261005,2026-10-05 13:08
혜화역,POI054,서행,18.0,2026-10-05 13:05,24,955.0,,1.0,12.0,2,0,3500,3600,8300,8400,450,500,1500,1600,100,150,350,400,80,90,300,350,20261005,2200,2300,3000,3100,250,300,450,500,100,150,150,200,50,60,90,100,20261005,2026-10-05 13:08
홍대입구역(2호선),POI055,정체,14.0,2026-10-05 13:05,16,1196.0,,1.0,17.0,0,0,11700,11800,19700,19800,1400,1500,3400,3500,350,400,1100,1200,250,300,500,550,20261005,3400,3500,5200,5300,450,500,650,700,150,200,200,250,70,80,70,80,20261005,2026-10-05 13:08
회기역,POI056,서행,19.0,2026-10-05 13:05,21,408.0,,1.0,22.0,0,0,7500,7600,3500,3600,650,700,350,400,250,300,100,150,100,150,20,30,20261005,4100,4200,4300,4400,350,400,400,450,100,150,100,150,30,40,40,50,20261005,2026-10-05 13:08
가락시장,POI058,서행,24.0,2026-10-05 13:05,4,2884.0,,2.0,16.0,0,0,4100,4200,3600,3700,400,450,300,350,100,150,100,150,60,70,10,20,20261005,2100,2200,1600,1700,150,200,100,150,70,80,50,60,30,40,20,30,20261005,2026-10-05 13:08
가로수길,POI059,원활,26.0,2026-10-05 13:05,51,2767.0,136.0,2.0,14.0,0,0,5900,6000,15400,15500,850,900,1300,1400,250,300,400,450,150,200,250,300,20261005,1100,1200,1900,2000,150,200,200,250,60,70,80,90,30,40,50,60,20261005,2026-10-05 13:08
광장(전통)시장,POI060,서행,16.0,2026-10-05 13:05,7,103.0,8.0,1.0,11.0,0,0,4000,4100,9300,9400,700,750,1100,1200,200,250,250,300,90,100,50,60,20261005,1400,1500,2700,2800,200,250,350,400,90,100,150,200,30,40,50,60,20261005,2026-10-05 13:08
김포공항,POI061,원활,29.0,2026-10-05 13:05,6,16594.0,,6.0,27.0,0,0,7000,7100,10700,10800,850,900,1100,1200,250,300,400,450,150,200,200,250,20261005,450,500,950,1000,60,70,100,150,20,30,40,50,0,10,0,10,20261005,2026-10-05 13:08
노량진,POI063,서행,22.0,2026-10-05 13:05,11,1218.0,,3.0,22.0,1,0,10900,11000,9700,9800,1100,1200,850,900,450,500,400,450,250,300,150,200,20261005,3900,4000,7300,7400,500,550,700,750,150,200,300,350,100,150,150,200,20261005,2026-10-05 13:08
덕수궁길·정동길,POI064,서행,16.0,2026-10-05 13:05,10,620.0,,3.0,10.0,0,1,6400,6500,14900,15000,800,850,1500,1600,250,300,450,500,150,200,350,400,20261005,1000,1100,1400,1500,100,150,100,150,40,50,50,60,10,20,30,40,20261005,2026-10-05 13:08
북촌한옥마을,POI066,서행,16.0,2026-10-05 13:05,16,1756.0,,1.0,55.0,5,0,2700,2800,10500,10600,450,500,1200,1300,150,200,300,350,70,80,80,90,20261005,2600,2700,5000,5100,450,500,550,600,150,200,150,200,30,40,50,60,20261005,2026-10-05 13:08
서촌,POI067,서행,17.0,2026-10-05 13:05,9,308.0,,1.0,32.0,0,0,3300,3400,10900,11000,600,650,1100,1200,200,250,300,350,150,200,200,250,20261005,3000,3100,3800,3900,400,450,500,550,150,200,200,250,70,80,100,150,20261005,2026-10-05 13:08
성수카페거리,POI068,서행,16.0,2026-10-05 13:05,28,2824.0,,2.0,35.0,1,0,6700,6800,24400,24500,1100,1200,3300,3400,350,400,1000,1100,200,250,650,700,20261005,850,900,1400,1500,90,100,200,250,30,40,80,90,20,30,50,60,20261005,2026-10-05 13:08
쌍문역,POI070,서행,19.0,2026-10-05 13:05,8,345.0,,1.0,18.0,0,0,10000,10100,3300,3400,750,800,400,450,200,250,100,150,150,200,100,150,20261005,3000,3100,4900,5000,250,300,450,500,80,90,100,150,30,40,60,70,20261005,2026-10-05 13:08
압구정로데오거리,POI071,서행,18.0,2026-10-05 13:05,55,1976.0,2.0,1.0,16.0,1,0,1500,1600,6100,6200,200,250,350,400,90,100,150,200,30,40,60,70,20261005,1500,1600,3300,3400,200,250,300,350,90,100,100,150,20,30,40,50,20261005,2026-10-05 13:08
여의도,POI072,서행,24.0,2026-10-05 13:05,116,24820.0,926.0,9.0,63.0,2,0,15300,15400,22600,22700,1500,1600,2300,2400,500,550,800,850,200,250,350,400,20261005,6400,6500,11200,11300,850,900,1300,1400,250,300,350,400,100,150,150,200,20261005,2026-10-05 13:08
연남동,POI073,서행,16.0,2026-10-05 13:05,45,132.0,,0.0,20.0,0,0,,,,,,,,,,,,,,,,,,1700,1800,1800,1900,200,250,250,300,80,90,100,150,50,60,70,80,20261005,2026-10-05 13:08
영등포 타임스퀘어,POI074,서행,18.0,2026-10-05 13:05,10,1195.0,133.0,3.0,24.0,1,0,12400,12500,14600,14700,1200,1300,1600,1700,450,500,650,700,150,200,250,300,20261005,3500,3600,6800,6900,500,550,800,850,150,200,250,300,60,70,90,100,20261005,2026-10-05 13:08
용리단길,POI076,서행,19.0,2026-10-05 13:05,0,,,3.0,7.0,0,0,4900,5000,9400,9500,800,850,1300,1400,250,300,300,350,100,150,90,100,20261005,700,750,2100,2200,80,90,250,300,20,30,90,100,10,20,30,40,20261005,2026-10-05 13:08
이태원 앤틱가구거리,POI077,서행,19.0,2026-10-05 13:05,4,51.0,,1.0,13.0,0,0,3800,3900,3100,3200,200,250,250,300,30,40,50,60,20,30,40,50,20261005,1000,1100,900,950,80,90,90,100,40,50,30,40,10,20,10,20,20261005,2026-10-05 13:08
인사동,POI078,정체,14.0,2026-10-05 13:05,21,2465.0,1.0,2.0,26.0,3,0,5500,5600,19700,19800,900,950,2400,2500,300,350,650,700,100,150,300,350,20261005,3000,3100,3800,3900,350,400,550,600,150,200,200,250,50,60,50,60,20261005,2026-10-05 13:08
창동 신경제 중심지,POI079,서행,18.0,2026-10-05 13:05,46,4927.0,42.0,4.0,55.0,5,0,17500,17600,14500,14600,1900,2000,1500,1600,550,600,400,450,300,350,200,250,20261005,3800,3900,6500,6600,500,550,700,750,150,200,200,250,80,90,100,150,20261005,2026-10-05 13:08
청담동 명품거리,POI080,서행,20.0,2026-10-05 13:05,16,910.0,,1.0,10.0,0,0,1500,1600,6100,6200,200,250,350,400,90,100,150,200,30,40,60,70,20261005,700,750,1200,1300,100,150,100,150,40,50,50,60,30,40,20,30,20261005,2026-10-05 13:08
청량리 제기동 일대 전통시장,POI081,서행,17.0,2026-10-05 13:05,12,2214.0,,2.0,23.0,0,0,11000,11100,13600,13700,1500,1600,1700,1800,450,500,500,550,150,200,150,200,20261005,8200,8300,10400,10500,1100,1200,1100,1200,350,400,300,350,150,200,100,150,20261005,2026-10-05 13:08
해방촌·경리단길,POI082,원활,31.0,2026-10-05 13:05,4,273.0,,0.0,26.0,0,0,,,,,,,,,,,,,,,,,,2200,2300,1600,1700,250,300,250,300,100,150,100,150,30,40,30,40,20261005,2026-10-05 13:08
DDP(동대문디자인플라자),POI083,서행,15.0,2026-10-05 13:05,9,2596.0,257.0,3.0,11.0,3,0,7900,8000,10600,10700,900,950,1300,1400,250,300,400,450,150,200,250,300,20261005,900,950,1400,1500,90,100,200,250,20,30,50,60,10,20,40,50,20261005,2026-10-05 13:08
DMC(디지털미디어시티),POI084,서행,22.0,2026-10-05 13:05,25,9176.0,,4.0,68.0,0,0,5800,5900,4500,4600,500,550,450,500,150,200,100,150,70,80,90,100,20261005,2100,2200,2800,2900,200,250,250,300,90,100,100,150,30,40,60,70,20261005,2026-10-05 13:08
강서한강공원,POI085,원활,56.0,2026-10-05 13:05,2,106.0,53.0,0.0,1.0,0,0,,,,,,,,,,,,,,,,,,0,0,0,0,0,0,0,0,0,0,0,0,0,0,0,0,20261005,2026-10-05 13:08
고척돔,POI086,원활,29.0,2026-10-05 13:05,0,,,1.0,3.0,3,0,2000,2100,850,900,150,200,70,80,60,70,30,40,10,20,0,10,20261005,900,950,750,800,90,100,60,70,20,30,20,30,10,20,0,10,20261005,2026-10-05 13:08
광나루한강공원,POI087,원활,62.0,2026-10-05 13:05,4,718.0,359.0,0.0,0.0,0,0,,,,,,,,,,,,,,,,,,,,,,,,,,,,,,,,,,,2026-10-05 13:08
광화문광장,POI088,서행,19.0,2026-10-05 13:05,3,2932.0,431.0,2.0,12.0,1,0,5000,5100,19800,19900,900,950,2100,2200,300,350,600,650,200,250,400,450,20261005,2100,2200,3600,3700,250,300,450,500,100,150,150,200,40,50,60,70,20261005,2026-10-05 13:08
국립중앙박물관·용산가족공원,POI089,원활,33.0,2026-10-05 13:05,4,931.0,,3.0,3.0,1,0,3500,3600,6100,6200,550,600,650,700,200,250,150,200,100,150,100,150,20261005,100,150,300,350,40,50,70,80,10,20,10,20,0,10,10,20,20261005,2026-10-05 13:08
난지한강공원,POI090,원활,48.0,2026-10-05 13:05,4,1240.0,0.0,0.0,7.0,0,0,,,,,,,,,,,,,,,,,,10,20,20,30,0,0,0,10,0,0,0,0,0,0,0,0,20261005,2026-10-05 13:08
남산공원,POI091,원활,30.0,2026-10-05 13:05,33,2148.0,23.0,5.0,37.0,2,0,12800,12900,24700,24800,1400,1500,1900,2000,450,500,650,700,250,300,300,350,20261005,3600,3700,4400,4500,650,700,600,650,200,250,250,300,50,60,60,70,20261005,2026-10-05 13:08
노들섬,POI092,원활,38.0,2026-10-05 13:05,1,99.0,,0.0,4.0,2,0,,,,,,,,,,,,,,,,,,350,400,600,650,60,70,100,150,10,20,40,50,0,10,20,30,20261005,2026-10-05 13:08
뚝섬한강공원,POI093,원활,48.0,2026-10-05 13:05,8,1342.0,671.0,1.0,1.0,1,0,2500,2600,2600,2700,200,250,500,550,70,80,150,200,50,60,100,150,20261005,0,0,0,0,0,0,0,0,0,0,0,0,0,0,0,0,20261005,2026-10-05 13:08
망원한강공원,POI094,원활,32.0,2026-10-05 13:05,2,458.0,0.0,2.0,10.0,0,0,7300,7400,9200,9300,900,950,1300,1400,250,300,300,350,150,200,100,150,20261005,1400,1500,1800,1900,150,200,200,250,40,50,80,90,20,30,30,40,20261005,2026-10-05 13:08
반포한강공원,POI095,원활,41.0,2026-10-05 13:05,9,1483.0,9.0,0.0,6.0,0,0,,,,,,,,,,,,,,,,,,40,50,100,150,0,10,20,30,0,0,0,10,0,0,0,10,20261005,2026-10-05 13:08
북서울꿈의숲,POI096,서행,21.0,2026-10-05 13:05,3,549.0,,0.0,17.0,0,0,,,,,,,,,,,,,,,,,,800,850,350,400,90,100,40,50,40,50,20,30,20,30,10,20,20261005,2026-10-05 13:08
서리풀공원·몽마르뜨공원,POI098,원활,26.0,2026-10-05 13:05,0,,,4.0,7.0,0,1,18900,19000,30300,30400,2900,3000,3500,3600,900,950,1200,1300,550,600,700,750,20261005,3800,3900,4900,5000,500,550,550,600,100,150,100,150,40,50,60,70,20261005,2026-10-05 13:08
서울대공원,POI100,원활,31.0,2026-10-05 13:05,0,,,1.0,0.0,0,0,600,650,5200,5300,150,200,600,650,100,150,300,350,40,50,80,90,20261005,,,,,,,,,,,,,,,,,,2026-10-05 13:08
서울숲공원,POI101,원활,37.0,2026-10-05 13:05,2,996.0,,1.0,9.0,0,0,1500,1600,3800,3900,200,250,450,500,90,100,150,200,30,40,10,20,20261005,150,200,450,500,50,60,60,70,20,30,40,50,0,10,10,20,20261005,2026-10-05 13:08
아차산,POI102,원활,28.0,2026-10-05 13:05,0,,,0.0,3.0,0,0,,,,,,,,,,,,,,,,,,90,100,20,30,10,20,0,0,0,10,0,0,0,10,0,0,20261005,2026-10-05 13:08
양화한강공원,POI103,원활,39.0,2026-10-05 13:05,6,1002.0,428.0,0.0,5.0,0,0,,,,,,,,,,,,,,,,,,10,20,80,90,0,10,0,10,0,10,0,0,0,10,0,0,20261005,2026-10-05 13:08
어린이대공원,POI104,서행,18.0,2026-10-05 13:05,4,945.0,,2.0,9.0,0,0,7200,7300,7600,7700,750,800,850,900,200,250,200,250,100,150,150,200,20261005,650,700,700,750,60,70,60,70,20,30,20,30,0,0,0,0,20261005,2026-10-05 13:08
여의도한강공원,POI105,원활,36.0,2026-10-05 13:05,6,2866.0,850.0,1.0,3.0,0,0,1100,1200,4400,4500,150,200,700,750,40,50,150,200,30,40,150,200,20261005,150,200,350,400,30,40,50,60,10,20,20,30,0,0,0,10,20261005,2026-10-05 13:08
월드컵공원,POI106,원활,30.0,2026-10-05 13:05,9,3537.0,,4.0,34.0,0,1,6600,6700,8000,8100,650,700,700,750,200,250,200,250,100,150,100,150,20261005,1000,1100,1200,1300,150,200,150,200,50,60,60,70,10,20,20,30,20261005,2026-10-05 13:08
응봉산,POI107,원활,25.0,2026-10-05 13:05,3,88.0,,1.0,24.0,0,0,700,750,250,300,50,60,50,60,30,40,40,50,0,10,20,30,20261005,950,1000,550,600,90,100,60,70,40,50,30,40,10,20,10,20,20261005,2026-10-05 13:08
이촌한강공원,POI108,원활,44.0,2026-10-05 13:05,2,514.0,0.0,0.0,4.0,0,0,,,,,,,,,,,,,,,,,,0,0,50,60,0,0,0,10,0,0,0,0,0,0,0,0,20261005,2026-10-05 13:08
잠실종합운동장,POI109,서행,16.0,2026-10-05 13:05,1,876.0,,2.0,4.0,0,0,3100,3200,6100,6200,400,450,1800,1900,100,150,600,650,60,70,400,450,20261005,350,400,550,600,30,40,90,100,0,10,20,30,0,10,10,20,20261005,2026-10-05 13:08
잠실한강공원,POI110,원활,43.0,2026-10-05 13:05,4,1326.0,135.0,1.0,9.0,0,0,3200,3300,1800,1900,300,350,200,250,90,100,60,70,40,50,30,40,20261005,50,60,250,300,0,10,30,40,0,0,10,20,0,0,0,0,20261005,2026-10-05 13:08
잠원한강공원,POI111,원활,49.0,2026-10-05 13:05,3,1540.0,0.0,0.0,5.0,0,0,,,,,,,,,,,,,,,,,,150,200,250,300,20,30,20,30,0,10,0,10,0,0,0,0,20261005,2026-10-05 13:08
청계산,POI112,원활,49.0,2026-10-05 13:05,0,,,0.0,9.0,0,0,,,,,,,,,,,,,,,,,,20,30,40,50,0,0,0,10,0,0,0,0,0,0,0,0,20261005,2026-10-05 13:08
북창동 먹자골목,POI114,정체,14.0,2026-10-05 13:05,20,552.0,0.0,0.0,11.0,0,0,,,,,,,,,,,,,,,,,,2200,2300,4300,4400,400,450,500,550,150,200,150,200,70,80,40,50,20261005,2026-10-05 13:08
남대문시장,POI115,정체,12.0,2026-10-05 13:05,16,1456.0,4.0,1.0,7.0,0,0,,,,,,,,,,,,,,,,,,1600,1700,4000,4100,300,350,500,550,100,150,100,150,20,30,20,30,20261005,2026-10-05 13:08
익선동,POI116,정체,14.0,2026-10-05 13:05,10,187.0,1.0,3.0,11.0,1,0,7600,7700,16900,17000,1200,1300,2400,2500,300,350,600,650,200,250,450,500,20261005,1700,1800,2200,2300,200,250,250,300,100,150,100,150,30,40,30,40,20261005,2026-10-05 13:08
신정네거리역,POI117,서행,19.0,2026-10-05 13:05,3,119.0,,1.0,9.0,0,0,,,,,,,,,,,,,,,,,,,,,,,,,,,,,,,,,,,2026-10-05 13:08
잠실새내역,POI118,서행,17.0,2026-10-05 13:05,31,1541.0,,1.0,18.0,0,0,4800,4900,3200,3300,450,500,0,0,150,200,0,0,100,150,0,0,20261005,1600,1700,2200,2300,200,250,300,350,60,70,60,70,10,20,20,30,20261005,2026-10-05 13:08
잠실역,POI119,서행,18.0,2026-10-05 13:05,5,6749.0,275.0,2.0,21.0,0,0,,,,,,,,,,,,,,,,,,3000,3100,7300,7400,450,500,900,950,150,200,300,350,70,80,150,200,20261005,2026-10-05 13:08
잠실롯데타워·석촌호수,POI120,서행,18.0,2026-10-05 13:05,33,9281.0,275.0,3.0,0.0,2,0,,,,,,,,,,,,,,,,,,,,,,,,,,,,,,,,,,,2026-10-05 13:08
송리단길·호수단길,POI121,서행,18.0,2026-10-05 13:05,21,878.0,,1.0,15.0,0,0,1900,2000,2200,2300,150,200,250,300,60,70,80,90,20,30,70,80,20261005,1600,1700,2300,2400,150,200,300,350,70,80,90,100,30,40,60,70,20261005,2026-10-05 13:08
신촌 스타광장,POI122,서행,15.0,2026-10-05 13:05,4,235.0,,1.0,4.0,0,0,,,,,,,,,,,,,,,,,,1500,1600,1800,1900,200,250,250,300,80,90,90,100,40,50,20,30,20261005,2026-10-05 13:08
보라매공원,POI123,서행,15.0,2026-10-05 13:05,1,78.0,,2.0,5.0,0,0,1400,1500,1400,1500,150,200,100,150,30,40,30,40,30,40,30,40,20261005,20,30,40,50,0,10,0,10,0,0,0,0,0,0,0,0,20261005,2026-10-05 13:08
서대문독립공원,POI124,원활,26.0,2026-10-05 13:05,2,150.0,,1.0,18.0,0,0,2300,2400,2500,2600,250,300,250,300,90,100,80,90,60,70,50,60,20261005,1600,1700,1400,1500,150,200,150,200,50,60,50,60,10,20,30,40,20261005,2026-10-05 13:08
안양천,POI125,원활,39.0,2026-10-05 13:05,1,294.0,,0.0,1.0,0,0,,,,,,,,,,,,,,,,,,0,10,0,0,0,0,0,0,0,0,0,0,0,0,0,0,20261005,2026-10-05 13:08
여의서로,POI126,원활,33.0,2026-10-05 13:05,2,168.0,38.0,0.0,0.0,0,0,,,,,,,,,,,,,,,,,,,,,,,,,,,,,,,,,,,2026-10-05 13:08
올림픽공원,POI127,서행,24.0,2026-10-05 13:05,4,2716.0,,4.0,17.0,4,0,,,,,,,,,,,,,,,,,,950,1000,1200,1300,100,150,150,200,30,40,60,70,10,20,20,30,20261005,2026-10-05 13:08
홍제폭포,POI128,원활,31.0,2026-10-05 13:05,0,,,0.0,0.0,0,0,,,,,,,,,,,,,,,,,,,,,,,,,,,,,,,,,,,2026-10-05 13:08
송현녹지광장,POI129,정체,14.0,2026-10-05 13:05,4,1546.0,,1.0,25.0,5,0,2700,2800,10500,10600,450,500,1200,1300,150,200,300,350,70,80,80,90,20261005,2200,2300,4100,4200,350,400,450,500,100,150,150,200,30,40,40,50,20261005,2026-10-05 13:08
시의회 앞,POI130,서행,17.0,2026-10-05 13:05,9,1723.0,,3.0,25.0,3,0,5700,5800,25500,25600,850,900,2700,2800,250,300,800,850,200,250,550,600,20261005,2400,2500,5000,5100,350,400,600,650,100,150,200,250,70,80,100,150,20261005,2026-10-05 13:08
강남 MICE 관광특구,POI001,정체,13.0,2026-10-05 14:05,3,4428.0,,2.0,6.0,0,0,13000,13100,30000,30100,2200,2300,1700,1800,600,650,400,450,350,400,250,300,20261005,1200,1300,1600,1700,200,250,150,200,90,100,50,60,30,40,10,20,20261005,2026-10-05 14:07
동대문 관광특구,POI002,서행,15.0,2026-10-05 14:05,47,8302.0,292.0,7.0,32.0,4,0,26400,26500,36800,36900,2700,2800,3100,3200,850,900,950,1000,550,600,650,700,20261005,4100,4200,4400,4500,400,450,450,500,100,150,150,200,70,80,70,80,20261005,2026-10-05 14:07
명동 관광특구,POI003,정체,14.0,2026-10-05 14:05,93,12070.0,7.0,7.0,54.0,3,2,34400,34500,86600,86700,4800,4900,7000,7100,1500,1600,2300,2400,750,800,1000,1100,20261005,10100,10200,17800,17900,1400,1500,1600,1700,500,550,500,550,200,250,200,250,20261005,2026-10-05 14:07
이태원 관광특구,POI004,서행,17.0,2026-10-05 14:05,8,853.0,,3.0,17.0,0,0,6600,6700,10700,10800,450,500,1000,1100,150,200,300,350,100,150,250,300,20261005,1900,2000,2100,2200,150,200,200,250,70,80,90,100,10,20,20,30,20261005,2026-10-05 14:07
잠실 관광특구,POI005,서행,20.0,2026-10-05 14:05,37,11997.0,314.0,6.0,50.0,6,0,27100,27200,40500,40600,3100,3200,3800,3900,850,900,1100,1200,500,550,650,700,20261005,4700,4800,9100,9200,600,650,950,1000,200,250,300,350,90,100,100,150,20261005,2026-10-05 14:07
종로·청계 관광특구,POI006,정체,13.0,2026-10-05 14:05,48,2496.0,73.0,10.0,62.0,0,0,39900,40000,83200,83300,5400,5500,7500,7600,1700,1800,2500,2600,900,950,1400,1500,20261005,9700,9800,13300,13400,1100,1200,1300,1400,400,450,500,550,200,250,200,250,20261005,2026-10-05 14:07
홍대 관광특구,POI007,서행,15.0,2026-10-05 14:05,51,3098.0,,8.0,70.0,0,0,35900,36000,55600,55700,3600,3700,6200,6300,1000,1100,1900,2000,650,700,1100,1200,20261005,7800,7900,10800,10900,850,900,1100,1200,200,250,350,400,100,150,150,200,20261005,2026-10-05 14:07
경복궁,POI008,서행,15.0,2026-10-05 14:05,2,267.0,,1.0,11.0,0,0,4800,4900,13400,13500,750,800,1100,1200,200,250,450,500,80,90,70,80,20261005,550,600,850,900,100,150,100,150,30,40,60,70,20,30,40,50,20261005,2026-10-05 14:07
광화문·덕수궁,POI009,서행,16.0,2026-10-05 14:05,29,7988.0,477.0,4.0,41.0,5,2,13200,13300,44500,44600,2000,2100,3700,3800,650,700,1300,1400,350,400,600,650,20261005,6600,6700,10900,11000,900,950,1200,1300,350,400,350,400,200,250,150,200,20261005,2026-10-05 14:07
보신각,POI010,정체,11.0,2026-10-05 14:05,14,2572.0,11.0,1.0,14.0,0,0,3700,3800,11100,11200,550,600,800,850,150,200,250,300,50,60,100,150,20261005,2100,2200,3300,3400,250,300,350,400,100,150,100,150,40,50,50,60,20261005,2026-10-05 14:07
서울 암사동 유적,POI011,서행,23.0,2026-10-05 14:05,1,108.0,,0.0,3.0,0,0,,,,,,,,,,,,,,,,,,20,30,10,20,0,0,0,0,0,0,0,0,0,0,0,0,20261005,2026-10-05 14:07
창덕궁·종묘,POI012,서행,16.0,2026-10-05 14:05,16,3155.0,903.0,4.0,19.0,1,0,16000,16100,33200,33300,2100,2200,3000,3100,650,700,1000,1100,350,400,600,650,20261005,1500,1600,2500,2600,150,200,150,200,50,60,60,70,0,10,10,20,20261005,2026-10-05 14:07
가산디지털단지역,POI013,서행,22.0,2026-10-05 14:05,20,8291.0,,2.0,71.0,0,0,6600,6700,8500,8600,600,650,650,700,200,250,150,200,100,150,150,200,20261005,2300,2400,4000,4100,250,300,350,400,80,90,100,150,40,50,50,60,20261005,2026-10-05 14:07
강남역,POI014,서행,16.0,2026-10-05 14:05,95,7876.0,,4.0,55.0,0,0,20500,20600,35300,35400,2500,2600,2800,2900,700,750,900,950,400,450,700,750,20261005,8400,8500,8700,8800,1000,1100,900,950,300,350,250,300,100,150,70,80,20261005,2026-10-05 14:07
건대입구역,POI015,서행,21.0,2026-10-05 14:05,23,6603.0,,2.0,11.0,1,0,12000,12100,12600,12700,1000,1100,1300,1400,350,400,400,450,150,200,150,200,20261005,1300,1400,2300,2400,150,200,250,300,40,50,100,150,20,30,60,70,20261005,2026-10-05 14:07
고덕역,POI016,서행,22.0,2026-10-05 14:05,15,1615.0,,1.0,5.0,0,0,2600,2700,2000,2100,200,250,150,200,70,80,20,30,50,60,20,30,20261005,550,600,600,650,80,90,70,80,30,40,20,30,20,30,20,30,20261005,2026-10-05 14:07
고속터미널역,POI017,서행,21.0,2026-10-05 14:05,3,4291.0,,3.0,10.0,0,0,21700,21800,34700,34800,2600,2700,3600,3700,800,850,1200,1300,500,550,900,950,20261005,5200,5300,6500,6600,650,700,650,700,200,250,200,250,100,150,90,100,20261005,2026-10-05 14:07
교대역,POI018,서행,19.0,2026-10-05 14:05,14,760.0,,2.0,13.0,0,0,6100,6200,8300,8400,700,750,650,700,200,250,250,300,150,200,100,150,20261005,1200,1300,900,950,100,150,80,90,30,40,20,30,0,10,10,20,20261005,2026-10-05 14:07
구로디지털단지역,POI019,서행,16.0,2026-10-05 14:05,20,6911.0,,1.0,29.0,0,0,16000,16100,8600,8700,1200,1300,850,900,300,350,250,300,200,250,100,150,20261005,2000,2100,1800,1900,200,250,150,200,100,150,80,90,30,40,20,30,20261005,2026-10-05 14:07
구로역,POI020,원활,26.0,2026-10-05 14:05,3,1047.0,,1.0,5.0,0,0,5500,5600,4500,4600,400,450,450,500,100,150,200,250,60,70,100,150,20261005,500,550,1200,1300,60,70,100,150,30,40,50,60,0,10,0,0,20261005,2026-10-05 14:07
군자역,POI021,서행,18.0,2026-10-05 14:05,11,573.0,,2.0,16.0,0,0,8200,8300,5200,5300,650,700,500,550,200,250,150,200,70,80,80,90,20261005,1700,1800,1800,1900,150,200,150,200,60,70,60,70,30,40,30,40,20261005,2026-10-05 14:07
대림역,POI023,서행,19.0,2026-10-05 14:05,4,221.0,,2.0,29.0,0,0,13300,13400,8600,8700,800,850,700,750,250,300,200,250,200,250,150,200,20261005,2400,2500,3500,3600,200,250,250,300,70,80,90,100,30,40,50,60,20261005,2026-10-05 14:07
동대문역,POI024,정체,14.0,2026-10-05 14:05,17,892.0,0.0,2.0,7.0,0,0,10300,10400,17100,17200,1200,1300,1400,1500,350,400,400,450,200,250,250,300,20261005,1800,1900,2500,2600,100,150,200,250,40,50,90,100,20,30,40,50,20261005,2026-10-05 14:07
뚝섬역,POI025,서행,18.0,2026-10-05 14:05,9,767.0,,1.0,4.0,1,0,3300,3400,6500,6600,400,450,600,650,100,150,200,250,40,50,100,150,20261005,350,400,700,750,60,70,80,90,10,20,10,20,0,10,0,10,20261005,2026-10-05 14:07
미아사거리역,POI026,서행,16.0,2026-10-05 14:05,11,1409.0,,1.0,29.0,0,1,9200,9300,5500,5600,650,700,500,550,200,250,200,250,100,150,100,150,20261005,7800,7900,9700,9800,950,1000,950,1000,350,400,300,350,150,200,100,150,20261005,2026-10-05 14:07
발산역,POI027,서행,16.0,2026-10-05 14:05,13,2880.0,,1.0,37.0,0,0,4300,4400,5400,5500,450,500,350,400,150,200,80,90,100,150,80,90,20261005,1900,2000,3000,3100,200,250,300,350,80,90,100,150,50,60,70,80,20261005,2026-10-05 14:07
사당역,POI029,서행,18.0,2026-10-05 14:05,13,520.0,,2.0,17.0,1,0,18500,18600,15800,15900,1500,1600,1200,1300,350,400,350,400,250,300,200,250,20261005,1900,2000,3200,3300,200,250,250,300,50,60,100,150,20,30,40,50,20261005,2026-10-05 14:07
삼각지역,POI030,서행,23.0,2026-10-05 14:05,0,,,2.0,7.0,0,0,2800,2900,4200,4300,300,350,400,450,70,80,100,150,20,30,100,150,20261005,1800,1900,1800,1900,150,200,150,200,60,70,60,70,20,30,10,20,20261005,2026-10-05 14:07
서울대입구역,POI031,서행,19.0,2026-10-05 14:05,2,52.0,,1.0,15.0,0,0,14500,14600,8000,8100,1100,1200,750,800,300,350,250,300,100,150,80,90,20261005,6400,6500,7600,7700,650,700,700,750,250,300,200,250,90,100,80,90,20261005,2026-10-05 14:07
서울식물원·마곡나루역,POI032,서행,17.0,2026-10-05 14:05,2,2651.0,,2.0,15.0,2,0,4900,5000,6300,6400,450,500,500,550,150,200,150,200,90,100,100,150,20261005,450,500,900,950,60,70,100,150,10,20,20,30,0,0,0,0,20261005,2026-10-05 14:07
서울역,POI033,서행,19.0,2026-10-05 14:05,23,3968.0,0.0,8.0,34.0,1,0,50900,51000,77200,77300,5400,5500,6100,6200,1700,1800,2000,2100,850,900,900,950,20261005,8100,8200,9900,10000,850,900,700,750,300,350,250,300,100,150,100,150,20261005,2026-10-05 14:07
선릉역,POI034,서행,17.0,2026-10-05 14:05,94,11160.0,27.0,4.0,20.0,0,0,15700,15800,31100,31200,2200,2300,2200,2300,550,600,800,850,250,300,400,450,20261005,2200,2300,2300,2400,200,250,200,250,80,90,70,80,40,50,40,50,20261005,2026-10-05 14:07
성신여대입구역,POI035,서행,15.0,2026-10-05 14:05,2,38.0,,2.0,9.0,0,0,7900,8000,6200,6300,650,700,700,750,150,200,200,250,100,150,100,150,20261005,3800,3900,5000,5100,400,450,450,500,150,200,100,150,60,70,50,60,20261005,2026-10-05 14:07
수유역,POI036,서행,16.0,2026-10-05 14:05,8,802.0,,1.0,32.0,0,0,13300,13400,6500,6600,900,950,700,750,250,300,200,250,200,250,150,200,20261005,8600,8700,11200,11300,750,800,1000,1100,250,300,300,350,100,150,150,200,20261005,2026-10-05 14:07
신논현역·논현역,POI037,서행,18.0,2026-10-05 14:05,32,1053.0,,3.0,13.0,0,0,9700,9800,14500,14600,1000,1100,1200,1300,300,350,400,450,200,250,300,350,20261005,2900,3000,2800,2900,250,300,200,250,100,150,90,100,40,50,40,50,20261005,2026-10-05 14:07
신도림역,POI038,원활,37.0,2026-10-05 14:05,1,1644.0,,2.0,2.0,0,0,14100,14200,10300,10400,1100,1200,1000,1100,350,400,400,450,200,250,250,300,20261005,900,950,2200,2300,80,90,150,200,30,40,70,80,0,10,40,50,20261005,2026-10-05 14:07
신림역,POI039,서행,15.0,2026-10-05 14:05,2,282.0,,2.0,15.0,0,0,21600,21700,9200,9300,1400,1500,800,850,400,450,250,300,200,250,150,200,20261005,6900,7000,11700,11800,650,700,850,900,200,250,250,300,100,150,100,150,20261005,2026-10-05 14:07
신촌·이대역,POI040,서행,16.0,2026-10-05 14:05,25,1943.0,180.0,4.0,41.0,0,1,13500,13600,14100,14200,1400,1500,1500,1600,450,500,450,500,250,300,200,250,20261005,6800,6900,8300,8400,800,850,850,900,250,300,300,350,100,150,100,150,20261005,2026-10-05 14:07
양재역,POI041,서행,22.0,2026-10-05 14:05,16,1881.0,,2.0,27.0,0,0,6500,6600,9100,9200,600,650,650,700,150,200,150,200,100,150,150,200,20261005,3900,4000,3800,3900,350,400,300,350,100,150,100,150,60,70,60,70,20261005,2026-10-05 14:07
역삼역,POI042,서행,16.0,2026-10-05 14:05,47,7473.0,1.0,1.0,10.0,0,0,4100,4200,7500,7600,450,500,550,600,150,200,100,150,50,60,20,30,20261005,1600,1700,2000,2100,100,150,150,200,60,70,50,60,20,30,20,30,20261005,2026-10-05 14:07
연신내역,POI043,서행,17.0,2026-10-05 14:05,5,208.0,,3.0,14.0,0,0,16500,16600,10000,10100,1100,1200,800,850,350,400,250,300,150,200,60,70,20261005,3000,3100,3900,4000,350,400,300,350,100,150,90,100,50,60,40,50,20261005,2026-10-05 14:07
오목교역·목동운동장,POI044,원활,26.0,2026-10-05 14:05,14,5304.0,,1.0,33.0,0,0,4500,4600,5800,5900,450,500,500,550,150,200,150,200,100,150,100,150,20261005,4400,4500,6500,6600,550,600,650,700,150,200,200,250,90,100,90,100,20261005,2026-10-05 14:07
왕십리역,POI045,서행,18.0,2026-10-05 14:05,4,1478.0,,5.0,22.0,0,0,12500,12600,11400,11500,1200,1300,1200,1300,400,450,400,450,150,200,200,250,20261005,1300,1400,2400,2500,150,200,200,250,80,90,80,90,20,30,30,40,20261005,2026-10-05 14:07
용산역,POI046,서행,20.0,2026-10-05 14:05,11,5014.0,93.0,2.0,33.0,0,0,15000,15100,29900,30000,1900,2000,3100,3200,650,700,1000,1100,300,350,400,450,20261005,3100,3200,3100,3200,400,450,350,400,150,200,100,150,60,70,40,50,20261005,2026-10-05 14:07
이태원역,POI047,서행,16.0,2026-10-05 14:05,4,66.0,,1.0,9.0,0,0,4200,4300,3800,3900,150,200,250,300,80,90,80,90,50,60,50,60,20261005,1100,1200,950,1000,70,80,90,100,20,30,30,40,10,20,10,20,20261005,2026-10-05 14:07
장지역,POI048,서행,20.0,2026-10-05 14:05,4,10611.0,,1.0,20.0,0,0,4100,4200,4200,4300,350,400,350,400,100,150,100,150,70,80,70,80,20261005,1400,1500,2200,2300,150,200,200,250,40,50,90,100,10,20,10,20,20261005,2026-10-05 14:07
장한평역,POI049,서행,22.0,2026-10-05 14:05,15,847.0,,1.0,16.0,0,0,5500,5600,3900,4000,350,400,300,350,90,100,100,150,40,50,90,100,20261005,3400,3500,4500,4600,250,300,350,400,80,90,100,150,40,50,40,50,20261005,2026-10-05 14:07
천호역,POI050,서행,17.0,2026-10-05 14:05,14,3331.0,,2.0,12.0,0,0,11300,11400,10700,10800,950,1000,1000,1100,250,300,200,250,150,200,100,150,20261005,1000,1100,2100,2200,150,200,200,250,70,80,90,100,30,40,40,50,20261005,2026-10-05 14:07
총신대입구(이수)역,POI051,서행,16.0,2026-10-05 14:05,7,533.0,,2.0,18.0,0,0,10300,10400,8500,8600,900,950,850,900,250,300,250,300,150,200,150,200,20261005,3200,3300,3500,3600,350,400,300,350,100,150,100,150,60,70,50,60,20261005,2026-10-05 14:07
충정로역,POI052,서행,23.0,2026-10-05 14:05,5,834.0,,2.0,19.0,0,0,3000,3100,2400,2500,250,300,200,250,60,70,90,100,50,60,50,60,20261005,1700,1800,1400,1500,150,200,100,150,60,70,40,50,20,30,10,20,20261005,2026-10-05 14:07
합정역,POI053,서행,20.0,2026-10-05 14:05,6,207.0,,2.0,30.0,0,0,9100,9200,12100,12200,850,900,1200,1300,250,300,400,450,100,150,150,200,20261005,2600,2700,3000,3100,250,300,350,400,90,100,100,150,20,30,40,50,20261005,2026-10-05 14:07
혜화역,POI054,서행,17.0,2026-10-05 14:05,24,955.0,,1.0,12.0,2,0,4500,4600,12700,12800,500,550,2200,2300,150,200,600,650,100,150,400,450,20261005,2800,2900,4100,4200,300,350,500,550,100,150,200,250,80,90,100,150,20261005,2026-10-05 14:07
홍대입구역(2호선),POI055,정체,14.0,2026-10-05 14:05,16,1196.0,,1.0,17.0,0,0,15000,15100,27000,27100,1600,1700,3000,3100,450,500,950,1000,300,350,550,600,20261005,4500,4600,6700,6800,450,500,750,800,100,150,200,250,60,70,100,150,20261005,2026-10-05 14:07
회기역,POI056,서행,20.0,2026-10-05 14:05,21,408.0,,1.0,22.0,0,0,9000,9100,4500,4600,750,800,450,500,200,250,100,150,100,150,50,60,20261005,5100,5200,5300,5400,500,550,450,500,150,200,100,150,70,80,60,70,20261005,2026-10-05 14:07
가락시장,POI058,원활,26.0,2026-10-05 14:05,4,2884.0,,2.0,16.0,0,0,4900,5000,4500,4600,400,450,300,350,100,150,100,150,50,60,80,90,20261005,2500,2600,1900,2000,200,250,150,200,60,70,80,90,30,40,30,40,20261005,2026-10-05 14:07
가로수길,POI059,서행,23.0,2026-10-05 14:05,51,2767.0,169.0,2.0,14.0,0,0,7900,8000,18100,18200,900,950,1200,1300,300,350,400,450,200,250,300,350,20261005,1500,1600,2300,2400,150,200,250,300,50,60,90,100,10,20,40,50,20261005,2026-10-05 14:07
광장(전통)시장,POI060,정체,14.0,2026-10-05 14:05,7,103.0,8.0,1.0,11.0,0,0,5800,5900,11400,11500,900,950,950,1000,300,350,300,350,100,150,150,200,20261005,2000,2100,3300,3400,250,300,300,350,90,100,100,150,40,50,30,40,20261005,2026-10-05 14:07
김포공항,POI061,원활,29.0,2026-10-05 14:05,6,16594.0,,6.0,27.0,0,0,9100,9200,13100,13200,1000,1100,1100,1200,350,400,350,400,200,250,250,300,20261005,650,700,1100,1200,70,80,90,100,20,30,20,30,0,10,10,20,20261005,2026-10-05 14:07
노량진,POI063,서행,21.0,2026-10-05 14:05,11,1218.0,,3.0,22.0,1,0,13500,13600,12200,12300,1200,1300,1300,1400,350,400,450,500,200,250,300,350,20261005,5100,5200,8700,8800,600,650,600,650,200,250,150,200,100,150,100,150,20261005,2026-10-05 14:07
덕수궁길·정동길,POI064,서행,18.0,2026-10-05 14:05,10,620.0,,3.0,10.0,0,1,8400,8500,17800,17900,950,1000,1300,1400,250,300,350,400,200,250,200,250,20261005,1300,1400,1700,1800,100,150,150,200,30,40,60,70,0,10,10,20,20261005,2026-10-05 14:07
북촌한옥마을,POI066,서행,15.0,2026-10-05 14:05,16,1756.0,,1.0,55.0,5,0,4000,4100,13100,13200,600,650,1200,1300,150,200,300,350,60,70,50,60,20261005,3600,3700,6300,6400,500,550,600,650,200,250,200,250,100,150,100,150,20261005,2026-10-05 14:07
서촌,POI067,서행,17.0,2026-10-05 14:05,9,308.0,,1.0,32.0,0,0,4800,4900,13400,13500,750,800,1100,1200,200,250,450,500,80,90,70,80,20261005,3900,4000,4800,4900,500,550,500,550,100,150,150,200,50,60,40,50,20261005,2026-10-05 14:07
성수카페거리,POI068,서행,15.0,2026-10-05 14:05,28,2824.0,,2.0,35.0,1,0,9600,9700,32300,32400,1400,1500,3600,3700,450,500,1200,1300,250,300,750,800,20261005,1100,1200,1800,1900,100,150,150,200,40,50,40,50,20,30,20,30,20261005,2026-10-05 14:07
쌍문역,POI070,서행,18.0,2026-10-05 14:05,8,345.0,,1.0,18.0,0,0,11500,11600,4100,4200,650,700,350,400,150,200,100,150,100,150,70,80,20261005,3700,3800,5800,5900,300,350,400,450,100,150,100,150,80,90,80,90,20261005,2026-10-05 14:07
압구정로데오거리,POI071,서행,17.0,2026-10-05 14:05,55,1976.0,2.0,1.0,16.0,1,0,2200,2300,7200,7300,350,400,450,500,100,150,100,150,40,50,50,60,20261005,2100,2200,3900,4000,250,300,250,300,100,150,100,150,30,40,40,50,20261005,2026-10-05 14:07
여의도,POI072,서행,24.0,2026-10-05 14:05,116,24820.0,1136.0,9.0,63.0,2,1,18700,18800,27900,28000,1700,1800,2500,2600,500,550,750,800,300,350,450,500,20261005,8200,8300,13600,13700,900,950,1200,1300,300,350,400,450,100,150,200,250,20261005,2026-10-05 14:07
연남동,POI073,서행,16.0,2026-10-05 14:05,45,132.0,,0.0,20.0,0,0,,,,,,,,,,,,,,,,,,2000,2100,2400,2500,200,250,250,300,70,80,100,150,30,40,20,30,20261005,2026-10-05 14:07
영등포 타임스퀘어,POI074,서행,17.0,2026-10-05 14:05,10,1195.0,161.0,3.0,24.0,1,0,15500,15600,18300,18400,1600,1700,1700,1800,500,550,450,500,250,300,250,300,20261005,4800,4900,8700,8800,650,700,950,1000,250,300,350,400,150,200,150,200,20261005,2026-10-05 14:07
용리단길,POI076,서행,22.0,2026-10-05 14:05,0,,,3.0,7.0,0,0,6600,6700,12400,12500,800,850,1200,1300,200,250,400,450,70,80,150,200,20261005,1000,1100,2800,2900,150,200,300,350,70,80,100,150,30,40,30,40,20261005,2026-10-05 14:07
이태원 앤틱가구거리,POI077,서행,19.0,2026-10-05 14:05,4,51.0,,1.0,13.0,0,0,4200,4300,3800,3900,150,200,250,300,80,90,80,90,50,60,50,60,20261005,1100,1200,1100,1200,60,70,100,150,30,40,50,60,10,20,10,20,20261005,2026-10-05 14:07
인사동,POI078,정체,12.0,2026-10-05 14:05,21,2465.0,0.0,2.0,26.0,3,0,7700,7800,24300,24400,1200,1300,2100,2200,350,400,550,600,100,150,150,200,20261005,3800,3900,4900,5000,400,450,500,550,150,200,150,200,60,70,60,70,20261005,2026-10-05 14:07
창동 신경제 중심지,POI079,서행,17.0,2026-10-05 14:05,46,4927.0,33.0,4.0,55.0,5,0,21300,21400,18500,18600,1700,1800,1800,1900,500,550,600,650,300,350,300,350,20261005,5100,5200,8100,8200,600,650,700,750,200,250,200,250,80,90,100,150,20261005,2026-10-05 14:07
청담동 명품거리,POI080,서행,20.0,2026-10-05 14:05,16,910.0,,1.0,10.0,0,0,2200,2300,7200,7300,350,400,450,500,100,150,100,150,40,50,50,60,20261005,950,1000,1400,1500,100,150,100,150,50,60,40,50,20,30,20,30,20261005,2026-10-05 14:07
청량리 제기동 일대 전통시장,POI081,서행,16.0,2026-10-05 14:05,12,2214.0,,2.0,23.0,0,0,14400,14500,17200,17300,1600,1700,1700,1800,450,500,600,650,150,200,250,300,20261005,10600,10700,12500,12600,1200,1300,1100,1200,350,400,350,400,150,200,100,150,20261005,2026-10-05 14:07
해방촌·경리단길,POI082,원활,30.0,2026-10-05 14:05,4,273.0,,0.0,26.0,0,0,,,,,,,,,,,,,,,,,,2700,2800,2300,2400,200,250,300,350,90,100,100,150,50,60,70,80,20261005,2026-10-05 14:07
DDP(동대문디자인플라자),POI083,서행,15.0,2026-10-05 14:05,9,2596.0,276.0,3.0,11.0,3,0,9900,10000,13300,13400,950,1000,1200,1300,300,350,350,400,200,250,250,300,20261005,1100,1200,1800,1900,100,150,200,250,50,60,70,80,20,30,20,30,20261005,2026-10-05 14:07
DMC(디지털미디어시티),POI084,서행,21.0,2026-10-05 14:05,25,9176.0,,4.0,68.0,0,0,6900,7000,5400,5500,500,550,450,500,150,200,100,150,90,100,60,70,20261005,2600,2700,3400,3500,200,250,250,300,80,90,100,150,20,30,30,40,20261005,2026-10-05 14:07
강서한강공원,POI085,원활,57.0,2026-10-05 14:05,2,106.0,53.0,0.0,1.0,0,0,,,,,,,,,,,,,,,,,,0,0,0,0,0,0,0,0,0,0,0,0,0,0,0,0,20261005,2026-10-05 14:07
고척돔,POI086,원활,28.0,2026-10-05 14:05,0,,,1.0,3.0,3,0,2300,2400,1100,1200,150,200,100,150,50,60,70,80,20,30,10,20,20261005,1000,1100,900,950,80,90,90,100,20,30,30,40,10,20,20,30,20261005,2026-10-05 14:07
광나루한강공원,POI087,원활,60.0,2026-10-05 14:05,4,718.0,359.0,0.0,0.0,0,0,,,,,,,,,,,,,,,,,,,,,,,,,,,,,,,,,,,2026-10-05 14:07
광화문광장,POI088,서행,18.0,2026-10-05 14:05,3,2932.0,477.0,2.0,12.0,1,0,7400,7500,24400,24500,1200,1300,2100,2200,350,400,750,800,150,200,300,350,20261005,2900,3000,4500,4600,400,450,450,500,150,200,150,200,80,90,50,60,20261005,2026-10-05 14:07
국립중앙박물관·용산가족공원,POI089,원활,35.0,2026-10-05 14:05,4,931.0,,3.0,3.0,1,0,4800,4900,7800,7900,600,650,750,800,150,200,250,300,100,150,150,200,20261005,200,250,350,400,40,50,30,40,20,30,10,20,10,20,0,10,20261005,2026-10-05 14:07
난지한강공원,POI090,원활,51.0,2026-10-05 14:05,4,1240.0,0.0,0.0,7.0,0,0,,,,,,,,,,,,,,,,,,30,40,30,40,10,20,0,10,0,0,0,0,0,0,0,0,20261005,2026-10-05 14:07
남산공원,POI091,원활,30.0,2026-10-05 14:05,33,2148.0,21.0,5.0,37.0,2,0,17200,17300,33500,33600,1900,2000,3000,3100,600,650,900,950,250,300,450,500,20261005,4900,5000,5900,6000,550,600,650,700,200,250,200,250,100,150,100,150,20261005,2026-10-05 14:07
노들섬,POI092,원활,27.0,2026-10-05 14:05,1,99.0,,0.0,4.0,2,0,,,,,,,,,,,,,,,,,,450,500,900,950,70,80,100,150,10,20,40,50,0,10,10,20,20261005,2026-10-05 14:07
뚝섬한강공원,POI093,원활,48.0,2026-10-05 14:05,8,1342.0,671.0,1.0,1.0,1,0,3000,3100,3700,3800,250,300,500,550,70,80,150,200,40,50,100,150,20261005,0,0,0,0,0,0,0,0,0,0,0,0,0,0,0,0,20261005,2026-10-05 14:07
망원한강공원,POI094,원활,32.0,2026-10-05 14:05,2,458.0,0.0,2.0,10.0,0,0,9100,9200,12100,12200,850,900,1200,1300,250,300,400,450,100,150,150,200,20261005,1700,1800,2300,2400,150,200,250,300,60,70,90,100,10,20,30,40,20261005,2026-10-05 14:07
반포한강공원,POI095,원활,41.0,2026-10-05 14:05,9,1483.0,9.0,0.0,6.0,0,0,,,,,,,,,,,,,,,,,,60,70,150,200,10,20,20,30,0,0,0,0,0,0,0,0,20261005,2026-10-05 14:07
북서울꿈의숲,POI096,서행,20.0,2026-10-05 14:05,3,549.0,,0.0,17.0,0,0,,,,,,,,,,,,,,,,,,1000,1100,450,500,80,90,70,80,30,40,30,40,10,20,20,30,20261005,2026-10-05 14:07
서리풀공원·몽마르뜨공원,POI098,원활,25.0,2026-10-05 14:05,0,,,4.0,7.0,0,1,24900,25000,38100,38200,2900,3000,3900,4000,900,950,1200,1300,550,600,950,1000,20261005,5000,5100,6200,6300,600,650,600,650,200,250,200,250,100,150,80,90,20261005,2026-10-05 14:07
서울대공원,POI100,원활,25.0,2026-10-05 14:05,0,,,1.0,0.0,0,0,1100,1200,6000,6100,250,300,400,450,100,150,90,100,50,60,50,60,20261005,,,,,,,,,,,,,,,,,,2026-10-05 14:07
서울숲공원,POI101,원활,36.0,2026-10-05 14:05,2,996.0,,1.0,9.0,0,0,2100,2200,5000,5100,250,300,550,600,100,150,250,300,50,60,100,150,20261005,300,350,600,650,50,60,70,80,30,40,30,40,0,10,0,10,20261005,2026-10-05 14:07
아차산,POI102,원활,25.0,2026-10-05 14:05,0,,,0.0,3.0,0,0,,,,,,,,,,,,,,,,,,100,150,20,30,0,10,0,0,0,10,0,0,0,0,0,0,20261005,2026-10-05 14:07
양화한강공원,POI103,원활,38.0,2026-10-05 14:05,6,1002.0,500.0,0.0,5.0,0,0,,,,,,,,,,,,,,,,,,20,30,100,150,0,10,10,20,0,10,0,0,0,0,0,0,20261005,2026-10-05 14:07
어린이대공원,POI104,서행,18.0,2026-10-05 14:05,4,945.0,,2.0,9.0,0,0,9000,9100,9600,9700,800,850,850,900,250,300,200,250,150,200,200,250,20261005,800,850,900,950,60,70,80,90,20,30,10,20,10,20,0,10,20261005,2026-10-05 14:07
여의도한강공원,POI105,원활,35.0,2026-10-05 14:05,6,2866.0,1057.0,1.0,3.0,0,0,1700,1800,6000,6100,250,300,750,800,90,100,200,250,60,70,150,200,20261005,250,300,450,500,30,40,40,50,0,10,10,20,0,0,10,20,20261005,2026-10-05 14:07
월드컵공원,POI106,원활,31.0,2026-10-05 14:05,9,3537.0,,4.0,34.0,0,0,8100,8200,9600,9700,700,750,800,850,200,250,250,300,100,150,100,150,20261005,1300,1400,1500,1600,100,150,100,150,60,70,50,60,30,40,30,40,20261005,2026-10-05 14:07
응봉산,POI107,원활,25.0,2026-10-05 14:05,3,88.0,,1.0,24.0,0,0,800,850,350,400,60,70,40,50,20,30,10,20,10,20,0,0,20261005,1100,1200,700,750,100,150,60,70,40,50,20,30,10,20,0,10,20261005,2026-10-05 14:07
이촌한강공원,POI108,원활,43.0,2026-10-05 14:05,2,514.0,0.0,0.0,4.0,0,0,,,,,,,,,,,,,,,,,,0,10,60,70,0,0,0,10,0,0,0,0,0,0,0,0,20261005,2026-10-05 14:07
잠실종합운동장,POI109,서행,22.0,2026-10-05 14:05,1,876.0,,2.0,4.0,0,0,3800,3900,14200,14300,300,350,4200,4300,80,90,1000,1100,50,60,900,950,20261005,400,450,950,1000,20,30,200,250,0,10,100,150,0,0,40,50,20261005,2026-10-05 14:07
잠실한강공원,POI110,원활,39.0,2026-10-05 14:05,4,1326.0,140.0,1.0,9.0,0,0,3800,3900,2300,2400,300,350,200,250,70,80,50,60,20,30,20,30,20261005,70,80,350,400,10,20,40,50,0,10,10,20,0,0,0,10,20261005,2026-10-05 14:07
잠원한강공원,POI111,원활,42.0,2026-10-05 14:05,3,1540.0,0.0,0.0,5.0,0,0,,,,,,,,,,,,,,,,,,250,300,350,400,50,60,50,60,10,20,10,20,0,0,0,10,20261005,2026-10-05 14:07
청계산,POI112,원활,54.0,2026-10-05 14:05,0,,,0.0,9.0,0,0,,,,,,,,,,,,,,,,,,40,50,50,60,0,10,0,10,0,0,0,0,0,0,0,0,20261005,2026-10-05 14:07
북창동 먹자골목,POI114,정체,14.0,2026-10-05 14:05,20,552.0,0.0,0.0,11.0,0,0,,,,,,,,,,,,,,,,,,3400,3500,5600,5700,500,550,550,600,150,200,150,200,70,80,90,100,20261005,2026-10-05 14:07
남대문시장,POI115,정체,13.0,2026-10-05 14:05,16,1456.0,4.0,1.0,7.0,0,0,,,,,,,,,,,,,,,,,,2500,2600,5000,5100,400,450,450,500,150,200,150,200,80,90,100,150,20261005,2026-10-05 14:07
익선동,POI116,정체,13.0,2026-10-05 14:05,10,187.0,0.0,3.0,11.0,1,0,10100,10200,21800,21900,1200,1300,2100,2200,350,400,650,700,250,300,400,450,20261005,2200,2300,2800,2900,250,300,300,350,100,150,100,150,30,40,40,50,20261005,2026-10-05 14:07
신정네거리역,POI117,서행,18.0,2026-10-05 14:05,3,119.0,,1.0,9.0,0,0,,,,,,,,,,,,,,,,,,,,,,,,,,,,,,,,,,,2026-10-05 14:07
잠실새내역,POI118,서행,16.0,2026-10-05 14:05,31,1541.0,,1.0,18.0,0,0,6500,6600,5600,5700,650,700,650,700,300,350,450,500,250,300,350,400,20261005,2200,2300,2900,3000,300,350,350,400,100,150,100,150,30,40,30,40,20261005,2026-10-05 14:07
잠실역,POI119,서행,18.0,2026-10-05 14:05,5,6749.0,314.0,2.0,21.0,0,0,,,,,,,,,,,,,,,,,,4000,4100,9100,9200,500,550,900,950,150,200,300,350,80,90,100,150,20261005,2026-10-05 14:07
잠실롯데타워·석촌호수,POI120,서행,17.0,2026-10-05 14:05,33,9281.0,314.0,3.0,0.0,2,0,,,,,,,,,,,,,,,,,,,,,,,,,,,,,,,,,,,2026-10-05 14:07
송리단길·호수단길,POI121,서행,18.0,2026-10-05 14:05,21,878.0,,1.0,15.0,0,0,2300,2400,2700,2800,150,200,250,300,60,70,80,90,20,30,30,40,20261005,2100,2200,2900,3000,200,250,300,350,50,60,80,90,20,30,30,40,20261005,2026-10-05 14:07
신촌 스타광장,POI122,서행,15.0,2026-10-05 14:05,4,235.0,,1.0,4.0,0,0,,,,,,,,,,,,,,,,,,2000,2100,2400,2500,200,250,250,300,80,90,90,100,40,50,40,50,20261005,2026-10-05 14:07
보라매공원,POI123,서행,15.0,2026-10-05 14:05,1,78.0,,2.0,5.0,0,0,1700,1800,1700,1800,150,200,100,150,30,40,20,30,0,0,0,0,20261005,30,40,60,70,0,10,0,10,0,0,0,0,0,0,0,0,20261005,2026-10-05 14:07
서대문독립공원,POI124,원활,25.0,2026-10-05 14:05,2,150.0,,1.0,18.0,0,0,2800,2900,3000,3100,250,300,200,250,90,100,70,80,50,60,60,70,20261005,2100,2200,1800,1900,200,250,150,200,70,80,70,80,10,20,10,20,20261005,2026-10-05 14:07
안양천,POI125,원활,39.0,2026-10-05 14:05,1,294.0,,0.0,1.0,0,0,,,,,,,,,,,,,,,,,,0,10,0,0,0,0,0,0,0,0,0,0,0,0,0,0,20261005,2026-10-05 14:07
여의서로,POI126,원활,32.0,2026-10-05 14:05,2,168.0,38.0,0.0,0.0,0,0,,,,,,,,,,,,,,,,,,,,,,,,,,,,,,,,,,,2026-10-05 14:07
올림픽공원,POI127,서행,24.0,2026-10-05 14:05,4,2716.0,,4.0,17.0,4,0,,,,,,,,,,,,,,,,,,1200,1300,1500,1600,100,150,150,200,30,40,50,60,10,20,20,30,20261005,2026-10-05 14:07
홍제폭포,POI128,원활,29.0,2026-10-05 14:05,0,,,0.0,0.0,0,0,,,,,,,,,,,,,,,,,,,,,,,,,,,,,,,,,,,2026-10-05 14:07
송현녹지광장,POI129,정체,13.0,2026-10-05 14:05,4,1546.0,,1.0,25.0,5,0,4000,4100,13100,13200,600,650,1200,1300,150,200,300,350,60,70,50,60,20261005,3000,3100,5200,5300,400,450,450,500,150,200,150,200,70,80,90,100,20261005,2026-10-05 14:07
시의회 앞,POI130,서행,19.0,2026-10-05 14:05,9,1723.0,,3.0,25.0,3,0,8300,8400,31000,31100,1300,1400,2500,2600,400,450,850,900,250,300,550,600,20261005,3400,3500,6300,6400,500,550,700,750,200,250,150,200,100,150,80,90,20261005,2026-10-05 14:07
강남 MICE 관광특구,POI001,서행,16.0,2026-10-05 15:05,3,4428.0,,2.0,6.0,0,0,17500,17600,33800,33900,2200,2300,1700,1800,700,750,550,600,400,450,300,350,20261005,1800,1900,2000,2100,300,350,200,250,80,90,80,90,10,20,20,30,20261005,2026-10-05 15:07
동대문 관광특구,POI002,서행,16.0,2026-10-05 15:05,47,8302.0,258.0,7.0,32.0,4,0,33000,33100,43500,43600,3400,3500,3300,3400,1000,1100,950,1000,700,750,550,600,20261005,4900,5000,5300,5400,450,500,350,400,150,200,100,150,50,60,40,50,20261005,2026-10-05 15:07
명동 관광특구,POI003,정체,14.0,2026-10-05 15:05,93,12070.0,7.0,7.0,54.0,3,3,46100,46200,100200,100300,6200,6300,6200,6300,1800,1900,1900,2000,950,1000,900,950,20261005,13600,13700,21200,21300,1700,1800,1500,1600,550,600,450,500,200,250,200,250,20261005,2026-10-05 15:07
이태원 관광특구,POI004,서행,18.0,2026-10-05 15:05,8,853.0,,3.0,17.0,0,0,7800,7900,12600,12700,650,700,850,900,200,250,300,350,100,150,100,150,20261005,2200,2300,2500,2600,150,200,200,250,50,60,60,70,0,10,10,20,20261005,2026-10-05 15:07
잠실 관광특구,POI005,서행,21.0,2026-10-05 15:05,37,11997.0,323.0,6.0,50.0,6,0,33600,33700,48900,49000,3400,3500,4200,4300,1000,1100,1300,1400,650,700,800,850,20261005,6300,6400,10800,10900,800,850,850,900,250,300,250,300,150,200,100,150,20261005,2026-10-05 15:07
종로·청계 관광특구,POI006,정체,14.0,2026-10-05 15:05,48,2496.0,44.0,10.0,62.0,0,0,53200,53300,97800,97900,6900,7000,7200,7300,2100,2200,2000,2100,1200,1300,1200,1300,20261005,12300,12400,16000,16100,1400,1500,1400,1500,450,500,450,500,150,200,150,200,20261005,2026-10-05 15:07
홍대 관광특구,POI007,정체,14.0,2026-10-05 15:05,51,3098.0,,8.0,70.0,0,0,44500,44600,69300,69400,4400,4500,6500,6600,1400,1500,2000,2100,850,900,1200,1300,20261005,10000,10100,13400,13500,1100,1200,1300,1400,350,400,500,550,100,150,150,200,20261005,2026-10-05 15:07
경복궁,POI008,서행,15.0,2026-10-05 15:05,2,267.0,,1.0,11.0,0,0,6600,6700,15700,15800,1000,1100,1000,1100,300,350,150,200,100,150,150,200,20261005,750,800,1000,1100,100,150,90,100,20,30,20,30,10,20,10,20,20261005,2026-10-05 15:07
광화문·덕수궁,POI009,서행,15.0,2026-10-05 15:05,29,7988.0,489.0,4.0,41.0,5,3,18300,18400,51600,51700,2800,2900,3300,3400,950,1000,900,950,500,550,600,650,20261005,8600,8700,13200,13300,1000,1100,1100,1200,350,400,350,400,150,200,150,200,20261005,2026-10-05 15:07
보신각,POI010,정체,14.0,2026-10-05 15:05,14,2572.0,11.0,1.0,14.0,0,0,5100,5200,12700,12800,750,800,800,850,250,300,250,300,100,150,80,90,20261005,2700,2800,4000,4100,300,350,350,400,100,150,100,150,30,40,50,60,20261005,2026-10-05 15:07
서울 암사동 유적,POI011,서행,20.0,2026-10-05 15:05,1,108.0,,0.0,3.0,0,0,,,,,,,,,,,,,,,,,,30,40,10,20,0,0,0,0,0,0,0,0,0,0,0,0,20261005,2026-10-05 15:07
창덕궁·종묘,POI012,정체,13.0,2026-10-05 15:05,16,3155.0,896.0,4.0,19.0,1,0,21300,21400,39200,39300,2700,2800,2900,3000,800,850,850,900,450,500,650,700,20261005,2000,2100,3000,3100,250,300,200,250,100,150,60,70,50,60,20,30,20261005,2026-10-05 15:07
가산디지털단지역,POI013,서행,21.0,2026-10-05 15:05,20,8291.0,,2.0,71.0,0,0,7900,8000,10100,10200,700,750,700,750,150,200,250,300,100,150,200,250,20261005,2800,2900,4800,4900,250,300,350,400,100,150,90,100,40,50,40,50,20261005,2026-10-05 15:07
강남역,POI014,서행,17.0,2026-10-05 15:05,95,7876.0,,4.0,55.0,0,0,25900,26000,41800,41900,2700,2800,3000,3100,850,900,950,1000,500,550,700,750,20261005,10300,10400,10400,10500,950,1000,800,850,250,300,250,300,100,150,90,100,20261005,2026-10-05 15:07
건대입구역,POI015,서행,17.0,2026-10-05 15:05,23,6603.0,,2.0,11.0,1,0,14400,14500,15900,16000,1200,1300,1500,1600,300,350,500,550,150,200,150,200,20261005,1700,1800,2700,2800,150,200,200,250,50,60,70,80,20,30,30,40,20261005,2026-10-05 15:07
고덕역,POI016,서행,22.0,2026-10-05 15:05,15,1615.0,,1.0,5.0,0,0,3000,3100,2500,2600,200,250,150,200,60,70,90,100,40,50,70,80,20261005,700,750,750,800,90,100,80,90,40,50,20,30,30,40,10,20,20261005,2026-10-05 15:07
고속터미널역,POI017,서행,20.0,2026-10-05 15:05,3,4291.0,,3.0,10.0,0,0,28100,28200,41900,42000,3200,3300,3500,3600,1000,1100,1100,1200,700,750,550,600,20261005,6500,6600,8000,8100,700,750,700,750,200,250,250,300,60,70,80,90,20261005,2026-10-05 15:07
교대역,POI018,서행,18.0,2026-10-05 15:05,14,760.0,,2.0,13.0,0,0,7700,7800,9700,9800,800,850,600,650,250,300,250,300,150,200,100,150,20261005,1500,1600,1100,1200,150,200,100,150,60,70,40,50,30,40,30,40,20261005,2026-10-05 15:07
구로디지털단지역,POI019,서행,16.0,2026-10-05 15:05,20,6911.0,,1.0,29.0,0,0,18100,18200,10300,10400,950,1000,700,750,300,350,150,200,200,250,150,200,20261005,2500,2600,2100,2200,250,300,150,200,100,150,50,60,40,50,20,30,20261005,2026-10-05 15:07
구로역,POI020,원활,25.0,2026-10-05 15:05,3,1047.0,,1.0,5.0,0,0,6300,6400,5300,5400,450,500,350,400,100,150,100,150,100,150,100,150,20261005,650,700,1400,1500,70,80,70,80,20,30,40,50,0,0,0,10,20261005,2026-10-05 15:07
군자역,POI021,서행,17.0,2026-10-05 15:05,11,573.0,,2.0,16.0,0,0,9600,9700,6300,6400,600,650,550,600,150,200,150,200,80,90,30,40,20261005,2000,2100,2200,2300,150,200,150,200,60,70,60,70,10,20,10,20,20261005,2026-10-05 15:07
대림역,POI023,서행,18.0,2026-10-05 15:05,4,221.0,,2.0,29.0,0,0,15000,15100,10200,10300,800,850,750,800,200,250,250,300,150,200,150,200,20261005,2800,2900,3900,4000,200,250,200,250,80,90,90,100,20,30,10,20,20261005,2026-10-05 15:07
동대문역,POI024,정체,14.0,2026-10-05 15:05,17,892.0,0.0,2.0,7.0,0,0,13400,13500,19800,19900,1500,1600,1300,1400,450,500,300,350,300,350,150,200,20261005,2200,2300,2900,3000,150,200,150,200,60,70,70,80,20,30,10,20,20261005,2026-10-05 15:07
뚝섬역,POI025,서행,20.0,2026-10-05 15:05,9,767.0,,1.0,4.0,1,0,4300,4400,7700,7800,500,550,600,650,150,200,150,200,60,70,50,60,20261005,500,550,850,900,80,90,80,90,30,40,30,40,0,10,10,20,20261005,2026-10-05 15:07
미아사거리역,POI026,서행,15.0,2026-10-05 15:05,11,1409.0,,1.0,29.0,0,1,10700,10800,6700,6800,700,750,600,650,200,250,200,250,100,150,150,200,20261005,9400,9500,11400,11500,850,900,800,850,300,350,300,350,100,150,100,150,20261005,2026-10-05 15:07
발산역,POI027,서행,16.0,2026-10-05 15:05,13,2880.0,,1.0,37.0,0,0,5300,5400,6400,6500,400,450,400,450,100,150,150,200,90,100,100,150,20261005,2400,2500,3600,3700,250,300,300,350,90,100,100,150,40,50,70,80,20261005,2026-10-05 15:07
사당역,POI029,서행,18.0,2026-10-05 15:05,13,520.0,,2.0,17.0,1,0,22100,22200,18600,18700,1800,1900,1300,1400,600,650,350,400,400,450,300,350,20261005,2400,2500,3700,3800,200,250,150,200,80,90,60,70,20,30,20,30,20261005,2026-10-05 15:07
삼각지역,POI030,서행,21.0,2026-10-05 15:05,0,,,2.0,7.0,0,0,3600,3700,5100,5200,400,450,350,400,100,150,100,150,50,60,60,70,20261005,2200,2300,2300,2400,150,200,200,250,50,60,80,90,10,20,30,40,20261005,2026-10-05 15:07
서울대입구역,POI031,서행,17.0,2026-10-05 15:05,2,52.0,,1.0,15.0,0,0,16700,16800,9800,9900,1000,1100,850,900,300,350,200,250,100,150,60,70,20261005,7800,7900,9100,9200,600,650,650,700,200,250,200,250,90,100,50,60,20261005,2026-10-05 15:07
서울식물원·마곡나루역,POI032,서행,16.0,2026-10-05 15:05,2,2651.0,,2.0,15.0,2,0,6000,6100,7200,7300,550,600,450,500,100,150,150,200,80,90,60,70,20261005,600,650,1000,1100,70,80,60,70,10,20,20,30,0,10,0,0,20261005,2026-10-05 15:07
서울역,POI033,서행,17.0,2026-10-05 15:05,23,3968.0,0.0,8.0,34.0,1,0,61800,61900,88200,88300,5200,5300,5100,5200,1500,1600,1600,1700,750,800,700,750,20261005,9900,10000,11300,11400,850,900,650,700,250,300,250,300,100,150,100,150,20261005,2026-10-05 15:07
선릉역,POI034,서행,17.0,2026-10-05 15:05,94,11160.0,28.0,4.0,20.0,0,0,20100,20200,35000,35100,2200,2300,1800,1900,750,800,600,650,400,450,350,400,20261005,2700,2800,2700,2800,200,250,200,250,80,90,60,70,30,40,20,30,20261005,2026-10-05 15:07
성신여대입구역,POI035,서행,16.0,2026-10-05 15:05,2,38.0,,2.0,9.0,0,0,9400,9500,7600,7700,750,800,700,750,200,250,250,300,150,200,150,200,20261005,4800,4900,5900,6000,500,550,500,550,150,200,150,200,70,80,70,80,20261005,2026-10-05 15:07
수유역,POI036,서행,15.0,2026-10-05 15:05,8,802.0,,1.0,32.0,0,0,15200,15300,7900,8000,900,950,650,700,250,300,150,200,100,150,50,60,20261005,10200,10300,13100,13200,800,850,950,1000,300,350,350,400,150,200,200,250,20261005,2026-10-05 15:07
신논현역·논현역,POI037,서행,17.0,2026-10-05 15:05,32,1053.0,,3.0,13.0,0,0,11800,11900,17100,17200,1100,1200,1100,1200,350,400,350,400,200,250,200,250,20261005,3500,3600,3300,3400,250,300,250,300,90,100,100,150,30,40,20,30,20261005,2026-10-05 15:07
신도림역,POI038,원활,39.0,2026-10-05 15:05,1,1644.0,,2.0,2.0,0,0,16300,16400,12600,12700,1100,1200,1100,1200,300,350,300,350,200,250,250,300,20261005,1000,1100,2500,2600,70,80,100,150,10,20,20,30,10,20,0,10,20261005,2026-10-05 15:07
신림역,POI039,정체,14.0,2026-10-05 15:05,2,282.0,,2.0,15.0,0,0,24300,24400,11400,11500,1300,1400,1200,1300,350,400,400,450,200,250,200,250,20261005,8300,8400,13400,13500,750,800,800,850,250,300,200,250,100,150,100,150,20261005,2026-10-05 15:07
신촌·이대역,POI040,서행,16.0,2026-10-05 15:05,25,1943.0,194.0,4.0,41.0,0,0,16400,16500,17200,17300,1400,1500,1400,1500,450,500,450,500,250,300,300,350,20261005,8700,8800,10000,10100,900,950,750,800,300,350,250,300,150,200,100,150,20261005,2026-10-05 15:07
양재역,POI041,서행,24.0,2026-10-05 15:05,16,1881.0,,2.0,27.0,0,0,7800,7900,10300,10400,700,750,550,600,200,250,150,200,150,200,70,80,20261005,4600,4700,4400,4500,350,400,250,300,100,150,100,150,60,70,40,50,20261005,2026-10-05 15:07
역삼역,POI042,서행,17.0,2026-10-05 15:05,47,7473.0,1.0,1.0,10.0,0,0,5000,5100,8900,9000,450,500,650,700,100,150,200,250,50,60,70,80,20261005,1900,2000,2400,2500,150,200,200,250,40,50,60,70,20,30,20,30,20261005,2026-10-05 15:07
연신내역,POI043,서행,15.0,2026-10-05 15:05,5,208.0,,3.0,14.0,0,0,18800,18900,12000,12100,1000,1100,950,1000,300,350,300,350,100,150,100,150,20261005,3700,3800,4500,4600,350,400,250,300,100,150,80,90,40,50,30,40,20261005,2026-10-05 15:07
오목교역·목동운동장,POI044,원활,26.0,2026-10-05 15:05,14,5304.0,,1.0,33.0,0,0,5500,5600,6800,6900,500,550,450,500,100,150,150,200,90,100,100,150,20261005,5400,5500,7800,7900,550,600,600,650,150,200,200,250,60,70,100,150,20261005,2026-10-05 15:07
왕십리역,POI045,서행,18.0,2026-10-05 15:05,4,1478.0,,5.0,22.0,0,0,14900,15000,14200,14300,1300,1400,1400,1500,350,400,500,550,200,250,300,350,20261005,1700,1800,2700,2800,200,250,150,200,80,90,40,50,50,60,20,30,20261005,2026-10-05 15:07
용산역,POI046,서행,21.0,2026-10-05 15:05,11,5014.0,97.0,2.0,33.0,0,0,19400,19500,35700,35800,2200,2300,2800,2900,600,650,700,750,500,550,550,600,20261005,4100,4200,3800,3900,500,550,300,350,200,250,80,90,60,70,20,30,20261005,2026-10-05 15:07
이태원역,POI047,서행,16.0,2026-10-05 15:05,4,66.0,,1.0,9.0,0,0,4700,4800,4400,4500,250,300,300,350,70,80,100,150,50,60,90,100,20261005,1300,1400,1200,1300,100,150,90,100,40,50,20,30,0,0,0,10,20261005,2026-10-05 15:07
장지역,POI048,서행,19.0,2026-10-05 15:05,4,10611.0,,1.0,20.0,0,0,4900,5000,4900,5000,400,450,300,350,100,150,80,90,80,90,20,30,20261005,1800,1900,2600,2700,200,250,200,250,100,150,70,80,60,70,30,40,20261005,2026-10-05 15:07
장한평역,POI049,서행,23.0,2026-10-05 15:05,15,847.0,,1.0,16.0,0,0,6300,6400,4500,4600,400,450,300,350,100,150,100,150,90,100,90,100,20261005,3900,4000,5100,5200,250,300,300,350,90,100,90,100,60,70,40,50,20261005,2026-10-05 15:07
천호역,POI050,서행,17.0,2026-10-05 15:05,14,3331.0,,2.0,12.0,0,0,13600,13700,13000,13100,1100,1200,1000,1100,350,400,300,350,200,250,150,200,20261005,1300,1400,2500,2600,100,150,150,200,60,70,90,100,10,20,40,50,20261005,2026-10-05 15:07
총신대입구(이수)역,POI051,서행,17.0,2026-10-05 15:05,7,533.0,,2.0,18.0,0,0,12200,12300,10400,10500,900,950,950,1000,250,300,350,400,100,150,200,250,20261005,4100,4200,4200,4300,400,450,300,350,100,150,80,90,60,70,40,50,20261005,2026-10-05 15:07
충정로역,POI052,서행,24.0,2026-10-05 15:05,5,834.0,,2.0,19.0,0,0,3500,3600,2800,2900,250,300,150,200,70,80,50,60,40,50,40,50,20261005,2100,2200,1700,1800,150,200,100,150,50,60,40,50,20,30,10,20,20261005,2026-10-05 15:07
합정역,POI053,서행,20.0,2026-10-05 15:05,6,207.0,,2.0,30.0,0,0,11200,11300,14900,15000,1000,1100,1200,1300,300,350,400,450,150,200,200,250,20261005,3300,3400,3800,3900,350,400,350,400,100,150,100,150,70,80,40,50,20261005,2026-10-05 15:07
혜화역,POI054,서행,17.0,2026-10-05 15:05,24,955.0,,1.0,12.0,2,0,5700,5800,15600,15700,650,700,1400,1500,200,250,400,450,150,200,300,350,20261005,3500,3600,5000,5100,300,350,400,450,100,150,150,200,60,70,60,70,20261005,2026-10-05 15:07
홍대입구역(2호선),POI055,정체,14.0,2026-10-05 15:05,16,1196.0,,1.0,17.0,0,0,19000,19100,34100,34200,2000,2100,3200,3300,650,700,1000,1100,400,450,500,550,20261005,5800,5900,8300,8400,650,700,750,800,200,250,250,300,50,60,60,70,20261005,2026-10-05 15:07
회기역,POI056,서행,19.0,2026-10-05 15:05,21,408.0,,1.0,22.0,0,0,10300,10400,5600,5700,700,750,500,550,150,200,150,200,150,200,150,200,20261005,6100,6200,6200,6300,450,500,450,500,150,200,150,200,80,90,70,80,20261005,2026-10-05 15:07
가락시장,POI058,서행,24.0,2026-10-05 15:05,4,2884.0,,2.0,16.0,0,0,5800,5900,5200,5300,450,500,350,400,150,200,70,80,80,90,40,50,20261005,3000,3100,2200,2300,250,300,100,150,80,90,40,50,20,30,10,20,20261005,2026-10-05 15:07
가로수길,POI059,서행,24.0,2026-10-05 15:05,51,2767.0,177.0,2.0,14.0,0,0,10200,10300,20700,20800,1100,1200,1200,1300,350,400,350,400,200,250,250,300,20261005,1800,1900,2900,3000,200,250,250,300,60,70,100,150,30,40,30,40,20261005,2026-10-05 15:07
광장(전통)시장,POI060,정체,14.0,2026-10-05 15:05,7,103.0,6.0,1.0,11.0,0,0,7700,7800,13100,13200,950,1000,800,850,250,300,200,250,100,150,200,250,20261005,2800,2900,4000,4100,400,450,300,350,150,200,100,150,70,80,40,50,20261005,2026-10-05 15:07
김포공항,POI061,원활,29.0,2026-10-05 15:05,6,16594.0,,6.0,27.0,0,0,11200,11300,15500,15600,950,1000,1200,1300,300,350,400,450,200,250,250,300,20261005,800,850,1300,1400,80,90,100,150,20,30,20,30,10,20,10,20,20261005,2026-10-05 15:07
노량진,POI063,서행,22.0,2026-10-05 15:05,11,1218.0,,3.0,22.0,1,0,15900,16000,14700,14800,1200,1300,1000,1100,350,400,200,250,250,300,150,200,20261005,6300,6400,10000,10100,700,750,600,650,250,300,200,250,150,200,100,150,20261005,2026-10-05 15:07
덕수궁길·정동길,POI064,서행,16.0,2026-10-05 15:05,10,620.0,,3.0,10.0,0,1,10800,10900,20500,20600,1300,1400,1100,1200,400,450,350,400,250,300,200,250,20261005,1600,1700,2100,2200,100,150,150,200,40,50,30,40,10,20,10,20,20261005,2026-10-05 15:07
북촌한옥마을,POI066,서행,15.0,2026-10-05 15:05,16,1756.0,,1.0,55.0,5,0,5700,5800,15500,15600,950,1000,1100,1200,250,300,350,400,100,150,300,350,20261005,4800,4900,7500,7600,600,650,600,650,200,250,150,200,100,150,60,70,20261005,2026-10-05 15:07
서촌,POI067,서행,16.0,2026-10-05 15:05,9,308.0,,1.0,32.0,0,0,6600,6700,15700,15800,1000,1100,1000,1100,300,350,150,200,100,150,150,200,20261005,4900,5000,5900,6000,500,550,500,550,150,200,200,250,80,90,50,60,20261005,2026-10-05 15:07
성수카페거리,POI068,서행,15.0,2026-10-05 15:05,28,2824.0,,2.0,35.0,1,0,13600,13700,39300,39400,2100,2200,3400,3500,650,700,1100,1200,350,400,650,700,20261005,1300,1400,2100,2200,100,150,150,200,40,50,40,50,20,30,10,20,20261005,2026-10-05 15:07
쌍문역,POI070,서행,18.0,2026-10-05 15:05,8,345.0,,1.0,18.0,0,0,12800,12900,5000,5100,600,650,450,500,150,200,150,200,100,150,100,150,20261005,4300,4400,6600,6700,300,350,400,450,150,200,150,200,40,50,50,60,20261005,2026-10-05 15:07
압구정로데오거리,POI071,서행,18.0,2026-10-05 15:05,55,1976.0,2.0,1.0,16.0,1,0,2900,3000,8100,8200,400,450,450,500,100,150,100,150,100,150,100,150,20261005,2700,2800,4600,4700,300,350,300,350,80,90,100,150,30,40,40,50,20261005,2026-10-05 15:07
여의도,POI072,서행,23.0,2026-10-05 15:05,116,24820.0,1258.0,9.0,63.0,2,0,22700,22800,33300,33400,2100,2200,2600,2700,600,650,950,1000,400,450,600,650,20261005,10100,10200,16100,16200,950,1000,1200,1300,350,400,450,500,150,200,200,250,20261005,2026-10-05 15:07
연남동,POI073,서행,16.0,2026-10-05 15:05,45,132.0,,0.0,20.0,0,0,,,,,,,,,,,,,,,,,,2500,2600,2900,3000,200,250,250,300,90,100,100,150,30,40,40,50,20261005,2026-10-05 15:07
영등포 타임스퀘어,POI074,서행,15.0,2026-10-05 15:05,10,1195.0,171.0,3.0,24.0,1,0,18200,18300,21800,21900,1500,1600,1600,1700,400,450,400,450,400,450,400,450,20261005,6200,6300,10500,10600,700,750,900,950,200,250,300,350,70,80,90,100,20261005,2026-10-05 15:07
용리단길,POI076,서행,21.0,2026-10-05 15:05,0,,,3.0,7.0,0,0,8400,8500,15100,15200,1000,1100,1200,1300,300,350,450,500,100,150,250,300,20261005,1300,1400,3400,3500,150,200,350,400,40,50,100,150,10,20,40,50,20261005,2026-10-05 15:07
이태원 앤틱가구거리,POI077,서행,19.0,2026-10-05 15:05,4,51.0,,1.0,13.0,0,0,4700,4800,4400,4500,250,300,300,350,70,80,100,150,50,60,90,100,20261005,1300,1400,1300,1400,100,150,100,150,20,30,30,40,0,10,10,20,20261005,2026-10-05 15:07
인사동,POI078,정체,13.0,2026-10-05 15:05,21,2465.0,1.0,2.0,26.0,3,0,10900,11000,28300,28400,1700,1800,1900,2000,550,600,600,650,200,250,350,400,20261005,4900,5000,6000,6100,550,600,600,650,150,200,150,200,50,60,60,70,20261005,2026-10-05 15:07
창동 신경제 중심지,POI079,서행,17.0,2026-10-05 15:05,46,4927.0,36.0,4.0,55.0,5,0,24800,24900,22600,22700,1700,1800,1900,2000,500,550,650,700,250,300,400,450,20261005,6500,6600,9600,9700,700,750,750,800,200,250,250,300,100,150,100,150,20261005,2026-10-05 15:07
청담동 명품거리,POI080,서행,19.0,2026-10-05 15:05,16,910.0,,1.0,10.0,0,0,2900,3000,8100,8200,400,450,450,500,100,150,100,150,100,150,100,150,20261005,1200,1300,1700,1800,100,150,100,150,40,50,40,50,10,20,10,20,20261005,2026-10-05 15:07
청량리 제기동 일대 전통시장,POI081,서행,17.0,2026-10-05 15:05,12,2214.0,,2.0,23.0,0,0,17900,18000,20400,20500,1700,1800,1700,1800,500,550,400,450,200,250,250,300,20261005,13100,13200,14800,14900,1300,1400,1000,1100,400,450,300,350,200,250,150,200,20261005,2026-10-05 15:07
해방촌·경리단길,POI082,원활,27.0,2026-10-05 15:05,4,273.0,,0.0,26.0,0,0,,,,,,,,,,,,,,,,,,3300,3400,3000,3100,250,300,300,350,100,150,100,150,40,50,50,60,20261005,2026-10-05 15:07
DDP(동대문디자인플라자),POI083,서행,17.0,2026-10-05 15:05,9,2596.0,250.0,3.0,11.0,3,0,12200,12300,15900,16000,1200,1300,1300,1400,400,450,400,450,250,300,250,300,20261005,1300,1400,2200,2300,100,150,150,200,30,40,30,40,10,20,10,20,20261005,2026-10-05 15:07
DMC(디지털미디어시티),POI084,서행,22.0,2026-10-05 15:05,25,9176.0,,4.0,68.0,0,0,7900,8000,6300,6400,450,500,450,500,100,150,100,150,80,90,70,80,20261005,3000,3100,3900,4000,200,250,250,300,80,90,90,100,40,50,30,40,20261005,2026-10-05 15:07
강서한강공원,POI085,원활,56.0,2026-10-05 15:05,2,106.0,53.0,0.0,1.0,0,0,,,,,,,,,,,,,,,,,,0,0,0,0,0,0,0,0,0,0,0,0,0,0,0,0,20261005,2026-10-05 15:07
고척돔,POI086,원활,29.0,2026-10-05 15:05,0,,,1.0,3.0,3,0,2600,2700,1300,1400,150,200,100,150,50,60,60,70,50,60,60,70,20261005,1200,1300,1000,1100,80,90,80,90,30,40,20,30,10,20,0,10,20261005,2026-10-05 15:07
광나루한강공원,POI087,원활,59.0,2026-10-05 15:05,4,718.0,359.0,0.0,0.0,0,0,,,,,,,,,,,,,,,,,,,,,,,,,,,,,,,,,,,2026-10-05 15:07
광화문광장,POI088,서행,18.0,2026-10-05 15:05,3,2932.0,489.0,2.0,12.0,1,0,10400,10500,28500,28600,1600,1700,1800,1900,500,550,450,500,250,300,300,350,20261005,3800,3900,5400,5500,500,550,400,450,150,200,100,150,90,100,80,90,20261005,2026-10-05 15:07
국립중앙박물관·용산가족공원,POI089,원활,34.0,2026-10-05 15:05,4,931.0,,3.0,3.0,1,0,6200,6300,9400,9500,800,850,850,900,250,300,300,350,150,200,200,250,20261005,250,300,450,500,20,30,30,40,0,0,0,0,0,0,0,0,20261005,2026-10-05 15:07
난지한강공원,POI090,원활,47.0,2026-10-05 15:05,4,1240.0,0.0,0.0,7.0,0,0,,,,,,,,,,,,,,,,,,50,60,30,40,0,10,0,0,0,10,0,0,0,0,0,0,20261005,2026-10-05 15:07
남산공원,POI091,원활,28.0,2026-10-05 15:05,33,2148.0,23.0,5.0,37.0,2,0,21200,21300,38800,38900,1900,2000,2300,2400,600,650,600,650,300,350,250,300,20261005,6600,6700,7500,7600,800,850,850,900,200,250,250,300,90,100,90,100,20261005,2026-10-05 15:07
노들섬,POI092,원활,27.0,2026-10-05 15:05,1,99.0,,0.0,4.0,2,0,,,,,,,,,,,,,,,,,,700,750,1300,1400,150,200,150,200,80,90,60,70,50,60,30,40,20261005,2026-10-05 15:07
뚝섬한강공원,POI093,원활,46.0,2026-10-05 15:05,8,1342.0,671.0,1.0,1.0,1,0,3700,3800,4900,5000,350,400,600,650,100,150,150,200,80,90,90,100,20261005,0,0,0,0,0,0,0,0,0,0,0,0,0,0,0,0,20261005,2026-10-05 15:07
망원한강공원,POI094,원활,35.0,2026-10-05 15:05,2,458.0,0.0,2.0,10.0,0,0,11200,11300,14900,15000,1000,1100,1200,1300,300,350,400,450,150,200,200,250,20261005,2300,2400,2800,2900,250,300,250,300,100,150,90,100,50,60,20,30,20261005,2026-10-05 15:07
반포한강공원,POI095,원활,43.0,2026-10-05 15:05,9,1483.0,9.0,0.0,6.0,0,0,,,,,,,,,,,,,,,,,,90,100,200,250,20,30,20,30,0,10,10,20,0,0,0,0,20261005,2026-10-05 15:07
북서울꿈의숲,POI096,서행,19.0,2026-10-05 15:05,3,549.0,,0.0,17.0,0,0,,,,,,,,,,,,,,,,,,1100,1200,550,600,70,80,50,60,20,30,20,30,10,20,0,10,20261005,2026-10-05 15:07
서리풀공원·몽마르뜨공원,POI098,원활,25.0,2026-10-05 15:05,0,,,4.0,7.0,0,0,31900,32000,45800,45900,3500,3600,3700,3800,1100,1200,1200,1300,750,800,600,650,20261005,6300,6400,7500,7600,650,700,650,700,200,250,250,300,50,60,80,90,20261005,2026-10-05 15:07
서울대공원,POI100,원활,29.0,2026-10-05 15:05,0,,,1.0,0.0,0,0,1700,1800,6900,7000,350,400,350,400,100,150,80,90,100,150,80,90,20261005,,,,,,,,,,,,,,,,,,2026-10-05 15:07
서울숲공원,POI101,원활,36.0,2026-10-05 15:05,2,996.0,,1.0,9.0,0,0,2900,3000,6100,6200,450,500,550,600,150,200,100,150,150,200,100,150,20261005,400,450,800,850,60,70,100,150,30,40,60,70,10,20,40,50,20261005,2026-10-05 15:07
아차산,POI102,원활,29.0,2026-10-05 15:05,0,,,0.0,3.0,0,0,,,,,,,,,,,,,,,,,,100,150,30,40,10,20,0,0,0,0,0,0,0,0,0,0,20261005,2026-10-05 15:07
양화한강공원,POI103,원활,34.0,2026-10-05 15:05,6,1002.0,487.0,0.0,5.0,0,0,,,,,,,,,,,,,,,,,,40,50,100,150,0,10,10,20,0,0,0,10,0,0,0,0,20261005,2026-10-05 15:07
어린이대공원,POI104,서행,17.0,2026-10-05 15:05,4,945.0,,2.0,9.0,0,0,10800,10900,11500,11600,900,950,900,950,300,350,250,300,150,200,150,200,20261005,950,1000,1000,1100,60,70,70,80,20,30,30,40,0,10,10,20,20261005,2026-10-05 15:07
여의도한강공원,POI105,원활,36.0,2026-10-05 15:05,6,2866.0,1179.0,1.0,3.0,0,0,2400,2500,7800,7900,450,500,900,950,100,150,400,450,80,90,200,250,20261005,350,400,600,650,60,70,70,80,20,30,30,40,10,20,20,30,20261005,2026-10-05 15:07
월드컵공원,POI106,원활,32.0,2026-10-05 15:05,9,3537.0,,4.0,34.0,0,0,9700,9800,11100,11200,800,850,700,750,200,250,200,250,100,150,80,90,20261005,1700,1800,1800,1900,150,200,150,200,40,50,60,70,10,20,20,30,20261005,2026-10-05 15:07
응봉산,POI107,서행,23.0,2026-10-05 15:05,3,88.0,,1.0,24.0,0,0,850,900,450,500,30,40,50,60,0,10,10,20,0,10,10,20,20261005,1300,1400,850,900,80,90,80,90,30,40,20,30,20,30,10,20,20261005,2026-10-05 15:07
이촌한강공원,POI108,원활,42.0,2026-10-05 15:05,2,514.0,0.0,0.0,4.0,0,0,,,,,,,,,,,,,,,,,,10,20,70,80,0,10,10,20,0,10,0,10,0,10,0,10,20261005,2026-10-05 15:07
잠실종합운동장,POI109,서행,20.0,2026-10-05 15:05,1,876.0,,2.0,4.0,0,0,4400,4500,16400,16500,250,300,450,500,70,80,90,100,50,60,60,70,20261005,450,500,1100,1200,40,50,60,70,10,20,10,20,0,10,0,0,20261005,2026-10-05 15:07
잠실한강공원,POI110,원활,41.0,2026-10-05 15:05,4,1326.0,140.0,1.0,9.0,0,0,4400,4500,2800,2900,250,300,250,300,90,100,70,80,30,40,20,30,20261005,100,150,400,450,10,20,30,40,0,10,10,20,0,10,10,20,20261005,2026-10-05 15:07
잠원한강공원,POI111,원활,36.0,2026-10-05 15:05,3,1540.0,0.0,0.0,5.0,0,0,,,,,,,,,,,,,,,,,,300,350,450,500,30,40,50,60,10,20,10,20,0,10,0,10,20261005,2026-10-05 15:07
청계산,POI112,원활,51.0,2026-10-05 15:05,0,,,0.0,9.0,0,0,,,,,,,,,,,,,,,,,,40,50,60,70,0,0,0,10,0,0,0,0,0,0,0,0,20261005,2026-10-05 15:07
북창동 먹자골목,POI114,정체,11.0,2026-10-05 15:05,20,552.0,0.0,0.0,11.0,0,0,,,,,,,,,,,,,,,,,,4600,4700,6700,6800,650,700,500,550,150,200,100,150,70,80,60,70,20261005,2026-10-05 15:07
남대문시장,POI115,정체,12.0,2026-10-05 15:05,16,1456.0,4.0,1.0,7.0,0,0,,,,,,,,,,,,,,,,,,3500,3600,5900,6000,500,550,400,450,100,150,100,150,40,50,50,60,20261005,2026-10-05 15:07
익선동,POI116,정체,12.0,2026-10-05 15:05,10,187.0,1.0,3.0,11.0,1,0,13500,13600,26100,26200,1700,1800,2000,2100,500,550,600,650,350,400,450,500,20261005,2800,2900,3400,3500,300,350,250,300,100,150,70,80,10,20,10,20,20261005,2026-10-05 15:07
신정네거리역,POI117,서행,16.0,2026-10-05 15:05,3,119.0,,1.0,9.0,0,0,,,,,,,,,,,,,,,,,,,,,,,,,,,,,,,,,,,2026-10-05 15:07
잠실새내역,POI118,서행,17.0,2026-10-05 15:05,31,1541.0,,1.0,18.0,0,0,7100,7200,6200,6300,300,350,200,250,100,150,70,80,80,90,50,60,20261005,2800,2900,3600,3700,200,250,250,300,80,90,80,90,20,30,30,40,20261005,2026-10-05 15:07
잠실역,POI119,서행,18.0,2026-10-05 15:05,5,6749.0,323.0,2.0,21.0,0,0,,,,,,,,,,,,,,,,,,5400,5500,10800,10900,750,800,850,900,250,300,250,300,100,150,100,150,20261005,2026-10-05 15:07
잠실롯데타워·석촌호수,POI120,서행,18.0,2026-10-05 15:05,33,9281.0,323.0,3.0,0.0,2,0,,,,,,,,,,,,,,,,,,,,,,,,,,,,,,,,,,,2026-10-05 15:07
송리단길·호수단길,POI121,서행,18.0,2026-10-05 15:05,21,878.0,,1.0,15.0,0,0,2700,2800,3300,3400,200,250,200,250,60,70,90,100,20,30,0,0,20261005,2500,2600,3600,3700,200,250,250,300,70,80,90,100,10,20,20,30,20261005,2026-10-05 15:07
신촌 스타광장,POI122,서행,15.0,2026-10-05 15:05,4,235.0,,1.0,4.0,0,0,,,,,,,,,,,,,,,,,,2400,2500,2900,3000,200,250,200,250,80,90,70,80,50,60,30,40,20261005,2026-10-05 15:07
보라매공원,POI123,정체,13.0,2026-10-05 15:05,1,78.0,,2.0,5.0,0,0,2100,2200,2100,2200,100,150,150,200,80,90,100,150,40,50,50,60,20261005,50,60,70,80,0,0,0,10,0,0,0,0,0,0,0,0,20261005,2026-10-05 15:07
서대문독립공원,POI124,원활,26.0,2026-10-05 15:05,2,150.0,,1.0,18.0,0,0,3500,3600,3400,3500,300,350,200,250,70,80,50,60,50,60,20,30,20261005,2500,2600,2200,2300,200,250,150,200,70,80,60,70,20,30,20,30,20261005,2026-10-05 15:07
안양천,POI125,원활,38.0,2026-10-05 15:05,1,294.0,,0.0,1.0,0,0,,,,,,,,,,,,,,,,,,0,10,0,0,0,0,0,0,0,0,0,0,0,0,0,0,20261005,2026-10-05 15:07
여의서로,POI126,원활,32.0,2026-10-05 15:05,2,168.0,38.0,0.0,0.0,0,0,,,,,,,,,,,,,,,,,,,,,,,,,,,,,,,,,,,2026-10-05 15:07
올림픽공원,POI127,원활,25.0,2026-10-05 15:05,4,2716.0,,4.0,17.0,4,0,,,,,,,,,,,,,,,,,,1500,1600,1900,2000,150,200,150,200,40,50,50,60,10,20,20,30,20261005,2026-10-05 15:07
홍제폭포,POI128,원활,26.0,2026-10-05 15:05,0,,,0.0,0.0,0,0,,,,,,,,,,,,,,,,,,,,,,,,,,,,,,,,,,,2026-10-05 15:07
송현녹지광장,POI129,정체,12.0,2026-10-05 15:05,4,1546.0,,1.0,25.0,5,0,5700,5800,15500,15600,950,1000,1100,1200,250,300,350,400,100,150,300,350,20261005,4100,4200,6100,6200,500,550,450,500,150,200,100,150,90,100,50,60,20261005,2026-10-05 15:07
시의회 앞,POI130,서행,16.0,2026-10-05 15:05,9,1723.0,,3.0,25.0,3,0,11600,11700,35800,35900,1800,1900,2200,2300,600,650,750,800,350,400,450,500,20261005,4500,4600,7700,7800,550,600,700,750,150,200,200,250,70,80,100,150,20261005,2026-10-05 15:07
강남 MICE 관광특구,POI001,서행,16.0,2026-10-05 16:05,3,4428.0,,2.0,6.0,0,0,21800,21900,36900,37000,2200,2300,1500,1600,700,750,400,450,400,450,250,300,20261005,2200,2300,2200,2300,200,250,100,150,70,80,40,50,30,40,10,20,20261005,2026-10-05 16:07
동대문 관광특구,POI002,서행,16.0,2026-10-05 16:05,47,8302.0,235.0,7.0,32.0,4,0,40800,40900,49500,49600,3800,3900,2800,2900,1100,1200,900,950,750,800,600,650,20261005,5900,6000,6200,6300,450,500,350,400,100,150,100,150,40,50,50,60,20261005,2026-10-05 16:07
명동 관광특구,POI003,서행,15.0,2026-10-05 16:05,93,12070.0,7.0,7.0,54.0,3,2,62300,62400,113000,113100,8600,8700,7500,7600,2300,2400,1600,1700,1200,1300,900,950,20261005,17600,17700,24500,24600,1900,2000,1600,1700,650,700,600,650,250,300,200,250,20261005,2026-10-05 16:07
이태원 관광특구,POI004,서행,19.0,2026-10-05 16:05,8,853.0,,3.0,17.0,0,0,9400,9500,14700,14800,850,900,1000,1100,200,250,300,350,150,200,200,250,20261005,2700,2800,3100,3200,250,300,250,300,70,80,100,150,0,10,20,30,20261005,2026-10-05 16:07
잠실 관광특구,POI005,서행,20.0,2026-10-05 16:05,37,11997.0,307.0,6.0,50.0,6,0,41700,41800,57100,57200,4300,4400,4000,4100,1200,1300,1000,1100,800,850,500,550,20261005,8100,8200,12700,12800,1000,1100,900,950,400,450,300,350,150,200,150,200,20261005,2026-10-05 16:07
종로·청계 관광특구,POI006,서행,16.0,2026-10-05 16:05,48,2496.0,44.0,10.0,62.0,0,0,70500,70600,110800,110900,8300,8400,5900,6000,2500,2600,1700,1800,1400,1500,900,950,20261005,15500,15600,18600,18700,1600,1700,1300,1400,550,600,450,500,200,250,200,250,20261005,2026-10-05 16:07
홍대 관광특구,POI007,정체,14.0,2026-10-05 16:05,51,3098.0,,8.0,70.0,0,0,54600,54700,82700,82800,5100,5200,6300,6400,1500,1600,1900,2000,850,900,1100,1200,20261005,12500,12600,15800,15900,1200,1300,1100,1200,400,450,350,400,150,200,100,150,20261005,2026-10-05 16:07
경복궁,POI008,서행,16.0,2026-10-05 16:05,2,267.0,,1.0,11.0,0,0,9100,9200,17700,17800,1200,1300,800,850,350,400,250,300,150,200,40,50,20261005,1000,1100,1200,1300,150,200,90,100,30,40,30,40,20,30,10,20,20261005,2026-10-05 16:07
광화문·덕수궁,POI009,서행,16.0,2026-10-05 16:05,29,7988.0,449.0,4.0,41.0,5,2,26200,26300,57600,57700,3800,3900,2700,2800,1200,1300,750,800,650,700,350,400,20261005,11100,11200,15500,15600,1200,1300,1100,1200,400,450,400,450,150,200,150,200,20261005,2026-10-05 16:07
보신각,POI010,서행,15.0,2026-10-05 16:05,14,2572.0,11.0,1.0,14.0,0,0,7200,7300,14100,14200,1000,1100,600,650,250,300,200,250,100,150,70,80,20261005,3500,3600,4600,4700,350,400,250,300,100,150,70,80,60,70,30,40,20261005,2026-10-05 16:07
서울 암사동 유적,POI011,서행,22.0,2026-10-05 16:05,1,108.0,,0.0,3.0,0,0,,,,,,,,,,,,,,,,,,40,50,20,30,0,0,0,0,0,0,0,0,0,0,0,0,20261005,2026-10-05 16:07
창덕궁·종묘,POI012,서행,16.0,2026-10-05 16:05,16,3155.0,829.0,4.0,19.0,1,0,28400,28500,44600,44700,3400,3500,2400,2500,1000,1100,700,750,550,600,400,450,20261005,2500,2600,3500,3600,200,250,200,250,70,80,80,90,30,40,40,50,20261005,2026-10-05 16:07
가산디지털단지역,POI013,서행,22.0,2026-10-05 16:05,20,8291.0,,2.0,71.0,0,1,9400,9500,11400,11500,750,800,650,700,200,250,200,250,100,150,90,100,20261005,3400,3500,5400,5500,300,350,300,350,100,150,100,150,50,60,60,70,20261005,2026-10-05 16:07
강남역,POI014,서행,18.0,2026-10-05 16:05,95,7876.0,,4.0,55.0,0,0,32000,32100,47700,47800,3000,3100,2800,2900,850,900,800,850,550,600,550,600,20261005,12400,12500,12200,12300,1000,1100,900,950,350,400,250,300,150,200,150,200,20261005,2026-10-05 16:07
건대입구역,POI015,서행,17.0,2026-10-05 16:05,23,6603.0,,2.0,11.0,1,0,17400,17500,19300,19400,1500,1600,1700,1800,400,450,550,600,200,250,250,300,20261005,2100,2200,3200,3300,200,250,250,300,100,150,80,90,40,50,50,60,20261005,2026-10-05 16:07
고덕역,POI016,서행,20.0,2026-10-05 16:05,15,1615.0,,1.0,5.0,0,0,3500,3600,3000,3100,200,250,250,300,60,70,80,90,40,50,80,90,20261005,900,950,900,950,80,90,60,70,20,30,20,30,10,20,0,10,20261005,2026-10-05 16:07
고속터미널역,POI017,서행,18.0,2026-10-05 16:05,3,4291.0,,3.0,10.0,0,0,35400,35500,49800,49900,3800,3900,3900,4000,1200,1300,1100,1200,750,800,900,950,20261005,8100,8200,9400,9500,800,850,750,800,250,300,250,300,80,90,90,100,20261005,2026-10-05 16:07
교대역,POI018,서행,18.0,2026-10-05 16:05,14,760.0,,2.0,13.0,0,0,9200,9300,10900,11000,700,750,600,650,200,250,150,200,100,150,100,150,20261005,1700,1800,1200,1300,100,150,70,80,30,40,20,30,10,20,10,20,20261005,2026-10-05 16:07
구로디지털단지역,POI019,서행,16.0,2026-10-05 16:05,20,6911.0,,1.0,29.0,0,0,20100,20200,12100,12200,1000,1100,850,900,300,350,300,350,200,250,150,200,20261005,3000,3100,2500,2600,200,250,100,150,70,80,40,50,20,30,10,20,20261005,2026-10-05 16:07
구로역,POI020,원활,26.0,2026-10-05 16:05,3,1047.0,,1.0,5.0,0,0,7200,7300,6000,6100,400,450,350,400,100,150,100,150,20,30,20,30,20261005,800,850,1500,1600,70,80,80,90,20,30,20,30,20,30,10,20,20261005,2026-10-05 16:07
군자역,POI021,서행,16.0,2026-10-05 16:05,11,573.0,,2.0,16.0,0,0,11000,11100,7600,7700,750,800,550,600,200,250,150,200,80,90,50,60,20261005,2300,2400,2500,2600,150,200,150,200,20,30,40,50,0,10,10,20,20261005,2026-10-05 16:07
대림역,POI023,서행,18.0,2026-10-05 16:05,4,221.0,,2.0,29.0,0,0,16600,16700,11700,11800,800,850,800,850,250,300,200,250,150,200,150,200,20261005,3300,3400,4400,4500,250,300,200,250,90,100,70,80,50,60,30,40,20261005,2026-10-05 16:07
동대문역,POI024,서행,16.0,2026-10-05 16:05,17,892.0,0.0,2.0,7.0,0,0,16900,17000,22300,22400,1600,1700,1000,1100,500,550,250,300,350,400,200,250,20261005,2600,2700,3300,3400,150,200,150,200,50,60,60,70,30,40,40,50,20261005,2026-10-05 16:07
뚝섬역,POI025,서행,18.0,2026-10-05 16:05,9,767.0,,1.0,4.0,1,0,5600,5700,9100,9200,650,700,550,600,150,200,150,200,70,80,40,50,20261005,650,700,1000,1100,80,90,70,80,10,20,20,30,0,10,10,20,20261005,2026-10-05 16:07
미아사거리역,POI026,서행,15.0,2026-10-05 16:05,11,1409.0,,1.0,29.0,0,1,12000,12100,8000,8100,650,700,700,750,200,250,250,300,100,150,150,200,20261005,11400,11500,13000,13100,900,950,800,850,350,400,250,300,150,200,100,150,20261005,2026-10-05 16:07
발산역,POI027,서행,15.0,2026-10-05 16:05,13,2880.0,,1.0,37.0,0,0,6400,6500,7400,7500,500,550,500,550,100,150,200,250,90,100,100,150,20261005,3000,3100,4100,4200,300,350,250,300,100,150,100,150,30,40,20,30,20261005,2026-10-05 16:07
사당역,POI029,서행,19.0,2026-10-05 16:05,13,520.0,,2.0,17.0,1,0,25500,25600,21500,21600,1700,1800,1400,1500,450,500,450,500,300,350,250,300,20261005,2800,2900,4200,4300,200,250,250,300,80,90,80,90,20,30,40,50,20261005,2026-10-05 16:07
삼각지역,POI030,서행,20.0,2026-10-05 16:05,0,,,2.0,7.0,0,0,4400,4500,5900,6000,400,450,350,400,100,150,100,150,70,80,50,60,20261005,2600,2700,2600,2700,150,200,150,200,70,80,60,70,10,20,20,30,20261005,2026-10-05 16:07
서울대입구역,POI031,서행,19.0,2026-10-05 16:05,2,52.0,,1.0,15.0,0,0,18900,19000,11600,11700,1000,1100,900,950,300,350,350,400,100,150,100,150,20261005,9200,9300,10400,10500,650,700,600,650,200,250,250,300,70,80,90,100,20261005,2026-10-05 16:07
서울식물원·마곡나루역,POI032,서행,17.0,2026-10-05 16:05,2,2651.0,,2.0,15.0,2,0,7200,7300,8200,8300,600,650,500,550,150,200,100,150,100,150,80,90,20261005,750,800,1100,1200,70,80,70,80,20,30,30,40,0,10,0,10,20261005,2026-10-05 16:07
서울역,POI033,서행,18.0,2026-10-05 16:05,23,3968.0,0.0,8.0,34.0,1,0,74200,74300,99100,99200,6000,6100,5600,5700,2000,2100,1500,1600,900,950,900,950,20261005,11700,11800,13000,13100,900,950,800,850,350,400,250,300,100,150,100,150,20261005,2026-10-05 16:07
선릉역,POI034,서행,18.0,2026-10-05 16:05,94,11160.0,28.0,4.0,20.0,0,0,24600,24700,38300,38400,2200,2300,1500,1600,700,750,400,450,250,300,150,200,20261005,3100,3200,3100,3200,150,200,200,250,70,80,60,70,40,50,30,40,20261005,2026-10-05 16:07
성신여대입구역,POI035,서행,16.0,2026-10-05 16:05,2,38.0,,2.0,9.0,0,0,10900,11000,9100,9200,750,800,700,750,200,250,200,250,100,150,150,200,20261005,5800,5900,7000,7100,550,600,500,550,200,250,150,200,100,150,70,80,20261005,2026-10-05 16:07
수유역,POI036,서행,15.0,2026-10-05 16:05,8,802.0,,1.0,32.0,0,0,16900,17000,9500,9600,900,950,800,850,250,300,250,300,100,150,100,150,20261005,11900,12000,14900,15000,850,900,900,950,250,300,250,300,100,150,100,150,20261005,2026-10-05 16:07
신논현역·논현역,POI037,서행,17.0,2026-10-05 16:05,32,1053.0,,3.0,13.0,0,0,14400,14500,19700,19800,1200,1300,1200,1300,350,400,300,350,250,300,200,250,20261005,4000,4100,3900,4000,250,300,300,350,80,90,100,150,50,60,60,70,20261005,2026-10-05 16:07
신도림역,POI038,원활,36.0,2026-10-05 16:05,1,1644.0,,2.0,2.0,0,0,18600,18700,14700,14800,1100,1200,1100,1200,300,350,350,400,150,200,150,200,20261005,1200,1300,2700,2800,50,60,100,150,10,20,20,30,0,10,10,20,20261005,2026-10-05 16:07
신림역,POI039,서행,16.0,2026-10-05 16:05,2,282.0,,2.0,15.0,0,0,27000,27100,13700,13800,1300,1400,1100,1200,350,400,350,400,200,250,250,300,20261005,9900,10000,14900,15000,750,800,750,800,250,300,250,300,100,150,100,150,20261005,2026-10-05 16:07
신촌·이대역,POI040,서행,17.0,2026-10-05 16:05,25,1943.0,176.0,4.0,41.0,0,0,19200,19300,20100,20200,1300,1400,1400,1500,400,450,400,450,200,250,200,250,20261005,10500,10600,11700,11800,950,1000,800,850,300,350,250,300,150,200,100,150,20261005,2026-10-05 16:07
양재역,POI041,서행,21.0,2026-10-05 16:05,16,1881.0,,2.0,27.0,0,0,9400,9500,11700,11800,750,800,600,650,150,200,200,250,100,150,100,150,20261005,5400,5500,5200,5300,400,450,350,400,100,150,100,150,90,100,80,90,20261005,2026-10-05 16:07
역삼역,POI042,서행,17.0,2026-10-05 16:05,47,7473.0,1.0,1.0,10.0,0,0,6100,6200,9800,9900,550,600,450,500,150,200,100,150,70,80,30,40,20261005,2200,2300,2700,2800,100,150,150,200,50,60,50,60,20,30,20,30,20261005,2026-10-05 16:07
연신내역,POI043,서행,18.0,2026-10-05 16:05,5,208.0,,3.0,14.0,0,0,21100,21200,14100,14200,1100,1200,1100,1200,300,350,350,400,100,150,150,200,20261005,4500,4600,5200,5300,300,350,300,350,100,150,100,150,30,40,30,40,20261005,2026-10-05 16:07
오목교역·목동운동장,POI044,원활,25.0,2026-10-05 16:05,14,5304.0,,1.0,33.0,0,0,6500,6600,7800,7900,600,650,500,550,150,200,150,200,100,150,100,150,20261005,6800,6900,9200,9300,650,700,600,650,200,250,200,250,70,80,80,90,20261005,2026-10-05 16:07
왕십리역,POI045,서행,18.0,2026-10-05 16:05,4,1478.0,,5.0,22.0,0,0,17700,17800,16800,16900,1300,1400,1300,1400,450,500,400,450,150,200,100,150,20261005,2100,2200,3200,3300,250,300,200,250,100,150,90,100,60,70,50,60,20261005,2026-10-05 16:07
용산역,POI046,서행,19.0,2026-10-05 16:05,11,5014.0,94.0,2.0,33.0,0,0,25400,25500,41500,41600,3700,3800,2700,2800,1100,1200,700,750,250,300,200,250,20261005,5200,5300,4600,4700,600,650,350,400,250,300,150,200,60,70,50,60,20261005,2026-10-05 16:07
이태원역,POI047,서행,16.0,2026-10-05 16:05,4,66.0,,1.0,9.0,0,0,5300,5400,5000,5100,300,350,300,350,100,150,100,150,70,80,50,60,20261005,1600,1700,1400,1500,150,200,100,150,40,50,50,60,0,10,10,20,20261005,2026-10-05 16:07
장지역,POI048,서행,21.0,2026-10-05 16:05,4,10611.0,,1.0,20.0,0,0,5800,5900,5700,5800,450,500,350,400,150,200,100,150,90,100,100,150,20261005,2200,2300,3100,3200,200,250,200,250,60,70,70,80,30,40,20,30,20261005,2026-10-05 16:07
장한평역,POI049,서행,22.0,2026-10-05 16:05,15,847.0,,1.0,16.0,0,0,7100,7200,5200,5300,350,400,300,350,90,100,80,90,50,60,40,50,20261005,4600,4700,5700,5800,350,400,300,350,100,150,100,150,50,60,50,60,20261005,2026-10-05 16:07
천호역,POI050,서행,18.0,2026-10-05 16:05,14,3331.0,,2.0,12.0,0,0,16000,16100,15400,15500,1200,1300,1100,1200,300,350,300,350,200,250,250,300,20261005,1600,1700,2800,2900,150,200,150,200,80,90,70,80,40,50,30,40,20261005,2026-10-05 16:07
총신대입구(이수)역,POI051,서행,15.0,2026-10-05 16:05,7,533.0,,2.0,18.0,0,0,14000,14100,12400,12500,950,1000,950,1000,250,300,300,350,100,150,150,200,20261005,4900,5000,4900,5000,400,450,300,350,150,200,100,150,80,90,40,50,20261005,2026-10-05 16:07
충정로역,POI052,서행,23.0,2026-10-05 16:05,5,834.0,,2.0,19.0,0,0,3900,4000,3200,3300,200,250,200,250,60,70,60,70,30,40,30,40,20261005,2400,2500,2000,2100,150,200,150,200,90,100,50,60,20,30,30,40,20261005,2026-10-05 16:07
합정역,POI053,서행,20.0,2026-10-05 16:05,6,207.0,,2.0,30.0,0,0,13500,13600,17400,17500,1100,1200,1200,1300,350,400,350,400,150,200,150,200,20261005,4000,4100,4500,4600,350,400,350,400,100,150,100,150,60,70,20,30,20261005,2026-10-05 16:07
혜화역,POI054,서행,18.0,2026-10-05 16:05,24,955.0,,1.0,12.0,2,0,7800,7900,17600,17700,1100,1200,900,950,350,400,250,300,200,250,150,200,20261005,4400,4500,5900,6000,400,450,400,450,100,150,150,200,40,50,30,40,20261005,2026-10-05 16:07
홍대입구역(2호선),POI055,정체,13.0,2026-10-05 16:05,16,1196.0,,1.0,17.0,0,0,23900,24000,41200,41300,2500,2600,3300,3400,700,750,1000,1100,400,450,650,700,20261005,7200,7300,9700,9800,750,800,650,700,250,300,200,250,100,150,100,150,20261005,2026-10-05 16:07
회기역,POI056,서행,19.0,2026-10-05 16:05,21,408.0,,1.0,22.0,0,0,11700,11800,6600,6700,650,700,450,500,200,250,150,200,30,40,70,80,20261005,7100,7200,7300,7400,550,600,500,550,150,200,150,200,70,80,50,60,20261005,2026-10-05 16:07
가락시장,POI058,서행,24.0,2026-10-05 16:05,4,2884.0,,2.0,16.0,0,0,6700,6800,6000,6100,450,500,350,400,100,150,90,100,70,80,40,50,20261005,3400,3500,2600,2700,150,200,150,200,60,70,50,60,10,20,20,30,20261005,2026-10-05 16:07
가로수길,POI059,서행,23.0,2026-10-05 16:05,51,2767.0,164.0,2.0,14.0,0,0,12900,13000,23200,23300,1400,1500,1200,1300,400,450,350,400,250,300,200,250,20261005,2300,2400,3400,3500,200,250,250,300,90,100,100,150,50,60,50,60,20261005,2026-10-05 16:07
광장(전통)시장,POI060,서행,16.0,2026-10-05 16:05,7,103.0,6.0,1.0,11.0,0,0,10200,10300,14600,14700,1100,1200,650,700,300,350,200,250,100,150,60,70,20261005,3600,3700,4600,4700,400,450,300,350,100,150,100,150,50,60,40,50,20261005,2026-10-05 16:07
김포공항,POI061,원활,29.0,2026-10-05 16:05,6,16594.0,,6.0,27.0,0,0,13800,13900,17800,17900,1400,1500,1100,1200,350,400,350,400,150,200,150,200,20261005,1000,1100,1400,1500,100,150,70,80,30,40,30,40,10,20,0,10,20261005,2026-10-05 16:07
노량진,POI063,서행,22.0,2026-10-05 16:05,11,1218.0,,3.0,22.0,1,0,18000,18100,17300,17400,1000,1100,1200,1300,350,400,400,450,150,200,250,300,20261005,7700,7800,11200,11300,700,750,550,600,250,300,200,250,100,150,100,150,20261005,2026-10-05 16:07
덕수궁길·정동길,POI064,서행,17.0,2026-10-05 16:05,10,620.0,,3.0,10.0,0,1,14300,14400,22700,22800,1600,1700,1000,1100,600,650,250,300,400,450,150,200,20261005,1900,2000,2500,2600,100,150,200,250,50,60,90,100,30,40,30,40,20261005,2026-10-05 16:07
북촌한옥마을,POI066,서행,15.0,2026-10-05 16:05,16,1756.0,,1.0,55.0,5,0,8500,8600,17400,17500,1300,1400,900,950,350,400,200,250,150,200,40,50,20261005,6400,6500,8700,8800,800,850,550,600,200,250,150,200,80,90,60,70,20261005,2026-10-05 16:07
서촌,POI067,서행,17.0,2026-10-05 16:05,9,308.0,,1.0,32.0,0,0,9100,9200,17700,17800,1200,1300,800,850,350,400,250,300,150,200,40,50,20261005,6000,6100,6800,6900,550,600,450,500,150,200,100,150,80,90,50,60,20261005,2026-10-05 16:07
성수카페거리,POI068,정체,14.0,2026-10-05 16:05,28,2824.0,,2.0,35.0,1,0,19300,19400,46100,46200,3000,3100,3200,3300,750,800,1100,1200,500,550,600,650,20261005,1800,1900,2600,2700,200,250,200,250,80,90,90,100,20,30,20,30,20261005,2026-10-05 16:07
쌍문역,POI070,서행,17.0,2026-10-05 16:05,8,345.0,,1.0,18.0,0,0,14000,14100,6300,6400,550,600,650,700,100,150,300,350,80,90,150,200,20261005,5100,5200,7300,7400,350,400,350,400,100,150,100,150,50,60,50,60,20261005,2026-10-05 16:07
압구정로데오거리,POI071,서행,18.0,2026-10-05 16:05,55,1976.0,2.0,1.0,16.0,1,0,4000,4100,9100,9200,500,550,350,400,150,200,90,100,40,50,0,10,20261005,3400,3500,5200,5300,350,400,300,350,100,150,100,150,10,20,20,30,20261005,2026-10-05 16:07
여의도,POI072,서행,24.0,2026-10-05 16:05,116,24820.0,1362.0,9.0,63.0,2,0,27300,27400,38900,39000,2400,2500,2700,2800,750,800,750,800,400,450,400,450,20261005,12400,12500,18800,18900,1200,1300,1300,1400,400,450,400,450,150,200,100,150,20261005,2026-10-05 16:07
연남동,POI073,서행,16.0,2026-10-05 16:05,45,132.0,,0.0,20.0,0,0,,,,,,,,,,,,,,,,,,3000,3100,3500,3600,200,250,200,250,40,50,70,80,10,20,20,30,20261005,2026-10-05 16:07
영등포 타임스퀘어,POI074,정체,14.0,2026-10-05 16:05,10,1195.0,165.0,3.0,24.0,1,0,21700,21800,25100,25200,1700,1800,1600,1700,550,600,600,650,90,100,80,90,20261005,7900,8000,12300,12400,900,950,850,900,250,300,250,300,100,150,100,150,20261005,2026-10-05 16:07
용리단길,POI076,서행,16.0,2026-10-05 16:05,0,,,3.0,7.0,0,0,10700,10800,17600,17700,1200,1300,1300,1400,400,450,350,400,150,200,200,250,20261005,1600,1700,3900,4000,150,200,250,300,70,80,100,150,40,50,40,50,20261005,2026-10-05 16:07
이태원 앤틱가구거리,POI077,서행,20.0,2026-10-05 16:05,4,51.0,,1.0,13.0,0,0,5300,5400,5000,5100,300,350,300,350,100,150,100,150,70,80,50,60,20261005,1500,1600,1600,1700,100,150,100,150,30,40,40,50,0,10,0,10,20261005,2026-10-05 16:07
인사동,POI078,정체,13.0,2026-10-05 16:05,21,2465.0,1.0,2.0,26.0,3,0,15700,15800,31600,31700,2300,2400,1500,1600,650,700,400,450,250,300,100,150,20261005,6300,6400,7000,7100,650,700,450,500,150,200,100,150,50,60,60,70,20261005,2026-10-05 16:07
창동 신경제 중심지,POI079,서행,17.0,2026-10-05 16:05,46,4927.0,38.0,4.0,55.0,5,0,28600,28700,26800,26900,1900,2000,2200,2300,600,650,550,600,300,350,300,350,20261005,8000,8100,11000,11100,800,850,650,700,250,300,200,250,100,150,80,90,20261005,2026-10-05 16:07
청담동 명품거리,POI080,서행,20.0,2026-10-05 16:05,16,910.0,,1.0,10.0,0,0,4000,4100,9100,9200,500,550,350,400,150,200,90,100,40,50,0,10,20261005,1500,1600,1900,2000,100,150,100,150,40,50,50,60,20,30,10,20,20261005,2026-10-05 16:07
청량리 제기동 일대 전통시장,POI081,서행,17.0,2026-10-05 16:05,12,2214.0,,2.0,23.0,0,0,21500,21600,23100,23200,1600,1700,1300,1400,450,500,500,550,150,200,100,150,20261005,15900,16000,16800,16900,1400,1500,950,1000,400,450,250,300,200,250,80,90,20261005,2026-10-05 16:07
해방촌·경리단길,POI082,원활,25.0,2026-10-05 16:05,4,273.0,,0.0,26.0,0,0,,,,,,,,,,,,,,,,,,3900,4000,3800,3900,300,350,400,450,100,150,100,150,40,50,40,50,20261005,2026-10-05 16:07
DDP(동대문디자인플라자),POI083,서행,16.0,2026-10-05 16:05,9,2596.0,227.0,3.0,11.0,3,0,15200,15300,18400,18500,1500,1600,1100,1200,400,450,400,450,250,300,250,300,20261005,1600,1700,2500,2600,100,150,150,200,30,40,60,70,10,20,20,30,20261005,2026-10-05 16:07
DMC(디지털미디어시티),POI084,서행,20.0,2026-10-05 16:05,25,9176.0,,4.0,68.0,0,0,8800,8900,7200,7300,450,500,450,500,100,150,100,150,60,70,90,100,20261005,3500,3600,4400,4500,200,250,200,250,70,80,80,90,10,20,40,50,20261005,2026-10-05 16:07
강서한강공원,POI085,원활,56.0,2026-10-05 16:05,2,106.0,53.0,0.0,1.0,0,0,,,,,,,,,,,,,,,,,,0,0,0,0,0,0,0,0,0,0,0,0,0,0,0,0,20261005,2026-10-05 16:07
고척돔,POI086,서행,24.0,2026-10-05 16:05,0,,,1.0,3.0,3,0,2800,2900,1500,1600,90,100,90,100,20,30,10,20,0,10,0,0,20261005,1400,1500,1200,1300,70,80,60,70,20,30,20,30,0,10,0,10,20261005,2026-10-05 16:07
광나루한강공원,POI087,원활,57.0,2026-10-05 16:05,4,718.0,359.0,0.0,0.0,0,0,,,,,,,,,,,,,,,,,,,,,,,,,,,,,,,,,,,2026-10-05 16:07
광화문광장,POI088,서행,19.0,2026-10-05 16:05,3,2932.0,449.0,2.0,12.0,1,0,14800,14900,31900,32000,2100,2200,1500,1600,650,700,450,500,300,350,150,200,20261005,4800,4900,6300,6400,500,550,450,500,150,200,150,200,40,50,50,60,20261005,2026-10-05 16:07
국립중앙박물관·용산가족공원,POI089,원활,34.0,2026-10-05 16:05,4,931.0,,3.0,3.0,1,0,7800,7900,10800,10900,850,900,650,700,250,300,100,150,150,200,70,80,20261005,350,400,500,550,30,40,10,20,0,10,0,10,0,10,0,0,20261005,2026-10-05 16:07
난지한강공원,POI090,원활,45.0,2026-10-05 16:05,4,1240.0,0.0,0.0,7.0,0,0,,,,,,,,,,,,,,,,,,50,60,30,40,0,10,0,0,0,0,0,0,0,0,0,0,20261005,2026-10-05 16:07
남산공원,POI091,원활,29.0,2026-10-05 16:05,33,2148.0,22.0,5.0,37.0,2,0,27000,27100,44700,44800,3700,3800,4100,4200,750,800,800,850,350,400,400,450,20261005,8300,8400,9100,9200,750,800,750,800,300,350,250,300,100,150,40,50,20261005,2026-10-05 16:07
노들섬,POI092,원활,29.0,2026-10-05 16:05,1,99.0,,0.0,4.0,2,0,,,,,,,,,,,,,,,,,,900,950,1900,2000,90,100,250,300,30,40,80,90,10,20,30,40,20261005,2026-10-05 16:07
뚝섬한강공원,POI093,원활,55.0,2026-10-05 16:05,8,1342.0,671.0,1.0,1.0,1,0,4600,4700,6100,6200,550,600,550,600,100,150,150,200,90,100,90,100,20261005,0,0,0,0,0,0,0,0,0,0,0,0,0,0,0,0,20261005,2026-10-05 16:07
망원한강공원,POI094,원활,32.0,2026-10-05 16:05,2,458.0,0.0,2.0,10.0,0,0,13500,13600,17400,17500,1100,1200,1200,1300,350,400,350,400,150,200,150,200,20261005,2700,2800,3300,3400,200,250,250,300,80,90,70,80,50,60,10,20,20261005,2026-10-05 16:07
반포한강공원,POI095,원활,39.0,2026-10-05 16:05,9,1483.0,9.0,0.0,6.0,0,0,,,,,,,,,,,,,,,,,,100,150,250,300,0,10,20,30,0,0,0,10,0,0,0,0,20261005,2026-10-05 16:07
북서울꿈의숲,POI096,서행,20.0,2026-10-05 16:05,3,549.0,,0.0,17.0,0,0,,,,,,,,,,,,,,,,,,1300,1400,750,800,100,150,60,70,30,40,20,30,20,30,0,10,20261005,2026-10-05 16:07
서리풀공원·몽마르뜨공원,POI098,서행,23.0,2026-10-05 16:05,0,,,4.0,7.0,0,0,39900,40000,54400,54500,4200,4300,4100,4200,1300,1400,1200,1300,850,900,950,1000,20261005,7800,7900,8900,9000,800,850,700,750,250,300,250,300,80,90,90,100,20261005,2026-10-05 16:07
서울대공원,POI100,원활,30.0,2026-10-05 16:05,0,,,1.0,0.0,0,0,2600,2700,7400,7500,450,500,200,250,150,200,70,80,20,30,0,10,20261005,,,,,,,,,,,,,,,,,,2026-10-05 16:07
서울숲공원,POI101,원활,34.0,2026-10-05 16:05,2,996.0,,1.0,9.0,0,0,4000,4100,7000,7100,650,700,400,450,150,200,100,150,20,30,10,20,20261005,600,650,1000,1100,100,150,100,150,30,40,40,50,10,20,30,40,20261005,2026-10-05 16:07
아차산,POI102,원활,29.0,2026-10-05 16:05,0,,,0.0,3.0,0,0,,,,,,,,,,,,,,,,,,150,200,30,40,0,10,0,0,0,10,0,0,0,10,0,0,20261005,2026-10-05 16:07
양화한강공원,POI103,원활,34.0,2026-10-05 16:05,6,1002.0,483.0,0.0,5.0,0,0,,,,,,,,,,,,,,,,,,50,60,150,200,0,0,10,20,0,0,0,0,0,0,0,0,20261005,2026-10-05 16:07
어린이대공원,POI104,서행,17.0,2026-10-05 16:05,4,945.0,,2.0,9.0,0,0,13000,13100,13400,13500,1100,1200,900,950,300,350,350,400,200,250,200,250,20261005,1100,1200,1200,1300,70,80,80,90,20,30,20,30,0,10,0,10,20261005,2026-10-05 16:07
여의도한강공원,POI105,원활,34.0,2026-10-05 16:05,6,2866.0,1282.0,1.0,3.0,0,0,3400,3500,9800,9900,550,600,1000,1100,200,250,200,250,100,150,150,200,20261005,450,500,750,800,40,50,80,90,20,30,20,30,0,10,0,0,20261005,2026-10-05 16:07
월드컵공원,POI106,원활,29.0,2026-10-05 16:05,9,3537.0,,4.0,34.0,0,0,11500,11600,12400,12500,850,900,600,650,250,300,200,250,100,150,100,150,20261005,2100,2200,2100,2200,200,250,100,150,60,70,10,20,40,50,10,20,20261005,2026-10-05 16:07
응봉산,POI107,서행,24.0,2026-10-05 16:05,3,88.0,,1.0,24.0,0,0,1000,1100,550,600,60,70,50,60,10,20,20,30,0,10,0,0,20261005,1500,1600,1000,1100,80,90,70,80,30,40,20,30,0,10,10,20,20261005,2026-10-05 16:07
이촌한강공원,POI108,원활,42.0,2026-10-05 16:05,2,514.0,0.0,0.0,4.0,0,0,,,,,,,,,,,,,,,,,,20,30,100,150,0,0,10,20,0,0,0,10,0,0,0,10,20261005,2026-10-05 16:07
잠실종합운동장,POI109,서행,22.0,2026-10-05 16:05,1,876.0,,2.0,4.0,0,0,5000,5100,17300,17400,400,450,650,700,30,40,30,40,20,30,20,30,20261005,500,550,1200,1300,20,30,20,30,10,20,10,20,0,10,0,10,20261005,2026-10-05 16:07
잠실한강공원,POI110,원활,35.0,2026-10-05 16:05,4,1326.0,338.0,1.0,9.0,0,0,5000,5100,3400,3500,300,350,250,300,90,100,80,90,30,40,40,50,20261005,150,200,500,550,20,30,50,60,0,10,10,20,0,10,0,10,20261005,2026-10-05 16:07
잠원한강공원,POI111,원활,39.0,2026-10-05 16:05,3,1540.0,0.0,0.0,5.0,0,0,,,,,,,,,,,,,,,,,,400,450,550,600,50,60,60,70,0,10,10,20,0,10,0,10,20261005,2026-10-05 16:07
청계산,POI112,원활,56.0,2026-10-05 16:05,0,,,0.0,9.0,0,0,,,,,,,,,,,,,,,,,,40,50,60,70,0,0,0,0,0,0,0,0,0,0,0,0,20261005,2026-10-05 16:07
북창동 먹자골목,POI114,정체,12.0,2026-10-05 16:05,20,552.0,0.0,0.0,11.0,0,0,,,,,,,,,,,,,,,,,,6100,6200,7600,7700,700,750,450,500,200,250,100,150,70,80,50,60,20261005,2026-10-05 16:07
남대문시장,POI115,정체,13.0,2026-10-05 16:05,16,1456.0,4.0,1.0,7.0,0,0,,,,,,,,,,,,,,,,,,4800,4900,6800,6900,550,600,350,400,150,200,100,150,70,80,30,40,20261005,2026-10-05 16:07
익선동,POI116,정체,13.0,2026-10-05 16:05,10,187.0,1.0,3.0,11.0,1,0,18200,18300,29900,30000,2200,2300,1800,1900,700,750,500,550,450,500,300,350,20261005,3500,3600,4000,4100,350,400,300,350,100,150,100,150,50,60,60,70,20261005,2026-10-05 16:07
신정네거리역,POI117,서행,16.0,2026-10-05 16:05,3,119.0,,1.0,9.0,0,0,,,,,,,,,,,,,,,,,,,,,,,,,,,,,,,,,,,2026-10-05 16:07
잠실새내역,POI118,서행,18.0,2026-10-05 16:05,31,1541.0,,1.0,18.0,0,0,8300,8400,6600,6700,650,700,150,200,150,200,50,60,90,100,30,40,20261005,3300,3400,4100,4200,250,300,250,300,90,100,100,150,30,40,40,50,20261005,2026-10-05 16:07
잠실역,POI119,서행,17.0,2026-10-05 16:05,5,6749.0,307.0,2.0,21.0,0,0,,,,,,,,,,,,,,,,,,7100,7200,12500,12600,950,1000,850,900,300,350,300,350,150,200,150,200,20261005,2026-10-05 16:07
잠실롯데타워·석촌호수,POI120,서행,17.0,2026-10-05 16:05,33,9281.0,307.0,3.0,0.0,2,0,,,,,,,,,,,,,,,,,,,,,,,,,,,,,,,,,,,2026-10-05 16:07
송리단길·호수단길,POI121,서행,17.0,2026-10-05 16:05,21,878.0,,1.0,15.0,0,0,3100,3200,3900,4000,200,250,300,350,70,80,80,90,20,30,50,60,20261005,3000,3100,4100,4200,250,300,250,300,80,90,80,90,30,40,30,40,20261005,2026-10-05 16:07
신촌 스타광장,POI122,서행,16.0,2026-10-05 16:05,4,235.0,,1.0,4.0,0,0,,,,,,,,,,,,,,,,,,2900,3000,3400,3500,250,300,200,250,90,100,70,80,40,50,30,40,20261005,2026-10-05 16:07
보라매공원,POI123,정체,11.0,2026-10-05 16:05,1,78.0,,2.0,5.0,0,0,2400,2500,2500,2600,150,200,150,200,40,50,40,50,40,50,40,50,20261005,60,70,90,100,10,20,10,20,0,10,0,10,0,10,0,10,20261005,2026-10-05 16:07
서대문독립공원,POI124,원활,26.0,2026-10-05 16:05,2,150.0,,1.0,18.0,0,0,4000,4100,3900,4000,200,250,250,300,80,90,80,90,40,50,50,60,20261005,3000,3100,2500,2600,200,250,150,200,100,150,60,70,30,40,30,40,20261005,2026-10-05 16:07
안양천,POI125,원활,37.0,2026-10-05 16:05,1,294.0,,0.0,1.0,0,0,,,,,,,,,,,,,,,,,,0,10,0,0,0,0,0,0,0,0,0,0,0,0,0,0,20261005,2026-10-05 16:07
여의서로,POI126,원활,33.0,2026-10-05 16:05,2,168.0,38.0,0.0,0.0,0,0,,,,,,,,,,,,,,,,,,,,,,,,,,,,,,,,,,,2026-10-05 16:07
올림픽공원,POI127,서행,24.0,2026-10-05 16:05,4,2716.0,,4.0,17.0,4,0,,,,,,,,,,,,,,,,,,1800,1900,2300,2400,150,200,150,200,70,80,80,90,20,30,20,30,20261005,2026-10-05 16:07
홍제폭포,POI128,원활,30.0,2026-10-05 16:05,0,,,0.0,0.0,0,0,,,,,,,,,,,,,,,,,,,,,,,,,,,,,,,,,,,2026-10-05 16:07
송현녹지광장,POI129,정체,13.0,2026-10-05 16:05,4,1546.0,,1.0,25.0,5,0,8500,8600,17400,17500,1300,1400,900,950,350,400,200,250,150,200,40,50,20261005,5400,5500,7000,7100,700,750,450,500,150,200,90,100,70,80,40,50,20261005,2026-10-05 16:07
시의회 앞,POI130,서행,18.0,2026-10-05 16:05,9,1723.0,,3.0,25.0,3,0,17000,17100,39800,39900,2600,2700,1900,2000,850,900,450,500,500,550,300,350,20261005,5900,6000,9200,9300,700,750,700,750,200,250,250,300,100,150,100,150,20261005,2026-10-05 16:07
강남 MICE 관광특구,POI001,서행,16.0,2026-10-05 17:05,3,4428.0,,2.0,6.0,0,0,26600,26700,39800,39900,2400,2500,1500,1600,800,850,450,500,400,450,250,300,20261005,2800,2900,2600,2700,200,250,150,200,70,80,50,60,40,50,30,40,20261005,2026-10-05 17:07
동대문 관광특구,POI002,서행,17.0,2026-10-05 17:05,47,8302.0,202.0,7.0,32.0,4,0,49000,49100,54500,54600,4100,4200,2400,2500,1200,1300,700,750,800,850,450,500,20261005,7000,7100,7000,7100,550,600,350,400,200,250,100,150,70,80,50,60,20261005,2026-10-05 17:07
명동 관광특구,POI003,서행,15.0,2026-10-05 17:05,93,12070.0,7.0,7.0,54.0,3,2,78800,78900,121700,121800,8600,8700,4000,4100,2600,2700,1200,1300,1500,1600,600,650,20261005,21900,22000,27200,27300,2100,2200,1300,1400,650,700,450,500,250,300,150,200,20261005,2026-10-05 17:07
이태원 관광특구,POI004,서행,19.0,2026-10-05 17:05,8,853.0,,3.0,17.0,0,0,11900,12000,16800,16900,1400,1500,950,1000,350,400,250,300,250,300,200,250,20261005,3400,3500,3600,3700,300,350,200,250,100,150,90,100,50,60,10,20,20261005,2026-10-05 17:07
잠실 관광특구,POI005,서행,20.0,2026-10-05 17:05,37,11997.0,275.0,6.0,50.0,6,0,50900,51000,65300,65400,4700,4800,3900,4000,1400,1500,1200,1300,850,900,600,650,20261005,10200,10300,14400,14500,1100,1200,800,850,400,450,300,350,100,150,100,150,20261005,2026-10-05 17:07
종로·청계 관광특구,POI006,정체,14.0,2026-10-05 17:05,48,2496.0,43.0,10.0,62.0,0,0,88100,88200,121200,121300,8800,8900,5000,5100,2500,2600,1500,1600,1500,1600,900,950,20261005,18900,19000,21000,21100,1700,1800,1200,1300,550,600,400,450,250,300,100,150,20261005,2026-10-05 17:07
홍대 관광특구,POI007,정체,14.0,2026-10-05 17:05,51,3098.0,,8.0,70.0,0,0,66800,66900,95200,95300,6200,6300,6000,6100,1900,2000,2000,2100,1200,1300,1300,1400,20261005,15300,15400,18400,18500,1300,1400,1200,1300,450,500,400,450,200,250,150,200,20261005,2026-10-05 17:07
경복궁,POI008,서행,17.0,2026-10-05 17:05,2,267.0,,1.0,11.0,0,0,11700,11800,19100,19200,1300,1400,600,650,400,450,150,200,150,200,100,150,20261005,1400,1500,1400,1500,150,200,90,100,50,60,20,30,20,30,0,10,20261005,2026-10-05 17:07
광화문·덕수궁,POI009,서행,16.0,2026-10-05 17:05,29,7988.0,387.0,4.0,41.0,5,2,34900,35000,62100,62200,4500,4600,2100,2200,1400,1500,550,600,900,950,400,450,20261005,13800,13900,17600,17700,1400,1500,1000,1100,500,550,300,350,300,350,100,150,20261005,2026-10-05 17:07
보신각,POI010,서행,15.0,2026-10-05 17:05,14,2572.0,11.0,1.0,14.0,0,0,9400,9500,15300,15400,1100,1200,600,650,300,350,250,300,100,150,80,90,20261005,4400,4500,5200,5300,350,400,250,300,100,150,70,80,70,80,40,50,20261005,2026-10-05 17:07
서울 암사동 유적,POI011,서행,23.0,2026-10-05 17:05,1,108.0,,0.0,3.0,0,0,,,,,,,,,,,,,,,,,,50,60,20,30,0,10,0,0,0,0,0,0,0,0,0,0,20261005,2026-10-05 17:07
창덕궁·종묘,POI012,서행,17.0,2026-10-05 17:05,16,3155.0,756.0,4.0,19.0,1,0,35500,35600,49200,49300,3400,3500,2300,2400,1000,1100,650,700,550,600,450,500,20261005,3100,3200,3800,3900,200,250,150,200,80,90,40,50,30,40,20,30,20261005,2026-10-05 17:07
가산디지털단지역,POI013,서행,23.0,2026-10-05 17:05,20,8291.0,,2.0,71.0,0,0,11300,11400,12800,12900,900,950,700,750,250,300,250,300,150,200,200,250,20261005,4100,4200,5900,6000,350,400,250,300,90,100,70,80,40,50,30,40,20261005,2026-10-05 17:07
강남역,POI014,서행,16.0,2026-10-05 17:05,95,7876.0,,4.0,55.0,0,0,38700,38800,53600,53700,3400,3500,2700,2800,1200,1300,950,1000,650,700,650,700,20261005,14500,14600,14200,14300,1000,1100,900,950,350,400,350,400,100,150,100,150,20261005,2026-10-05 17:07
건대입구역,POI015,서행,19.0,2026-10-05 17:05,23,6603.0,,2.0,11.0,1,0,20600,20700,22800,22900,1700,1800,1600,1700,550,600,550,600,250,300,200,250,20261005,2500,2600,3700,3800,200,250,200,250,60,70,70,80,20,30,30,40,20261005,2026-10-05 17:07
고덕역,POI016,서행,20.0,2026-10-05 17:05,15,1615.0,,1.0,5.0,0,0,4000,4100,3400,3500,200,250,200,250,70,80,50,60,50,60,0,0,20261005,1000,1100,1000,1100,70,80,70,80,10,20,20,30,0,0,0,10,20261005,2026-10-05 17:07
고속터미널역,POI017,서행,22.0,2026-10-05 17:05,3,4291.0,,3.0,10.0,0,0,43700,43800,57000,57100,4200,4300,3500,3600,1400,1500,1100,1200,850,900,500,550,20261005,9800,9900,10900,11000,850,900,750,800,250,300,200,250,100,150,100,150,20261005,2026-10-05 17:07
교대역,POI018,서행,18.0,2026-10-05 17:05,14,760.0,,2.0,13.0,0,0,10700,10800,12200,12300,750,800,700,750,200,250,200,250,100,150,150,200,20261005,2000,2100,1400,1500,150,200,70,80,50,60,20,30,30,40,10,20,20261005,2026-10-05 17:07
구로디지털단지역,POI019,서행,17.0,2026-10-05 17:05,20,6911.0,,1.0,29.0,0,0,22200,22300,14200,14300,950,1000,1100,1200,250,300,350,400,150,200,200,250,20261005,3600,3700,2800,2900,300,350,150,200,150,200,60,70,80,90,10,20,20261005,2026-10-05 17:07
구로역,POI020,서행,24.0,2026-10-05 17:05,3,1047.0,,1.0,5.0,0,0,8100,8200,7000,7100,400,450,500,550,100,150,150,200,70,80,100,150,20261005,1000,1100,1700,1800,100,150,70,80,40,50,30,40,20,30,0,10,20261005,2026-10-05 17:07
군자역,POI021,서행,16.0,2026-10-05 17:05,11,573.0,,2.0,16.0,0,0,12300,12400,9100,9200,700,750,750,800,150,200,200,250,70,80,100,150,20261005,2700,2800,2900,3000,150,200,200,250,60,70,50,60,20,30,0,10,20261005,2026-10-05 17:07
대림역,POI023,서행,19.0,2026-10-05 17:05,4,221.0,,2.0,29.0,0,0,18300,18400,13700,13800,850,900,1000,1100,250,300,300,350,150,200,200,250,20261005,3900,4000,4800,4900,250,300,200,250,100,150,70,80,40,50,40,50,20261005,2026-10-05 17:07
동대문역,POI024,서행,15.0,2026-10-05 17:05,17,892.0,0.0,2.0,7.0,0,0,20500,20600,24100,24200,1800,1900,850,900,500,550,200,250,350,400,150,200,20261005,2900,3000,3500,3600,150,200,150,200,50,60,40,50,0,10,0,10,20261005,2026-10-05 17:07
뚝섬역,POI025,서행,18.0,2026-10-05 17:05,9,767.0,,1.0,4.0,1,0,7200,7300,10300,10400,800,850,650,700,250,300,200,250,100,150,100,150,20261005,900,950,1100,1200,100,150,70,80,50,60,20,30,10,20,0,10,20261005,2026-10-05 17:07
미아사거리역,POI026,서행,15.0,2026-10-05 17:05,11,1409.0,,1.0,29.0,0,0,13400,13500,9600,9700,650,700,900,950,150,200,300,350,100,150,300,350,20261005,13500,13600,14500,14600,1100,1200,850,900,350,400,250,300,150,200,100,150,20261005,2026-10-05 17:07
발산역,POI027,서행,15.0,2026-10-05 17:05,13,2880.0,,1.0,37.0,0,0,7600,7700,8300,8400,650,700,400,450,150,200,100,150,100,150,90,100,20261005,3700,3800,4700,4800,350,400,300,350,100,150,100,150,30,40,60,70,20261005,2026-10-05 17:07
사당역,POI029,서행,18.0,2026-10-05 17:05,13,520.0,,2.0,17.0,1,0,29000,29100,25100,25200,1700,1800,1700,1800,550,600,550,600,350,400,350,400,20261005,3300,3400,4800,4900,250,300,250,300,100,150,100,150,30,40,30,40,20261005,2026-10-05 17:07
삼각지역,POI030,서행,21.0,2026-10-05 17:05,0,,,2.0,7.0,0,0,5400,5500,6800,6900,500,550,400,450,150,200,100,150,80,90,50,60,20261005,3100,3200,3000,3100,250,300,150,200,80,90,70,80,60,70,20,30,20261005,2026-10-05 17:07
서울대입구역,POI031,서행,19.0,2026-10-05 17:05,2,52.0,,1.0,15.0,0,0,20900,21000,13900,14000,1100,1200,1100,1200,300,350,400,450,100,150,150,200,20261005,10700,10800,11600,11700,750,800,600,650,300,350,200,250,100,150,100,150,20261005,2026-10-05 17:07
서울식물원·마곡나루역,POI032,서행,16.0,2026-10-05 17:05,2,2651.0,,2.0,15.0,2,0,9000,9100,9300,9400,700,750,600,650,200,250,250,300,100,150,100,150,20261005,950,1000,1200,1300,90,100,50,60,30,40,0,10,0,10,0,0,20261005,2026-10-05 17:07
서울역,POI033,서행,18.0,2026-10-05 17:05,23,3968.0,0.0,8.0,34.0,1,0,88400,88500,110000,110100,6600,6700,5400,5500,1900,2000,1800,1900,1100,1200,1100,1200,20261005,13900,14000,14800,14900,1000,1100,850,900,350,400,300,350,100,150,100,150,20261005,2026-10-05 17:07
선릉역,POI034,서행,18.0,2026-10-05 17:05,94,11160.0,25.0,4.0,20.0,0,0,29700,29800,41500,41600,2500,2600,1700,1800,800,850,600,650,350,400,350,400,20261005,3500,3600,3500,3600,200,250,200,250,90,100,70,80,40,50,20,30,20261005,2026-10-05 17:07
성신여대입구역,POI035,서행,15.0,2026-10-05 17:05,2,38.0,,2.0,9.0,0,0,12400,12500,10700,10800,700,750,700,750,200,250,350,400,150,200,150,200,20261005,6900,7000,8000,8100,550,600,450,500,200,250,150,200,70,80,60,70,20261005,2026-10-05 17:07
수유역,POI036,서행,15.0,2026-10-05 17:05,8,802.0,,1.0,32.0,0,0,18700,18800,11400,11500,850,900,950,1000,250,300,200,250,150,200,70,80,20261005,13800,13900,16800,16900,950,1000,850,900,400,450,250,300,150,200,100,150,20261005,2026-10-05 17:07
신논현역·논현역,POI037,서행,18.0,2026-10-05 17:05,32,1053.0,,3.0,13.0,0,0,17200,17300,22200,22300,1400,1500,1100,1200,500,550,450,500,250,300,250,300,20261005,4600,4700,4700,4800,300,350,400,450,90,100,150,200,30,40,40,50,20261005,2026-10-05 17:07
신도림역,POI038,원활,32.0,2026-10-05 17:05,1,1644.0,,2.0,2.0,0,0,21200,21300,17500,17600,1300,1400,1400,1500,500,550,450,500,350,400,300,350,20261005,1400,1500,3000,3100,70,80,100,150,30,40,30,40,10,20,10,20,20261005,2026-10-05 17:07
신림역,POI039,서행,15.0,2026-10-05 17:05,2,282.0,,2.0,15.0,0,0,29700,29800,16800,16900,1400,1500,1800,1900,400,450,600,650,250,300,250,300,20261005,11700,11800,16500,16600,900,950,800,850,350,400,300,350,150,200,150,200,20261005,2026-10-05 17:07
신촌·이대역,POI040,서행,16.0,2026-10-05 17:05,25,1943.0,165.0,4.0,41.0,0,0,22300,22400,23200,23300,1600,1700,1400,1500,450,500,500,550,250,300,300,350,20261005,12500,12600,13400,13500,950,1000,850,900,300,350,250,300,150,200,150,200,20261005,2026-10-05 17:07
양재역,POI041,서행,23.0,2026-10-05 17:05,16,1881.0,,2.0,27.0,0,0,11100,11200,13100,13200,850,900,700,750,250,300,250,300,150,200,150,200,20261005,6300,6400,6000,6100,450,500,400,450,150,200,100,150,70,80,50,60,20261005,2026-10-05 17:07
역삼역,POI042,서행,17.0,2026-10-05 17:05,47,7473.0,1.0,1.0,10.0,0,0,7400,7500,10800,10900,600,650,450,500,150,200,100,150,60,70,30,40,20261005,2500,2600,3100,3200,150,200,150,200,70,80,50,60,30,40,20,30,20261005,2026-10-05 17:07
연신내역,POI043,서행,17.0,2026-10-05 17:05,5,208.0,,3.0,14.0,0,0,23600,23700,16700,16800,1200,1300,1300,1400,350,400,450,500,100,150,200,250,20261005,5300,5400,5700,5800,400,450,250,300,100,150,60,70,30,40,10,20,20261005,2026-10-05 17:07
오목교역·목동운동장,POI044,서행,24.0,2026-10-05 17:05,14,5304.0,,1.0,33.0,0,0,7700,7800,8800,8900,550,600,500,550,150,200,150,200,100,150,100,150,20261005,8300,8400,10400,10500,800,850,650,700,200,250,200,250,100,150,150,200,20261005,2026-10-05 17:07
왕십리역,POI045,서행,17.0,2026-10-05 17:05,4,1478.0,,5.0,22.0,0,0,20400,20500,19600,19700,1400,1500,1300,1400,400,450,450,500,200,250,250,300,20261005,2600,2700,3600,3700,250,300,200,250,50,60,60,70,40,50,40,50,20261005,2026-10-05 17:07
용산역,POI046,서행,20.0,2026-10-05 17:05,11,5014.0,92.0,2.0,33.0,0,0,32700,32800,47300,47400,3600,3700,2800,2900,1100,1200,950,1000,750,800,550,600,20261005,6500,6600,5400,5500,700,750,400,450,250,300,100,150,100,150,40,50,20261005,2026-10-05 17:07
이태원역,POI047,서행,16.0,2026-10-05 17:05,4,66.0,,1.0,9.0,0,0,6400,6500,5800,5900,650,700,300,350,150,200,100,150,100,150,70,80,20261005,1900,2000,1700,1800,100,150,100,150,50,60,30,40,10,20,0,10,20261005,2026-10-05 17:07
장지역,POI048,서행,21.0,2026-10-05 17:05,4,10611.0,,1.0,20.0,0,0,6800,6900,6500,6600,450,500,500,550,150,200,100,150,100,150,80,90,20261005,2800,2900,3500,3600,300,350,200,250,100,150,70,80,60,70,30,40,20261005,2026-10-05 17:07
장한평역,POI049,서행,23.0,2026-10-05 17:05,15,847.0,,1.0,16.0,0,0,8000,8100,6100,6200,400,450,400,450,150,200,150,200,100,150,60,70,20261005,5200,5300,6400,6500,300,350,300,350,90,100,100,150,40,50,40,50,20261005,2026-10-05 17:07
천호역,POI050,서행,17.0,2026-10-05 17:05,14,3331.0,,2.0,12.0,0,0,18600,18700,17900,18000,1200,1300,1200,1300,350,400,300,350,200,250,200,250,20261005,2000,2100,3200,3300,200,250,200,250,80,90,70,80,30,40,30,40,20261005,2026-10-05 17:07
총신대입구(이수)역,POI051,서행,15.0,2026-10-05 17:05,7,533.0,,2.0,18.0,0,0,15900,16000,14600,14700,950,1000,1100,1200,300,350,350,400,150,200,200,250,20261005,6000,6100,5700,5800,500,550,350,400,150,200,100,150,100,150,50,60,20261005,2026-10-05 17:07
충정로역,POI052,서행,24.0,2026-10-05 17:05,5,834.0,,2.0,19.0,0,0,4400,4500,3700,3800,250,300,250,300,100,150,80,90,80,90,40,50,20261005,2700,2800,2400,2500,150,200,150,200,60,70,60,70,30,40,40,50,20261005,2026-10-05 17:07
합정역,POI053,서행,19.0,2026-10-05 17:05,6,207.0,,2.0,30.0,0,0,16000,16100,20100,20200,1300,1400,1200,1300,400,450,400,450,200,250,200,250,20261005,4700,4800,5200,5300,350,400,350,400,100,150,150,200,50,60,50,60,20261005,2026-10-05 17:07
혜화역,POI054,서행,19.0,2026-10-05 17:05,24,955.0,,1.0,12.0,2,0,11000,11100,19700,19800,1400,1500,1000,1100,300,350,300,350,200,250,200,250,20261005,5400,5500,6800,6900,450,500,400,450,150,200,150,200,70,80,80,90,20261005,2026-10-05 17:07
홍대입구역(2호선),POI055,정체,14.0,2026-10-05 17:05,16,1196.0,,1.0,17.0,0,0,29900,30000,47500,47600,3000,3100,3100,3200,950,1000,1100,1200,650,700,650,700,20261005,8800,8900,11200,11300,800,850,700,750,200,250,200,250,100,150,80,90,20261005,2026-10-05 17:07
회기역,POI056,서행,20.0,2026-10-05 17:05,21,408.0,,1.0,22.0,0,0,13100,13200,7900,8000,700,750,700,750,200,250,150,200,150,200,100,150,20261005,8300,8400,8300,8400,550,600,500,550,200,250,150,200,90,100,80,90,20261005,2026-10-05 17:07
가락시장,POI058,원활,25.0,2026-10-05 17:05,4,2884.0,,2.0,16.0,0,0,7600,7700,7000,7100,400,450,450,500,100,150,100,150,60,70,90,100,20261005,3800,3900,3000,3100,200,250,200,250,50,60,70,80,20,30,40,50,20261005,2026-10-05 17:07
가로수길,POI059,서행,23.0,2026-10-05 17:05,51,2767.0,155.0,2.0,14.0,0,0,16000,16100,25500,25600,1500,1600,1000,1100,450,500,350,400,300,350,250,300,20261005,2800,2900,4000,4100,250,300,250,300,100,150,90,100,40,50,20,30,20261005,2026-10-05 17:07
광장(전통)시장,POI060,서행,16.0,2026-10-05 17:05,7,103.0,5.0,1.0,11.0,0,0,12600,12700,15900,16000,1100,1200,700,750,300,350,150,200,100,150,90,100,20261005,4400,4500,5200,5300,400,450,250,300,150,200,100,150,60,70,30,40,20261005,2026-10-05 17:07
김포공항,POI061,원활,29.0,2026-10-05 17:05,6,16594.0,,6.0,27.0,0,0,16000,16100,20100,20200,1100,1200,1200,1300,400,450,350,400,200,250,150,200,20261005,1200,1300,1600,1700,100,150,100,150,30,40,40,50,20,30,10,20,20261005,2026-10-05 17:07
노량진,POI063,서행,19.0,2026-10-05 17:05,11,1218.0,,3.0,22.0,1,0,20400,20500,20100,20200,1200,1300,1300,1400,450,500,600,650,250,300,250,300,20261005,9400,9500,12500,12600,900,950,650,700,300,350,250,300,100,150,100,150,20261005,2026-10-05 17:07
덕수궁길·정동길,POI064,서행,17.0,2026-10-05 17:05,10,620.0,,3.0,10.0,0,1,18300,18400,24600,24700,1900,2000,850,900,550,600,250,300,400,450,150,200,20261005,2200,2300,2800,2900,100,150,150,200,30,40,50,60,0,10,10,20,20261005,2026-10-05 17:07
북촌한옥마을,POI066,서행,16.0,2026-10-05 17:05,16,1756.0,,1.0,55.0,5,0,11400,11500,19000,19100,1500,1600,650,700,400,450,150,200,100,150,90,100,20261005,8100,8200,9800,9900,800,850,500,550,300,350,150,200,100,150,50,60,20261005,2026-10-05 17:07
서촌,POI067,서행,18.0,2026-10-05 17:05,9,308.0,,1.0,32.0,0,0,11700,11800,19100,19200,1300,1400,600,650,400,450,150,200,150,200,100,150,20261005,7200,7300,7900,8000,550,600,450,500,200,250,150,200,80,90,60,70,20261005,2026-10-05 17:07
성수카페거리,POI068,서행,15.0,2026-10-05 17:05,28,2824.0,,2.0,35.0,1,0,26400,26500,52000,52100,3700,3800,2800,2900,1100,1200,1000,1100,700,750,550,600,20261005,2200,2300,2900,3000,200,250,100,150,60,70,50,60,40,50,30,40,20261005,2026-10-05 17:07
쌍문역,POI070,서행,18.0,2026-10-05 17:05,8,345.0,,1.0,18.0,0,0,15100,15200,7700,7800,550,600,800,850,150,200,200,250,100,150,100,150,20261005,5900,6000,8200,8300,400,450,400,450,150,200,150,200,60,70,40,50,20261005,2026-10-05 17:07
압구정로데오거리,POI071,서행,17.0,2026-10-05 17:05,55,1976.0,2.0,1.0,16.0,1,0,5500,5600,10100,10200,750,800,400,450,250,300,90,100,150,200,40,50,20261005,4200,4300,5700,5800,400,450,250,300,100,150,70,80,30,40,20,30,20261005,2026-10-05 17:07
여의도,POI072,서행,24.0,2026-10-05 17:05,116,24820.0,1254.0,9.0,63.0,2,0,33000,33100,44500,44600,3000,3100,2700,2800,950,1000,850,900,500,550,500,550,20261005,15200,15300,21300,21400,1500,1600,1300,1400,500,550,400,450,150,200,100,150,20261005,2026-10-05 17:07
연남동,POI073,서행,16.0,2026-10-05 17:05,45,132.0,,0.0,20.0,0,0,,,,,,,,,,,,,,,,,,3500,3600,4100,4200,200,250,250,300,90,100,90,100,20,30,30,40,20261005,2026-10-05 17:07
영등포 타임스퀘어,POI074,서행,17.0,2026-10-05 17:05,10,1195.0,134.0,3.0,24.0,1,0,26100,26200,28600,28700,2300,2400,1700,1800,800,850,450,500,650,700,250,300,20261005,10000,10100,14000,14100,1100,1200,850,900,350,400,250,300,150,200,100,150,20261005,2026-10-05 17:07
용리단길,POI076,서행,19.0,2026-10-05 17:05,0,,,3.0,7.0,0,0,13400,13500,20200,20300,1500,1600,1300,1400,450,500,300,350,200,250,100,150,20261005,2000,2100,4600,4700,200,250,300,350,70,80,100,150,30,40,50,60,20261005,2026-10-05 17:07
이태원 앤틱가구거리,POI077,서행,20.0,2026-10-05 17:05,4,51.0,,1.0,13.0,0,0,6400,6500,5800,5900,650,700,300,350,150,200,100,150,100,150,70,80,20261005,1900,2000,1900,2000,150,200,100,150,50,60,50,60,10,20,10,20,20261005,2026-10-05 17:07
인사동,POI078,정체,13.0,2026-10-05 17:05,21,2465.0,1.0,2.0,26.0,3,0,20800,20900,34300,34400,2600,2700,1300,1400,700,750,400,450,250,300,150,200,20261005,7700,7800,8000,8100,650,700,400,450,200,250,100,150,70,80,40,50,20261005,2026-10-05 17:07
창동 신경제 중심지,POI079,서행,16.0,2026-10-05 17:05,46,4927.0,46.0,4.0,55.0,5,0,32700,32800,31100,31200,2000,2100,2100,2200,600,650,600,650,350,400,350,400,20261005,9800,9900,12400,12500,850,900,600,650,300,350,200,250,100,150,70,80,20261005,2026-10-05 17:07
청담동 명품거리,POI080,서행,20.0,2026-10-05 17:05,16,910.0,,1.0,10.0,0,0,5500,5600,10100,10200,750,800,400,450,250,300,90,100,150,200,40,50,20261005,1900,2000,2200,2300,150,200,100,150,50,60,40,50,20,30,10,20,20261005,2026-10-05 17:07
청량리 제기동 일대 전통시장,POI081,서행,17.0,2026-10-05 17:05,12,2214.0,,2.0,23.0,0,0,24900,25000,25500,25600,1700,1800,1100,1200,500,550,350,400,150,200,100,150,20261005,18800,18900,18600,18700,1500,1600,800,850,450,500,250,300,100,150,90,100,20261005,2026-10-05 17:07
해방촌·경리단길,POI082,원활,31.0,2026-10-05 17:05,4,273.0,,0.0,26.0,0,0,,,,,,,,,,,,,,,,,,4700,4800,4700,4800,400,450,450,500,150,200,150,200,70,80,80,90,20261005,2026-10-05 17:07
DDP(동대문디자인플라자),POI083,서행,16.0,2026-10-05 17:05,9,2596.0,194.0,3.0,11.0,3,0,18500,18600,20400,20500,1600,1700,1000,1100,450,500,250,300,350,400,200,250,20261005,2000,2100,2800,2900,150,200,150,200,50,60,50,60,10,20,0,10,20261005,2026-10-05 17:07
DMC(디지털미디어시티),POI084,서행,21.0,2026-10-05 17:05,25,9176.0,,4.0,68.0,0,0,9900,10000,8300,8400,550,600,550,600,150,200,150,200,100,150,60,70,20261005,4000,4100,4900,5000,250,300,250,300,100,150,80,90,30,40,30,40,20261005,2026-10-05 17:07
강서한강공원,POI085,원활,56.0,2026-10-05 17:05,2,106.0,53.0,0.0,1.0,0,0,,,,,,,,,,,,,,,,,,0,0,0,0,0,0,0,0,0,0,0,0,0,0,0,0,20261005,2026-10-05 17:07
고척돔,POI086,원활,26.0,2026-10-05 17:05,0,,,1.0,3.0,3,0,3100,3200,1900,2000,100,150,150,200,20,30,60,70,10,20,20,30,20261005,1500,1600,1300,1400,70,80,50,60,30,40,0,10,10,20,0,10,20261005,2026-10-05 17:07
광나루한강공원,POI087,원활,58.0,2026-10-05 17:05,4,718.0,346.0,0.0,0.0,0,0,,,,,,,,,,,,,,,,,,,,,,,,,,,,,,,,,,,2026-10-05 17:07
광화문광장,POI088,서행,18.0,2026-10-05 17:05,3,2932.0,387.0,2.0,12.0,1,0,19500,19600,34400,34500,2400,2500,1100,1200,750,800,300,350,450,500,200,250,20261005,6100,6200,7100,7200,650,700,400,450,250,300,150,200,150,200,80,90,20261005,2026-10-05 17:07
국립중앙박물관·용산가족공원,POI089,원활,29.0,2026-10-05 17:05,4,931.0,,3.0,3.0,1,0,10000,10100,11800,11900,1100,1200,400,450,300,350,100,150,200,250,90,100,20261005,500,550,550,600,50,60,10,20,0,0,0,0,0,0,0,0,20261005,2026-10-05 17:07
난지한강공원,POI090,원활,43.0,2026-10-05 17:05,4,1240.0,0.0,0.0,7.0,0,0,,,,,,,,,,,,,,,,,,70,80,40,50,0,10,0,0,0,0,0,0,0,0,0,0,20261005,2026-10-05 17:07
남산공원,POI091,원활,29.0,2026-10-05 17:05,33,2148.0,22.0,5.0,37.0,2,0,32300,32400,48400,48500,3000,3100,1600,1700,1000,1100,500,550,550,600,300,350,20261005,10200,10300,10800,10900,1000,1100,900,950,400,450,350,400,150,200,100,150,20261005,2026-10-05 17:07
노들섬,POI092,서행,24.0,2026-10-05 17:05,1,99.0,,0.0,4.0,2,0,,,,,,,,,,,,,,,,,,1400,1500,2600,2700,300,350,350,400,100,150,100,150,50,60,70,80,20261005,2026-10-05 17:07
뚝섬한강공원,POI093,원활,44.0,2026-10-05 17:05,8,1342.0,671.0,1.0,1.0,1,0,5800,5900,7300,7400,700,750,550,600,150,200,100,150,100,150,40,50,20261005,0,0,0,0,0,0,0,0,0,0,0,0,0,0,0,0,20261005,2026-10-05 17:07
망원한강공원,POI094,원활,34.0,2026-10-05 17:05,2,458.0,0.0,2.0,10.0,0,0,16000,16100,20100,20200,1300,1400,1200,1300,400,450,400,450,200,250,200,250,20261005,3300,3400,3800,3900,250,300,200,250,100,150,100,150,30,40,50,60,20261005,2026-10-05 17:07
반포한강공원,POI095,원활,36.0,2026-10-05 17:05,9,1483.0,9.0,0.0,6.0,0,0,,,,,,,,,,,,,,,,,,150,200,300,350,40,50,40,50,20,30,10,20,0,10,0,10,20261005,2026-10-05 17:07
북서울꿈의숲,POI096,서행,20.0,2026-10-05 17:05,3,549.0,,0.0,17.0,0,0,,,,,,,,,,,,,,,,,,1400,1500,850,900,60,70,60,70,20,30,30,40,10,20,10,20,20261005,2026-10-05 17:07
서리풀공원·몽마르뜨공원,POI098,원활,25.0,2026-10-05 17:05,0,,,4.0,7.0,0,0,48800,48900,62100,62200,4600,4700,3800,3900,1500,1600,1300,1400,950,1000,600,650,20261005,9400,9500,10300,10400,800,850,700,750,250,300,200,250,100,150,100,150,20261005,2026-10-05 17:07
서울대공원,POI100,원활,28.0,2026-10-05 17:05,0,,,1.0,0.0,0,0,3800,3900,7700,7800,600,650,100,150,200,250,20,30,100,150,20,30,20261005,,,,,,,,,,,,,,,,,,2026-10-05 17:07
서울숲공원,POI101,원활,33.0,2026-10-05 17:05,2,996.0,,1.0,9.0,0,0,5300,5400,7800,7900,650,700,250,300,150,200,90,100,100,150,60,70,20261005,750,800,1200,1300,90,100,80,90,30,40,10,20,10,20,10,20,20261005,2026-10-05 17:07
아차산,POI102,원활,30.0,2026-10-05 17:05,0,,,0.0,3.0,0,0,,,,,,,,,,,,,,,,,,150,200,30,40,0,10,0,0,0,0,0,0,0,0,0,0,20261005,2026-10-05 17:07
양화한강공원,POI103,원활,37.0,2026-10-05 17:05,6,1002.0,443.0,0.0,5.0,0,0,,,,,,,,,,,,,,,,,,80,90,150,200,10,20,0,10,0,10,0,0,0,0,0,0,20261005,2026-10-05 17:07
어린이대공원,POI104,서행,18.0,2026-10-05 17:05,4,945.0,,2.0,9.0,0,0,15100,15200,15000,15100,1000,1100,800,850,250,300,200,250,200,250,150,200,20261005,1300,1400,1400,1500,100,150,100,150,40,50,40,50,10,20,0,10,20261005,2026-10-05 17:07
여의도한강공원,POI105,원활,36.0,2026-10-05 17:05,6,2866.0,1175.0,1.0,3.0,0,0,5000,5100,11800,11900,850,900,900,950,200,250,200,250,150,200,200,250,20261005,650,700,900,950,100,150,60,70,20,30,10,20,0,10,0,10,20261005,2026-10-05 17:07
월드컵공원,POI106,원활,31.0,2026-10-05 17:05,9,3537.0,,4.0,34.0,0,0,13600,13700,13800,13900,1100,1200,650,700,300,350,200,250,150,200,60,70,20261005,2500,2600,2400,2500,250,300,150,200,80,90,60,70,30,40,20,30,20261005,2026-10-05 17:07
응봉산,POI107,서행,23.0,2026-10-05 17:05,3,88.0,,1.0,24.0,0,0,1100,1200,700,750,40,50,50,60,0,10,30,40,0,10,30,40,20261005,1700,1800,1200,1300,100,150,100,150,50,60,40,50,30,40,10,20,20261005,2026-10-05 17:07
이촌한강공원,POI108,원활,40.0,2026-10-05 17:05,2,514.0,0.0,0.0,4.0,0,0,,,,,,,,,,,,,,,,,,30,40,100,150,0,10,0,10,0,0,0,0,0,0,0,0,20261005,2026-10-05 17:07
잠실종합운동장,POI109,서행,21.0,2026-10-05 17:05,1,876.0,,2.0,4.0,0,0,6000,6100,18100,18200,750,800,600,650,150,200,90,100,100,150,40,50,20261005,600,650,1200,1300,40,50,20,30,10,20,0,10,0,10,0,10,20261005,2026-10-05 17:07
잠실한강공원,POI110,원활,42.0,2026-10-05 17:05,4,1326.0,320.0,1.0,9.0,0,0,5500,5600,4100,4200,300,350,350,400,90,100,90,100,30,40,10,20,20261005,150,200,600,650,20,30,40,50,0,10,10,20,0,10,0,10,20261005,2026-10-05 17:07
잠원한강공원,POI111,원활,29.0,2026-10-05 17:05,3,1540.0,0.0,0.0,5.0,0,0,,,,,,,,,,,,,,,,,,500,550,650,700,50,60,50,60,20,30,10,20,0,10,0,0,20261005,2026-10-05 17:07
청계산,POI112,원활,49.0,2026-10-05 17:05,0,,,0.0,9.0,0,0,,,,,,,,,,,,,,,,,,50,60,60,70,0,0,0,0,0,0,0,0,0,0,0,0,20261005,2026-10-05 17:07
북창동 먹자골목,POI114,정체,12.0,2026-10-05 17:05,20,552.0,0.0,0.0,11.0,0,0,,,,,,,,,,,,,,,,,,7600,7700,8400,8500,700,750,300,350,200,250,100,150,80,90,30,40,20261005,2026-10-05 17:07
남대문시장,POI115,정체,12.0,2026-10-05 17:05,16,1456.0,4.0,1.0,7.0,0,0,,,,,,,,,,,,,,,,,,6100,6200,7400,7500,600,650,300,350,150,200,100,150,60,70,40,50,20261005,2026-10-05 17:07
익선동,POI116,정체,13.0,2026-10-05 17:05,10,187.0,1.0,3.0,11.0,1,0,22900,23000,33200,33300,2300,2400,1600,1700,700,750,450,500,450,500,350,400,20261005,4200,4300,4600,4700,350,400,250,300,90,100,100,150,40,50,30,40,20261005,2026-10-05 17:07
신정네거리역,POI117,서행,16.0,2026-10-05 17:05,3,119.0,,1.0,9.0,0,0,,,,,,,,,,,,,,,,,,,,,,,,,,,,,,,,,,,2026-10-05 17:07
잠실새내역,POI118,서행,17.0,2026-10-05 17:05,31,1541.0,,1.0,18.0,0,0,9700,9800,9400,9500,750,800,1600,1700,150,200,150,200,100,150,100,150,20261005,3900,4000,4700,4800,250,300,250,300,100,150,100,150,20,30,30,40,20261005,2026-10-05 17:07
잠실역,POI119,서행,19.0,2026-10-05 17:05,5,6749.0,275.0,2.0,21.0,0,0,,,,,,,,,,,,,,,,,,9100,9200,14200,14300,1000,1100,750,800,400,450,300,350,100,150,70,80,20261005,2026-10-05 17:07
잠실롯데타워·석촌호수,POI120,서행,17.0,2026-10-05 17:05,33,9281.0,275.0,3.0,0.0,2,0,,,,,,,,,,,,,,,,,,,,,,,,,,,,,,,,,,,2026-10-05 17:07
송리단길·호수단길,POI121,서행,17.0,2026-10-05 17:05,21,878.0,,1.0,15.0,0,0,3600,3700,4500,4600,250,300,300,350,80,90,100,150,20,30,30,40,20261005,3500,3600,4700,4800,250,300,250,300,70,80,80,90,40,50,30,40,20261005,2026-10-05 17:07
신촌 스타광장,POI122,서행,15.0,2026-10-05 17:05,4,235.0,,1.0,4.0,0,0,,,,,,,,,,,,,,,,,,3500,3600,3800,3900,250,300,250,300,70,80,80,90,30,40,70,80,20261005,2026-10-05 17:07
보라매공원,POI123,정체,11.0,2026-10-05 17:05,1,78.0,,2.0,5.0,0,0,2900,3000,2800,2900,200,250,150,200,40,50,40,50,0,0,0,0,20261005,70,80,100,150,0,10,10,20,0,0,0,0,0,0,0,0,20261005,2026-10-05 17:07
서대문독립공원,POI124,서행,24.0,2026-10-05 17:05,2,150.0,,1.0,18.0,0,0,4400,4500,4300,4400,200,250,150,200,60,70,50,60,30,40,30,40,20261005,3400,3500,2900,3000,200,250,200,250,60,70,60,70,10,20,30,40,20261005,2026-10-05 17:07
안양천,POI125,원활,38.0,2026-10-05 17:05,1,294.0,,0.0,1.0,0,0,,,,,,,,,,,,,,,,,,10,20,0,0,0,10,0,0,0,0,0,0,0,0,0,0,20261005,2026-10-05 17:07
여의서로,POI126,원활,32.0,2026-10-05 17:05,2,168.0,38.0,0.0,0.0,0,0,,,,,,,,,,,,,,,,,,,,,,,,,,,,,,,,,,,2026-10-05 17:07
올림픽공원,POI127,서행,23.0,2026-10-05 17:05,4,2716.0,,4.0,17.0,4,0,,,,,,,,,,,,,,,,,,2200,2300,2600,2700,150,200,100,150,50,60,50,60,20,30,20,30,20261005,2026-10-05 17:07
홍제폭포,POI128,원활,26.0,2026-10-05 17:05,0,,,0.0,0.0,0,0,,,,,,,,,,,,,,,,,,,,,,,,,,,,,,,,,,,2026-10-05 17:07
송현녹지광장,POI129,서행,15.0,2026-10-05 17:05,4,1546.0,,1.0,25.0,5,0,11400,11500,19000,19100,1500,1600,650,700,400,450,150,200,100,150,90,100,20261005,6900,7000,7800,7900,650,700,350,400,250,300,100,150,90,100,40,50,20261005,2026-10-05 17:07
시의회 앞,POI130,서행,17.0,2026-10-05 17:05,9,1723.0,,3.0,25.0,3,0,23100,23200,42900,43000,3200,3300,1400,1500,1000,1100,400,450,700,750,300,350,20261005,7500,7600,10400,10500,800,850,600,650,250,300,150,200,200,250,50,60,20261005,2026-10-05 17:07
강남 MICE 관광특구,POI001,정체,14.0,2026-10-05 18:05,3,4428.0,,2.0,6.0,0,0,31300,31400,42600,42700,2200,2300,1300,1400,700,750,400,450,400,450,200,250,20261005,3300,3400,2900,3000,250,300,150,200,90,100,50,60,30,40,20,30,20261005,2026-10-05 18:07
동대문 관광특구,POI002,서행,16.0,2026-10-05 18:05,47,8302.0,185.0,7.0,32.0,4,0,56700,56800,59400,59500,3700,3800,2300,2400,1100,1200,700,750,750,800,400,450,20261005,8100,8200,7700,7800,450,500,300,350,100,150,100,150,50,60,50,60,20261005,2026-10-05 18:07
명동 관광특구,POI003,서행,15.0,2026-10-05 18:05,93,12070.0,7.0,7.0,54.0,3,2,96200,96300,133500,133600,7700,7800,4500,4600,2200,2300,1300,1400,1100,1200,850,900,20261005,25800,25900,29700,29800,2000,2100,1200,1300,650,700,450,500,300,350,200,250,20261005,2026-10-05 18:07
이태원 관광특구,POI004,서행,19.0,2026-10-05 18:05,8,853.0,,3.0,17.0,0,0,14400,14500,18800,18900,1000,1100,950,1000,250,300,250,300,150,200,100,150,20261005,4000,4100,4100,4200,300,350,250,300,100,150,60,70,10,20,0,10,20261005,2026-10-05 18:07
잠실 관광특구,POI005,서행,20.0,2026-10-05 18:05,37,11997.0,243.0,6.0,50.0,6,0,60000,60100,72900,73000,4500,4600,3700,3800,1300,1400,1100,1200,850,900,600,650,20261005,12200,12300,16000,16100,950,1000,750,800,300,350,250,300,100,150,100,150,20261005,2026-10-05 18:07
종로·청계 관광특구,POI006,서행,15.0,2026-10-05 18:05,48,2496.0,70.0,10.0,62.0,0,0,103800,103900,129800,129900,7600,7700,3800,3900,2300,2400,1300,1400,1300,1400,750,800,20261005,22100,22200,23300,23400,1500,1600,1000,1100,450,500,350,400,150,200,150,200,20261005,2026-10-05 18:07
홍대 관광특구,POI007,정체,14.0,2026-10-05 18:05,51,3098.0,,8.0,70.0,0,0,79700,79800,107600,107700,6400,6500,6000,6100,2000,2100,1900,2000,1200,1300,1100,1200,20261005,18300,18400,20700,20800,1600,1700,1000,1100,500,550,400,450,200,250,150,200,20261005,2026-10-05 18:07
경복궁,POI008,서행,16.0,2026-10-05 18:05,2,267.0,,1.0,11.0,0,0,14300,14400,20300,20400,1200,1300,500,550,350,400,100,150,150,200,20,30,20261005,1700,1800,1500,1600,150,200,40,50,60,70,20,30,0,0,10,20,20261005,2026-10-05 18:07
광화문·덕수궁,POI009,서행,16.0,2026-10-05 18:05,29,7988.0,305.0,4.0,41.0,5,1,43100,43200,65800,65900,3900,4000,1700,1800,1100,1200,550,600,650,700,250,300,20261005,16300,16400,19500,19600,1100,1200,850,900,350,400,250,300,100,150,150,200,20261005,2026-10-05 18:07
보신각,POI010,서행,16.0,2026-10-05 18:05,14,2572.0,11.0,1.0,14.0,0,0,11400,11500,16400,16500,950,1000,450,500,300,350,150,200,100,150,80,90,20261005,5200,5300,5800,5900,350,400,250,300,100,150,100,150,50,60,40,50,20261005,2026-10-05 18:07
서울 암사동 유적,POI011,서행,21.0,2026-10-05 18:05,1,108.0,,0.0,3.0,0,0,,,,,,,,,,,,,,,,,,50,60,20,30,0,10,0,0,0,10,0,0,0,0,0,0,20261005,2026-10-05 18:07
창덕궁·종묘,POI012,서행,16.0,2026-10-05 18:05,16,3155.0,598.0,4.0,19.0,1,0,41900,42000,53200,53300,3100,3200,1700,1800,900,950,600,650,500,550,300,350,20261005,3600,3700,4200,4300,200,250,150,200,80,90,60,70,30,40,30,40,20261005,2026-10-05 18:07
가산디지털단지역,POI013,서행,22.0,2026-10-05 18:05,20,8291.0,,2.0,71.0,0,0,13100,13200,14300,14400,950,1000,750,800,200,250,200,250,100,150,100,150,20261005,5000,5100,6500,6600,450,500,300,350,150,200,90,100,30,40,40,50,20261005,2026-10-05 18:07
강남역,POI014,서행,16.0,2026-10-05 18:05,95,7876.0,,4.0,55.0,0,0,45600,45700,59600,59700,3400,3500,2900,3000,1000,1100,950,1000,600,650,750,800,20261005,16700,16800,16200,16300,1000,1100,1000,1100,350,400,350,400,150,200,150,200,20261005,2026-10-05 18:07
건대입구역,POI015,서행,19.0,2026-10-05 18:05,23,6603.0,,2.0,11.0,1,0,23900,24000,26300,26400,1600,1700,1600,1700,450,500,450,500,200,250,250,300,20261005,2900,3000,4200,4300,200,250,250,300,80,90,90,100,40,50,50,60,20261005,2026-10-05 18:07
고덕역,POI016,서행,21.0,2026-10-05 18:05,15,1615.0,,1.0,5.0,0,0,4400,4500,3900,4000,150,200,250,300,50,60,90,100,30,40,70,80,20261005,1200,1300,1200,1300,70,80,80,90,20,30,30,40,10,20,10,20,20261005,2026-10-05 18:07
고속터미널역,POI017,서행,22.0,2026-10-05 18:05,3,4291.0,,3.0,10.0,0,0,52100,52200,64400,64500,4000,4100,3400,3500,1100,1200,900,950,750,800,750,800,20261005,11500,11600,12200,12300,800,850,650,700,300,350,250,300,100,150,80,90,20261005,2026-10-05 18:07
교대역,POI018,서행,15.0,2026-10-05 18:05,14,760.0,,2.0,13.0,0,0,12200,12300,13800,13900,750,800,700,750,250,300,200,250,150,200,100,150,20261005,2300,2400,1600,1700,100,150,90,100,40,50,20,30,30,40,10,20,20261005,2026-10-05 18:07
구로디지털단지역,POI019,서행,17.0,2026-10-05 18:05,20,6911.0,,1.0,29.0,0,0,24100,24200,16800,16900,950,1000,1300,1400,250,300,450,500,150,200,250,300,20261005,4300,4400,3200,3300,350,400,150,200,100,150,50,60,30,40,20,30,20261005,2026-10-05 18:07
구로역,POI020,원활,28.0,2026-10-05 18:05,3,1047.0,,1.0,5.0,0,0,9000,9100,8000,8100,400,450,450,500,100,150,150,200,50,60,60,70,20261005,1100,1200,1800,1900,70,80,60,70,30,40,30,40,10,20,10,20,20261005,2026-10-05 18:07
군자역,POI021,서행,16.0,2026-10-05 18:05,11,573.0,,2.0,16.0,0,0,13500,13600,10700,10800,600,650,700,750,200,250,250,300,70,80,60,70,20261005,3100,3200,3400,3500,150,200,200,250,60,70,80,90,10,20,20,30,20261005,2026-10-05 18:07
대림역,POI023,서행,18.0,2026-10-05 18:05,4,221.0,,2.0,29.0,0,0,20000,20100,16100,16200,950,1000,1200,1300,200,250,350,400,100,150,250,300,20261005,4400,4500,5300,5400,250,300,200,250,50,60,40,50,0,10,10,20,20261005,2026-10-05 18:07
동대문역,POI024,서행,17.0,2026-10-05 18:05,17,892.0,0.0,2.0,7.0,0,0,23600,23700,25600,25700,1500,1600,700,750,500,550,200,250,300,350,150,200,20261005,3300,3400,3800,3900,150,200,100,150,50,60,30,40,10,20,10,20,20261005,2026-10-05 18:07
뚝섬역,POI025,서행,20.0,2026-10-05 18:05,9,767.0,,1.0,4.0,1,0,8800,8900,11400,11500,700,750,450,500,150,200,100,150,70,80,30,40,20261005,1000,1100,1200,1300,90,100,50,60,20,30,0,10,10,20,0,10,20261005,2026-10-05 18:07
미아사거리역,POI026,서행,16.0,2026-10-05 18:05,11,1409.0,,1.0,29.0,0,0,14600,14700,11300,11400,600,650,850,900,150,200,300,350,100,150,200,250,20261005,15500,15600,16100,16200,1000,1100,800,850,300,350,250,300,150,200,100,150,20261005,2026-10-05 18:07
발산역,POI027,정체,14.0,2026-10-05 18:05,13,2880.0,,1.0,37.0,0,0,8700,8800,9500,9600,550,600,500,550,150,200,150,200,100,150,150,200,20261005,4400,4500,5300,5400,300,350,250,300,90,100,90,100,50,60,50,60,20261005,2026-10-05 18:07
사당역,POI029,서행,18.0,2026-10-05 18:05,13,520.0,,2.0,17.0,1,0,32400,32500,29000,29100,1600,1700,1900,2000,450,500,550,600,250,300,300,350,20261005,3900,4000,5400,5500,250,300,300,350,80,90,90,100,40,50,30,40,20261005,2026-10-05 18:07
삼각지역,POI030,서행,18.0,2026-10-05 18:05,0,,,2.0,7.0,0,0,6200,6300,7900,8000,400,450,450,500,100,150,100,150,50,60,70,80,20261005,3500,3600,3400,3500,250,300,200,250,100,150,90,100,30,40,20,30,20261005,2026-10-05 18:07
서울대입구역,POI031,서행,18.0,2026-10-05 18:05,2,52.0,,1.0,15.0,0,0,22900,23000,16400,16500,950,1000,1200,1300,300,350,350,400,100,150,250,300,20261005,12200,12300,13100,13200,700,750,750,800,250,300,250,300,100,150,100,150,20261005,2026-10-05 18:07
서울식물원·마곡나루역,POI032,서행,17.0,2026-10-05 18:05,2,2651.0,,2.0,15.0,2,0,10400,10500,10700,10800,600,650,650,700,200,250,250,300,100,150,150,200,20261005,1100,1200,1300,1400,80,90,50,60,20,30,10,20,0,10,0,10,20261005,2026-10-05 18:07
서울역,POI033,서행,19.0,2026-10-05 18:05,23,3968.0,0.0,8.0,34.0,1,0,102300,102400,120200,120300,6200,6300,4800,4900,1700,1800,1500,1600,900,950,800,850,20261005,16000,16100,16300,16400,1000,1100,750,800,300,350,250,300,100,150,100,150,20261005,2026-10-05 18:07
선릉역,POI034,서행,17.0,2026-10-05 18:05,94,11160.0,27.0,4.0,20.0,0,0,34500,34600,44400,44500,2400,2500,1400,1500,800,850,450,500,350,400,150,200,20261005,4000,4100,3900,4000,250,300,200,250,80,90,80,90,20,30,20,30,20261005,2026-10-05 18:07
성신여대입구역,POI035,서행,16.0,2026-10-05 18:05,2,38.0,,2.0,9.0,0,0,13900,14000,12300,12400,700,750,750,800,200,250,150,200,100,150,90,100,20261005,8000,8100,9000,9100,600,650,500,550,150,200,150,200,70,80,60,70,20261005,2026-10-05 18:07
수유역,POI036,서행,15.0,2026-10-05 18:05,8,802.0,,1.0,32.0,0,0,20200,20300,13700,13800,750,800,1200,1300,200,250,300,350,100,150,150,200,20261005,15800,15900,18700,18800,1000,1100,900,950,350,400,300,350,100,150,100,150,20261005,2026-10-05 18:07
신논현역·논현역,POI037,서행,18.0,2026-10-05 18:05,32,1053.0,,3.0,13.0,0,0,20200,20300,24700,24800,1400,1500,1200,1300,450,500,350,400,300,350,250,300,20261005,5300,5400,5400,5500,300,350,350,400,100,150,100,150,30,40,60,70,20261005,2026-10-05 18:07
신도림역,POI038,원활,40.0,2026-10-05 18:05,1,1644.0,,2.0,2.0,0,0,23900,24000,20400,20500,1100,1200,1400,1500,350,400,400,450,200,250,250,300,20261005,1500,1600,3200,3300,50,60,100,150,20,30,60,70,0,10,20,30,20261005,2026-10-05 18:07
신림역,POI039,서행,15.0,2026-10-05 18:05,2,282.0,,2.0,15.0,0,0,32100,32200,20400,20500,1100,1200,1900,2000,350,400,550,600,200,250,250,300,20261005,13900,14000,18100,18200,1000,1100,750,800,350,400,250,300,150,200,100,150,20261005,2026-10-05 18:07
신촌·이대역,POI040,서행,18.0,2026-10-05 18:05,25,1943.0,153.0,4.0,41.0,0,0,25300,25400,26500,26600,1400,1500,1600,1700,450,500,600,650,250,300,350,400,20261005,14400,14500,15100,15200,1000,1100,800,850,300,350,300,350,100,150,100,150,20261005,2026-10-05 18:07
양재역,POI041,서행,22.0,2026-10-05 18:05,16,1881.0,,2.0,27.0,0,0,12900,13000,14600,14700,800,850,750,800,250,300,150,200,100,150,100,150,20261005,7200,7300,6700,6800,450,500,350,400,150,200,100,150,80,90,60,70,20261005,2026-10-05 18:07
역삼역,POI042,서행,15.0,2026-10-05 18:05,47,7473.0,1.0,1.0,10.0,0,0,8700,8800,11800,11900,550,600,400,450,150,200,150,200,70,80,80,90,20261005,2800,2900,3400,3500,100,150,150,200,20,30,30,40,10,20,10,20,20261005,2026-10-05 18:07
연신내역,POI043,서행,17.0,2026-10-05 18:05,5,208.0,,3.0,14.0,0,0,25900,26000,19500,19600,1000,1100,1300,1400,250,300,450,500,90,100,150,200,20261005,6100,6200,6300,6400,350,400,250,300,100,150,60,70,50,60,20,30,20261005,2026-10-05 18:07
오목교역·목동운동장,POI044,서행,24.0,2026-10-05 18:05,14,5304.0,,1.0,33.0,0,0,8800,8900,10100,10200,500,550,550,600,150,200,150,200,100,150,150,200,20261005,9700,9800,11800,11900,700,750,650,700,250,300,250,300,100,150,80,90,20261005,2026-10-05 18:07
왕십리역,POI045,서행,19.0,2026-10-05 18:05,4,1478.0,,5.0,22.0,0,0,23200,23300,22500,22600,1400,1500,1400,1500,450,500,350,400,200,250,150,200,20261005,3100,3200,3900,4000,250,300,150,200,100,150,40,50,40,50,20,30,20261005,2026-10-05 18:07
용산역,POI046,서행,20.0,2026-10-05 18:05,11,5014.0,95.0,2.0,33.0,0,0,39500,39600,53100,53200,3600,3700,2900,3000,1100,1200,850,900,600,650,450,500,20261005,7900,8000,6200,6300,700,750,400,450,150,200,100,150,100,150,40,50,20261005,2026-10-05 18:07
이태원역,POI047,서행,15.0,2026-10-05 18:05,4,66.0,,1.0,9.0,0,0,7200,7300,6600,6700,350,400,350,400,90,100,100,150,60,70,60,70,20261005,2200,2300,1900,2000,150,200,100,150,60,70,30,40,10,20,0,10,20261005,2026-10-05 18:07
장지역,POI048,서행,19.0,2026-10-05 18:05,4,10611.0,,1.0,20.0,0,0,7700,7800,7500,7600,500,550,500,550,100,150,150,200,60,70,100,150,20261005,3400,3500,3900,4000,300,350,200,250,100,150,60,70,40,50,20,30,20261005,2026-10-05 18:07
장한평역,POI049,서행,24.0,2026-10-05 18:05,15,847.0,,1.0,16.0,0,0,8700,8800,7000,7100,350,400,500,550,100,150,150,200,50,60,100,150,20261005,6000,6100,7000,7100,350,400,300,350,150,200,80,90,40,50,30,40,20261005,2026-10-05 18:07
천호역,POI050,서행,17.0,2026-10-05 18:05,14,3331.0,,2.0,12.0,0,0,20900,21000,20400,20500,1100,1200,1100,1200,300,350,250,300,200,250,200,250,20261005,2400,2500,3600,3700,200,250,200,250,60,70,60,70,40,50,40,50,20261005,2026-10-05 18:07
총신대입구(이수)역,POI051,서행,17.0,2026-10-05 18:05,7,533.0,,2.0,18.0,0,0,17700,17800,16900,17000,800,850,1100,1200,200,250,250,300,100,150,100,150,20261005,6900,7000,6400,6500,450,500,400,450,100,150,100,150,70,80,60,70,20261005,2026-10-05 18:07
충정로역,POI052,서행,22.0,2026-10-05 18:05,5,834.0,,2.0,19.0,0,0,4800,4900,4300,4400,200,250,250,300,50,60,80,90,40,50,50,60,20261005,3000,3100,2700,2800,150,200,150,200,70,80,60,70,20,30,10,20,20261005,2026-10-05 18:07
합정역,POI053,서행,20.0,2026-10-05 18:05,6,207.0,,2.0,30.0,0,0,18800,18900,23000,23100,1300,1400,1300,1400,450,500,400,450,200,250,150,200,20261005,5500,5600,6100,6200,450,500,350,400,150,200,100,150,60,70,20,30,20261005,2026-10-05 18:07
혜화역,POI054,서행,17.0,2026-10-05 18:05,24,955.0,,1.0,12.0,2,0,13600,13700,22300,22400,1200,1300,1400,1500,400,450,400,450,250,300,350,400,20261005,6300,6400,7700,7800,450,500,450,500,150,200,150,200,70,80,70,80,20261005,2026-10-05 18:07
홍대입구역(2호선),POI055,정체,12.0,2026-10-05 18:05,16,1196.0,,1.0,17.0,0,0,36300,36400,53500,53600,3200,3300,2800,2900,1000,1100,850,900,650,700,550,600,20261005,10600,10700,12500,12600,900,950,550,600,300,350,200,250,100,150,90,100,20261005,2026-10-05 18:07
회기역,POI056,서행,18.0,2026-10-05 18:05,21,408.0,,1.0,22.0,0,0,14400,14500,9600,9700,700,750,900,950,200,250,350,400,100,150,100,150,20261005,9500,9600,9400,9500,600,650,500,550,150,200,150,200,60,70,40,50,20261005,2026-10-05 18:07
가락시장,POI058,서행,24.0,2026-10-05 18:05,4,2884.0,,2.0,16.0,0,0,8400,8500,7900,8000,350,400,500,550,100,150,100,150,50,60,80,90,20261005,4200,4300,3300,3400,150,200,150,200,60,70,70,80,30,40,30,40,20261005,2026-10-05 18:07
가로수길,POI059,서행,24.0,2026-10-05 18:05,51,2767.0,134.0,2.0,14.0,0,0,18900,19000,27800,27900,1500,1600,1000,1100,450,500,300,350,250,300,200,250,20261005,3300,3400,4600,4700,250,300,300,350,70,80,100,150,30,40,50,60,20261005,2026-10-05 18:07
광장(전통)시장,POI060,서행,15.0,2026-10-05 18:05,7,103.0,5.0,1.0,11.0,0,0,14700,14800,16900,17000,950,1000,450,500,250,300,200,250,100,150,70,80,20261005,5200,5300,5600,5700,350,400,200,250,100,150,80,90,50,60,30,40,20261005,2026-10-05 18:07
김포공항,POI061,원활,29.0,2026-10-05 18:05,6,16594.0,,6.0,27.0,0,0,18800,18900,22500,22600,1400,1500,1100,1200,400,450,250,300,250,300,200,250,20261005,1400,1500,1800,1900,100,150,60,70,40,50,20,30,20,30,0,10,20261005,2026-10-05 18:07
노량진,POI063,서행,21.0,2026-10-05 18:05,11,1218.0,,3.0,22.0,1,0,22700,22800,23600,23700,1100,1200,1700,1800,350,400,600,650,200,250,450,500,20261005,11300,11400,13800,13900,900,950,600,650,300,350,150,200,100,150,80,90,20261005,2026-10-05 18:07
덕수궁길·정동길,POI064,서행,17.0,2026-10-05 18:05,10,620.0,,3.0,10.0,0,0,21800,21900,26300,26400,1600,1700,750,800,400,450,200,250,250,300,100,150,20261005,2500,2600,3200,3300,100,150,150,200,60,70,60,70,30,40,30,40,20261005,2026-10-05 18:07
북촌한옥마을,POI066,서행,17.0,2026-10-05 18:05,16,1756.0,,1.0,55.0,5,0,14000,14100,19900,20000,1300,1400,350,400,450,500,80,90,150,200,20,30,20261005,9800,9900,10600,10700,850,900,350,400,300,350,100,150,100,150,70,80,20261005,2026-10-05 18:07
서촌,POI067,서행,17.0,2026-10-05 18:05,9,308.0,,1.0,32.0,0,0,14300,14400,20300,20400,1200,1300,500,550,350,400,100,150,150,200,20,30,20261005,8300,8400,8600,8700,550,600,350,400,150,200,100,150,80,90,40,50,20261005,2026-10-05 18:07
성수카페거리,POI068,서행,16.0,2026-10-05 18:05,28,2824.0,,2.0,35.0,1,0,33800,33900,56500,56600,3600,3700,2000,2100,1000,1100,600,650,600,650,300,350,20261005,2700,2800,3300,3400,200,250,150,200,60,70,30,40,20,30,10,20,20261005,2026-10-05 18:07
쌍문역,POI070,서행,17.0,2026-10-05 18:05,8,345.0,,1.0,18.0,0,0,16100,16200,9300,9400,450,500,750,800,150,200,150,200,100,150,90,100,20261005,6800,6900,9000,9100,450,500,400,450,150,200,100,150,80,90,70,80,20261005,2026-10-05 18:07
압구정로데오거리,POI071,서행,18.0,2026-10-05 18:05,55,1976.0,2.0,1.0,16.0,1,0,6600,6700,11000,11100,550,600,400,450,150,200,60,70,70,80,10,20,20261005,5100,5200,6300,6400,400,450,250,300,150,200,80,90,70,80,20,30,20261005,2026-10-05 18:07
여의도,POI072,서행,24.0,2026-10-05 18:05,116,24820.0,1049.0,9.0,63.0,2,0,39100,39200,50100,50200,3100,3200,2600,2700,900,950,800,850,550,600,400,450,20261005,18200,18300,23900,24000,1400,1500,1200,1300,450,500,400,450,150,200,100,150,20261005,2026-10-05 18:07
연남동,POI073,서행,16.0,2026-10-05 18:05,45,132.0,,0.0,20.0,0,0,,,,,,,,,,,,,,,,,,3900,4000,4600,4700,200,250,300,350,60,70,100,150,30,40,40,50,20261005,2026-10-05 18:07
영등포 타임스퀘어,POI074,서행,16.0,2026-10-05 18:05,10,1195.0,107.0,3.0,24.0,1,0,30500,30600,32200,32300,2200,2300,1700,1800,700,750,650,700,350,400,250,300,20261005,12400,12500,15600,15700,1100,1200,700,750,350,400,250,300,150,200,100,150,20261005,2026-10-05 18:07
용리단길,POI076,서행,16.0,2026-10-05 18:05,0,,,3.0,7.0,0,0,15900,16000,23200,23300,1200,1300,1300,1400,350,400,400,450,100,150,150,200,20261005,2300,2400,5200,5300,150,200,250,300,60,70,100,150,30,40,30,40,20261005,2026-10-05 18:07
이태원 앤틱가구거리,POI077,서행,20.0,2026-10-05 18:05,4,51.0,,1.0,13.0,0,0,7200,7300,6600,6700,350,400,350,400,90,100,100,150,60,70,60,70,20261005,2100,2200,2100,2200,100,150,100,150,40,50,20,30,0,0,0,0,20261005,2026-10-05 18:07
인사동,POI078,서행,15.0,2026-10-05 18:05,21,2465.0,1.0,2.0,26.0,3,0,25500,25600,36400,36500,2200,2300,800,850,750,800,200,250,300,350,100,150,20261005,9100,9200,9000,9100,700,750,500,550,200,250,150,200,100,150,70,80,20261005,2026-10-05 18:07
창동 신경제 중심지,POI079,서행,17.0,2026-10-05 18:05,46,4927.0,39.0,4.0,55.0,5,0,36500,36600,35900,36000,1800,1900,2200,2300,550,600,700,750,300,350,350,400,20261005,11600,11700,13700,13800,850,900,600,650,350,400,200,250,100,150,100,150,20261005,2026-10-05 18:07
청담동 명품거리,POI080,서행,21.0,2026-10-05 18:05,16,910.0,,1.0,10.0,0,0,6600,6700,11000,11100,550,600,400,450,150,200,60,70,70,80,10,20,20261005,2200,2300,2400,2500,150,200,80,90,40,50,30,40,10,20,20,30,20261005,2026-10-05 18:07
청량리 제기동 일대 전통시장,POI081,서행,18.0,2026-10-05 18:05,12,2214.0,,2.0,23.0,0,0,27600,27700,28000,28100,1300,1400,900,950,350,400,100,150,100,150,90,100,20261005,21700,21800,20200,20300,1300,1400,700,750,450,500,200,250,150,200,90,100,20261005,2026-10-05 18:07
해방촌·경리단길,POI082,원활,31.0,2026-10-05 18:05,4,273.0,,0.0,26.0,0,0,,,,,,,,,,,,,,,,,,5500,5600,5600,5700,350,400,450,500,100,150,150,200,90,100,100,150,20261005,2026-10-05 18:07
DDP(동대문디자인플라자),POI083,서행,16.0,2026-10-05 18:05,9,2596.0,169.0,3.0,11.0,3,0,21700,21800,22400,22500,1500,1600,950,1000,450,500,200,250,300,350,100,150,20261005,2300,2400,3100,3200,150,200,100,150,50,60,40,50,10,20,10,20,20261005,2026-10-05 18:07
DMC(디지털미디어시티),POI084,서행,21.0,2026-10-05 18:05,25,9176.0,,4.0,68.0,0,0,10900,11000,9600,9700,450,500,650,700,100,150,200,250,80,90,100,150,20261005,4600,4700,5500,5600,250,300,250,300,100,150,100,150,30,40,70,80,20261005,2026-10-05 18:07
강서한강공원,POI085,원활,56.0,2026-10-05 18:05,2,106.0,53.0,0.0,1.0,0,0,,,,,,,,,,,,,,,,,,0,0,0,0,0,0,0,0,0,0,0,0,0,0,0,0,20261005,2026-10-05 18:07
고척돔,POI086,원활,25.0,2026-10-05 18:05,0,,,1.0,3.0,3,0,3300,3400,2300,2400,100,150,150,200,40,50,50,60,10,20,10,20,20261005,1800,1900,1500,1600,100,150,100,150,40,50,40,50,10,20,20,30,20261005,2026-10-05 18:07
광나루한강공원,POI087,원활,58.0,2026-10-05 18:05,4,718.0,303.0,0.0,0.0,0,0,,,,,,,,,,,,,,,,,,,,,,,,,,,,,,,,,,,2026-10-05 18:07
광화문광장,POI088,서행,18.0,2026-10-05 18:05,3,2932.0,305.0,2.0,12.0,1,0,24100,24200,36500,36600,2100,2200,950,1000,600,650,300,350,300,350,100,150,20261005,7200,7300,7800,7900,450,500,300,350,100,150,80,90,50,60,40,50,20261005,2026-10-05 18:07
국립중앙박물관·용산가족공원,POI089,원활,35.0,2026-10-05 18:05,4,931.0,,3.0,3.0,1,0,12100,12200,12700,12800,1000,1100,350,400,350,400,100,150,250,300,90,100,20261005,650,700,600,650,50,60,10,20,20,30,0,0,20,30,0,0,20261005,2026-10-05 18:07
난지한강공원,POI090,원활,47.0,2026-10-05 18:05,4,1240.0,0.0,0.0,7.0,0,0,,,,,,,,,,,,,,,,,,80,90,50,60,0,10,0,10,0,0,0,0,0,0,0,0,20261005,2026-10-05 18:07
남산공원,POI091,원활,31.0,2026-10-05 18:05,33,2148.0,24.0,5.0,37.0,2,0,39800,39900,55900,56000,2900,3000,2700,2800,850,900,800,850,400,450,450,500,20261005,11900,12000,12500,12600,800,850,750,800,250,300,250,300,100,150,100,150,20261005,2026-10-05 18:07
노들섬,POI092,원활,35.0,2026-10-05 18:05,1,99.0,,0.0,4.0,2,0,,,,,,,,,,,,,,,,,,1900,2000,3500,3600,200,250,550,600,70,80,150,200,30,40,80,90,20261005,2026-10-05 18:07
뚝섬한강공원,POI093,원활,55.0,2026-10-05 18:05,8,1342.0,671.0,1.0,1.0,1,0,6900,7000,8600,8700,500,550,550,600,150,200,150,200,100,150,150,200,20261005,0,0,0,0,0,0,0,0,0,0,0,0,0,0,0,0,20261005,2026-10-05 18:07
망원한강공원,POI094,원활,33.0,2026-10-05 18:05,2,458.0,0.0,2.0,10.0,0,0,18800,18900,23000,23100,1300,1400,1300,1400,450,500,400,450,200,250,150,200,20261005,3900,4000,4400,4500,300,350,200,250,100,150,90,100,50,60,30,40,20261005,2026-10-05 18:07
반포한강공원,POI095,원활,37.0,2026-10-05 18:05,9,1483.0,9.0,0.0,6.0,0,0,,,,,,,,,,,,,,,,,,200,250,400,450,20,30,50,60,0,0,0,10,0,0,0,0,20261005,2026-10-05 18:07
북서울꿈의숲,POI096,서행,23.0,2026-10-05 18:05,3,549.0,,0.0,17.0,0,0,,,,,,,,,,,,,,,,,,1500,1600,1000,1100,60,70,70,80,10,20,20,30,0,0,10,20,20261005,2026-10-05 18:07
서리풀공원·몽마르뜨공원,POI098,서행,22.0,2026-10-05 18:05,0,,,4.0,7.0,0,0,57700,57800,70200,70300,4300,4400,3700,3800,1200,1300,950,1000,750,800,750,800,20261005,11100,11200,11700,11800,800,850,650,700,300,350,250,300,100,150,90,100,20261005,2026-10-05 18:07
서울대공원,POI100,원활,31.0,2026-10-05 18:05,0,,,1.0,0.0,0,0,5200,5300,7800,7900,650,700,50,60,200,250,30,40,100,150,20,30,20261005,,,,,,,,,,,,,,,,,,2026-10-05 18:07
서울숲공원,POI101,원활,37.0,2026-10-05 18:05,2,996.0,,1.0,9.0,0,0,6400,6500,8400,8500,450,500,250,300,100,150,60,70,60,70,20,30,20261005,950,1000,1400,1500,100,150,90,100,40,50,40,50,10,20,10,20,20261005,2026-10-05 18:07
아차산,POI102,원활,29.0,2026-10-05 18:05,0,,,0.0,3.0,0,0,,,,,,,,,,,,,,,,,,150,200,30,40,0,0,0,0,0,0,0,0,0,0,0,0,20261005,2026-10-05 18:07
양화한강공원,POI103,원활,37.0,2026-10-05 18:05,6,1002.0,349.0,0.0,5.0,0,0,,,,,,,,,,,,,,,,,,100,150,200,250,10,20,0,10,0,0,0,0,0,0,0,0,20261005,2026-10-05 18:07
어린이대공원,POI104,서행,19.0,2026-10-05 18:05,4,945.0,,2.0,9.0,0,0,17100,17200,16400,16500,1000,1100,650,700,250,300,150,200,150,200,150,200,20261005,1500,1600,1600,1700,100,150,100,150,40,50,30,40,10,20,10,20,20261005,2026-10-05 18:07
여의도한강공원,POI105,원활,37.0,2026-10-05 18:05,6,2866.0,973.0,1.0,3.0,0,0,6700,6800,13600,13700,850,900,850,900,250,300,200,250,150,200,80,90,20261005,850,900,1000,1100,100,150,50,60,40,50,30,40,20,30,20,30,20261005,2026-10-05 18:07
월드컵공원,POI106,원활,33.0,2026-10-05 18:05,9,3537.0,,4.0,34.0,0,0,15400,15500,15200,15300,750,800,700,750,200,250,200,250,100,150,100,150,20261005,3000,3100,2600,2700,200,250,90,100,70,80,20,30,10,20,0,10,20261005,2026-10-05 18:07
응봉산,POI107,서행,23.0,2026-10-05 18:05,3,88.0,,1.0,24.0,0,0,1100,1200,800,850,40,50,60,70,10,20,10,20,0,10,10,20,20261005,1900,2000,1400,1500,90,100,80,90,30,40,30,40,20,30,10,20,20261005,2026-10-05 18:07
이촌한강공원,POI108,원활,40.0,2026-10-05 18:05,2,514.0,0.0,0.0,4.0,0,0,,,,,,,,,,,,,,,,,,40,50,100,150,0,0,10,20,0,0,0,10,0,0,0,10,20261005,2026-10-05 18:07
잠실종합운동장,POI109,서행,17.0,2026-10-05 18:05,1,876.0,,2.0,4.0,0,0,7700,7800,18900,19000,950,1000,300,350,550,600,100,150,350,400,80,90,20261005,850,900,1300,1400,150,200,20,30,100,150,10,20,40,50,0,10,20261005,2026-10-05 18:07
잠실한강공원,POI110,원활,36.0,2026-10-05 18:05,4,1326.0,314.0,1.0,9.0,0,0,6100,6200,4800,4900,250,300,350,400,60,70,100,150,20,30,20,30,20261005,200,250,700,750,20,30,50,60,10,20,10,20,0,10,0,0,20261005,2026-10-05 18:07
잠원한강공원,POI111,원활,42.0,2026-10-05 18:05,3,1540.0,0.0,0.0,5.0,0,0,,,,,,,,,,,,,,,,,,600,650,750,800,40,50,50,60,20,30,10,20,0,10,0,10,20261005,2026-10-05 18:07
청계산,POI112,원활,54.0,2026-10-05 18:05,0,,,0.0,9.0,0,0,,,,,,,,,,,,,,,,,,60,70,70,80,0,10,0,0,0,0,0,0,0,0,0,0,20261005,2026-10-05 18:07
북창동 먹자골목,POI114,정체,14.0,2026-10-05 18:05,20,552.0,0.0,0.0,11.0,0,0,,,,,,,,,,,,,,,,,,8800,8900,8900,9000,550,600,250,300,150,200,70,80,90,100,20,30,20261005,2026-10-05 18:07
남대문시장,POI115,서행,15.0,2026-10-05 18:05,16,1456.0,4.0,1.0,7.0,0,0,,,,,,,,,,,,,,,,,,7100,7200,7900,8000,550,600,150,200,150,200,60,70,90,100,20,30,20261005,2026-10-05 18:07
익선동,POI116,정체,14.0,2026-10-05 18:05,10,187.0,1.0,3.0,11.0,1,0,27200,27300,36200,36300,2100,2200,1300,1400,650,700,350,400,400,450,200,250,20261005,4900,5000,5200,5300,350,400,300,350,90,100,100,150,20,30,40,50,20261005,2026-10-05 18:07
신정네거리역,POI117,서행,17.0,2026-10-05 18:05,3,119.0,,1.0,9.0,0,0,,,,,,,,,,,,,,,,,,,,,,,,,,,,,,,,,,,2026-10-05 18:07
잠실새내역,POI118,서행,16.0,2026-10-05 18:05,31,1541.0,,1.0,18.0,0,0,10800,10900,10800,10900,550,600,750,800,350,400,500,550,70,80,100,150,20261005,4500,4600,5300,5400,250,300,250,300,70,80,100,150,20,30,30,40,20261005,2026-10-05 18:07
잠실역,POI119,서행,16.0,2026-10-05 18:05,5,6749.0,243.0,2.0,21.0,0,0,,,,,,,,,,,,,,,,,,11000,11100,15600,15700,950,1000,700,750,350,400,200,250,150,200,90,100,20261005,2026-10-05 18:07
잠실롯데타워·석촌호수,POI120,서행,17.0,2026-10-05 18:05,33,9281.0,243.0,3.0,0.0,2,0,,,,,,,,,,,,,,,,,,,,,,,,,,,,,,,,,,,2026-10-05 18:07
송리단길·호수단길,POI121,서행,17.0,2026-10-05 18:05,21,878.0,,1.0,15.0,0,0,4000,4100,5200,5300,200,250,200,250,70,80,70,80,20,30,0,0,20261005,4000,4100,5300,5400,200,250,300,350,70,80,100,150,20,30,60,70,20261005,2026-10-05 18:07
신촌 스타광장,POI122,서행,16.0,2026-10-05 18:05,4,235.0,,1.0,4.0,0,0,,,,,,,,,,,,,,,,,,3900,4000,4300,4400,200,250,200,250,70,80,70,80,0,10,0,10,20261005,2026-10-05 18:07
보라매공원,POI123,정체,11.0,2026-10-05 18:05,1,78.0,,2.0,5.0,0,0,3200,3300,3200,3300,150,200,150,200,70,80,90,100,30,40,40,50,20261005,80,90,100,150,0,10,0,10,0,0,0,0,0,0,0,0,20261005,2026-10-05 18:07
서대문독립공원,POI124,원활,26.0,2026-10-05 18:05,2,150.0,,1.0,18.0,0,0,4900,5000,4800,4900,200,250,200,250,60,70,80,90,40,50,40,50,20261005,3900,4000,3200,3300,200,250,150,200,70,80,40,50,30,40,20,30,20261005,2026-10-05 18:07
안양천,POI125,원활,38.0,2026-10-05 18:05,1,294.0,,0.0,1.0,0,0,,,,,,,,,,,,,,,,,,10,20,0,0,0,0,0,0,0,0,0,0,0,0,0,0,20261005,2026-10-05 18:07
여의서로,POI126,원활,33.0,2026-10-05 18:05,2,168.0,38.0,0.0,0.0,0,0,,,,,,,,,,,,,,,,,,,,,,,,,,,,,,,,,,,2026-10-05 18:07
올림픽공원,POI127,서행,24.0,2026-10-05 18:05,4,2716.0,,4.0,17.0,4,0,,,,,,,,,,,,,,,,,,2600,2700,3000,3100,150,200,150,200,50,60,50,60,20,30,20,30,20261005,2026-10-05 18:07
홍제폭포,POI128,원활,33.0,2026-10-05 18:05,0,,,0.0,0.0,0,0,,,,,,,,,,,,,,,,,,,,,,,,,,,,,,,,,,,2026-10-05 18:07
송현녹지광장,POI129,서행,15.0,2026-10-05 18:05,4,1546.0,,1.0,25.0,5,0,14000,14100,19900,20000,1300,1400,350,400,450,500,80,90,150,200,20,30,20261005,8300,8400,8500,8600,750,800,250,300,300,350,100,150,100,150,60,70,20261005,2026-10-05 18:07
시의회 앞,POI130,서행,17.0,2026-10-05 18:05,9,1723.0,,3.0,25.0,3,0,28700,28800,45400,45500,2700,2800,1200,1300,750,800,400,450,500,550,200,250,20261005,8900,9000,11700,11800,600,650,550,600,150,200,150,200,70,80,100,150,20261005,2026-10-05 18:07
강남 MICE 관광특구,POI001,정체,14.0,2026-10-05 18:05,3,4428.0,,2.0,6.0,0,0,31300,31400,42600,42700,2200,2300,1300,1400,700,750,400,450,400,450,200,250,20261005,3300,3400,2900,3000,250,300,150,200,90,100,50,60,30,40,20,30,20261005,2026-10-05 18:08
동대문 관광특구,POI002,서행,16.0,2026-10-05 18:05,47,8302.0,185.0,7.0,32.0,4,0,56700,56800,59400,59500,3700,3800,2300,2400,1100,1200,700,750,750,800,400,450,20261005,8100,8200,7700,7800,450,500,300,350,100,150,100,150,50,60,50,60,20261005,2026-10-05 18:08
명동 관광특구,POI003,서행,15.0,2026-10-05 18:05,93,12070.0,7.0,7.0,54.0,3,2,96200,96300,133500,133600,7700,7800,4500,4600,2200,2300,1300,1400,1100,1200,850,900,20261005,25800,25900,29700,29800,2000,2100,1200,1300,650,700,450,500,300,350,200,250,20261005,2026-10-05 18:08
이태원 관광특구,POI004,서행,19.0,2026-10-05 18:05,8,853.0,,3.0,17.0,0,0,14400,14500,18800,18900,1000,1100,950,1000,250,300,250,300,150,200,100,150,20261005,4000,4100,4100,4200,300,350,250,300,100,150,60,70,10,20,0,10,20261005,2026-10-05 18:08
잠실 관광특구,POI005,서행,20.0,2026-10-05 18:05,37,11997.0,243.0,6.0,50.0,6,0,60000,60100,72900,73000,4500,4600,3700,3800,1300,1400,1100,1200,850,900,600,650,20261005,12200,12300,16000,16100,950,1000,750,800,300,350,250,300,100,150,100,150,20261005,2026-10-05 18:08
종로·청계 관광특구,POI006,서행,15.0,2026-10-05 18:05,48,2496.0,70.0,10.0,62.0,0,0,103800,103900,129800,129900,7600,7700,3800,3900,2300,2400,1300,1400,1300,1400,750,800,20261005,22100,22200,23300,23400,1500,1600,1000,1100,450,500,350,400,150,200,150,200,20261005,2026-10-05 18:08
홍대 관광특구,POI007,정체,14.0,2026-10-05 18:05,51,3098.0,,8.0,70.0,0,0,79700,79800,107600,107700,6400,6500,6000,6100,2000,2100,1900,2000,1200,1300,1100,1200,20261005,18300,18400,20700,20800,1600,1700,1000,1100,500,550,400,450,200,250,150,200,20261005,2026-10-05 18:08
경복궁,POI008,서행,16.0,2026-10-05 18:05,2,267.0,,1.0,11.0,0,0,14300,14400,20300,20400,1200,1300,500,550,350,400,100,150,150,200,20,30,20261005,1700,1800,1500,1600,150,200,40,50,60,70,20,30,0,0,10,20,20261005,2026-10-05 18:08
광화문·덕수궁,POI009,서행,16.0,2026-10-05 18:05,29,7988.0,305.0,4.0,41.0,5,1,43100,43200,65800,65900,3900,4000,1700,1800,1100,1200,550,600,650,700,250,300,20261005,16300,16400,19500,19600,1100,1200,850,900,350,400,250,300,100,150,150,200,20261005,2026-10-05 18:08
보신각,POI010,서행,16.0,2026-10-05 18:05,14,2572.0,11.0,1.0,14.0,0,0,11400,11500,16400,16500,950,1000,450,500,300,350,150,200,100,150,80,90,20261005,5200,5300,5800,5900,350,400,250,300,100,150,100,150,50,60,40,50,20261005,2026-10-05 18:08
서울 암사동 유적,POI011,서행,21.0,2026-10-05 18:05,1,108.0,,0.0,3.0,0,0,,,,,,,,,,,,,,,,,,50,60,20,30,0,10,0,0,0,10,0,0,0,0,0,0,20261005,2026-10-05 18:08
창덕궁·종묘,POI012,서행,16.0,2026-10-05 18:05,16,3155.0,598.0,4.0,19.0,1,0,41900,42000,53200,53300,3100,3200,1700,1800,900,950,600,650,500,550,300,350,20261005,3600,3700,4200,4300,200,250,150,200,80,90,60,70,30,40,30,40,20261005,2026-10-05 18:08
가산디지털단지역,POI013,서행,22.0,2026-10-05 18:05,20,8291.0,,2.0,71.0,0,0,13100,13200,14300,14400,950,1000,750,800,200,250,200,250,100,150,100,150,20261005,5000,5100,6500,6600,450,500,300,350,150,200,90,100,30,40,40,50,20261005,2026-10-05 18:08
강남역,POI014,서행,16.0,2026-10-05 18:05,95,7876.0,,4.0,55.0,0,0,45600,45700,59600,59700,3400,3500,2900,3000,1000,1100,950,1000,600,650,750,800,20261005,16700,16800,16200,16300,1000,1100,1000,1100,350,400,350,400,150,200,150,200,20261005,2026-10-05 18:08
건대입구역,POI015,서행,19.0,2026-10-05 18:05,23,6603.0,,2.0,11.0,1,0,23900,24000,26300,26400,1600,1700,1600,1700,450,500,450,500,200,250,250,300,20261005,2900,3000,4200,4300,200,250,250,300,80,90,90,100,40,50,50,60,20261005,2026-10-05 18:08
고덕역,POI016,서행,21.0,2026-10-05 18:05,15,1615.0,,1.0,5.0,0,0,4400,4500,3900,4000,150,200,250,300,50,60,90,100,30,40,70,80,20261005,1200,1300,1200,1300,70,80,80,90,20,30,30,40,10,20,10,20,20261005,2026-10-05 18:08
고속터미널역,POI017,서행,22.0,2026-10-05 18:05,3,4291.0,,3.0,10.0,0,0,52100,52200,64400,64500,4000,4100,3400,3500,1100,1200,900,950,750,800,750,800,20261005,11500,11600,12200,12300,800,850,650,700,300,350,250,300,100,150,80,90,20261005,2026-10-05 18:08
교대역,POI018,서행,15.0,2026-10-05 18:05,14,760.0,,2.0,13.0,0,0,12200,12300,13800,13900,750,800,700,750,250,300,200,250,150,200,100,150,20261005,2300,2400,1600,1700,100,150,90,100,40,50,20,30,30,40,10,20,20261005,2026-10-05 18:08
구로디지털단지역,POI019,서행,17.0,2026-10-05 18:05,20,6911.0,,1.0,29.0,0,0,24100,24200,16800,16900,950,1000,1300,1400,250,300,450,500,150,200,250,300,20261005,4300,4400,3200,3300,350,400,150,200,100,150,50,60,30,40,20,30,20261005,2026-10-05 18:08
구로역,POI020,원활,28.0,2026-10-05 18:05,3,1047.0,,1.0,5.0,0,0,9000,9100,8000,8100,400,450,450,500,100,150,150,200,50,60,60,70,20261005,1100,1200,1800,1900,70,80,60,70,30,40,30,40,10,20,10,20,20261005,2026-10-05 18:08
군자역,POI021,서행,16.0,2026-10-05 18:05,11,573.0,,2.0,16.0,0,0,13500,13600,10700,10800,600,650,700,750,200,250,250,300,70,80,60,70,20261005,3100,3200,3400,3500,150,200,200,250,60,70,80,90,10,20,20,30,20261005,2026-10-05 18:08
대림역,POI023,서행,18.0,2026-10-05 18:05,4,221.0,,2.0,29.0,0,0,20000,20100,16100,16200,950,1000,1200,1300,200,250,350,400,100,150,250,300,20261005,4400,4500,5300,5400,250,300,200,250,50,60,40,50,0,10,10,20,20261005,2026-10-05 18:08
동대문역,POI024,서행,17.0,2026-10-05 18:05,17,892.0,0.0,2.0,7.0,0,0,23600,23700,25600,25700,1500,1600,700,750,500,550,200,250,300,350,150,200,20261005,3300,3400,3800,3900,150,200,100,150,50,60,30,40,10,20,10,20,20261005,2026-10-05 18:08
뚝섬역,POI025,서행,20.0,2026-10-05 18:05,9,767.0,,1.0,4.0,1,0,8800,8900,11400,11500,700,750,450,500,150,200,100,150,70,80,30,40,20261005,1000,1100,1200,1300,90,100,50,60,20,30,0,10,10,20,0,10,20261005,2026-10-05 18:08
미아사거리역,POI026,서행,16.0,2026-10-05 18:05,11,1409.0,,1.0,29.0,0,0,14600,14700,11300,11400,600,650,850,900,150,200,300,350,100,150,200,250,20261005,15500,15600,16100,16200,1000,1100,800,850,300,350,250,300,150,200,100,150,20261005,2026-10-05 18:08
발산역,POI027,정체,14.0,2026-10-05 18:05,13,2880.0,,1.0,37.0,0,0,8700,8800,9500,9600,550,600,500,550,150,200,150,200,100,150,150,200,20261005,4400,4500,5300,5400,300,350,250,300,90,100,90,100,50,60,50,60,20261005,2026-10-05 18:08
사당역,POI029,서행,18.0,2026-10-05 18:05,13,520.0,,2.0,17.0,1,0,32400,32500,29000,29100,1600,1700,1900,2000,450,500,550,600,250,300,300,350,20261005,3900,4000,5400,5500,250,300,300,350,80,90,90,100,40,50,30,40,20261005,2026-10-05 18:08
삼각지역,POI030,서행,18.0,2026-10-05 18:05,0,,,2.0,7.0,0,0,6200,6300,7900,8000,400,450,450,500,100,150,100,150,50,60,70,80,20261005,3500,3600,3400,3500,250,300,200,250,100,150,90,100,30,40,20,30,20261005,2026-10-05 18:08
서울대입구역,POI031,서행,18.0,2026-10-05 18:05,2,52.0,,1.0,15.0,0,0,22900,23000,16400,16500,950,1000,1200,1300,300,350,350,400,100,150,250,300,20261005,12200,12300,13100,13200,700,750,750,800,250,300,250,300,100,150,100,150,20261005,2026-10-05 18:08
서울식물원·마곡나루역,POI032,서행,17.0,2026-10-05 18:05,2,2651.0,,2.0,15.0,2,0,10400,10500,10700,10800,600,650,650,700,200,250,250,300,100,150,150,200,20261005,1100,1200,1300,1400,80,90,50,60,20,30,10,20,0,10,0,10,20261005,2026-10-05 18:08
서울역,POI033,서행,19.0,2026-10-05 18:05,23,3968.0,0.0,8.0,34.0,1,0,102300,102400,120200,120300,6200,6300,4800,4900,1700,1800,1500,1600,900,950,800,850,20261005,16000,16100,16300,16400,1000,1100,750,800,300,350,250,300,100,150,100,150,20261005,2026-10-05 18:08
선릉역,POI034,서행,17.0,2026-10-05 18:05,94,11160.0,27.0,4.0,20.0,0,0,34500,34600,44400,44500,2400,2500,1400,1500,800,850,450,500,350,400,150,200,20261005,4000,4100,3900,4000,250,300,200,250,80,90,80,90,20,30,20,30,20261005,2026-10-05 18:08
성신여대입구역,POI035,서행,16.0,2026-10-05 18:05,2,38.0,,2.0,9.0,0,0,13900,14000,12300,12400,700,750,750,800,200,250,150,200,100,150,90,100,20261005,8000,8100,9000,9100,600,650,500,550,150,200,150,200,70,80,60,70,20261005,2026-10-05 18:08
수유역,POI036,서행,15.0,2026-10-05 18:05,8,802.0,,1.0,32.0,0,0,20200,20300,13700,13800,750,800,1200,1300,200,250,300,350,100,150,150,200,20261005,15800,15900,18700,18800,1000,1100,900,950,350,400,300,350,100,150,100,150,20261005,2026-10-05 18:08
신논현역·논현역,POI037,서행,18.0,2026-10-05 18:05,32,1053.0,,3.0,13.0,0,0,20200,20300,24700,24800,1400,1500,1200,1300,450,500,350,400,300,350,250,300,20261005,5300,5400,5400,5500,300,350,350,400,100,150,100,150,30,40,60,70,20261005,2026-10-05 18:08
신도림역,POI038,원활,40.0,2026-10-05 18:05,1,1644.0,,2.0,2.0,0,0,23900,24000,20400,20500,1100,1200,1400,1500,350,400,400,450,200,250,250,300,20261005,1500,1600,3200,3300,50,60,100,150,20,30,60,70,0,10,20,30,20261005,2026-10-05 18:08
신림역,POI039,서행,15.0,2026-10-05 18:05,2,282.0,,2.0,15.0,0,0,32100,32200,20400,20500,1100,1200,1900,2000,350,400,550,600,200,250,250,300,20261005,13900,14000,18100,18200,1000,1100,750,800,350,400,250,300,150,200,100,150,20261005,2026-10-05 18:08
신촌·이대역,POI040,서행,18.0,2026-10-05 18:05,25,1943.0,153.0,4.0,41.0,0,0,25300,25400,26500,26600,1400,1500,1600,1700,450,500,600,650,250,300,350,400,20261005,14400,14500,15100,15200,1000,1100,800,850,300,350,300,350,100,150,100,150,20261005,2026-10-05 18:08
양재역,POI041,서행,22.0,2026-10-05 18:05,16,1881.0,,2.0,27.0,0,0,12900,13000,14600,14700,800,850,750,800,250,300,150,200,100,150,100,150,20261005,7200,7300,6700,6800,450,500,350,400,150,200,100,150,80,90,60,70,20261005,2026-10-05 18:08
역삼역,POI042,서행,15.0,2026-10-05 18:05,47,7473.0,1.0,1.0,10.0,0,0,8700,8800,11800,11900,550,600,400,450,150,200,150,200,70,80,80,90,20261005,2800,2900,3400,3500,100,150,150,200,20,30,30,40,10,20,10,20,20261005,2026-10-05 18:08
연신내역,POI043,서행,17.0,2026-10-05 18:05,5,208.0,,3.0,14.0,0,0,25900,26000,19500,19600,1000,1100,1300,1400,250,300,450,500,90,100,150,200,20261005,6100,6200,6300,6400,350,400,250,300,100,150,60,70,50,60,20,30,20261005,2026-10-05 18:08
오목교역·목동운동장,POI044,서행,24.0,2026-10-05 18:05,14,5304.0,,1.0,33.0,0,0,8800,8900,10100,10200,500,550,550,600,150,200,150,200,100,150,150,200,20261005,9700,9800,11800,11900,700,750,650,700,250,300,250,300,100,150,80,90,20261005,2026-10-05 18:08
왕십리역,POI045,서행,19.0,2026-10-05 18:05,4,1478.0,,5.0,22.0,0,0,23200,23300,22500,22600,1400,1500,1400,1500,450,500,350,400,200,250,150,200,20261005,3100,3200,3900,4000,250,300,150,200,100,150,40,50,40,50,20,30,20261005,2026-10-05 18:08
용산역,POI046,서행,20.0,2026-10-05 18:05,11,5014.0,95.0,2.0,33.0,0,0,39500,39600,53100,53200,3600,3700,2900,3000,1100,1200,850,900,600,650,450,500,20261005,7900,8000,6200,6300,700,750,400,450,150,200,100,150,100,150,40,50,20261005,2026-10-05 18:08
이태원역,POI047,서행,15.0,2026-10-05 18:05,4,66.0,,1.0,9.0,0,0,7200,7300,6600,6700,350,400,350,400,90,100,100,150,60,70,60,70,20261005,2200,2300,1900,2000,150,200,100,150,60,70,30,40,10,20,0,10,20261005,2026-10-05 18:08
장지역,POI048,서행,19.0,2026-10-05 18:05,4,10611.0,,1.0,20.0,0,0,7700,7800,7500,7600,500,550,500,550,100,150,150,200,60,70,100,150,20261005,3400,3500,3900,4000,300,350,200,250,100,150,60,70,40,50,20,30,20261005,2026-10-05 18:08
장한평역,POI049,서행,24.0,2026-10-05 18:05,15,847.0,,1.0,16.0,0,0,8700,8800,7000,7100,350,400,500,550,100,150,150,200,50,60,100,150,20261005,6000,6100,7000,7100,350,400,300,350,150,200,80,90,40,50,30,40,20261005,2026-10-05 18:08
천호역,POI050,서행,17.0,2026-10-05 18:05,14,3331.0,,2.0,12.0,0,0,20900,21000,20400,20500,1100,1200,1100,1200,300,350,250,300,200,250,200,250,20261005,2400,2500,3600,3700,200,250,200,250,60,70,60,70,40,50,40,50,20261005,2026-10-05 18:08
총신대입구(이수)역,POI051,서행,17.0,2026-10-05 18:05,7,533.0,,2.0,18.0,0,0,17700,17800,16900,17000,800,850,1100,1200,200,250,250,300,100,150,100,150,20261005,6900,7000,6400,6500,450,500,400,450,100,150,100,150,70,80,60,70,20261005,2026-10-05 18:08
충정로역,POI052,서행,22.0,2026-10-05 18:05,5,834.0,,2.0,19.0,0,0,4800,4900,4300,4400,200,250,250,300,50,60,80,90,40,50,50,60,20261005,3000,3100,2700,2800,150,200,150,200,70,80,60,70,20,30,10,20,20261005,2026-10-05 18:08
합정역,POI053,서행,20.0,2026-10-05 18:05,6,207.0,,2.0,30.0,0,0,18800,18900,23000,23100,1300,1400,1300,1400,450,500,400,450,200,250,150,200,20261005,5500,5600,6100,6200,450,500,350,400,150,200,100,150,60,70,20,30,20261005,2026-10-05 18:08
혜화역,POI054,서행,17.0,2026-10-05 18:05,24,955.0,,1.0,12.0,2,0,13600,13700,22300,22400,1200,1300,1400,1500,400,450,400,450,250,300,350,400,20261005,6300,6400,7700,7800,450,500,450,500,150,200,150,200,70,80,70,80,20261005,2026-10-05 18:08
홍대입구역(2호선),POI055,정체,12.0,2026-10-05 18:05,16,1196.0,,1.0,17.0,0,0,36300,36400,53500,53600,3200,3300,2800,2900,1000,1100,850,900,650,700,550,600,20261005,10600,10700,12500,12600,900,950,550,600,300,350,200,250,100,150,90,100,20261005,2026-10-05 18:08
회기역,POI056,서행,18.0,2026-10-05 18:05,21,408.0,,1.0,22.0,0,0,14400,14500,9600,9700,700,750,900,950,200,250,350,400,100,150,100,150,20261005,9500,9600,9400,9500,600,650,500,550,150,200,150,200,60,70,40,50,20261005,2026-10-05 18:08
가락시장,POI058,서행,24.0,2026-10-05 18:05,4,2884.0,,2.0,16.0,0,0,8400,8500,7900,8000,350,400,500,550,100,150,100,150,50,60,80,90,20261005,4200,4300,3300,3400,150,200,150,200,60,70,70,80,30,40,30,40,20261005,2026-10-05 18:08
가로수길,POI059,서행,24.0,2026-10-05 18:05,51,2767.0,134.0,2.0,14.0,0,0,18900,19000,27800,27900,1500,1600,1000,1100,450,500,300,350,250,300,200,250,20261005,3300,3400,4600,4700,250,300,300,350,70,80,100,150,30,40,50,60,20261005,2026-10-05 18:08
광장(전통)시장,POI060,서행,15.0,2026-10-05 18:05,7,103.0,5.0,1.0,11.0,0,0,14700,14800,16900,17000,950,1000,450,500,250,300,200,250,100,150,70,80,20261005,5200,5300,5600,5700,350,400,200,250,100,150,80,90,50,60,30,40,20261005,2026-10-05 18:08
김포공항,POI061,원활,29.0,2026-10-05 18:05,6,16594.0,,6.0,27.0,0,0,18800,18900,22500,22600,1400,1500,1100,1200,400,450,250,300,250,300,200,250,20261005,1400,1500,1800,1900,100,150,60,70,40,50,20,30,20,30,0,10,20261005,2026-10-05 18:08
노량진,POI063,서행,21.0,2026-10-05 18:05,11,1218.0,,3.0,22.0,1,0,22700,22800,23600,23700,1100,1200,1700,1800,350,400,600,650,200,250,450,500,20261005,11300,11400,13800,13900,900,950,600,650,300,350,150,200,100,150,80,90,20261005,2026-10-05 18:08
덕수궁길·정동길,POI064,서행,17.0,2026-10-05 18:05,10,620.0,,3.0,10.0,0,0,21800,21900,26300,26400,1600,1700,750,800,400,450,200,250,250,300,100,150,20261005,2500,2600,3200,3300,100,150,150,200,60,70,60,70,30,40,30,40,20261005,2026-10-05 18:08
북촌한옥마을,POI066,서행,17.0,2026-10-05 18:05,16,1756.0,,1.0,55.0,5,0,14000,14100,19900,20000,1300,1400,350,400,450,500,80,90,150,200,20,30,20261005,9800,9900,10600,10700,850,900,350,400,300,350,100,150,100,150,70,80,20261005,2026-10-05 18:08
서촌,POI067,서행,17.0,2026-10-05 18:05,9,308.0,,1.0,32.0,0,0,14300,14400,20300,20400,1200,1300,500,550,350,400,100,150,150,200,20,30,20261005,8300,8400,8600,8700,550,600,350,400,150,200,100,150,80,90,40,50,20261005,2026-10-05 18:08
성수카페거리,POI068,서행,16.0,2026-10-05 18:05,28,2824.0,,2.0,35.0,1,0,33800,33900,56500,56600,3600,3700,2000,2100,1000,1100,600,650,600,650,300,350,20261005,2700,2800,3300,3400,200,250,150,200,60,70,30,40,20,30,10,20,20261005,2026-10-05 18:08
쌍문역,POI070,서행,17.0,2026-10-05 18:05,8,345.0,,1.0,18.0,0,0,16100,16200,9300,9400,450,500,750,800,150,200,150,200,100,150,90,100,20261005,6800,6900,9000,9100,450,500,400,450,150,200,100,150,80,90,70,80,20261005,2026-10-05 18:08
압구정로데오거리,POI071,서행,18.0,2026-10-05 18:05,55,1976.0,2.0,1.0,16.0,1,0,6600,6700,11000,11100,550,600,400,450,150,200,60,70,70,80,10,20,20261005,5100,5200,6300,6400,400,450,250,300,150,200,80,90,70,80,20,30,20261005,2026-10-05 18:08
여의도,POI072,서행,24.0,2026-10-05 18:05,116,24820.0,1049.0,9.0,63.0,2,0,39100,39200,50100,50200,3100,3200,2600,2700,900,950,800,850,550,600,400,450,20261005,18200,18300,23900,24000,1400,1500,1200,1300,450,500,400,450,150,200,100,150,20261005,2026-10-05 18:08
연남동,POI073,서행,16.0,2026-10-05 18:05,45,132.0,,0.0,20.0,0,0,,,,,,,,,,,,,,,,,,3900,4000,4600,4700,200,250,300,350,60,70,100,150,30,40,40,50,20261005,2026-10-05 18:08
영등포 타임스퀘어,POI074,서행,16.0,2026-10-05 18:05,10,1195.0,107.0,3.0,24.0,1,0,30500,30600,32200,32300,2200,2300,1700,1800,700,750,650,700,350,400,250,300,20261005,12400,12500,15600,15700,1100,1200,700,750,350,400,250,300,150,200,100,150,20261005,2026-10-05 18:08
용리단길,POI076,서행,16.0,2026-10-05 18:05,0,,,3.0,7.0,0,0,15900,16000,23200,23300,1200,1300,1300,1400,350,400,400,450,100,150,150,200,20261005,2300,2400,5200,5300,150,200,250,300,60,70,100,150,30,40,30,40,20261005,2026-10-05 18:08
이태원 앤틱가구거리,POI077,서행,20.0,2026-10-05 18:05,4,51.0,,1.0,13.0,0,0,7200,7300,6600,6700,350,400,350,400,90,100,100,150,60,70,60,70,20261005,2100,2200,2100,2200,100,150,100,150,40,50,20,30,0,0,0,0,20261005,2026-10-05 18:08
인사동,POI078,서행,15.0,2026-10-05 18:05,21,2465.0,1.0,2.0,26.0,3,0,25500,25600,36400,36500,2200,2300,800,850,750,800,200,250,300,350,100,150,20261005,9100,9200,9000,9100,700,750,500,550,200,250,150,200,100,150,70,80,20261005,2026-10-05 18:08
창동 신경제 중심지,POI079,서행,17.0,2026-10-05 18:05,46,4927.0,39.0,4.0,55.0,5,0,36500,36600,35900,36000,1800,1900,2200,2300,550,600,700,750,300,350,350,400,20261005,11600,11700,13700,13800,850,900,600,650,350,400,200,250,100,150,100,150,20261005,2026-10-05 18:08
청담동 명품거리,POI080,서행,21.0,2026-10-05 18:05,16,910.0,,1.0,10.0,0,0,6600,6700,11000,11100,550,600,400,450,150,200,60,70,70,80,10,20,20261005,2200,2300,2400,2500,150,200,80,90,40,50,30,40,10,20,20,30,20261005,2026-10-05 18:08
청량리 제기동 일대 전통시장,POI081,서행,18.0,2026-10-05 18:05,12,2214.0,,2.0,23.0,0,0,27600,27700,28000,28100,1300,1400,900,950,350,400,100,150,100,150,90,100,20261005,21700,21800,20200,20300,1300,1400,700,750,450,500,200,250,150,200,90,100,20261005,2026-10-05 18:08
해방촌·경리단길,POI082,원활,31.0,2026-10-05 18:05,4,273.0,,0.0,26.0,0,0,,,,,,,,,,,,,,,,,,5500,5600,5600,5700,350,400,450,500,100,150,150,200,90,100,100,150,20261005,2026-10-05 18:08
DDP(동대문디자인플라자),POI083,서행,16.0,2026-10-05 18:05,9,2596.0,169.0,3.0,11.0,3,0,21700,21800,22400,22500,1500,1600,950,1000,450,500,200,250,300,350,100,150,20261005,2300,2400,3100,3200,150,200,100,150,50,60,40,50,10,20,10,20,20261005,2026-10-05 18:08
DMC(디지털미디어시티),POI084,서행,21.0,2026-10-05 18:05,25,9176.0,,4.0,68.0,0,0,10900,11000,9600,9700,450,500,650,700,100,150,200,250,80,90,100,150,20261005,4600,4700,5500,5600,250,300,250,300,100,150,100,150,30,40,70,80,20261005,2026-10-05 18:08
강서한강공원,POI085,원활,56.0,2026-10-05 18:05,2,106.0,53.0,0.0,1.0,0,0,,,,,,,,,,,,,,,,,,0,0,0,0,0,0,0,0,0,0,0,0,0,0,0,0,20261005,2026-10-05 18:08
고척돔,POI086,원활,25.0,2026-10-05 18:05,0,,,1.0,3.0,3,0,3300,3400,2300,2400,100,150,150,200,40,50,50,60,10,20,10,20,20261005,1800,1900,1500,1600,100,150,100,150,40,50,40,50,10,20,20,30,20261005,2026-10-05 18:08
광나루한강공원,POI087,원활,58.0,2026-10-05 18:05,4,718.0,303.0,0.0,0.0,0,0,,,,,,,,,,,,,,,,,,,,,,,,,,,,,,,,,,,2026-10-05 18:08
광화문광장,POI088,서행,18.0,2026-10-05 18:05,3,2932.0,305.0,2.0,12.0,1,0,24100,24200,36500,36600,2100,2200,950,1000,600,650,300,350,300,350,100,150,20261005,7200,7300,7800,7900,450,500,300,350,100,150,80,90,50,60,40,50,20261005,2026-10-05 18:08
국립중앙박물관·용산가족공원,POI089,원활,35.0,2026-10-05 18:05,4,931.0,,3.0,3.0,1,0,12100,12200,12700,12800,1000,1100,350,400,350,400,100,150,250,300,90,100,20261005,650,700,600,650,50,60,10,20,20,30,0,0,20,30,0,0,20261005,2026-10-05 18:08
난지한강공원,POI090,원활,47.0,2026-10-05 18:05,4,1240.0,0.0,0.0,7.0,0,0,,,,,,,,,,,,,,,,,,80,90,50,60,0,10,0,10,0,0,0,0,0,0,0,0,20261005,2026-10-05 18:08
남산공원,POI091,원활,31.0,2026-10-05 18:05,33,2148.0,24.0,5.0,37.0,2,0,39800,39900,55900,56000,2900,3000,2700,2800,850,900,800,850,400,450,450,500,20261005,11900,12000,12500,12600,800,850,750,800,250,300,250,300,100,150,100,150,20261005,2026-10-05 18:08
노들섬,POI092,원활,35.0,2026-10-05 18:05,1,99.0,,0.0,4.0,2,0,,,,,,,,,,,,,,,,,,1900,2000,3500,3600,200,250,550,600,70,80,150,200,30,40,80,90,20261005,2026-10-05 18:08
뚝섬한강공원,POI093,원활,55.0,2026-10-05 18:05,8,1342.0,671.0,1.0,1.0,1,0,6900,7000,8600,8700,500,550,550,600,150,200,150,200,100,150,150,200,20261005,0,0,0,0,0,0,0,0,0,0,0,0,0,0,0,0,20261005,2026-10-05 18:08
망원한강공원,POI094,원활,33.0,2026-10-05 18:05,2,458.0,0.0,2.0,10.0,0,0,18800,18900,23000,23100,1300,1400,1300,1400,450,500,400,450,200,250,150,200,20261005,3900,4000,4400,4500,300,350,200,250,100,150,90,100,50,60,30,40,20261005,2026-10-05 18:08
반포한강공원,POI095,원활,37.0,2026-10-05 18:05,9,1483.0,9.0,0.0,6.0,0,0,,,,,,,,,,,,,,,,,,200,250,400,450,20,30,50,60,0,0,0,10,0,0,0,0,20261005,2026-10-05 18:08
북서울꿈의숲,POI096,서행,23.0,2026-10-05 18:05,3,549.0,,0.0,17.0,0,0,,,,,,,,,,,,,,,,,,1500,1600,1000,1100,60,70,70,80,10,20,20,30,0,0,10,20,20261005,2026-10-05 18:08
서리풀공원·몽마르뜨공원,POI098,서행,22.0,2026-10-05 18:05,0,,,4.0,7.0,0,0,57700,57800,70200,70300,4300,4400,3700,3800,1200,1300,950,1000,750,800,750,800,20261005,11100,11200,11700,11800,800,850,650,700,300,350,250,300,100,150,90,100,20261005,2026-10-05 18:08
서울대공원,POI100,원활,31.0,2026-10-05 18:05,0,,,1.0,0.0,0,0,5200,5300,7800,7900,650,700,50,60,200,250,30,40,100,150,20,30,20261005,,,,,,,,,,,,,,,,,,2026-10-05 18:08
서울숲공원,POI101,원활,37.0,2026-10-05 18:05,2,996.0,,1.0,9.0,0,0,6400,6500,8400,8500,450,500,250,300,100,150,60,70,60,70,20,30,20261005,950,1000,1400,1500,100,150,90,100,40,50,40,50,10,20,10,20,20261005,2026-10-05 18:08
아차산,POI102,원활,29.0,2026-10-05 18:05,0,,,0.0,3.0,0,0,,,,,,,,,,,,,,,,,,150,200,30,40,0,0,0,0,0,0,0,0,0,0,0,0,20261005,2026-10-05 18:08
양화한강공원,POI103,원활,37.0,2026-10-05 18:05,6,1002.0,349.0,0.0,5.0,0,0,,,,,,,,,,,,,,,,,,100,150,200,250,10,20,0,10,0,0,0,0,0,0,0,0,20261005,2026-10-05 18:08
어린이대공원,POI104,서행,19.0,2026-10-05 18:05,4,945.0,,2.0,9.0,0,0,17100,17200,16400,16500,1000,1100,650,700,250,300,150,200,150,200,150,200,20261005,1500,1600,1600,1700,100,150,100,150,40,50,30,40,10,20,10,20,20261005,2026-10-05 18:08
여의도한강공원,POI105,원활,37.0,2026-10-05 18:05,6,2866.0,973.0,1.0,3.0,0,0,6700,6800,13600,13700,850,900,850,900,250,300,200,250,150,200,80,90,20261005,850,900,1000,1100,100,150,50,60,40,50,30,40,20,30,20,30,20261005,2026-10-05 18:08
월드컵공원,POI106,원활,33.0,2026-10-05 18:05,9,3537.0,,4.0,34.0,0,0,15400,15500,15200,15300,750,800,700,750,200,250,200,250,100,150,100,150,20261005,3000,3100,2600,2700,200,250,90,100,70,80,20,30,10,20,0,10,20261005,2026-10-05 18:08
응봉산,POI107,서행,23.0,2026-10-05 18:05,3,88.0,,1.0,24.0,0,0,1100,1200,800,850,40,50,60,70,10,20,10,20,0,10,10,20,20261005,1900,2000,1400,1500,90,100,80,90,30,40,30,40,20,30,10,20,20261005,2026-10-05 18:08
이촌한강공원,POI108,원활,40.0,2026-10-05 18:05,2,514.0,0.0,0.0,4.0,0,0,,,,,,,,,,,,,,,,,,40,50,100,150,0,0,10,20,0,0,0,10,0,0,0,10,20261005,2026-10-05 18:08
잠실종합운동장,POI109,서행,17.0,2026-10-05 18:05,1,876.0,,2.0,4.0,0,0,7700,7800,18900,19000,950,1000,300,350,550,600,100,150,350,400,80,90,20261005,850,900,1300,1400,150,200,20,30,100,150,10,20,40,50,0,10,20261005,2026-10-05 18:08
잠실한강공원,POI110,원활,36.0,2026-10-05 18:05,4,1326.0,314.0,1.0,9.0,0,0,6100,6200,4800,4900,250,300,350,400,60,70,100,150,20,30,20,30,20261005,200,250,700,750,20,30,50,60,10,20,10,20,0,10,0,0,20261005,2026-10-05 18:08
잠원한강공원,POI111,원활,42.0,2026-10-05 18:05,3,1540.0,0.0,0.0,5.0,0,0,,,,,,,,,,,,,,,,,,600,650,750,800,40,50,50,60,20,30,10,20,0,10,0,10,20261005,2026-10-05 18:08
청계산,POI112,원활,54.0,2026-10-05 18:05,0,,,0.0,9.0,0,0,,,,,,,,,,,,,,,,,,60,70,70,80,0,10,0,0,0,0,0,0,0,0,0,0,20261005,2026-10-05 18:08
북창동 먹자골목,POI114,정체,14.0,2026-10-05 18:05,20,552.0,0.0,0.0,11.0,0,0,,,,,,,,,,,,,,,,,,8800,8900,8900,9000,550,600,250,300,150,200,70,80,90,100,20,30,20261005,2026-10-05 18:08
남대문시장,POI115,서행,15.0,2026-10-05 18:05,16,1456.0,4.0,1.0,7.0,0,0,,,,,,,,,,,,,,,,,,7100,7200,7900,8000,550,600,150,200,150,200,60,70,90,100,20,30,20261005,2026-10-05 18:08
익선동,POI116,정체,14.0,2026-10-05 18:05,10,187.0,1.0,3.0,11.0,1,0,27200,27300,36200,36300,2100,2200,1300,1400,650,700,350,400,400,450,200,250,20261005,4900,5000,5200,5300,350,400,300,350,90,100,100,150,20,30,40,50,20261005,2026-10-05 18:08
신정네거리역,POI117,서행,17.0,2026-10-05 18:05,3,119.0,,1.0,9.0,0,0,,,,,,,,,,,,,,,,,,,,,,,,,,,,,,,,,,,2026-10-05 18:08
잠실새내역,POI118,서행,16.0,2026-10-05 18:05,31,1541.0,,1.0,18.0,0,0,10800,10900,10800,10900,550,600,750,800,350,400,500,550,70,80,100,150,20261005,4500,4600,5300,5400,250,300,250,300,70,80,100,150,20,30,30,40,20261005,2026-10-05 18:08
잠실역,POI119,서행,16.0,2026-10-05 18:05,5,6749.0,243.0,2.0,21.0,0,0,,,,,,,,,,,,,,,,,,11000,11100,15600,15700,950,1000,700,750,350,400,200,250,150,200,90,100,20261005,2026-10-05 18:08
잠실롯데타워·석촌호수,POI120,서행,17.0,2026-10-05 18:05,33,9281.0,243.0,3.0,0.0,2,0,,,,,,,,,,,,,,,,,,,,,,,,,,,,,,,,,,,2026-10-05 18:08
송리단길·호수단길,POI121,서행,17.0,2026-10-05 18:05,21,878.0,,1.0,15.0,0,0,4000,4100,5200,5300,200,250,200,250,70,80,70,80,20,30,0,0,20261005,4000,4100,5300,5400,200,250,300,350,70,80,100,150,20,30,60,70,20261005,2026-10-05 18:08
신촌 스타광장,POI122,서행,16.0,2026-10-05 18:05,4,235.0,,1.0,4.0,0,0,,,,,,,,,,,,,,,,,,3900,4000,4300,4400,200,250,200,250,70,80,70,80,0,10,0,10,20261005,2026-10-05 18:08
보라매공원,POI123,정체,11.0,2026-10-05 18:05,1,78.0,,2.0,5.0,0,0,3200,3300,3200,3300,150,200,150,200,70,80,90,100,30,40,40,50,20261005,80,90,100,150,0,10,0,10,0,0,0,0,0,0,0,0,20261005,2026-10-05 18:08
서대문독립공원,POI124,원활,26.0,2026-10-05 18:05,2,150.0,,1.0,18.0,0,0,4900,5000,4800,4900,200,250,200,250,60,70,80,90,40,50,40,50,20261005,3900,4000,3200,3300,200,250,150,200,70,80,40,50,30,40,20,30,20261005,2026-10-05 18:08
안양천,POI125,원활,38.0,2026-10-05 18:05,1,294.0,,0.0,1.0,0,0,,,,,,,,,,,,,,,,,,10,20,0,0,0,0,0,0,0,0,0,0,0,0,0,0,20261005,2026-10-05 18:08
여의서로,POI126,원활,33.0,2026-10-05 18:05,2,168.0,38.0,0.0,0.0,0,0,,,,,,,,,,,,,,,,,,,,,,,,,,,,,,,,,,,2026-10-05 18:08
올림픽공원,POI127,서행,24.0,2026-10-05 18:05,4,2716.0,,4.0,17.0,4,0,,,,,,,,,,,,,,,,,,2600,2700,3000,3100,150,200,150,200,50,60,50,60,20,30,20,30,20261005,2026-10-05 18:08
홍제폭포,POI128,원활,33.0,2026-10-05 18:05,0,,,0.0,0.0,0,0,,,,,,,,,,,,,,,,,,,,,,,,,,,,,,,,,,,2026-10-05 18:08
송현녹지광장,POI129,서행,15.0,2026-10-05 18:05,4,1546.0,,1.0,25.0,5,0,14000,14100,19900,20000,1300,1400,350,400,450,500,80,90,150,200,20,30,20261005,8300,8400,8500,8600,750,800,250,300,300,350,100,150,100,150,60,70,20261005,2026-10-05 18:08
시의회 앞,POI130,서행,17.0,2026-10-05 18:05,9,1723.0,,3.0,25.0,3,0,28700,28800,45400,45500,2700,2800,1200,1300,750,800,400,450,500,550,200,250,20261005,8900,9000,11700,11800,600,650,550,600,150,200,150,200,70,80,100,150,20261005,2026-10-05 18:08
강남 MICE 관광특구,POI001,서행,17.0,2026-10-05 19:05,3,4428.0,,2.0,6.0,0,0,35400,35500,44700,44800,2100,2200,950,1000,700,750,250,300,400,450,150,200,20261005,3800,3900,3100,3200,250,300,100,150,70,80,30,40,30,40,10,20,20261005,2026-10-05 19:07
동대문 관광특구,POI002,서행,17.0,2026-10-05 19:05,47,8302.0,224.0,7.0,32.0,4,0,63900,64000,64000,64100,3200,3300,2300,2400,900,950,700,750,550,600,450,500,20261005,9100,9200,8400,8500,450,500,350,400,100,150,100,150,50,60,30,40,20261005,2026-10-05 19:07
명동 관광특구,POI003,서행,16.0,2026-10-05 19:05,93,12070.0,7.0,7.0,54.0,3,2,110300,110400,140800,140900,6400,6500,3000,3100,1900,2000,950,1000,1300,1400,600,650,20261005,29100,29200,31800,31900,1500,1600,1000,1100,550,600,350,400,200,250,100,150,20261005,2026-10-05 19:07
이태원 관광특구,POI004,서행,20.0,2026-10-05 19:05,8,853.0,,3.0,17.0,0,0,16600,16700,20500,20600,1000,1100,750,800,200,250,200,250,100,150,100,150,20261005,4600,4700,4600,4700,300,350,250,300,100,150,100,150,30,40,50,60,20261005,2026-10-05 19:07
잠실 관광특구,POI005,서행,20.0,2026-10-05 19:05,37,11997.0,215.0,6.0,50.0,6,0,69000,69100,80300,80400,4500,4600,3300,3400,1300,1400,1100,1200,800,850,600,650,20261005,14400,14500,17600,17700,1100,1200,750,800,350,400,250,300,150,200,80,90,20261005,2026-10-05 19:07
종로·청계 관광특구,POI006,서행,16.0,2026-10-05 19:05,48,2496.0,43.0,10.0,62.0,0,0,117700,117800,136600,136700,6400,6500,3100,3200,1700,1800,900,950,1100,1200,550,600,20261005,25100,25200,25200,25300,1400,1500,900,950,450,500,300,350,100,150,100,150,20261005,2026-10-05 19:07
홍대 관광특구,POI007,정체,14.0,2026-10-05 19:05,51,3098.0,,8.0,70.0,0,0,92800,92900,119100,119200,6500,6600,5500,5600,2000,2100,2000,2100,1400,1500,1500,1600,20261005,21200,21300,23100,23200,1400,1500,1100,1200,500,550,450,500,200,250,200,250,20261005,2026-10-05 19:07
경복궁,POI008,서행,19.0,2026-10-05 19:05,2,267.0,,1.0,11.0,0,0,16500,16600,21100,21200,1000,1100,350,400,200,250,80,90,150,200,30,40,20261005,2000,2100,1600,1700,100,150,50,60,30,40,10,20,10,20,0,0,20261005,2026-10-05 19:07
광화문·덕수궁,POI009,서행,18.0,2026-10-05 19:05,29,7988.0,250.0,4.0,41.0,5,1,51000,51100,68600,68700,3600,3700,1300,1400,950,1000,350,400,600,650,200,250,20261005,18800,18900,20900,21000,1100,1200,650,700,350,400,250,300,100,150,100,150,20261005,2026-10-05 19:07
보신각,POI010,서행,17.0,2026-10-05 19:05,14,2572.0,11.0,1.0,14.0,0,0,13400,13500,17300,17400,950,1000,350,400,200,250,100,150,150,200,80,90,20261005,6000,6100,6300,6400,350,400,200,250,100,150,60,70,30,40,20,30,20261005,2026-10-05 19:07
서울 암사동 유적,POI011,서행,21.0,2026-10-05 19:05,1,108.0,,0.0,3.0,0,0,,,,,,,,,,,,,,,,,,60,70,20,30,0,0,0,0,0,0,0,0,0,0,0,0,20261005,2026-10-05 19:07
창덕궁·종묘,POI012,서행,18.0,2026-10-05 19:05,16,3155.0,482.0,4.0,19.0,1,0,47600,47700,56400,56500,2700,2800,1400,1500,750,800,400,450,500,550,250,300,20261005,3900,4000,4400,4500,150,200,100,150,50,60,40,50,10,20,10,20,20261005,2026-10-05 19:07
가산디지털단지역,POI013,서행,23.0,2026-10-05 19:05,20,8291.0,,2.0,71.0,0,0,14800,14900,15500,15600,750,800,600,650,200,250,150,200,100,150,100,150,20261005,5900,6000,7000,7100,400,450,250,300,150,200,90,100,60,70,40,50,20261005,2026-10-05 19:07
강남역,POI014,서행,18.0,2026-10-05 19:05,95,7876.0,,4.0,55.0,0,0,52100,52200,65700,65800,3100,3200,2800,2900,950,1000,950,1000,600,650,450,500,20261005,18900,19000,18300,18400,1000,1100,950,1000,400,450,350,400,100,150,100,150,20261005,2026-10-05 19:07
건대입구역,POI015,서행,19.0,2026-10-05 19:05,23,6603.0,,2.0,11.0,1,0,27100,27200,30100,30200,1600,1700,1800,1900,500,550,450,500,350,400,250,300,20261005,3400,3500,4600,4700,200,250,250,300,60,70,60,70,20,30,20,30,20261005,2026-10-05 19:07
고덕역,POI016,서행,24.0,2026-10-05 19:05,15,1615.0,,1.0,5.0,0,0,4800,4900,4300,4400,150,200,200,250,30,40,10,20,20,30,10,20,20261005,1300,1400,1300,1400,80,90,70,80,10,20,10,20,0,10,0,10,20261005,2026-10-05 19:07
고속터미널역,POI017,서행,22.0,2026-10-05 19:05,3,4291.0,,3.0,10.0,0,0,60000,60100,70700,70800,3900,4000,3100,3200,1300,1400,950,1000,850,900,600,650,20261005,13200,13300,13400,13500,800,850,550,600,350,400,150,200,100,150,60,70,20261005,2026-10-05 19:07
교대역,POI018,서행,20.0,2026-10-05 19:05,14,760.0,,2.0,13.0,0,0,13800,13900,15200,15300,750,800,600,650,250,300,150,200,150,200,100,150,20261005,2600,2700,1800,1900,150,200,100,150,50,60,40,50,30,40,10,20,20261005,2026-10-05 19:07
구로디지털단지역,POI019,서행,16.0,2026-10-05 19:05,20,6911.0,,1.0,29.0,0,0,25900,26000,19400,19500,850,900,1300,1400,200,250,350,400,150,200,200,250,20261005,5100,5200,3500,3600,450,500,200,250,150,200,80,90,70,80,40,50,20261005,2026-10-05 19:07
구로역,POI020,원활,28.0,2026-10-05 19:05,3,1047.0,,1.0,5.0,0,0,9700,9800,8900,9000,350,400,400,450,90,100,150,200,40,50,100,150,20261005,1300,1400,1900,2000,80,90,70,80,30,40,40,50,10,20,20,30,20261005,2026-10-05 19:07
군자역,POI021,서행,17.0,2026-10-05 19:05,11,573.0,,2.0,16.0,0,0,14800,14900,12300,12400,550,600,750,800,150,200,250,300,100,150,150,200,20261005,3500,3600,3800,3900,200,250,200,250,80,90,90,100,50,60,40,50,20261005,2026-10-05 19:07
대림역,POI023,서행,19.0,2026-10-05 19:05,4,221.0,,2.0,29.0,0,0,21400,21500,18000,18100,600,650,900,950,150,200,200,250,90,100,150,200,20261005,4900,5000,5800,5900,250,300,250,300,80,90,100,150,30,40,10,20,20261005,2026-10-05 19:07
동대문역,POI024,서행,17.0,2026-10-05 19:05,17,892.0,0.0,2.0,7.0,0,0,26200,26300,26900,27000,1200,1300,650,700,300,350,200,250,200,250,150,200,20261005,3600,3700,4000,4100,100,150,100,150,40,50,40,50,20,30,10,20,20261005,2026-10-05 19:07
뚝섬역,POI025,서행,20.0,2026-10-05 19:05,9,767.0,,1.0,4.0,1,0,10400,10500,12400,12500,800,850,500,550,250,300,150,200,150,200,100,150,20261005,1200,1300,1400,1500,90,100,50,60,20,30,10,20,10,20,0,10,20261005,2026-10-05 19:07
미아사거리역,POI026,서행,16.0,2026-10-05 19:05,11,1409.0,,1.0,29.0,0,0,15700,15800,12800,12900,450,500,750,800,100,150,150,200,100,150,30,40,20261005,17800,17900,17700,17800,1000,1100,750,800,350,400,250,300,100,150,100,150,20261005,2026-10-05 19:07
발산역,POI027,서행,16.0,2026-10-05 19:05,13,2880.0,,1.0,37.0,0,0,9700,9800,10500,10600,400,450,450,500,100,150,100,150,70,80,60,70,20261005,5000,5100,5800,5900,300,350,200,250,90,100,90,100,50,60,30,40,20261005,2026-10-05 19:07
사당역,POI029,서행,17.0,2026-10-05 19:05,13,520.0,,2.0,17.0,1,0,35300,35400,33400,33500,1400,1500,2400,2500,400,450,500,550,250,300,400,450,20261005,4500,4600,5900,6000,300,350,250,300,100,150,90,100,30,40,30,40,20261005,2026-10-05 19:07
삼각지역,POI030,서행,20.0,2026-10-05 19:05,0,,,2.0,7.0,0,0,7000,7100,8800,8900,400,450,400,450,100,150,100,150,80,90,90,100,20261005,4000,4100,3800,3900,200,250,200,250,80,90,50,60,10,20,20,30,20261005,2026-10-05 19:07
서울대입구역,POI031,서행,20.0,2026-10-05 19:05,2,52.0,,1.0,15.0,0,0,24700,24800,19200,19300,850,900,1400,1500,250,300,400,450,150,200,350,400,20261005,13800,13900,14600,14700,800,850,700,750,250,300,200,250,90,100,80,90,20261005,2026-10-05 19:07
서울식물원·마곡나루역,POI032,서행,17.0,2026-10-05 19:05,2,2651.0,,2.0,15.0,2,0,11600,11700,11700,11800,500,550,450,500,150,200,100,150,90,100,100,150,20261005,1200,1300,1400,1500,40,50,50,60,0,10,10,20,0,0,0,0,20261005,2026-10-05 19:07
서울역,POI033,서행,21.0,2026-10-05 19:05,23,3968.0,0.0,8.0,34.0,1,0,114100,114200,128700,128800,5500,5600,4100,4200,1400,1500,1100,1200,850,900,750,800,20261005,17900,18000,17900,18000,850,900,800,850,200,250,200,250,100,150,100,150,20261005,2026-10-05 19:07
선릉역,POI034,서행,17.0,2026-10-05 19:05,94,11160.0,28.0,4.0,20.0,0,0,38500,38600,46800,46900,2000,2100,1100,1200,650,700,300,350,300,350,200,250,20261005,4400,4500,4300,4400,150,200,150,200,60,70,50,60,20,30,10,20,20261005,2026-10-05 19:07
성신여대입구역,POI035,정체,13.0,2026-10-05 19:05,2,38.0,,2.0,9.0,0,0,15300,15400,14100,14200,650,700,900,950,200,250,300,350,100,150,250,300,20261005,9100,9200,10100,10200,500,550,500,550,150,200,150,200,100,150,90,100,20261005,2026-10-05 19:07
수유역,POI036,서행,16.0,2026-10-05 19:05,8,802.0,,1.0,32.0,0,0,21800,21900,15900,16000,750,800,1100,1200,150,200,350,400,100,150,200,250,20261005,17900,18000,20500,20600,1000,1100,900,950,350,400,300,350,150,200,150,200,20261005,2026-10-05 19:07
신논현역·논현역,POI037,서행,19.0,2026-10-05 19:05,32,1053.0,,3.0,13.0,0,0,23100,23200,27200,27300,1500,1600,1100,1200,350,400,300,350,200,250,150,200,20261005,5900,6000,6100,6200,250,300,300,350,70,80,100,150,30,40,50,60,20261005,2026-10-05 19:07
신도림역,POI038,원활,42.0,2026-10-05 19:05,1,1644.0,,2.0,2.0,0,0,26100,26200,22900,23000,1000,1100,1300,1400,300,350,350,400,200,250,250,300,20261005,1700,1800,3400,3500,60,70,80,90,20,30,10,20,0,0,0,0,20261005,2026-10-05 19:07
신림역,POI039,서행,17.0,2026-10-05 19:05,2,282.0,,2.0,15.0,0,0,34100,34200,24200,24300,1000,1100,2000,2100,250,300,700,750,150,200,550,600,20261005,16000,16100,19500,19600,1100,1200,700,750,350,400,200,250,150,200,70,80,20261005,2026-10-05 19:07
신촌·이대역,POI040,서행,17.0,2026-10-05 19:05,25,1943.0,144.0,4.0,41.0,0,0,28400,28500,29800,29900,1400,1500,1700,1800,450,500,550,600,300,350,350,400,20261005,16500,16600,16800,16900,1000,1100,750,800,300,350,200,250,100,150,100,150,20261005,2026-10-05 19:07
양재역,POI041,서행,22.0,2026-10-05 19:05,16,1881.0,,2.0,27.0,0,0,14300,14400,16000,16100,650,700,650,700,150,200,80,90,100,150,50,60,20261005,8000,8100,7400,7500,400,450,300,350,150,200,100,150,60,70,50,60,20261005,2026-10-05 19:07
역삼역,POI042,서행,18.0,2026-10-05 19:05,47,7473.0,1.0,1.0,10.0,0,0,10200,10300,12600,12700,700,750,350,400,200,250,80,90,100,150,70,80,20261005,3100,3200,3800,3900,100,150,100,150,30,40,30,40,10,20,10,20,20261005,2026-10-05 19:07
연신내역,POI043,서행,18.0,2026-10-05 19:05,5,208.0,,3.0,14.0,0,0,27900,28000,22200,22300,1000,1100,1200,1300,250,300,300,350,150,200,100,150,20261005,7000,7100,6900,7000,450,500,250,300,150,200,80,90,70,80,40,50,20261005,2026-10-05 19:07
오목교역·목동운동장,POI044,원활,26.0,2026-10-05 19:05,14,5304.0,,1.0,33.0,0,0,9800,9900,11200,11300,500,550,500,550,150,200,200,250,100,150,100,150,20261005,11000,11100,13000,13100,650,700,550,600,200,250,200,250,80,90,80,90,20261005,2026-10-05 19:07
왕십리역,POI045,서행,18.0,2026-10-05 19:05,4,1478.0,,5.0,22.0,0,0,25700,25800,25600,25700,1200,1300,1500,1600,300,350,400,450,150,200,200,250,20261005,3500,3600,4300,4400,200,250,200,250,100,150,70,80,40,50,30,40,20261005,2026-10-05 19:07
용산역,POI046,서행,20.0,2026-10-05 19:05,11,5014.0,95.0,2.0,33.0,0,0,46400,46500,57500,57600,3400,3500,2100,2200,900,950,700,750,450,500,350,400,20261005,9100,9200,6900,7000,600,650,250,300,250,300,100,150,100,150,50,60,20261005,2026-10-05 19:07
이태원역,POI047,서행,18.0,2026-10-05 19:05,4,66.0,,1.0,9.0,0,0,8000,8100,7200,7300,300,350,250,300,20,30,30,40,0,0,0,0,20261005,2500,2600,2200,2300,150,200,100,150,60,70,60,70,20,30,20,30,20261005,2026-10-05 19:07
장지역,POI048,서행,21.0,2026-10-05 19:05,4,10611.0,,1.0,20.0,0,0,8600,8700,8400,8500,400,450,400,450,100,150,100,150,70,80,100,150,20261005,3900,4000,4300,4400,250,300,150,200,70,80,60,70,50,60,30,40,20261005,2026-10-05 19:07
장한평역,POI049,서행,24.0,2026-10-05 19:05,15,847.0,,1.0,16.0,0,0,9500,9600,8000,8100,400,450,450,500,100,150,100,150,80,90,100,150,20261005,6900,7000,7700,7800,450,500,350,400,100,150,100,150,70,80,40,50,20261005,2026-10-05 19:07
천호역,POI050,서행,17.0,2026-10-05 19:05,14,3331.0,,2.0,12.0,0,0,22900,23000,22700,22800,900,950,1000,1100,250,300,300,350,150,200,250,300,20261005,2800,2900,4000,4100,200,250,150,200,70,80,60,70,30,40,10,20,20261005,2026-10-05 19:07
총신대입구(이수)역,POI051,서행,17.0,2026-10-05 19:05,7,533.0,,2.0,18.0,0,0,19300,19400,19300,19400,800,850,1100,1200,200,250,350,400,150,200,150,200,20261005,7900,8000,7100,7200,450,500,300,350,150,200,100,150,60,70,40,50,20261005,2026-10-05 19:07
충정로역,POI052,서행,24.0,2026-10-05 19:05,5,834.0,,2.0,19.0,0,0,5300,5400,4800,4900,200,250,200,250,60,70,80,90,40,50,40,50,20261005,3300,3400,3000,3100,150,200,150,200,40,50,40,50,20,30,20,30,20261005,2026-10-05 19:07
합정역,POI053,서행,20.0,2026-10-05 19:05,6,207.0,,2.0,30.0,0,0,21500,21600,25800,25900,1400,1500,1200,1300,400,450,450,500,250,300,250,300,20261005,6200,6300,6800,6900,350,400,350,400,150,200,100,150,90,100,60,70,20261005,2026-10-05 19:07
혜화역,POI054,서행,20.0,2026-10-05 19:05,24,955.0,,1.0,12.0,2,0,16000,16100,24000,24100,1100,1200,650,700,300,350,250,300,200,250,100,150,20261005,7400,7500,8600,8700,500,550,400,450,150,200,150,200,80,90,70,80,20261005,2026-10-05 19:07
홍대입구역(2호선),POI055,정체,12.0,2026-10-05 19:05,16,1196.0,,1.0,17.0,0,0,42800,42900,59100,59200,3200,3300,2700,2800,900,950,950,1000,600,650,800,850,20261005,12400,12500,13700,13800,850,900,550,600,300,350,200,250,80,90,70,80,20261005,2026-10-05 19:07
회기역,POI056,서행,20.0,2026-10-05 19:05,21,408.0,,1.0,22.0,0,0,15400,15500,11000,11100,450,500,700,750,100,150,200,250,50,60,40,50,20261005,10500,10600,10400,10500,450,500,500,550,150,200,150,200,70,80,70,80,20261005,2026-10-05 19:07
가락시장,POI058,원활,25.0,2026-10-05 19:05,4,2884.0,,2.0,16.0,0,0,9100,9200,8800,8900,300,350,400,450,80,90,100,150,40,50,90,100,20261005,4500,4600,3800,3900,150,200,200,250,60,70,60,70,0,10,10,20,20261005,2026-10-05 19:07
가로수길,POI059,원활,26.0,2026-10-05 19:05,51,2767.0,122.0,2.0,14.0,0,0,21900,22000,29800,29900,1500,1600,850,900,400,450,150,200,300,350,150,200,20261005,3700,3800,5100,5200,200,250,200,250,90,100,100,150,10,20,30,40,20261005,2026-10-05 19:07
광장(전통)시장,POI060,서행,17.0,2026-10-05 19:05,7,103.0,5.0,1.0,11.0,0,0,16300,16400,17600,17700,700,750,350,400,150,200,90,100,100,150,70,80,20261005,5800,5900,6000,6100,250,300,150,200,90,100,60,70,20,30,30,40,20261005,2026-10-05 19:07
김포공항,POI061,원활,28.0,2026-10-05 19:05,6,16594.0,,6.0,27.0,0,0,21200,21300,24300,24400,1100,1200,800,850,300,350,200,250,200,250,100,150,20261005,1600,1700,1900,2000,70,80,40,50,20,30,10,20,10,20,0,10,20261005,2026-10-05 19:07
노량진,POI063,서행,18.0,2026-10-05 19:05,11,1218.0,,3.0,22.0,1,0,25200,25300,26700,26800,1200,1300,1600,1700,350,400,550,600,200,250,200,250,20261005,13100,13200,15000,15100,950,1000,600,650,350,400,200,250,150,200,90,100,20261005,2026-10-05 19:07
덕수궁길·정동길,POI064,서행,18.0,2026-10-05 19:05,10,620.0,,3.0,10.0,0,0,25100,25200,27600,27700,1500,1600,550,600,400,450,150,200,250,300,100,150,20261005,2800,2900,3500,3600,100,150,150,200,20,30,40,50,10,20,20,30,20261005,2026-10-05 19:07
북촌한옥마을,POI066,서행,19.0,2026-10-05 19:05,16,1756.0,,1.0,55.0,5,0,16500,16600,20700,20800,1100,1200,300,350,300,350,100,150,200,250,80,90,20261005,11400,11500,11200,11300,750,800,250,300,250,300,90,100,100,150,40,50,20261005,2026-10-05 19:07
서촌,POI067,서행,18.0,2026-10-05 19:05,9,308.0,,1.0,32.0,0,0,16500,16600,21100,21200,1000,1100,350,400,200,250,80,90,150,200,30,40,20261005,9300,9400,9400,9500,450,500,400,450,150,200,70,80,30,40,10,20,20261005,2026-10-05 19:07
성수카페거리,POI068,서행,17.0,2026-10-05 19:05,28,2824.0,,2.0,35.0,1,0,41100,41200,60400,60500,3500,3600,1800,1900,1000,1100,500,550,700,750,350,400,20261005,3200,3300,3600,3700,200,250,150,200,100,150,60,70,40,50,30,40,20261005,2026-10-05 19:07
쌍문역,POI070,서행,19.0,2026-10-05 19:05,8,345.0,,1.0,18.0,0,0,16900,17000,11200,11300,400,450,800,850,100,150,150,200,70,80,80,90,20261005,7800,7900,9700,9800,450,500,300,350,150,200,100,150,70,80,50,60,20261005,2026-10-05 19:07
압구정로데오거리,POI071,서행,18.0,2026-10-05 19:05,55,1976.0,2.0,1.0,16.0,1,0,7800,7900,11800,11900,700,750,300,350,250,300,60,70,100,150,20,30,20261005,5900,6000,7000,7100,450,500,300,350,150,200,90,100,80,90,50,60,20261005,2026-10-05 19:07
여의도,POI072,서행,24.0,2026-10-05 19:05,116,24820.0,688.0,9.0,63.0,2,0,45000,45100,54900,55000,3000,3100,2300,2400,900,950,700,750,600,650,350,400,20261005,21100,21200,25900,26000,1400,1500,950,1000,550,600,300,350,200,250,100,150,20261005,2026-10-05 19:07
연남동,POI073,서행,16.0,2026-10-05 19:05,45,132.0,,0.0,20.0,0,0,,,,,,,,,,,,,,,,,,4300,4400,5200,5300,200,250,300,350,70,80,100,150,30,40,40,50,20261005,2026-10-05 19:07
영등포 타임스퀘어,POI074,서행,16.0,2026-10-05 19:05,10,1195.0,102.0,3.0,24.0,1,0,34600,34700,34900,35000,2100,2200,1300,1400,700,750,350,400,400,450,100,150,20261005,14800,14900,17100,17200,1100,1200,650,700,250,300,200,250,150,200,90,100,20261005,2026-10-05 19:07
용리단길,POI076,서행,17.0,2026-10-05 19:05,0,,,3.0,7.0,0,0,18600,18700,25500,25600,1200,1300,1000,1100,350,400,300,350,200,250,200,250,20261005,2800,2900,5900,6000,200,250,350,400,90,100,100,150,30,40,60,70,20261005,2026-10-05 19:07
이태원 앤틱가구거리,POI077,서행,21.0,2026-10-05 19:05,4,51.0,,1.0,13.0,0,0,8000,8100,7200,7300,300,350,250,300,20,30,30,40,0,0,0,0,20261005,2400,2500,2400,2500,100,150,100,150,40,50,50,60,10,20,30,40,20261005,2026-10-05 19:07
인사동,POI078,서행,16.0,2026-10-05 19:05,21,2465.0,1.0,2.0,26.0,3,0,30000,30100,38000,38100,2100,2200,700,750,550,600,200,250,350,400,150,200,20261005,10400,10500,9900,10000,700,750,350,400,250,300,100,150,100,150,50,60,20261005,2026-10-05 19:07
창동 신경제 중심지,POI079,서행,18.0,2026-10-05 19:05,46,4927.0,33.0,4.0,55.0,5,0,40400,40500,40300,40400,1600,1700,2300,2400,450,500,750,800,300,350,500,550,20261005,13500,13600,14800,14900,850,900,550,600,300,350,150,200,100,150,60,70,20261005,2026-10-05 19:07
청담동 명품거리,POI080,서행,20.0,2026-10-05 19:05,16,910.0,,1.0,10.0,0,0,7800,7900,11800,11900,700,750,300,350,250,300,60,70,100,150,20,30,20261005,2500,2600,2600,2700,100,150,100,150,50,60,40,50,20,30,10,20,20261005,2026-10-05 19:07
청량리 제기동 일대 전통시장,POI081,서행,19.0,2026-10-05 19:05,12,2214.0,,2.0,23.0,0,0,29800,29900,29900,30000,950,1000,900,950,250,300,300,350,150,200,150,200,20261005,24200,24300,21600,21700,1100,1200,600,650,400,450,200,250,150,200,80,90,20261005,2026-10-05 19:07
해방촌·경리단길,POI082,원활,31.0,2026-10-05 19:05,4,273.0,,0.0,26.0,0,0,,,,,,,,,,,,,,,,,,6200,6300,6400,6500,350,400,350,400,150,200,150,200,100,150,70,80,20261005,2026-10-05 19:07
DDP(동대문디자인플라자),POI083,서행,16.0,2026-10-05 19:05,9,2596.0,216.0,3.0,11.0,3,0,24700,24800,24400,24500,1300,1400,1000,1100,350,400,300,350,200,250,200,250,20261005,2600,2700,3400,3500,150,200,100,150,60,70,40,50,10,20,0,10,20261005,2026-10-05 19:07
DMC(디지털미디어시티),POI084,서행,22.0,2026-10-05 19:05,25,9176.0,,4.0,68.0,0,0,11900,12000,11000,11100,450,500,700,750,100,150,150,200,60,70,100,150,20261005,5100,5200,6000,6100,250,300,200,250,90,100,60,70,30,40,10,20,20261005,2026-10-05 19:07
강서한강공원,POI085,원활,55.0,2026-10-05 19:05,2,106.0,34.0,0.0,1.0,0,0,,,,,,,,,,,,,,,,,,0,0,0,0,0,0,0,0,0,0,0,0,0,0,0,0,20261005,2026-10-05 19:07
고척돔,POI086,원활,29.0,2026-10-05 19:05,0,,,1.0,3.0,3,0,3500,3600,2700,2800,100,150,200,250,20,30,40,50,10,20,10,20,20261005,1900,2000,1700,1800,90,100,90,100,20,30,20,30,0,10,10,20,20261005,2026-10-05 19:07
광나루한강공원,POI087,원활,58.0,2026-10-05 19:05,4,718.0,238.0,0.0,0.0,0,0,,,,,,,,,,,,,,,,,,,,,,,,,,,,,,,,,,,2026-10-05 19:07
광화문광장,POI088,서행,21.0,2026-10-05 19:05,3,2932.0,250.0,2.0,12.0,1,0,28300,28400,38000,38100,1900,2000,700,750,500,550,150,200,300,350,90,100,20261005,8300,8400,8300,8400,500,550,200,250,150,200,100,150,50,60,30,40,20261005,2026-10-05 19:07
국립중앙박물관·용산가족공원,POI089,원활,39.0,2026-10-05 19:05,4,931.0,,3.0,3.0,1,0,13400,13500,13400,13500,450,500,350,400,100,150,100,150,80,90,60,70,20261005,750,800,600,650,40,50,0,10,10,20,0,10,0,10,0,10,20261005,2026-10-05 19:07
난지한강공원,POI090,원활,44.0,2026-10-05 19:05,4,1240.0,0.0,0.0,7.0,0,0,,,,,,,,,,,,,,,,,,100,150,50,60,0,0,0,0,0,0,0,0,0,0,0,0,20261005,2026-10-05 19:07
남산공원,POI091,원활,31.0,2026-10-05 19:05,33,2148.0,19.0,5.0,37.0,2,0,45100,45200,59800,59900,2200,2300,1400,1500,700,750,400,450,450,500,250,300,20261005,13700,13800,14300,14400,850,900,800,850,250,300,250,300,90,100,100,150,20261005,2026-10-05 19:07
노들섬,POI092,원활,32.0,2026-10-05 19:05,1,99.0,,0.0,4.0,2,0,,,,,,,,,,,,,,,,,,2800,2900,4400,4500,550,600,400,450,100,150,80,90,30,40,50,60,20261005,2026-10-05 19:07
뚝섬한강공원,POI093,원활,53.0,2026-10-05 19:05,8,1342.0,607.0,1.0,1.0,1,0,8400,8500,9700,9800,800,850,500,550,200,250,100,150,150,200,100,150,20261005,0,0,0,0,0,0,0,0,0,0,0,0,0,0,0,0,20261005,2026-10-05 19:07
망원한강공원,POI094,원활,33.0,2026-10-05 19:05,2,458.0,0.0,2.0,10.0,0,0,21500,21600,25800,25900,1400,1500,1200,1300,400,450,450,500,250,300,250,300,20261005,4400,4500,4900,5000,250,300,200,250,100,150,90,100,80,90,40,50,20261005,2026-10-05 19:07
반포한강공원,POI095,원활,41.0,2026-10-05 19:05,9,1483.0,9.0,0.0,6.0,0,0,,,,,,,,,,,,,,,,,,250,300,500,550,30,40,60,70,10,20,20,30,0,0,0,0,20261005,2026-10-05 19:07
북서울꿈의숲,POI096,서행,22.0,2026-10-05 19:05,3,549.0,,0.0,17.0,0,0,,,,,,,,,,,,,,,,,,1700,1800,1100,1200,40,50,50,60,20,30,10,20,0,10,10,20,20261005,2026-10-05 19:07
서리풀공원·몽마르뜨공원,POI098,원활,25.0,2026-10-05 19:05,0,,,4.0,7.0,0,0,66300,66400,77200,77300,4200,4300,3400,3500,1400,1500,1000,1100,950,1000,650,700,20261005,12700,12800,12800,12900,800,850,500,550,350,400,150,200,100,150,60,70,20261005,2026-10-05 19:07
서울대공원,POI100,원활,32.0,2026-10-05 19:05,0,,,1.0,0.0,0,0,6500,6600,7900,8000,650,700,30,40,100,150,0,10,60,70,0,10,20261005,,,,,,,,,,,,,,,,,,2026-10-05 19:07
서울숲공원,POI101,원활,37.0,2026-10-05 19:05,2,996.0,,1.0,9.0,0,0,7400,7500,8900,9000,550,600,200,250,150,200,10,20,100,150,0,0,20261005,1100,1200,1500,1600,90,100,40,50,20,30,0,10,0,10,0,0,20261005,2026-10-05 19:07
아차산,POI102,원활,30.0,2026-10-05 19:05,0,,,0.0,3.0,0,0,,,,,,,,,,,,,,,,,,150,200,30,40,0,10,0,0,0,10,0,0,0,0,0,0,20261005,2026-10-05 19:07
양화한강공원,POI103,원활,37.0,2026-10-05 19:05,6,1002.0,211.0,0.0,5.0,0,0,,,,,,,,,,,,,,,,,,100,150,250,300,20,30,10,20,0,10,0,10,0,0,0,0,20261005,2026-10-05 19:07
어린이대공원,POI104,서행,21.0,2026-10-05 19:05,4,945.0,,2.0,9.0,0,0,19000,19100,17900,18000,800,850,650,700,200,250,200,250,150,200,80,90,20261005,1700,1800,1800,1900,90,100,90,100,20,30,20,30,10,20,0,10,20261005,2026-10-05 19:07
여의도한강공원,POI105,원활,37.0,2026-10-05 19:05,6,2866.0,613.0,1.0,3.0,0,0,8800,8900,15300,15400,1000,1100,750,800,300,350,200,250,200,250,90,100,20261005,1100,1200,1100,1200,100,150,50,60,50,60,20,30,30,40,10,20,20261005,2026-10-05 19:07
월드컵공원,POI106,원활,31.0,2026-10-05 19:05,9,3537.0,,4.0,34.0,0,0,16800,16900,16600,16700,650,700,650,700,150,200,150,200,100,150,100,150,20261005,3300,3400,2800,2900,100,150,90,100,40,50,30,40,20,30,10,20,20261005,2026-10-05 19:07
응봉산,POI107,원활,25.0,2026-10-05 19:05,3,88.0,,1.0,24.0,0,0,1200,1300,950,1000,20,30,40,50,0,10,10,20,0,10,0,10,20261005,2100,2200,1600,1700,100,150,100,150,20,30,40,50,10,20,10,20,20261005,2026-10-05 19:07
이촌한강공원,POI108,원활,42.0,2026-10-05 19:05,2,514.0,0.0,0.0,4.0,0,0,,,,,,,,,,,,,,,,,,40,50,150,200,0,0,0,10,0,0,0,0,0,0,0,0,20261005,2026-10-05 19:07
잠실종합운동장,POI109,원활,30.0,2026-10-05 19:05,1,876.0,,2.0,4.0,0,0,17700,17800,19800,19900,2100,2200,350,400,1200,1300,150,200,100,150,30,40,20261005,1300,1400,1300,1400,70,80,10,20,0,10,0,10,0,0,0,0,20261005,2026-10-05 19:07
잠실한강공원,POI110,원활,38.0,2026-10-05 19:05,4,1326.0,309.0,1.0,9.0,0,0,6400,6500,5500,5600,150,200,300,350,40,50,100,150,30,40,70,80,20261005,250,300,750,800,20,30,30,40,0,10,10,20,0,0,0,10,20261005,2026-10-05 19:07
잠원한강공원,POI111,원활,46.0,2026-10-05 19:05,3,1540.0,0.0,0.0,5.0,0,0,,,,,,,,,,,,,,,,,,700,750,850,900,60,70,50,60,10,20,0,10,10,20,0,10,20261005,2026-10-05 19:07
청계산,POI112,원활,54.0,2026-10-05 19:05,0,,,0.0,9.0,0,0,,,,,,,,,,,,,,,,,,60,70,70,80,0,0,0,0,0,0,0,0,0,0,0,0,20261005,2026-10-05 19:07
북창동 먹자골목,POI114,서행,17.0,2026-10-05 19:05,20,552.0,0.0,0.0,11.0,0,0,,,,,,,,,,,,,,,,,,9800,9900,9400,9500,350,400,150,200,100,150,50,60,50,60,20,30,20261005,2026-10-05 19:07
남대문시장,POI115,서행,16.0,2026-10-05 19:05,16,1456.0,4.0,1.0,7.0,0,0,,,,,,,,,,,,,,,,,,7800,7900,8200,8300,250,300,150,200,90,100,40,50,30,40,10,20,20261005,2026-10-05 19:07
익선동,POI116,정체,14.0,2026-10-05 19:05,10,187.0,1.0,3.0,11.0,1,0,31300,31400,38700,38800,2000,2100,1100,1200,600,650,300,350,400,450,150,200,20261005,5500,5600,5800,5900,300,350,200,250,90,100,60,70,20,30,30,40,20261005,2026-10-05 19:07
신정네거리역,POI117,서행,19.0,2026-10-05 19:05,3,119.0,,1.0,9.0,0,0,,,,,,,,,,,,,,,,,,,,,,,,,,,,,,,,,,,2026-10-05 19:07
잠실새내역,POI118,서행,18.0,2026-10-05 19:05,31,1541.0,,1.0,18.0,0,0,11700,11800,11600,11700,450,500,400,450,100,150,100,150,70,80,80,90,20261005,5200,5300,5900,6000,300,350,250,300,100,150,80,90,40,50,20,30,20261005,2026-10-05 19:07
잠실역,POI119,서행,18.0,2026-10-05 19:05,5,6749.0,215.0,2.0,21.0,0,0,,,,,,,,,,,,,,,,,,13000,13100,17000,17100,1000,1100,650,700,350,400,200,250,100,150,60,70,20261005,2026-10-05 19:07
잠실롯데타워·석촌호수,POI120,서행,17.0,2026-10-05 19:05,33,9281.0,215.0,3.0,0.0,2,0,,,,,,,,,,,,,,,,,,,,,,,,,,,,,,,,,,,2026-10-05 19:07
송리단길·호수단길,POI121,서행,18.0,2026-10-05 19:05,21,878.0,,1.0,15.0,0,0,4500,4600,5700,5800,200,250,250,300,50,60,80,90,40,50,80,90,20261005,4600,4700,6000,6100,200,250,300,350,70,80,80,90,30,40,30,40,20261005,2026-10-05 19:07
신촌 스타광장,POI122,서행,15.0,2026-10-05 19:05,4,235.0,,1.0,4.0,0,0,,,,,,,,,,,,,,,,,,4500,4600,4700,4800,250,300,150,200,60,70,30,40,20,30,0,10,20261005,2026-10-05 19:07
보라매공원,POI123,정체,13.0,2026-10-05 19:05,1,78.0,,2.0,5.0,0,0,3500,3600,3500,3600,150,200,100,150,30,40,40,50,30,40,40,50,20261005,90,100,100,150,0,10,0,0,0,0,0,0,0,0,0,0,20261005,2026-10-05 19:07
서대문독립공원,POI124,서행,24.0,2026-10-05 19:05,2,150.0,,1.0,18.0,0,0,5200,5300,5200,5300,100,150,200,250,30,40,50,60,20,30,30,40,20261005,4200,4300,3600,3700,150,200,100,150,50,60,30,40,10,20,10,20,20261005,2026-10-05 19:07
안양천,POI125,원활,43.0,2026-10-05 19:05,1,294.0,,0.0,1.0,0,0,,,,,,,,,,,,,,,,,,10,20,0,0,0,0,0,0,0,0,0,0,0,0,0,0,20261005,2026-10-05 19:07
여의서로,POI126,원활,31.0,2026-10-05 19:05,2,168.0,38.0,0.0,0.0,0,0,,,,,,,,,,,,,,,,,,,,,,,,,,,,,,,,,,,2026-10-05 19:07
올림픽공원,POI127,서행,24.0,2026-10-05 19:05,4,2716.0,,4.0,17.0,4,0,,,,,,,,,,,,,,,,,,3000,3100,3200,3300,150,200,100,150,50,60,40,50,20,30,10,20,20261005,2026-10-05 19:07
홍제폭포,POI128,원활,33.0,2026-10-05 19:05,0,,,0.0,0.0,0,0,,,,,,,,,,,,,,,,,,,,,,,,,,,,,,,,,,,2026-10-05 19:07
송현녹지광장,POI129,서행,17.0,2026-10-05 19:05,4,1546.0,,1.0,25.0,5,0,16500,16600,20700,20800,1100,1200,300,350,300,350,100,150,200,250,80,90,20261005,9700,9800,9000,9100,650,700,200,250,200,250,60,70,100,150,40,50,20261005,2026-10-05 19:07
시의회 앞,POI130,서행,18.0,2026-10-05 19:05,9,1723.0,,3.0,25.0,3,0,34400,34500,47400,47500,2600,2700,950,1000,700,750,250,300,450,500,150,200,20261005,10300,10400,12600,12700,700,750,450,500,250,300,150,200,80,90,60,70,20261005,2026-10-05 19:07
강남 MICE 관광특구,POI001,서행,19.0,2026-10-05 20:05,3,4428.0,,2.0,6.0,0,0,38900,39000,45800,45900,1600,1700,450,500,500,550,100,150,150,200,0,10,20261005,4200,4300,3300,3400,200,250,70,80,80,90,10,20,40,50,0,10,20261005,2026-10-05 20:07
동대문 관광특구,POI002,서행,17.0,2026-10-05 20:05,47,8302.0,601.0,7.0,32.0,4,0,69400,69500,68600,68700,2600,2700,2500,2600,700,750,850,900,250,300,300,350,20261005,10000,10100,9000,9100,400,450,300,350,100,150,100,150,50,60,40,50,20261005,2026-10-05 20:07
명동 관광특구,POI003,서행,17.0,2026-10-05 20:05,93,12070.0,7.0,7.0,54.0,3,2,123000,123100,147500,147600,5200,5300,2600,2700,1600,1700,650,700,450,500,200,250,20261005,31900,32000,33600,33700,1300,1400,850,900,450,500,300,350,150,200,80,90,20261005,2026-10-05 20:07
이태원 관광특구,POI004,서행,20.0,2026-10-05 20:05,8,853.0,,3.0,17.0,0,0,18900,19000,21900,22000,1000,1100,550,600,300,350,150,200,100,150,60,70,20261005,5200,5300,4900,5000,250,300,150,200,80,90,40,50,10,20,0,10,20261005,2026-10-05 20:07
잠실 관광특구,POI005,서행,21.0,2026-10-05 20:05,37,11997.0,185.0,6.0,50.0,6,0,77400,77500,85500,85600,4000,4100,2300,2400,1200,1300,600,650,450,500,100,150,20261005,16300,16400,18900,19000,950,1000,550,600,300,350,150,200,80,90,60,70,20261005,2026-10-05 20:07
종로·청계 관광특구,POI006,서행,17.0,2026-10-05 20:05,48,2496.0,72.0,10.0,62.0,0,0,129300,129400,142000,142100,5200,5300,2500,2600,1400,1500,750,800,450,500,300,350,20261005,27900,28000,26800,26900,1300,1400,750,800,400,450,200,250,150,200,80,90,20261005,2026-10-05 20:07
홍대 관광특구,POI007,서행,15.0,2026-10-05 20:05,51,3098.0,,8.0,70.0,0,0,105500,105600,128400,128500,6200,6300,4100,4200,1800,1900,1100,1200,600,650,400,450,20261005,23900,24000,25100,25200,1300,1400,850,900,400,450,300,350,150,200,100,150,20261005,2026-10-05 20:07
경복궁,POI008,서행,21.0,2026-10-05 20:05,2,267.0,,1.0,11.0,0,0,18000,18100,21600,21700,700,750,200,250,200,250,50,60,50,60,10,20,20261005,2100,2200,1600,1700,20,30,10,20,0,10,0,10,0,0,0,0,20261005,2026-10-05 20:07
광화문·덕수궁,POI009,서행,19.0,2026-10-05 20:05,29,7988.0,204.0,4.0,41.0,5,1,57000,57100,70300,70400,2700,2800,750,800,750,800,150,200,200,250,40,50,20261005,20700,20800,21900,22000,950,1000,400,450,300,350,150,200,100,150,40,50,20261005,2026-10-05 20:07
보신각,POI010,서행,17.0,2026-10-05 20:05,14,2572.0,11.0,1.0,14.0,0,0,15300,15400,17900,18000,850,900,250,300,250,300,70,80,100,150,30,40,20261005,6800,6900,6800,6900,400,450,200,250,150,200,70,80,60,70,20,30,20261005,2026-10-05 20:07
서울 암사동 유적,POI011,서행,24.0,2026-10-05 20:05,1,108.0,,0.0,3.0,0,0,,,,,,,,,,,,,,,,,,60,70,20,30,0,0,0,0,0,0,0,0,0,0,0,0,20261005,2026-10-05 20:07
창덕궁·종묘,POI012,서행,18.0,2026-10-05 20:05,16,3155.0,385.0,4.0,19.0,1,0,52700,52800,58600,58700,2300,2400,1000,1100,650,700,300,350,200,250,100,150,20261005,4200,4300,4600,4700,100,150,90,100,40,50,30,40,20,30,20,30,20261005,2026-10-05 20:07
가산디지털단지역,POI013,서행,22.0,2026-10-05 20:05,20,8291.0,,2.0,71.0,0,0,16000,16100,16600,16700,500,550,450,500,100,150,150,200,50,60,60,70,20261005,6600,6700,7400,7500,350,400,200,250,90,100,70,80,40,50,20,30,20261005,2026-10-05 20:07
강남역,POI014,서행,18.0,2026-10-05 20:05,95,7876.0,,4.0,55.0,0,0,58500,58600,70000,70100,2900,3000,1900,2000,900,950,400,450,350,400,150,200,20261005,20900,21000,20000,20100,950,1000,750,800,250,300,200,250,100,150,80,90,20261005,2026-10-05 20:07
건대입구역,POI015,서행,21.0,2026-10-05 20:05,23,6603.0,,2.0,11.0,1,0,30300,30400,33300,33400,1600,1700,1300,1400,450,500,350,400,100,150,50,60,20261005,3800,3900,5000,5100,150,200,150,200,50,60,60,70,20,30,20,30,20261005,2026-10-05 20:07
고덕역,POI016,서행,24.0,2026-10-05 20:05,15,1615.0,,1.0,5.0,0,0,5000,5100,4700,4800,100,150,150,200,30,40,60,70,10,20,0,0,20261005,1500,1600,1400,1500,80,90,30,40,20,30,0,10,0,10,0,0,20261005,2026-10-05 20:07
고속터미널역,POI017,원활,25.0,2026-10-05 20:05,3,4291.0,,3.0,10.0,0,0,67600,67700,75800,75900,3800,3900,2300,2400,1000,1100,650,700,400,450,350,400,20261005,14700,14800,14400,14500,750,800,400,450,250,300,150,200,60,70,50,60,20261005,2026-10-05 20:07
교대역,POI018,서행,23.0,2026-10-05 20:05,14,760.0,,2.0,13.0,0,0,15100,15200,16200,16300,600,650,400,450,150,200,100,150,80,90,20,30,20261005,2900,3000,1900,2000,100,150,60,70,40,50,20,30,20,30,0,10,20261005,2026-10-05 20:07
구로디지털단지역,POI019,서행,17.0,2026-10-05 20:05,20,6911.0,,1.0,29.0,0,0,27200,27300,21600,21700,650,700,1000,1100,150,200,300,350,40,50,100,150,20261005,5800,5900,3900,4000,350,400,150,200,100,150,50,60,70,80,30,40,20261005,2026-10-05 20:07
구로역,POI020,원활,29.0,2026-10-05 20:05,3,1047.0,,1.0,5.0,0,0,10300,10400,9400,9500,300,350,200,250,90,100,90,100,30,40,20,30,20261005,1400,1500,2000,2100,30,40,40,50,10,20,10,20,0,10,0,10,20261005,2026-10-05 20:07
군자역,POI021,서행,18.0,2026-10-05 20:05,11,573.0,,2.0,16.0,0,0,16000,16100,13700,13800,600,650,650,700,150,200,150,200,50,60,20,30,20261005,3800,3900,4200,4300,150,200,100,150,50,60,50,60,20,30,10,20,20261005,2026-10-05 20:07
대림역,POI023,서행,19.0,2026-10-05 20:05,4,221.0,,2.0,29.0,0,0,22500,22600,19500,19600,450,500,600,650,100,150,150,200,40,50,50,60,20261005,5500,5600,6200,6300,200,250,150,200,70,80,70,80,20,30,10,20,20261005,2026-10-05 20:07
동대문역,POI024,서행,17.0,2026-10-05 20:05,17,892.0,0.0,2.0,7.0,0,0,28100,28200,28300,28400,800,850,750,800,200,250,200,250,90,100,90,100,20261005,3800,3900,4300,4400,100,150,150,200,20,30,50,60,10,20,10,20,20261005,2026-10-05 20:07
뚝섬역,POI025,서행,23.0,2026-10-05 20:05,9,767.0,,1.0,4.0,1,0,11900,12000,13200,13300,700,750,300,350,200,250,90,100,90,100,20,30,20261005,1400,1500,1400,1500,100,150,30,40,40,50,0,10,10,20,0,0,20261005,2026-10-05 20:07
미아사거리역,POI026,서행,18.0,2026-10-05 20:05,11,1409.0,,1.0,29.0,0,0,16600,16700,14200,14300,450,500,650,700,100,150,250,300,50,60,100,150,20261005,19800,19900,18900,19000,1000,1100,550,600,250,300,150,200,100,150,70,80,20261005,2026-10-05 20:07
발산역,POI027,서행,17.0,2026-10-05 20:05,13,2880.0,,1.0,37.0,0,0,10400,10500,11300,11400,350,400,350,400,90,100,150,200,20,30,80,90,20261005,5500,5600,6200,6300,250,300,150,200,80,90,50,60,40,50,30,40,20261005,2026-10-05 20:07
사당역,POI029,서행,19.0,2026-10-05 20:05,13,520.0,,2.0,17.0,1,0,38200,38300,37100,37200,1400,1500,1700,1800,450,500,500,550,150,200,100,150,20261005,5100,5200,6400,6500,300,350,200,250,90,100,30,40,40,50,10,20,20261005,2026-10-05 20:07
삼각지역,POI030,원활,25.0,2026-10-05 20:05,0,,,2.0,7.0,0,0,7700,7800,9500,9600,250,300,300,350,90,100,60,70,20,30,20,30,20261005,4400,4500,4200,4300,200,250,150,200,80,90,60,70,20,30,20,30,20261005,2026-10-05 20:07
서울대입구역,POI031,서행,19.0,2026-10-05 20:05,2,52.0,,1.0,15.0,0,0,26100,26200,21600,21700,600,650,1100,1200,150,200,350,400,50,60,250,300,20261005,15400,15500,15700,15800,800,850,500,550,300,350,150,200,100,150,50,60,20261005,2026-10-05 20:07
서울식물원·마곡나루역,POI032,서행,17.0,2026-10-05 20:05,2,2651.0,,2.0,15.0,2,0,12400,12500,12600,12700,350,400,400,450,100,150,150,200,80,90,60,70,20261005,1400,1500,1500,1600,80,90,30,40,30,40,10,20,0,10,10,20,20261005,2026-10-05 20:07
서울역,POI033,서행,20.0,2026-10-05 20:05,23,3968.0,0.0,8.0,34.0,1,0,124400,124500,136300,136400,5100,5200,3600,3700,1200,1300,950,1000,350,400,350,400,20261005,19400,19500,19100,19200,750,800,700,750,250,300,200,250,100,150,90,100,20261005,2026-10-05 20:07
선릉역,POI034,서행,18.0,2026-10-05 20:05,94,11160.0,27.0,4.0,20.0,0,0,41800,41900,48300,48400,1500,1600,750,800,500,550,200,250,200,250,60,70,20261005,4800,4900,4700,4800,150,200,150,200,50,60,50,60,20,30,10,20,20261005,2026-10-05 20:07
성신여대입구역,POI035,서행,16.0,2026-10-05 20:05,2,38.0,,2.0,9.0,0,0,16600,16700,15500,15600,550,600,650,700,100,150,150,200,50,60,30,40,20261005,10200,10300,10900,11000,500,550,350,400,200,250,100,150,60,70,30,40,20261005,2026-10-05 20:07
수유역,POI036,서행,17.0,2026-10-05 20:05,8,802.0,,1.0,32.0,0,0,23000,23100,18000,18100,600,650,1000,1100,150,200,300,350,50,60,150,200,20261005,19900,20000,22100,22200,950,1000,800,850,350,400,250,300,200,250,100,150,20261005,2026-10-05 20:07
신논현역·논현역,POI037,서행,18.0,2026-10-05 20:05,32,1053.0,,3.0,13.0,0,0,25700,25800,29100,29200,1200,1300,800,850,300,350,200,250,150,200,100,150,20261005,6500,6600,6600,6700,250,300,250,300,60,70,60,70,30,40,10,20,20261005,2026-10-05 20:07
신도림역,POI038,원활,42.0,2026-10-05 20:05,1,1644.0,,2.0,2.0,0,0,27900,28000,25000,25100,850,900,1000,1100,250,300,250,300,90,100,70,80,20261005,1700,1800,3600,3700,30,40,50,60,10,20,10,20,0,10,0,10,20261005,2026-10-05 20:07
신림역,POI039,서행,17.0,2026-10-05 20:05,2,282.0,,2.0,15.0,0,0,36100,36200,27800,27900,900,950,1700,1800,200,250,500,550,70,80,100,150,20261005,18400,18500,20800,20900,1100,1200,600,650,400,450,150,200,150,200,70,80,20261005,2026-10-05 20:07
신촌·이대역,POI040,서행,17.0,2026-10-05 20:05,25,1943.0,139.0,4.0,41.0,0,0,30800,30900,32600,32700,1100,1200,1300,1400,300,350,450,500,100,150,150,200,20261005,18400,18500,18200,18300,900,950,600,650,250,300,150,200,100,150,90,100,20261005,2026-10-05 20:07
양재역,POI041,원활,26.0,2026-10-05 20:05,16,1881.0,,2.0,27.0,0,0,15600,15700,17400,17500,550,600,600,650,100,150,250,300,60,70,30,40,20261005,8800,8900,8000,8100,300,350,250,300,90,100,80,90,30,40,40,50,20261005,2026-10-05 20:07
역삼역,POI042,서행,20.0,2026-10-05 20:05,47,7473.0,1.0,1.0,10.0,0,0,11200,11300,13400,13500,450,500,300,350,100,150,100,150,40,50,60,70,20261005,3400,3500,4100,4200,100,150,150,200,40,50,60,70,20,30,30,40,20261005,2026-10-05 20:07
연신내역,POI043,서행,21.0,2026-10-05 20:05,5,208.0,,3.0,14.0,0,0,29500,29600,25000,25100,750,800,1200,1300,200,250,450,500,80,90,100,150,20261005,8000,8100,7400,7500,400,450,200,250,150,200,80,90,80,90,20,30,20261005,2026-10-05 20:07
오목교역·목동운동장,POI044,원활,27.0,2026-10-05 20:05,14,5304.0,,1.0,33.0,0,0,10800,10900,12100,12200,450,500,400,450,100,150,100,150,30,40,60,70,20261005,12100,12200,13900,14000,550,600,400,450,150,200,100,150,80,90,70,80,20261005,2026-10-05 20:07
왕십리역,POI045,서행,18.0,2026-10-05 20:05,4,1478.0,,5.0,22.0,0,0,27700,27800,28000,28100,1000,1100,1100,1200,300,350,300,350,100,150,100,150,20261005,4000,4100,4600,4700,250,300,100,150,80,90,40,50,60,70,20,30,20261005,2026-10-05 20:07
용산역,POI046,서행,22.0,2026-10-05 20:05,11,5014.0,93.0,2.0,33.0,0,0,52400,52500,60300,60400,2900,3000,1300,1400,900,950,300,350,450,500,90,100,20261005,10200,10300,7400,7500,550,600,200,250,150,200,80,90,60,70,20,30,20261005,2026-10-05 20:07
이태원역,POI047,서행,16.0,2026-10-05 20:05,4,66.0,,1.0,9.0,0,0,8900,9000,8000,8100,350,400,300,350,100,150,100,150,60,70,40,50,20261005,2800,2900,2400,2500,150,200,100,150,50,60,30,40,0,10,0,10,20261005,2026-10-05 20:07
장지역,POI048,서행,21.0,2026-10-05 20:05,4,10611.0,,1.0,20.0,0,0,9100,9200,9000,9100,250,300,300,350,80,90,70,80,30,40,50,60,20261005,4400,4500,4500,4600,200,250,100,150,60,70,30,40,40,50,10,20,20261005,2026-10-05 20:07
장한평역,POI049,원활,25.0,2026-10-05 20:05,15,847.0,,1.0,16.0,0,0,10500,10600,8700,8800,350,400,350,400,60,70,70,80,20,30,0,0,20261005,7800,7900,8200,8300,400,450,250,300,100,150,90,100,60,70,40,50,20261005,2026-10-05 20:07
천호역,POI050,서행,17.0,2026-10-05 20:05,14,3331.0,,2.0,12.0,0,0,24700,24800,24700,24800,800,850,1000,1100,200,250,250,300,70,80,100,150,20261005,3200,3300,4300,4400,150,200,150,200,70,80,50,60,40,50,20,30,20261005,2026-10-05 20:07
총신대입구(이수)역,POI051,서행,17.0,2026-10-05 20:05,7,533.0,,2.0,18.0,0,0,20700,20800,21100,21200,650,700,800,850,200,250,200,250,60,70,70,80,20261005,8800,8900,7700,7800,400,450,250,300,100,150,70,80,50,60,20,30,20261005,2026-10-05 20:07
충정로역,POI052,원활,25.0,2026-10-05 20:05,5,834.0,,2.0,19.0,0,0,5600,5700,5300,5400,100,150,200,250,40,50,50,60,10,20,20,30,20261005,3600,3700,3300,3400,100,150,150,200,60,70,60,70,0,10,20,30,20261005,2026-10-05 20:07
합정역,POI053,서행,21.0,2026-10-05 20:05,6,207.0,,2.0,30.0,0,0,24300,24400,28100,28200,1300,1400,950,1000,350,400,350,400,100,150,150,200,20261005,6900,7000,7500,7600,350,400,250,300,100,150,100,150,50,60,50,60,20261005,2026-10-05 20:07
혜화역,POI054,서행,19.0,2026-10-05 20:05,24,955.0,,1.0,12.0,2,0,18300,18400,25100,25200,1100,1200,450,500,400,450,100,150,150,200,70,80,20261005,8400,8500,9100,9200,450,500,250,300,150,200,90,100,30,40,30,40,20261005,2026-10-05 20:07
홍대입구역(2호선),POI055,정체,14.0,2026-10-05 20:05,16,1196.0,,1.0,17.0,0,0,49300,49400,63700,63800,3100,3200,2000,2100,950,1000,450,500,300,350,50,60,20261005,14100,14200,14900,15000,800,850,450,500,200,250,150,200,90,100,100,150,20261005,2026-10-05 20:07
회기역,POI056,서행,21.0,2026-10-05 20:05,21,408.0,,1.0,22.0,0,0,16200,16300,12400,12500,450,500,600,650,100,150,300,350,70,80,150,200,20261005,11400,11500,11400,11500,450,500,450,500,150,200,150,200,70,80,60,70,20261005,2026-10-05 20:07
가락시장,POI058,원활,25.0,2026-10-05 20:05,4,2884.0,,2.0,16.0,0,0,9600,9700,9600,9700,350,400,550,600,60,70,100,150,20,30,50,60,20261005,4800,4900,4100,4200,100,150,150,200,30,40,40,50,20,30,10,20,20261005,2026-10-05 20:07
가로수길,POI059,원활,27.0,2026-10-05 20:05,51,2767.0,100.0,2.0,14.0,0,0,24900,25000,31200,31300,1300,1400,600,650,400,450,150,200,100,150,40,50,20261005,4200,4300,5500,5600,200,250,200,250,60,70,60,70,30,40,30,40,20261005,2026-10-05 20:07
광장(전통)시장,POI060,서행,19.0,2026-10-05 20:05,7,103.0,7.0,1.0,11.0,0,0,17600,17700,18100,18200,600,650,200,250,150,200,70,80,40,50,30,40,20261005,6300,6400,6300,6400,200,250,100,150,80,90,40,50,40,50,10,20,20261005,2026-10-05 20:07
김포공항,POI061,원활,30.0,2026-10-05 20:05,6,16594.0,,6.0,27.0,0,0,23200,23300,25400,25500,850,900,500,550,200,250,100,150,100,150,70,80,20261005,1800,1900,2000,2100,70,80,30,40,20,30,0,10,10,20,0,10,20261005,2026-10-05 20:07
노량진,POI063,서행,24.0,2026-10-05 20:05,11,1218.0,,3.0,22.0,1,0,27600,27700,29400,29500,1200,1300,1200,1300,300,350,350,400,200,250,250,300,20261005,14800,14900,16100,16200,800,850,500,550,250,300,150,200,100,150,60,70,20261005,2026-10-05 20:07
덕수궁길·정동길,POI064,서행,20.0,2026-10-05 20:05,10,620.0,,3.0,10.0,0,0,27800,27900,28700,28800,1200,1300,500,550,350,400,150,200,90,100,40,50,20261005,3000,3100,3800,3900,100,150,100,150,30,40,40,50,20,30,10,20,20261005,2026-10-05 20:07
북촌한옥마을,POI066,서행,20.0,2026-10-05 20:05,16,1756.0,,1.0,55.0,5,0,18200,18300,21000,21100,750,800,100,150,200,250,20,30,50,60,0,10,20261005,12300,12400,11600,11700,400,450,150,200,150,200,70,80,40,50,20,30,20261005,2026-10-05 20:07
서촌,POI067,서행,19.0,2026-10-05 20:05,9,308.0,,1.0,32.0,0,0,18000,18100,21600,21700,700,750,200,250,200,250,50,60,50,60,10,20,20261005,10100,10200,9900,10000,350,400,200,250,100,150,90,100,60,70,40,50,20261005,2026-10-05 20:07
성수카페거리,POI068,서행,18.0,2026-10-05 20:05,28,2824.0,,2.0,35.0,1,0,47800,47900,62900,63000,3200,3300,1000,1100,900,950,250,300,300,350,80,90,20261005,3600,3700,3900,4000,200,250,100,150,50,60,30,40,20,30,10,20,20261005,2026-10-05 20:07
쌍문역,POI070,서행,19.0,2026-10-05 20:05,8,345.0,,1.0,18.0,0,0,17600,17700,12700,12800,300,350,650,700,90,100,200,250,30,40,70,80,20261005,8700,8800,10400,10500,400,450,300,350,150,200,100,150,40,50,40,50,20261005,2026-10-05 20:07
압구정로데오거리,POI071,서행,20.0,2026-10-05 20:05,55,1976.0,2.0,1.0,16.0,1,0,9200,9300,12300,12400,650,700,200,250,200,250,80,90,90,100,40,50,20261005,6700,6800,7400,7500,350,400,200,250,90,100,60,70,20,30,10,20,20261005,2026-10-05 20:07
여의도,POI072,원활,25.0,2026-10-05 20:05,116,24820.0,537.0,9.0,63.0,2,0,50800,50900,58500,58600,2800,2900,1600,1700,800,850,450,500,300,350,200,250,20261005,24000,24100,27600,27700,1400,1500,750,800,500,550,250,300,200,250,100,150,20261005,2026-10-05 20:07
연남동,POI073,서행,17.0,2026-10-05 20:05,45,132.0,,0.0,20.0,0,0,,,,,,,,,,,,,,,,,,4700,4800,5700,5800,200,250,200,250,70,80,70,80,30,40,20,30,20261005,2026-10-05 20:07
영등포 타임스퀘어,POI074,서행,19.0,2026-10-05 20:05,10,1195.0,81.0,3.0,24.0,1,0,37800,37900,37400,37500,1500,1600,1100,1200,450,500,400,450,200,250,200,250,20261005,16700,16800,18200,18300,900,950,450,500,200,250,100,150,50,60,50,60,20261005,2026-10-05 20:07
용리단길,POI076,서행,21.0,2026-10-05 20:05,0,,,3.0,7.0,0,0,20800,20900,27200,27300,1000,1100,750,800,250,300,150,200,90,100,20,30,20261005,3100,3200,6500,6600,150,200,250,300,60,70,100,150,10,20,30,40,20261005,2026-10-05 20:07
이태원 앤틱가구거리,POI077,서행,20.0,2026-10-05 20:05,4,51.0,,1.0,13.0,0,0,8900,9000,8000,8100,350,400,300,350,100,150,100,150,60,70,40,50,20261005,2600,2700,2600,2700,100,150,90,100,30,40,10,20,0,10,0,10,20261005,2026-10-05 20:07
인사동,POI078,서행,17.0,2026-10-05 20:05,21,2465.0,0.0,2.0,26.0,3,0,33600,33700,38900,39000,1600,1700,400,450,450,500,100,150,150,200,40,50,20261005,11600,11700,10500,10600,550,600,300,350,200,250,100,150,100,150,50,60,20261005,2026-10-05 20:07
창동 신경제 중심지,POI079,서행,19.0,2026-10-05 20:05,46,4927.0,19.0,4.0,55.0,5,0,43400,43500,44100,44200,1300,1400,1700,1800,350,400,550,600,100,150,150,200,20261005,15100,15200,15700,15800,800,850,400,450,250,300,100,150,100,150,70,80,20261005,2026-10-05 20:07
청담동 명품거리,POI080,서행,22.0,2026-10-05 20:05,16,910.0,,1.0,10.0,0,0,9200,9300,12300,12400,650,700,200,250,200,250,80,90,90,100,40,50,20261005,2900,3000,2800,2900,200,250,90,100,50,60,20,30,20,30,10,20,20261005,2026-10-05 20:07
청량리 제기동 일대 전통시장,POI081,서행,19.0,2026-10-05 20:05,12,2214.0,,2.0,23.0,0,0,31300,31400,31200,31300,700,750,600,650,200,250,100,150,80,90,30,40,20261005,26200,26300,22600,22700,950,1000,450,500,250,300,100,150,100,150,40,50,20261005,2026-10-05 20:07
해방촌·경리단길,POI082,원활,31.0,2026-10-05 20:05,4,273.0,,0.0,26.0,0,0,,,,,,,,,,,,,,,,,,6900,7000,7100,7200,300,350,300,350,100,150,100,150,60,70,30,40,20261005,2026-10-05 20:07
DDP(동대문디자인플라자),POI083,서행,16.0,2026-10-05 20:05,9,2596.0,585.0,3.0,11.0,3,0,27400,27500,26400,26500,1300,1400,1000,1100,350,400,350,400,100,150,100,150,20261005,3000,3100,3600,3700,150,200,100,150,30,40,60,70,20,30,10,20,20261005,2026-10-05 20:07
DMC(디지털미디어시티),POI084,서행,23.0,2026-10-05 20:05,25,9176.0,,4.0,68.0,0,0,12600,12700,12100,12200,300,350,550,600,90,100,150,200,40,50,70,80,20261005,5700,5800,6500,6600,200,250,200,250,80,90,60,70,20,30,10,20,20261005,2026-10-05 20:07
강서한강공원,POI085,원활,54.0,2026-10-05 20:05,2,106.0,26.0,0.0,1.0,0,0,,,,,,,,,,,,,,,,,,0,0,0,0,0,0,0,0,0,0,0,0,0,0,0,0,20261005,2026-10-05 20:07
고척돔,POI086,원활,28.0,2026-10-05 20:05,0,,,1.0,3.0,3,0,3700,3800,3000,3100,60,70,100,150,10,20,30,40,10,20,0,10,20261005,2100,2200,1900,2000,70,80,80,90,10,20,20,30,10,20,10,20,20261005,2026-10-05 20:07
광나루한강공원,POI087,원활,60.0,2026-10-05 20:05,4,718.0,212.0,0.0,0.0,0,0,,,,,,,,,,,,,,,,,,,,,,,,,,,,,,,,,,,2026-10-05 20:07
광화문광장,POI088,서행,22.0,2026-10-05 20:05,3,2932.0,204.0,2.0,12.0,1,0,31500,31600,39000,39100,1400,1500,400,450,400,450,80,90,100,150,20,30,20261005,9100,9200,8700,8800,400,450,100,150,100,150,50,60,50,60,20,30,20261005,2026-10-05 20:07
국립중앙박물관·용산가족공원,POI089,원활,38.0,2026-10-05 20:05,4,931.0,,3.0,3.0,1,0,14000,14100,13900,14000,250,300,200,250,70,80,40,50,20,30,20,30,20261005,800,850,600,650,10,20,10,20,0,10,0,0,0,0,0,0,20261005,2026-10-05 20:07
난지한강공원,POI090,원활,54.0,2026-10-05 20:05,4,1240.0,0.0,0.0,7.0,0,0,,,,,,,,,,,,,,,,,,100,150,50,60,0,0,0,0,0,0,0,0,0,0,0,0,20261005,2026-10-05 20:07
남산공원,POI091,원활,31.0,2026-10-05 20:05,33,2148.0,22.0,5.0,37.0,2,0,50500,50600,63600,63700,1900,2000,1200,1300,600,650,300,350,200,250,80,90,20261005,15300,15400,15700,15800,800,850,650,700,200,250,150,200,70,80,60,70,20261005,2026-10-05 20:07
노들섬,POI092,원활,32.0,2026-10-05 20:05,1,99.0,,0.0,4.0,2,0,,,,,,,,,,,,,,,,,,4800,4900,5300,5400,1000,1100,400,450,250,300,100,150,100,150,10,20,20261005,2026-10-05 20:07
뚝섬한강공원,POI093,원활,54.0,2026-10-05 20:05,8,1342.0,526.0,1.0,1.0,1,0,9800,9900,10500,10600,650,700,350,400,150,200,100,150,50,60,50,60,20261005,0,0,0,0,0,0,0,0,0,0,0,0,0,0,0,0,20261005,2026-10-05 20:07
망원한강공원,POI094,원활,37.0,2026-10-05 20:05,2,458.0,0.0,2.0,10.0,0,0,24300,24400,28100,28200,1300,1400,950,1000,350,400,350,400,100,150,150,200,20261005,4900,5000,5300,5400,250,300,200,250,90,100,60,70,40,50,30,40,20261005,2026-10-05 20:07
반포한강공원,POI095,원활,40.0,2026-10-05 20:05,9,1483.0,9.0,0.0,6.0,0,0,,,,,,,,,,,,,,,,,,300,350,600,650,10,20,40,50,0,10,20,30,0,0,0,0,20261005,2026-10-05 20:07
북서울꿈의숲,POI096,서행,23.0,2026-10-05 20:05,3,549.0,,0.0,17.0,0,0,,,,,,,,,,,,,,,,,,1800,1900,1200,1300,40,50,50,60,0,10,10,20,0,10,0,10,20261005,2026-10-05 20:07
서리풀공원·몽마르뜨공원,POI098,원활,26.0,2026-10-05 20:05,0,,,4.0,7.0,0,0,74300,74400,82800,82900,3900,4000,2600,2700,1100,1200,700,750,400,450,350,400,20261005,14200,14300,13800,13900,700,750,400,450,250,300,150,200,50,60,50,60,20261005,2026-10-05 20:07
서울대공원,POI100,원활,31.0,2026-10-05 20:05,0,,,1.0,0.0,0,0,6900,7000,7900,8000,150,200,0,10,40,50,0,10,10,20,0,10,20261005,,,,,,,,,,,,,,,,,,2026-10-05 20:07
서울숲공원,POI101,원활,40.0,2026-10-05 20:05,2,996.0,,1.0,9.0,0,0,8100,8200,9200,9300,300,350,100,150,80,90,50,60,30,40,20,30,20261005,1300,1400,1500,1600,50,60,30,40,20,30,10,20,10,20,10,20,20261005,2026-10-05 20:07
아차산,POI102,원활,31.0,2026-10-05 20:05,0,,,0.0,3.0,0,0,,,,,,,,,,,,,,,,,,150,200,30,40,0,10,0,0,0,0,0,0,0,0,0,0,20261005,2026-10-05 20:07
양화한강공원,POI103,원활,38.0,2026-10-05 20:05,6,1002.0,160.0,0.0,5.0,0,0,,,,,,,,,,,,,,,,,,150,200,250,300,10,20,0,10,0,0,0,10,0,0,0,0,20261005,2026-10-05 20:07
어린이대공원,POI104,서행,23.0,2026-10-05 20:05,4,945.0,,2.0,9.0,0,0,20200,20300,19200,19300,500,550,650,700,100,150,200,250,40,50,60,70,20261005,1900,2000,2000,2100,40,50,60,70,0,10,10,20,0,0,0,0,20261005,2026-10-05 20:07
여의도한강공원,POI105,원활,36.0,2026-10-05 20:05,6,2866.0,458.0,1.0,3.0,0,0,11200,11300,16300,16400,1100,1200,500,550,300,350,100,150,90,100,30,40,20261005,1300,1400,1200,1300,150,200,40,50,30,40,10,20,30,40,0,10,20261005,2026-10-05 20:07
월드컵공원,POI106,원활,34.0,2026-10-05 20:05,9,3537.0,,4.0,34.0,0,0,17700,17800,17700,17800,400,450,500,550,100,150,150,200,50,60,70,80,20261005,3600,3700,2900,3000,100,150,50,60,20,30,10,20,0,10,0,10,20261005,2026-10-05 20:07
응봉산,POI107,원활,26.0,2026-10-05 20:05,3,88.0,,1.0,24.0,0,0,1200,1300,1000,1100,20,30,60,70,10,20,20,30,0,10,10,20,20261005,2200,2300,1800,1900,60,70,100,150,20,30,30,40,10,20,20,30,20261005,2026-10-05 20:07
이촌한강공원,POI108,원활,43.0,2026-10-05 20:05,2,514.0,0.0,0.0,4.0,0,0,,,,,,,,,,,,,,,,,,50,60,150,200,0,0,0,10,0,0,0,10,0,0,0,0,20261005,2026-10-05 20:07
잠실종합운동장,POI109,원활,26.0,2026-10-05 20:05,1,876.0,,2.0,4.0,0,0,18600,18700,20300,20400,300,350,150,200,90,100,50,60,30,40,40,50,20261005,1400,1500,1400,1500,10,20,10,20,0,10,0,10,0,0,0,0,20261005,2026-10-05 20:07
잠실한강공원,POI110,원활,42.0,2026-10-05 20:05,4,1326.0,277.0,1.0,9.0,0,0,6700,6800,6000,6100,100,150,250,300,50,60,80,90,10,20,40,50,20261005,350,400,800,850,10,20,10,20,10,20,10,20,0,10,0,10,20261005,2026-10-05 20:07
잠원한강공원,POI111,원활,51.0,2026-10-05 20:05,3,1540.0,0.0,0.0,5.0,0,0,,,,,,,,,,,,,,,,,,800,850,950,1000,40,50,20,30,10,20,10,20,0,10,0,10,20261005,2026-10-05 20:07
청계산,POI112,원활,54.0,2026-10-05 20:05,0,,,0.0,9.0,0,0,,,,,,,,,,,,,,,,,,60,70,80,90,0,0,0,0,0,0,0,0,0,0,0,0,20261005,2026-10-05 20:07
북창동 먹자골목,POI114,서행,16.0,2026-10-05 20:05,20,552.0,0.0,0.0,11.0,0,0,,,,,,,,,,,,,,,,,,10300,10400,9800,9900,250,300,200,250,80,90,80,90,30,40,30,40,20261005,2026-10-05 20:07
남대문시장,POI115,서행,15.0,2026-10-05 20:05,16,1456.0,4.0,1.0,7.0,0,0,,,,,,,,,,,,,,,,,,8200,8300,8500,8600,150,200,150,200,70,80,50,60,20,30,20,30,20261005,2026-10-05 20:07
익선동,POI116,서행,15.0,2026-10-05 20:05,10,187.0,0.0,3.0,11.0,1,0,35100,35200,40400,40500,1700,1800,750,800,500,550,200,250,150,200,70,80,20261005,6100,6200,6100,6200,300,350,150,200,100,150,60,70,50,60,40,50,20261005,2026-10-05 20:07
신정네거리역,POI117,서행,20.0,2026-10-05 20:05,3,119.0,,1.0,9.0,0,0,,,,,,,,,,,,,,,,,,,,,,,,,,,,,,,,,,,2026-10-05 20:07
잠실새내역,POI118,서행,20.0,2026-10-05 20:05,31,1541.0,,1.0,18.0,0,0,13000,13100,12000,12100,600,650,150,200,150,200,40,50,60,70,10,20,20261005,5800,5900,6400,6500,250,300,200,250,60,70,80,90,10,20,30,40,20261005,2026-10-05 20:07
잠실역,POI119,서행,18.0,2026-10-05 20:05,5,6749.0,185.0,2.0,21.0,0,0,,,,,,,,,,,,,,,,,,15000,15100,18000,18100,950,1000,450,500,300,350,150,200,90,100,40,50,20261005,2026-10-05 20:07
잠실롯데타워·석촌호수,POI120,서행,17.0,2026-10-05 20:05,33,9281.0,185.0,3.0,0.0,2,0,,,,,,,,,,,,,,,,,,,,,,,,,,,,,,,,,,,2026-10-05 20:07
송리단길·호수단길,POI121,서행,19.0,2026-10-05 20:05,21,878.0,,1.0,15.0,0,0,4900,5000,6200,6300,150,200,150,200,50,60,40,50,10,20,10,20,20261005,5000,5100,6500,6600,200,250,200,250,100,150,80,90,50,60,40,50,20261005,2026-10-05 20:07
신촌 스타광장,POI122,서행,16.0,2026-10-05 20:05,4,235.0,,1.0,4.0,0,0,,,,,,,,,,,,,,,,,,5000,5100,5100,5200,200,250,150,200,70,80,50,60,30,40,20,30,20261005,2026-10-05 20:07
보라매공원,POI123,정체,14.0,2026-10-05 20:05,1,78.0,,2.0,5.0,0,0,3800,3900,3800,3900,100,150,100,150,30,40,20,30,0,0,0,0,20261005,100,150,100,150,0,10,0,0,0,10,0,0,0,0,0,0,20261005,2026-10-05 20:07
서대문독립공원,POI124,원활,26.0,2026-10-05 20:05,2,150.0,,1.0,18.0,0,0,5400,5500,5500,5600,90,100,100,150,20,30,60,70,0,10,20,30,20261005,4400,4500,3900,4000,100,150,100,150,40,50,20,30,10,20,0,10,20261005,2026-10-05 20:07
안양천,POI125,원활,41.0,2026-10-05 20:05,1,294.0,,0.0,1.0,0,0,,,,,,,,,,,,,,,,,,10,20,0,10,0,0,0,0,0,0,0,0,0,0,0,0,20261005,2026-10-05 20:07
여의서로,POI126,원활,33.0,2026-10-05 20:05,2,168.0,38.0,0.0,0.0,0,0,,,,,,,,,,,,,,,,,,,,,,,,,,,,,,,,,,,2026-10-05 20:07
올림픽공원,POI127,원활,25.0,2026-10-05 20:05,4,2716.0,,4.0,17.0,4,0,,,,,,,,,,,,,,,,,,3300,3400,3500,3600,100,150,100,150,30,40,20,30,20,30,10,20,20261005,2026-10-05 20:07
홍제폭포,POI128,원활,35.0,2026-10-05 20:05,0,,,0.0,0.0,0,0,,,,,,,,,,,,,,,,,,,,,,,,,,,,,,,,,,,2026-10-05 20:07
송현녹지광장,POI129,서행,18.0,2026-10-05 20:05,4,1546.0,,1.0,25.0,5,0,18200,18300,21000,21100,750,800,100,150,200,250,20,30,50,60,0,10,20261005,10600,10700,9300,9400,350,400,150,200,100,150,60,70,40,50,20,30,20261005,2026-10-05 20:07
시의회 앞,POI130,서행,19.0,2026-10-05 20:05,9,1723.0,,3.0,25.0,3,0,38900,39000,48700,48800,2000,2100,500,550,550,600,100,150,100,150,30,40,20261005,11600,11700,13200,13300,600,650,250,300,150,200,90,100,50,60,30,40,20261005,2026-10-05 20:07
