AREA_NM,AREA_CD,PPLTN_TIME,AREA_CONGEST_LVL,AREA_PPLTN_MIN,AREA_PPLTN_MAX,MALE_PPLTN_RATE,FEMALE_PPLTN_RATE,PPLTN_RATE_0,PPLTN_RATE_10,PPLTN_RATE_20,PPLTN_RATE_30,PPLTN_RATE_40,PPLTN_RATE_50,PPLTN_RATE_60,PPLTN_RATE_70,RESNT_PPLTN_RATE,NON_RESNT_PPLTN_RATE,REPLACE_YN,COLLECTED_AT
강남 MICE 관광특구,POI001,2026-10-04 23:35,여유,3500,4000,55.7,44.3,2.0,6.9,15.8,19.8,19.5,17.0,10.6,8.5,55.7,44.3,N,2026-10-05 00:07
동대문 관광특구,POI002,2026-10-04 23:35,여유,18000,20000,49.4,50.6,1.0,3.3,16.8,19.9,20.9,18.5,12.4,7.1,48.8,51.2,N,2026-10-05 00:07
명동 관광특구,POI003,2026-10-04 23:35,여유,12000,14000,57.8,42.2,0.7,4.1,23.4,20.2,19.7,16.5,9.6,5.8,41.8,58.2,N,2026-10-05 00:07
이태원 관광특구,POI004,2026-10-04 23:35,약간 붐빔,14000,16000,55.6,44.4,0.1,5.1,49.2,28.5,8.9,4.1,2.3,1.8,11.5,88.5,N,2026-10-05 00:07
잠실 관광특구,POI005,2026-10-04 23:35,여유,24000,26000,51.5,48.5,0.3,6.7,29.4,24.5,15.6,11.7,7.1,4.6,30.1,69.9,N,2026-10-05 00:07
종로·청계 관광특구,POI006,2026-10-04 23:35,여유,12000,14000,54.2,45.8,0.9,4.0,24.6,19.9,16.2,15.7,11.2,7.3,47.2,52.8,N,2026-10-05 00:07
홍대 관광특구,POI007,2026-10-04 23:35,여유,48000,50000,50.1,49.9,0.8,7.6,40.6,18.7,11.3,9.3,6.2,5.5,44.0,56.0,N,2026-10-05 00:07
경복궁,POI008,2026-10-04 23:35,여유,400,500,53.6,46.4,1.6,7.7,15.0,17.1,17.0,17.1,12.2,12.3,65.5,34.5,N,2026-10-05 00:07
광화문·덕수궁,POI009,2026-10-04 23:35,여유,5000,5500,57.3,42.7,1.1,5.0,21.3,20.1,19.9,17.3,9.2,6.2,42.6,57.4,N,2026-10-05 00:07
보신각,POI010,2026-10-04 23:35,여유,3500,4000,59.7,40.3,0.5,3.3,34.0,24.3,15.9,11.9,6.6,3.6,31.0,69.0,N,2026-10-05 00:07
서울 암사동 유적,POI011,2026-10-04 23:35,여유,300,400,51.3,48.7,5.0,8.2,10.5,13.7,15.7,16.7,15.5,14.7,76.3,23.7,N,2026-10-05 00:07
창덕궁·종묘,POI012,2026-10-04 23:35,여유,4500,5000,55.2,44.8,0.7,4.5,29.1,21.6,14.1,13.8,9.4,6.8,38.5,61.5,N,2026-10-05 00:07
가산디지털단지역,POI013,2026-10-04 23:35,여유,6000,6500,57.0,43.0,0.2,4.0,26.5,24.4,17.2,14.6,9.7,3.5,42.1,57.9,N,2026-10-05 00:07
강남역,POI014,2026-10-04 23:35,여유,28000,30000,53.8,46.2,2.0,6.3,26.3,22.4,18.6,12.5,6.6,5.5,51.8,48.2,N,2026-10-05 00:07
건대입구역,POI015,2026-10-04 23:35,여유,24000,26000,49.8,50.2,1.6,6.9,35.5,16.2,10.8,11.4,9.4,8.1,59.6,40.4,N,2026-10-05 00:07
고덕역,POI016,2026-10-04 23:35,여유,1500,2000,54.9,45.1,0.3,17.9,19.9,10.1,20.4,14.5,9.8,7.1,45.8,54.2,N,2026-10-05 00:07
고속터미널역,POI017,2026-10-04 23:35,여유,3500,4000,52.2,47.8,0.1,9.1,27.2,18.5,18.4,14.7,8.2,3.7,16.0,84.0,N,2026-10-05 00:07
교대역,POI018,2026-10-04 23:35,여유,7500,8000,51.5,48.5,3.9,8.0,15.0,15.2,19.6,17.5,10.4,10.4,71.1,28.9,N,2026-10-05 00:07
구로디지털단지역,POI019,2026-10-04 23:35,여유,6500,7000,56.6,43.4,0.2,2.7,29.3,27.2,16.7,11.8,7.0,5.1,35.9,64.1,N,2026-10-05 00:07
구로역,POI020,2026-10-04 23:35,여유,1000,1500,48.9,51.1,0.3,7.2,22.2,22.7,14.3,15.9,10.3,7.0,43.2,56.8,N,2026-10-05 00:07
군자역,POI021,2026-10-04 23:35,여유,5000,5500,52.4,47.6,0.1,4.1,32.6,24.5,16.0,10.7,6.5,5.5,39.2,60.8,N,2026-10-05 00:07
대림역,POI023,2026-10-04 23:35,약간 붐빔,16000,18000,50.0,50.0,2.0,4.8,11.8,13.8,13.9,20.7,18.9,14.1,81.9,18.1,N,2026-10-05 00:07
동대문역,POI024,2026-10-04 23:35,여유,2500,3000,55.0,45.0,0.1,5.3,28.0,17.2,15.5,15.5,11.2,7.1,17.3,82.7,N,2026-10-05 00:07
뚝섬역,POI025,2026-10-04 23:35,여유,5000,5500,50.9,49.1,2.3,5.8,18.0,19.7,16.1,16.2,12.4,9.6,70.6,29.4,N,2026-10-05 00:07
미아사거리역,POI026,2026-10-04 23:35,여유,5000,5500,53.1,46.9,0.2,10.3,25.2,17.3,16.2,15.3,8.5,7.0,31.6,68.4,N,2026-10-05 00:07
발산역,POI027,2026-10-04 23:35,여유,5000,5500,53.5,46.5,0.2,6.5,27.7,26.8,15.4,10.7,7.4,5.2,41.1,58.9,N,2026-10-05 00:07
사당역,POI029,2026-10-04 23:35,여유,10000,12000,54.2,45.8,0.2,4.6,31.7,25.3,12.3,11.9,7.9,6.2,30.4,69.6,N,2026-10-05 00:07
삼각지역,POI030,2026-10-04 23:35,여유,1000,1500,51.0,49.0,1.5,3.5,25.7,27.2,15.3,11.8,9.0,6.1,53.3,46.7,N,2026-10-05 00:07
서울대입구역,POI031,2026-10-04 23:35,여유,8500,9000,54.8,45.2,0.1,4.8,48.9,23.5,9.4,7.1,3.6,2.7,35.0,65.0,N,2026-10-05 00:07
서울식물원·마곡나루역,POI032,2026-10-04 23:35,여유,3500,4000,48.6,51.4,4.8,8.1,16.2,20.0,16.1,14.2,11.1,9.6,74.6,25.4,N,2026-10-05 00:07
서울역,POI033,2026-10-04 23:35,여유,4500,5000,52.6,47.4,1.6,5.4,18.7,18.0,16.8,17.0,12.9,9.6,58.3,41.7,N,2026-10-05 00:07
선릉역,POI034,2026-10-04 23:35,여유,20000,22000,51.9,48.1,2.0,8.8,16.5,19.4,22.3,17.1,7.5,6.4,63.1,36.9,N,2026-10-05 00:07
성신여대입구역,POI035,2026-10-04 23:35,여유,4000,4500,51.2,48.8,0.0,8.4,48.8,18.1,9.4,9.1,3.3,2.8,16.5,83.5,N,2026-10-05 00:07
수유역,POI036,2026-10-04 23:35,여유,10000,12000,53.8,46.2,0.1,4.9,29.8,18.3,15.5,14.5,10.3,6.6,36.0,64.0,N,2026-10-05 00:07
신논현역·논현역,POI037,2026-10-04 23:35,여유,7000,7500,53.1,46.9,1.5,4.4,23.6,23.4,19.2,13.5,7.6,6.8,52.9,47.1,N,2026-10-05 00:07
신도림역,POI038,2026-10-04 23:35,여유,5000,5500,49.0,51.0,3.8,6.2,19.5,19.6,15.2,14.4,11.8,9.5,66.7,33.3,N,2026-10-05 00:07
신림역,POI039,2026-10-04 23:35,여유,10000,12000,58.8,41.2,0.0,3.1,44.6,26.6,12.0,7.4,3.8,2.4,28.8,71.2,N,2026-10-05 00:07
신촌·이대역,POI040,2026-10-04 23:35,여유,22000,24000,45.7,54.3,1.2,6.8,46.8,15.5,9.5,8.9,6.1,5.2,56.0,44.0,N,2026-10-05 00:07
양재역,POI041,2026-10-04 23:35,여유,7000,7500,50.8,49.2,2.7,6.9,15.6,19.6,17.7,16.5,11.5,9.6,68.5,31.5,N,2026-10-05 00:07
역삼역,POI042,2026-10-04 23:35,여유,12000,14000,53.6,46.4,1.9,5.7,18.2,22.1,22.0,15.6,8.0,6.5,63.8,36.2,N,2026-10-05 00:07
연신내역,POI043,2026-10-04 23:35,여유,5000,5500,55.5,44.5,0.1,5.0,32.6,22.0,14.3,12.1,8.0,5.9,31.5,68.5,N,2026-10-05 00:07
오목교역·목동운동장,POI044,2026-10-04 23:35,여유,62000,64000,48.8,51.2,6.0,14.8,10.0,9.9,20.1,17.7,11.6,9.9,83.3,16.7,N,2026-10-05 00:07
왕십리역,POI045,2026-10-04 23:35,여유,18000,20000,49.5,50.5,2.9,7.0,27.7,15.2,12.0,13.7,11.0,10.3,72.1,27.9,N,2026-10-05 00:07
용산역,POI046,2026-10-04 23:35,여유,5000,5500,50.1,49.9,0.7,5.3,27.8,21.1,18.4,13.4,8.4,4.8,26.6,73.4,N,2026-10-05 00:07
이태원역,POI047,2026-10-04 23:35,붐빔,9500,10000,53.0,47.0,0.0,5.6,53.9,27.1,7.5,3.0,1.6,1.2,9.2,90.8,N,2026-10-05 00:07
장지역,POI048,2026-10-04 23:35,여유,9500,10000,51.1,48.9,3.2,6.0,12.7,21.9,19.5,16.4,11.3,9.1,73.2,26.8,N,2026-10-05 00:07
장한평역,POI049,2026-10-04 23:35,여유,5500,6000,54.8,45.2,0.2,2.6,24.7,23.0,18.9,14.0,10.0,6.6,42.9,57.1,N,2026-10-05 00:07
천호역,POI050,2026-10-04 23:35,여유,5000,5500,51.9,48.1,0.2,4.4,31.3,26.5,14.3,12.5,6.9,4.0,28.3,71.7,N,2026-10-05 00:07
총신대입구(이수)역,POI051,2026-10-04 23:35,여유,6500,7000,54.7,45.3,0.3,6.1,28.6,21.6,14.9,12.7,8.7,7.1,35.1,64.9,N,2026-10-05 00:07
충정로역,POI052,2026-10-04 23:35,여유,5500,6000,47.8,52.2,2.6,5.8,14.7,17.1,15.3,16.7,14.8,13.0,79.9,20.1,N,2026-10-05 00:07
합정역,POI053,2026-10-04 23:35,여유,7500,8000,47.9,52.1,1.2,4.6,25.0,22.7,14.8,12.8,10.1,8.8,63.7,36.3,N,2026-10-05 00:07
혜화역,POI054,2026-10-04 23:35,여유,10000,12000,48.1,51.9,1.1,8.3,33.2,15.6,11.4,12.2,9.4,8.8,59.4,40.6,N,2026-10-05 00:07
홍대입구역(2호선),POI055,2026-10-04 23:35,여유,10000,12000,49.4,50.6,0.9,7.1,35.5,18.7,13.3,11.0,7.2,6.3,49.3,50.7,N,2026-10-05 00:07
회기역,POI056,2026-10-04 23:35,여유,8000,8500,49.4,50.6,0.1,5.8,57.1,13.2,8.4,7.2,4.2,4.0,46.6,53.4,N,2026-10-05 00:07
가락시장,POI058,2026-10-04 23:35,보통,6500,7000,74.9,25.1,0.2,3.1,8.3,17.5,23.4,26.8,15.1,5.5,38.1,61.9,N,2026-10-05 00:07
가로수길,POI059,2026-10-04 23:35,여유,12000,14000,50.7,49.3,2.2,7.4,16.5,17.9,19.2,16.4,10.0,10.5,62.6,37.4,N,2026-10-05 00:07
광장(전통)시장,POI060,2026-10-04 23:35,여유,1000,1500,53.0,47.0,0.9,4.3,23.3,17.2,15.3,16.3,13.2,9.5,54.7,45.3,N,2026-10-05 00:07
김포공항,POI061,2026-10-04 23:35,여유,1500,2000,49.6,50.4,0.0,5.0,29.6,24.4,14.9,15.6,6.9,3.7,14.5,85.5,N,2026-10-05 00:07
노량진,POI063,2026-10-04 23:35,여유,16000,18000,53.6,46.4,1.4,5.3,30.5,20.1,11.7,12.1,10.1,8.7,61.9,38.1,N,2026-10-05 00:07
덕수궁길·정동길,POI064,2026-10-04 23:35,여유,1000,1500,52.2,47.8,1.5,6.4,17.4,16.9,19.0,16.4,12.0,10.5,53.3,46.7,N,2026-10-05 00:07
북촌한옥마을,POI066,2026-10-04 23:35,여유,4000,4500,51.7,48.3,1.0,7.8,17.5,15.4,16.9,16.4,11.9,13.1,65.9,34.1,N,2026-10-05 00:07
서촌,POI067,2026-10-04 23:35,여유,8500,9000,46.7,53.3,2.4,8.9,12.3,14.8,16.9,17.8,13.1,13.6,82.7,17.3,N,2026-10-05 00:07
성수카페거리,POI068,2026-10-04 23:35,여유,10000,12000,52.1,47.9,1.8,5.2,21.1,19.0,13.9,15.8,13.1,10.2,67.9,32.1,N,2026-10-05 00:07
쌍문역,POI070,2026-10-04 23:35,여유,4500,5000,50.9,49.1,0.2,5.6,19.4,18.4,15.4,18.2,12.7,10.2,54.3,45.7,N,2026-10-05 00:07
압구정로데오거리,POI071,2026-10-04 23:35,여유,12000,14000,51.4,48.6,2.8,5.8,16.7,18.6,18.7,16.0,10.5,10.8,60.1,39.9,N,2026-10-05 00:07
여의도,POI072,2026-10-04 23:35,여유,36000,38000,53.8,46.2,1.9,6.1,14.9,18.6,18.9,17.1,11.7,10.7,66.1,33.9,N,2026-10-05 00:07
연남동,POI073,2026-10-04 23:35,여유,7500,8000,48.2,51.8,1.0,5.2,27.6,20.4,15.2,12.6,8.9,9.0,60.5,39.5,N,2026-10-05 00:07
영등포 타임스퀘어,POI074,2026-10-04 23:35,여유,8000,8500,57.0,43.0,0.0,4.0,37.7,30.1,12.4,8.9,4.9,2.0,14.7,85.3,N,2026-10-05 00:07
용리단길,POI076,2026-10-04 23:35,여유,3500,4000,52.1,47.9,3.6,4.3,21.5,21.5,16.1,14.3,10.6,8.2,70.2,29.8,N,2026-10-05 00:07
이태원 앤틱가구거리,POI077,2026-10-04 23:35,약간 붐빔,5500,6000,53.0,47.0,1.1,5.1,31.5,23.5,12.5,9.9,8.7,7.6,46.8,53.2,N,2026-10-05 00:07
인사동,POI078,2026-10-04 23:35,여유,5500,6000,58.5,41.5,0.7,4.0,27.5,21.5,16.3,13.7,9.5,6.8,38.2,61.8,N,2026-10-05 00:07
창동 신경제 중심지,POI079,2026-10-04 23:35,여유,18000,20000,52.6,47.4,0.3,8.4,26.0,17.9,15.3,15.9,9.7,6.6,38.5,61.5,N,2026-10-05 00:07
청담동 명품거리,POI080,2026-10-04 23:35,여유,1500,2000,51.5,48.5,0.1,4.1,22.8,23.5,24.9,14.0,5.5,5.0,35.8,64.2,N,2026-10-05 00:07
청량리 제기동 일대 전통시장,POI081,2026-10-04 23:35,여유,6000,6500,52.1,47.9,2.1,4.9,19.1,14.1,13.5,16.6,15.9,13.8,64.3,35.7,N,2026-10-05 00:07
해방촌·경리단길,POI082,2026-10-04 23:35,여유,3500,4000,49.4,50.6,0.2,3.4,24.8,25.5,16.1,13.7,7.9,8.5,46.0,54.0,N,2026-10-05 00:07
DDP(동대문디자인플라자),POI083,2026-10-04 23:35,여유,2500,3000,48.6,51.4,1.0,4.0,17.3,17.6,22.0,18.5,12.8,6.9,45.3,54.7,N,2026-10-05 00:07
DMC(디지털미디어시티),POI084,2026-10-04 23:35,여유,10000,12000,49.5,50.5,2.4,7.6,19.7,19.1,17.5,16.0,9.8,8.0,56.3,43.7,N,2026-10-05 00:07
강서한강공원,POI085,2026-10-04 23:35,여유,0,100,56.4,43.6,0.0,6.8,13.4,18.6,30.2,17.4,11.7,1.9,1.9,98.1,N,2026-10-05 00:07
고척돔,POI086,2026-10-04 23:35,여유,700,800,47.7,52.3,0.4,5.7,9.9,28.0,19.3,19.9,10.0,6.8,47.2,52.8,N,2026-10-05 00:07
광나루한강공원,POI087,2026-10-04 23:35,여유,2000,2500,50.9,49.1,0.5,7.7,15.5,19.2,19.6,19.1,11.1,7.5,28.3,71.7,N,2026-10-05 00:07
광화문광장,POI088,2026-10-04 23:35,여유,1000,1500,57.2,42.8,1.0,5.6,20.0,20.7,19.4,16.9,9.6,6.7,48.4,51.6,N,2026-10-05 00:07
국립중앙박물관·용산가족공원,POI089,2026-10-04 23:35,여유,1000,1500,49.0,51.0,4.5,7.4,10.5,13.0,18.1,19.1,14.8,12.6,78.8,21.2,N,2026-10-05 00:07
난지한강공원,POI090,2026-10-04 23:35,여유,800,900,53.5,46.5,3.0,5.5,17.6,22.8,24.4,14.0,8.4,4.3,20.5,79.5,N,2026-10-05 00:07
남산공원,POI091,2026-10-04 23:35,여유,5500,6000,51.4,48.6,1.2,6.8,20.3,19.2,16.3,14.7,11.3,10.2,58.4,41.6,N,2026-10-05 00:07
노들섬,POI092,2026-10-04 23:35,여유,500,600,51.3,48.7,0.1,10.4,31.7,22.8,15.0,8.4,8.0,3.6,4.2,95.8,N,2026-10-05 00:07
뚝섬한강공원,POI093,2026-10-04 23:35,여유,1500,2000,50.8,49.2,0.6,8.6,18.4,17.6,18.0,16.6,11.7,8.6,43.5,56.5,N,2026-10-05 00:07
망원한강공원,POI094,2026-10-04 23:35,여유,1000,1500,49.9,50.1,1.9,5.7,18.1,20.5,17.6,15.2,12.0,9.1,57.3,42.7,N,2026-10-05 00:07
반포한강공원,POI095,2026-10-04 23:35,여유,1500,2000,55.8,44.2,1.0,7.9,28.4,19.6,19.7,14.6,5.4,3.4,7.5,92.5,N,2026-10-05 00:07
북서울꿈의숲,POI096,2026-10-04 23:35,여유,4500,5000,51.1,48.9,0.4,7.3,9.0,15.8,18.0,19.0,15.3,15.1,64.2,35.8,N,2026-10-05 00:07
서리풀공원·몽마르뜨공원,POI098,2026-10-04 23:35,여유,2000,2500,49.8,50.2,0.4,8.8,14.6,16.5,21.0,17.5,10.4,10.7,58.1,41.9,N,2026-10-05 00:07
서울대공원,POI100,2026-10-04 23:35,여유,400,500,54.9,45.1,4.0,9.7,11.2,16.0,19.7,17.1,13.8,8.5,62.0,38.0,N,2026-10-05 00:07
서울숲공원,POI101,2026-10-04 23:35,여유,2000,2500,52.2,47.8,1.6,6.1,16.2,19.0,18.0,18.8,13.0,7.1,47.1,52.9,N,2026-10-05 00:07
아차산,POI102,2026-10-04 23:35,여유,3500,4000,48.1,51.9,0.4,5.4,11.2,17.4,18.9,19.9,15.7,11.1,61.6,38.4,N,2026-10-05 00:07
양화한강공원,POI103,2026-10-04 23:35,여유,300,400,55.2,44.8,0.7,3.1,24.5,24.4,17.4,15.1,10.5,4.4,30.4,69.6,N,2026-10-05 00:07
어린이대공원,POI104,2026-10-04 23:35,여유,2500,3000,50.0,50.0,0.9,6.3,34.3,17.5,12.5,12.8,8.4,7.3,57.9,42.1,N,2026-10-05 00:07
여의도한강공원,POI105,2026-10-04 23:35,여유,1000,1500,56.3,43.7,1.5,9.1,31.5,18.7,13.3,12.1,7.9,5.9,30.2,69.8,N,2026-10-05 00:07
월드컵공원,POI106,2026-10-04 23:35,여유,5000,5500,48.5,51.5,2.9,7.1,15.1,18.5,18.0,17.1,11.2,10.1,62.0,38.0,N,2026-10-05 00:07
응봉산,POI107,2026-10-04 23:35,여유,1500,2000,47.2,52.8,0.4,9.6,12.0,14.5,21.7,17.8,13.7,10.2,61.1,38.9,N,2026-10-05 00:07
이촌한강공원,POI108,2026-10-04 23:35,여유,1500,2000,51.8,48.2,0.4,7.8,17.6,18.6,20.8,17.4,10.3,7.1,29.9,70.1,N,2026-10-05 00:07
잠실종합운동장,POI109,2026-10-04 23:35,여유,1000,1500,50.1,49.9,3.7,10.7,13.0,12.6,23.5,18.7,9.8,8.0,59.2,40.8,N,2026-10-05 00:07
잠실한강공원,POI110,2026-10-04 23:35,여유,1000,1500,53.3,46.7,0.4,11.0,18.6,14.3,22.7,17.6,10.2,5.3,21.2,78.8,N,2026-10-05 00:07
잠원한강공원,POI111,2026-10-04 23:35,여유,1000,1500,50.6,49.4,0.4,9.1,18.7,18.1,22.5,17.8,7.4,6.0,22.1,77.9,N,2026-10-05 00:07
청계산,POI112,2026-10-04 23:35,여유,1000,1500,51.4,48.6,2.7,5.5,13.3,17.5,16.5,16.4,13.6,14.5,66.0,34.0,N,2026-10-05 00:07
북창동 먹자골목,POI114,2026-10-04 23:35,여유,2000,2500,58.1,41.9,0.8,3.9,18.9,19.6,20.1,18.2,11.1,7.5,47.0,53.0,N,2026-10-05 00:07
남대문시장,POI115,2026-10-04 23:35,여유,2500,3000,55.8,44.2,1.1,4.0,15.7,18.0,19.9,18.4,13.6,9.5,57.0,43.0,N,2026-10-05 00:07
익선동,POI116,2026-10-04 23:35,여유,6000,6500,61.0,39.0,0.3,3.7,36.7,24.7,12.8,9.7,7.3,4.7,20.1,79.9,N,2026-10-05 00:07
신정네거리역,POI117,2026-10-04 23:35,여유,1000,1500,51.1,48.9,0.5,10.2,18.4,19.3,15.6,17.8,10.0,8.2,44.3,55.7,N,2026-10-05 00:07
잠실새내역,POI118,2026-10-04 23:35,여유,8500,9000,55.5,44.5,0.4,9.5,24.3,21.3,20.3,13.1,6.1,4.9,37.9,62.1,N,2026-10-05 00:07
잠실역,POI119,2026-10-04 23:35,여유,5000,5500,49.9,50.1,0.5,6.2,28.3,24.2,17.3,13.2,6.9,3.3,20.1,79.9,N,2026-10-05 00:07
잠실롯데타워·석촌호수,POI120,2026-10-04 23:35,여유,20000,22000,51.0,49.0,0.2,6.2,32.6,26.3,14.6,10.3,6.2,3.7,26.0,74.0,N,2026-10-05 00:07
송리단길·호수단길,POI121,2026-10-04 23:35,여유,4500,5000,50.0,50.0,0.1,4.5,19.0,28.7,17.2,13.3,10.4,6.8,58.4,41.6,N,2026-10-05 00:07
신촌 스타광장,POI122,2026-10-04 23:35,여유,2000,2500,48.8,51.2,0.9,6.6,48.1,15.6,8.9,8.7,5.9,5.3,50.9,49.1,N,2026-10-05 00:07
보라매공원,POI123,2026-10-04 23:35,여유,2500,3000,49.7,50.3,2.5,7.6,16.8,16.2,15.4,16.4,12.8,12.4,66.2,33.8,N,2026-10-05 00:07
서대문독립공원,POI124,2026-10-04 23:35,여유,600,700,50.9,49.1,0.4,5.4,20.1,13.8,15.9,17.0,13.1,14.3,53.1,46.9,N,2026-10-05 00:07
안양천,POI125,2026-10-04 23:35,여유,1000,1500,53.5,46.5,0.7,12.2,8.3,19.8,20.1,18.7,11.5,8.7,47.3,52.7,N,2026-10-05 00:07
여의서로,POI126,2026-10-04 23:35,여유,300,400,55.8,44.2,2.2,4.6,19.4,23.5,17.9,15.3,11.6,5.6,40.5,59.5,N,2026-10-05 00:07
올림픽공원,POI127,2026-10-04 23:35,여유,4000,4500,53.6,46.4,0.6,9.4,14.4,16.2,20.4,18.6,11.4,9.1,49.7,50.3,N,2026-10-05 00:07
홍제폭포,POI128,2026-10-04 23:35,여유,400,500,45.5,54.5,3.5,7.6,13.4,11.6,12.9,17.7,16.0,17.3,83.8,16.2,N,2026-10-05 00:07
송현녹지광장,POI129,2026-10-04 23:35,여유,1000,1500,50.6,49.4,1.0,6.5,16.8,17.2,18.4,16.5,11.9,11.7,59.3,40.7,N,2026-10-05 00:07
시의회 앞,POI130,2026-10-04 23:35,여유,1500,2000,57.5,42.5,1.1,5.2,26.0,18.8,18.7,16.9,8.4,5.0,36.7,63.3,N,2026-10-05 00:07
강남 MICE 관광특구,POI001,2026-10-05 00:35,여유,2500,3000,55.5,44.5,2.1,6.3,15.9,19.0,19.9,16.7,10.9,9.2,62.0,38.0,N,2026-10-05 01:07
동대문 관광특구,POI002,2026-10-05 00:35,여유,18000,20000,50.0,50.0,1.0,3.1,15.8,20.6,21.6,18.3,12.4,7.2,53.1,46.9,N,2026-10-05 01:07
명동 관광특구,POI003,2026-10-05 00:35,여유,9500,10000,59.5,40.5,0.9,4.1,19.3,19.5,20.1,18.1,11.1,7.0,49.5,50.5,N,2026-10-05 01:07
이태원 관광특구,POI004,2026-10-05 00:35,약간 붐빔,14000,16000,58.4,41.6,0.1,4.6,49.8,29.1,8.2,4.0,2.4,1.9,12.0,88.0,N,2026-10-05 01:07
잠실 관광특구,POI005,2026-10-05 00:35,여유,22000,24000,51.9,48.1,0.3,5.6,27.1,24.4,17.0,12.5,7.8,5.4,36.0,64.0,N,2026-10-05 01:07
종로·청계 관광특구,POI006,2026-10-05 00:35,여유,10000,12000,54.5,45.5,0.9,3.6,23.7,20.1,17.0,15.9,11.4,7.5,49.9,50.1,N,2026-10-05 01:07
홍대 관광특구,POI007,2026-10-05 00:35,여유,44000,46000,50.9,49.1,0.8,7.8,39.9,18.6,11.2,9.4,6.5,5.8,47.4,52.6,N,2026-10-05 01:07
경복궁,POI008,2026-10-05 00:35,여유,200,300,56.6,43.4,1.2,7.2,15.1,16.4,16.3,18.6,12.2,13.1,62.6,37.4,N,2026-10-05 01:07
광화문·덕수궁,POI009,2026-10-05 00:35,여유,3500,4000,57.5,42.5,1.3,5.4,16.0,20.2,19.8,18.9,10.8,7.6,49.8,50.2,N,2026-10-05 01:07
보신각,POI010,2026-10-05 00:35,여유,2500,3000,61.3,38.7,0.6,3.0,31.5,25.2,15.7,12.4,7.3,4.3,36.4,63.6,N,2026-10-05 01:07
서울 암사동 유적,POI011,2026-10-05 00:35,여유,300,400,50.9,49.1,5.1,7.8,10.4,13.5,15.7,16.7,16.0,14.8,79.9,20.1,N,2026-10-05 01:07
창덕궁·종묘,POI012,2026-10-05 00:35,여유,4000,4500,55.7,44.3,0.8,4.7,27.5,21.1,14.5,14.1,10.0,7.2,43.4,56.6,N,2026-10-05 01:07
가산디지털단지역,POI013,2026-10-05 00:35,여유,5000,5500,57.5,42.5,0.4,2.7,22.8,27.0,18.0,15.2,9.9,4.1,50.4,49.6,N,2026-10-05 01:07
강남역,POI014,2026-10-05 00:35,여유,24000,26000,54.2,45.8,2.1,5.9,23.9,22.8,19.7,13.1,6.8,5.7,56.7,43.3,N,2026-10-05 01:07
건대입구역,POI015,2026-10-05 00:35,여유,18000,20000,50.4,49.6,1.5,7.0,36.7,16.3,10.6,11.2,8.9,7.9,59.3,40.7,N,2026-10-05 01:07
고덕역,POI016,2026-10-05 00:35,여유,1000,1500,54.4,45.6,0.6,17.0,18.2,11.4,20.2,15.6,9.8,7.2,52.8,47.2,N,2026-10-05 01:07
고속터미널역,POI017,2026-10-05 00:35,여유,2000,2500,56.5,43.5,0.5,6.8,16.4,15.0,24.5,20.7,10.6,5.5,28.7,71.3,N,2026-10-05 01:07
교대역,POI018,2026-10-05 00:35,여유,5500,6000,51.6,48.4,3.5,7.4,15.2,16.2,19.9,16.9,10.6,10.4,72.0,28.0,N,2026-10-05 01:07
구로디지털단지역,POI019,2026-10-05 00:35,여유,6000,6500,56.9,43.1,0.1,3.0,28.1,26.8,17.4,11.8,7.0,5.8,41.9,58.1,N,2026-10-05 01:07
구로역,POI020,2026-10-05 00:35,여유,900,1000,50.4,49.6,0.3,6.1,14.3,24.2,17.4,17.0,12.0,8.8,57.4,42.6,N,2026-10-05 01:07
군자역,POI021,2026-10-05 00:35,여유,4500,5000,53.2,46.8,0.1,4.9,31.7,23.5,15.1,11.9,6.3,6.4,46.8,53.2,N,2026-10-05 01:07
대림역,POI023,2026-10-05 00:35,약간 붐빔,16000,18000,50.0,50.0,2.1,4.9,11.6,13.9,13.9,20.6,18.9,14.1,84.5,15.5,N,2026-10-05 01:07
동대문역,POI024,2026-10-05 00:35,여유,1500,2000,57.4,42.6,0.3,3.1,20.5,16.6,17.1,17.6,15.4,9.3,25.4,74.6,N,2026-10-05 01:07
뚝섬역,POI025,2026-10-05 00:35,여유,4000,4500,51.7,48.3,1.9,5.6,16.4,20.0,16.7,17.2,12.5,9.8,73.1,26.9,N,2026-10-05 01:07
미아사거리역,POI026,2026-10-05 00:35,여유,4000,4500,55.9,44.1,0.1,6.6,24.9,18.7,16.6,15.9,9.8,7.4,39.5,60.5,N,2026-10-05 01:07
발산역,POI027,2026-10-05 00:35,여유,4500,5000,53.9,46.1,0.2,7.6,25.2,26.1,15.9,11.5,7.6,5.9,45.9,54.1,N,2026-10-05 01:07
사당역,POI029,2026-10-05 00:35,여유,8000,8500,53.9,46.1,0.2,4.1,28.9,25.4,14.0,11.4,8.9,7.2,41.0,59.0,N,2026-10-05 01:07
삼각지역,POI030,2026-10-05 00:35,여유,1000,1500,52.0,48.0,1.5,3.3,22.1,29.5,15.4,12.3,9.5,6.4,57.9,42.1,N,2026-10-05 01:07
서울대입구역,POI031,2026-10-05 00:35,여유,7500,8000,55.7,44.3,0.1,4.9,46.0,24.1,10.3,7.7,4.1,2.9,42.3,57.7,N,2026-10-05 01:07
서울식물원·마곡나루역,POI032,2026-10-05 00:35,여유,1500,2000,48.9,51.1,4.1,7.3,16.7,23.0,16.1,13.7,10.4,8.7,72.6,27.4,N,2026-10-05 01:07
서울역,POI033,2026-10-05 00:35,여유,3500,4000,52.9,47.1,1.7,5.1,15.6,17.2,17.7,19.3,13.3,10.0,63.8,36.2,N,2026-10-05 01:07
선릉역,POI034,2026-10-05 00:35,여유,18000,20000,52.1,47.9,1.9,8.4,17.0,19.9,21.9,16.9,7.7,6.4,64.8,35.2,N,2026-10-05 01:07
성신여대입구역,POI035,2026-10-05 00:35,여유,3000,3500,51.9,48.1,0.1,7.8,48.3,17.8,10.2,8.6,4.0,3.3,20.7,79.3,N,2026-10-05 01:07
수유역,POI036,2026-10-05 00:35,여유,9500,10000,53.2,46.8,0.1,5.3,28.5,19.3,15.4,15.3,9.5,6.6,40.7,59.3,N,2026-10-05 01:07
신논현역·논현역,POI037,2026-10-05 00:35,여유,5500,6000,53.2,46.8,1.4,4.3,23.9,23.4,19.1,13.0,7.7,7.3,53.8,46.2,N,2026-10-05 01:07
신도림역,POI038,2026-10-05 00:35,여유,3500,4000,49.9,50.1,4.4,6.5,12.9,18.7,16.6,16.0,13.6,11.4,81.1,18.9,N,2026-10-05 01:07
신림역,POI039,2026-10-05 00:35,여유,9500,10000,58.9,41.1,0.0,2.8,44.3,28.2,11.9,7.0,3.2,2.6,33.1,66.9,N,2026-10-05 01:07
신촌·이대역,POI040,2026-10-05 00:35,여유,18000,20000,46.1,53.9,1.0,6.5,49.8,15.4,8.8,8.3,5.5,4.7,55.3,44.7,N,2026-10-05 01:07
양재역,POI041,2026-10-05 00:35,여유,5500,6000,49.7,50.3,2.6,6.8,14.3,20.0,18.8,16.2,11.3,9.9,74.3,25.7,N,2026-10-05 01:07
역삼역,POI042,2026-10-05 00:35,여유,10000,12000,52.8,47.2,2.0,5.8,17.7,21.9,22.0,15.8,8.2,6.7,67.2,32.8,N,2026-10-05 01:07
연신내역,POI043,2026-10-05 00:35,여유,4500,5000,55.5,44.5,0.1,3.4,33.0,22.0,14.1,13.1,7.8,6.4,37.4,62.6,N,2026-10-05 01:07
오목교역·목동운동장,POI044,2026-10-05 00:35,여유,62000,64000,48.8,51.2,6.0,14.6,9.9,9.8,20.2,17.8,11.7,10.0,86.0,14.0,N,2026-10-05 01:07
왕십리역,POI045,2026-10-05 00:35,여유,18000,20000,49.5,50.5,3.1,7.0,27.3,15.0,12.0,13.8,11.3,10.6,76.8,23.2,N,2026-10-05 01:07
용산역,POI046,2026-10-05 00:35,여유,4000,4500,53.6,46.4,0.3,4.8,21.3,23.3,20.6,14.8,8.9,6.0,36.3,63.7,N,2026-10-05 01:07
이태원역,POI047,2026-10-05 00:35,붐빔,9500,10000,54.1,45.9,0.1,5.3,55.0,26.6,6.9,3.0,1.8,1.4,10.0,90.0,N,2026-10-05 01:07
장지역,POI048,2026-10-05 00:35,여유,6500,7000,51.1,48.9,2.5,5.3,13.5,23.5,20.3,16.3,10.6,8.0,71.5,28.5,N,2026-10-05 01:07
장한평역,POI049,2026-10-05 00:35,여유,5000,5500,55.5,44.5,0.4,2.4,21.9,22.8,19.8,14.4,11.3,7.1,47.3,52.7,N,2026-10-05 01:07
천호역,POI050,2026-10-05 00:35,여유,4000,4500,53.8,46.2,0.2,3.4,27.7,26.4,17.8,12.6,7.5,4.4,39.1,60.9,N,2026-10-05 01:07
총신대입구(이수)역,POI051,2026-10-05 00:35,여유,5000,5500,54.0,46.0,0.3,6.5,24.7,21.4,14.8,12.7,10.5,9.2,48.0,52.0,N,2026-10-05 01:07
충정로역,POI052,2026-10-05 00:35,여유,5500,6000,47.7,52.3,2.6,5.9,14.0,16.9,15.4,16.8,14.9,13.3,83.7,16.3,N,2026-10-05 01:07
합정역,POI053,2026-10-05 00:35,여유,5500,6000,48.1,51.9,1.0,4.1,23.9,24.6,15.2,12.7,9.8,8.7,64.7,35.3,N,2026-10-05 01:07
혜화역,POI054,2026-10-05 00:35,여유,7500,8000,48.2,51.8,1.1,8.2,32.0,15.6,11.3,12.7,9.9,9.4,66.5,33.5,N,2026-10-05 01:07
홍대입구역(2호선),POI055,2026-10-05 00:35,여유,7500,8000,50.4,49.6,1.0,6.4,31.4,19.1,14.2,12.3,8.5,7.1,55.7,44.3,N,2026-10-05 01:07
회기역,POI056,2026-10-05 00:35,여유,7500,8000,50.2,49.8,0.1,7.7,54.7,12.4,7.7,7.8,4.6,4.9,52.4,47.6,N,2026-10-05 01:07
가락시장,POI058,2026-10-05 00:35,여유,6500,7000,76.5,23.5,0.2,3.0,7.8,16.3,25.2,26.8,15.2,5.6,43.7,56.3,N,2026-10-05 01:07
가로수길,POI059,2026-10-05 00:35,여유,10000,12000,51.2,48.8,1.9,7.3,17.4,17.7,19.8,16.0,9.6,10.3,63.0,37.0,N,2026-10-05 01:07
광장(전통)시장,POI060,2026-10-05 00:35,여유,1000,1500,52.8,47.2,0.9,3.9,22.8,16.7,16.3,15.6,13.6,10.2,58.8,41.2,N,2026-10-05 01:07
김포공항,POI061,2026-10-05 00:35,여유,700,800,60.7,39.3,0.0,2.0,20.0,26.8,16.4,16.4,10.9,7.5,39.9,60.1,N,2026-10-05 01:07
노량진,POI063,2026-10-05 00:35,여유,12000,14000,55.4,44.6,1.2,4.8,31.8,20.1,11.8,12.6,9.6,8.3,66.2,33.8,N,2026-10-05 01:07
덕수궁길·정동길,POI064,2026-10-05 00:35,여유,800,900,51.0,49.0,1.7,6.9,12.3,17.1,18.9,18.2,13.0,11.9,62.0,38.0,N,2026-10-05 01:07
북촌한옥마을,POI066,2026-10-05 00:35,여유,4000,4500,52.4,47.6,0.8,8.1,15.3,15.2,16.5,17.8,12.7,13.7,70.9,29.1,N,2026-10-05 01:07
서촌,POI067,2026-10-05 00:35,여유,8500,9000,46.4,53.6,2.5,9.1,12.0,14.4,16.9,18.0,13.2,13.9,85.7,14.3,N,2026-10-05 01:07
성수카페거리,POI068,2026-10-05 00:35,여유,7000,7500,54.2,45.8,1.5,5.1,22.0,19.2,14.5,16.4,12.3,9.1,65.4,34.6,N,2026-10-05 01:07
쌍문역,POI070,2026-10-05 00:35,여유,4500,5000,51.1,48.9,0.3,5.7,18.7,17.6,15.8,17.8,13.0,11.1,59.6,40.4,N,2026-10-05 01:07
압구정로데오거리,POI071,2026-10-05 00:35,여유,12000,14000,51.5,48.5,2.9,5.6,16.8,18.7,18.9,15.5,10.6,11.0,62.4,37.6,N,2026-10-05 01:07
여의도,POI072,2026-10-05 00:35,여유,32000,34000,53.4,46.6,1.9,6.1,13.3,18.1,19.4,17.5,12.5,11.3,69.8,30.2,N,2026-10-05 01:07
연남동,POI073,2026-10-05 00:35,여유,7000,7500,47.7,52.3,1.0,5.2,26.7,21.1,15.2,12.7,8.9,9.0,64.4,35.6,N,2026-10-05 01:07
영등포 타임스퀘어,POI074,2026-10-05 00:35,여유,6500,7000,58.5,41.5,0.0,3.7,39.0,29.0,13.7,8.0,4.4,2.2,20.8,79.2,N,2026-10-05 01:07
용리단길,POI076,2026-10-05 00:35,여유,3000,3500,52.1,47.9,3.6,4.5,19.6,20.8,16.4,15.0,11.3,8.8,75.9,24.1,N,2026-10-05 01:07
이태원 앤틱가구거리,POI077,2026-10-05 00:35,약간 붐빔,5000,5500,54.6,45.4,1.0,5.4,34.4,23.2,11.7,9.0,8.2,7.0,43.7,56.3,N,2026-10-05 01:07
인사동,POI078,2026-10-05 00:35,여유,4500,5000,58.7,41.3,0.7,3.9,24.6,20.7,16.8,14.9,10.4,7.9,43.8,56.2,N,2026-10-05 01:07
창동 신경제 중심지,POI079,2026-10-05 00:35,여유,16000,18000,52.5,47.5,0.3,7.9,23.2,18.3,15.8,16.3,10.5,7.6,47.2,52.8,N,2026-10-05 01:07
청담동 명품거리,POI080,2026-10-05 00:35,여유,1500,2000,50.9,49.1,0.2,4.2,22.5,21.0,27.9,12.1,7.1,5.0,42.5,57.5,N,2026-10-05 01:07
청량리 제기동 일대 전통시장,POI081,2026-10-05 00:35,여유,6000,6500,52.8,47.2,2.0,4.9,18.3,14.3,13.9,16.3,16.1,14.1,68.3,31.7,N,2026-10-05 01:07
해방촌·경리단길,POI082,2026-10-05 00:35,여유,3000,3500,51.7,48.3,0.3,4.0,20.1,25.7,18.1,13.7,9.4,8.7,52.3,47.7,N,2026-10-05 01:07
DDP(동대문디자인플라자),POI083,2026-10-05 00:35,여유,2000,2500,49.7,50.3,1.1,3.7,15.2,18.2,23.2,19.1,12.4,7.2,49.8,50.2,N,2026-10-05 01:07
DMC(디지털미디어시티),POI084,2026-10-05 00:35,여유,12000,14000,48.4,51.6,3.3,8.0,15.4,17.6,17.6,17.5,11.2,9.4,70.9,29.1,N,2026-10-05 01:07
강서한강공원,POI085,2026-10-05 00:35,여유,0,100,58.6,41.4,0.0,2.9,18.6,19.4,26.1,19.6,12.6,0.8,3.6,96.4,N,2026-10-05 01:07
고척돔,POI086,2026-10-05 00:35,여유,600,700,52.1,47.9,0.0,5.8,10.6,29.7,19.5,14.9,11.8,7.7,56.4,43.6,N,2026-10-05 01:07
광나루한강공원,POI087,2026-10-05 00:35,여유,1500,2000,53.4,46.6,0.3,5.6,15.3,18.2,19.5,18.6,13.6,8.9,41.0,59.0,N,2026-10-05 01:07
광화문광장,POI088,2026-10-05 00:35,여유,700,800,58.2,41.8,1.3,5.6,16.4,21.0,18.7,18.0,10.7,8.4,56.6,43.4,N,2026-10-05 01:07
국립중앙박물관·용산가족공원,POI089,2026-10-05 00:35,여유,1000,1500,48.4,51.6,4.8,8.4,10.7,12.5,17.1,18.8,14.6,13.0,82.7,17.3,N,2026-10-05 01:07
난지한강공원,POI090,2026-10-05 00:35,여유,600,700,59.1,40.9,1.4,9.0,18.0,21.1,21.2,15.9,9.2,4.3,17.0,83.0,N,2026-10-05 01:07
남산공원,POI091,2026-10-05 00:35,여유,5000,5500,51.0,49.0,1.0,6.6,19.3,19.5,16.9,15.1,11.5,10.0,61.2,38.8,N,2026-10-05 01:07
노들섬,POI092,2026-10-05 00:35,여유,300,400,45.3,54.7,0.1,8.5,24.1,25.7,15.3,10.2,9.2,6.9,5.8,94.2,N,2026-10-05 01:07
뚝섬한강공원,POI093,2026-10-05 00:35,여유,1500,2000,52.5,47.5,0.6,5.2,15.7,18.8,16.9,19.7,14.2,8.9,49.9,50.1,N,2026-10-05 01:07
망원한강공원,POI094,2026-10-05 00:35,여유,1000,1500,49.9,50.1,1.4,5.6,18.7,20.6,17.1,16.1,11.1,9.5,60.2,39.8,N,2026-10-05 01:07
반포한강공원,POI095,2026-10-05 00:35,여유,1000,1500,60.5,39.5,0.7,8.5,27.0,20.4,18.6,14.3,7.6,2.9,12.1,87.9,N,2026-10-05 01:07
북서울꿈의숲,POI096,2026-10-05 00:35,여유,4500,5000,50.0,50.0,0.5,6.8,10.5,15.2,17.3,18.9,15.6,15.2,67.5,32.5,N,2026-10-05 01:07
서리풀공원·몽마르뜨공원,POI098,2026-10-05 00:35,여유,2000,2500,49.1,50.9,0.6,7.5,12.7,17.0,20.5,18.1,11.4,12.2,62.0,38.0,N,2026-10-05 01:07
서울대공원,POI100,2026-10-05 00:35,여유,400,500,51.7,48.3,3.6,8.7,8.7,17.6,20.0,16.7,14.8,9.8,68.3,31.7,N,2026-10-05 01:07
서울숲공원,POI101,2026-10-05 00:35,여유,1500,2000,56.3,43.7,0.9,6.7,15.6,20.1,18.0,20.4,11.7,6.5,44.9,55.1,N,2026-10-05 01:07
아차산,POI102,2026-10-05 00:35,여유,3500,4000,48.9,51.1,0.4,6.0,10.3,16.5,19.0,20.1,16.1,11.6,65.0,35.0,N,2026-10-05 01:07
양화한강공원,POI103,2026-10-05 00:35,여유,300,400,55.5,44.5,0.2,6.8,20.1,27.0,18.2,12.7,9.4,5.5,41.5,58.5,N,2026-10-05 01:07
어린이대공원,POI104,2026-10-05 00:35,여유,2500,3000,50.2,49.8,0.9,6.5,33.1,19.0,12.5,13.0,7.8,7.2,61.4,38.6,N,2026-10-05 01:07
여의도한강공원,POI105,2026-10-05 00:35,여유,1000,1500,56.3,43.7,1.6,8.1,25.7,19.3,14.3,13.2,10.3,7.6,35.0,65.0,N,2026-10-05 01:07
월드컵공원,POI106,2026-10-05 00:35,여유,3000,3500,51.7,48.3,1.6,6.6,16.8,18.5,16.8,18.0,11.4,10.2,50.7,49.3,N,2026-10-05 01:07
응봉산,POI107,2026-10-05 00:35,여유,1500,2000,47.5,52.5,0.7,6.0,8.3,14.6,21.9,22.4,14.4,11.8,65.9,34.1,N,2026-10-05 01:07
이촌한강공원,POI108,2026-10-05 00:35,여유,1000,1500,53.5,46.5,0.2,6.1,17.5,16.1,21.8,16.8,13.4,8.1,37.5,62.5,N,2026-10-05 01:07
잠실종합운동장,POI109,2026-10-05 00:35,여유,1000,1500,53.7,46.3,2.4,10.6,11.9,12.9,23.4,21.1,10.0,7.7,56.2,43.8,N,2026-10-05 01:07
잠실한강공원,POI110,2026-10-05 00:35,여유,900,1000,52.1,47.9,0.1,11.9,16.8,16.7,20.3,17.3,11.4,5.5,32.0,68.0,N,2026-10-05 01:07
잠원한강공원,POI111,2026-10-05 00:35,여유,800,900,55.9,44.1,0.9,8.5,19.4,16.4,23.4,18.6,7.1,5.7,29.4,70.6,N,2026-10-05 01:07
청계산,POI112,2026-10-05 00:35,여유,900,1000,50.8,49.2,2.6,5.6,10.1,17.7,16.7,16.6,14.5,16.3,76.8,23.2,N,2026-10-05 01:07
북창동 먹자골목,POI114,2026-10-05 00:35,여유,1500,2000,57.8,42.2,1.1,3.6,16.1,18.7,20.0,19.3,12.8,8.5,55.5,44.5,N,2026-10-05 01:07
남대문시장,POI115,2026-10-05 00:35,여유,2000,2500,55.0,45.0,1.3,4.0,14.0,16.7,20.2,19.0,14.5,10.2,61.9,38.1,N,2026-10-05 01:07
익선동,POI116,2026-10-05 00:35,여유,5000,5500,62.4,37.6,0.4,3.0,34.2,23.4,14.3,10.2,8.5,5.9,25.3,74.7,N,2026-10-05 01:07
신정네거리역,POI117,2026-10-05 00:35,여유,900,1000,51.9,48.1,0.0,7.8,15.5,18.8,14.0,21.0,12.2,10.7,53.9,46.1,N,2026-10-05 01:07
잠실새내역,POI118,2026-10-05 00:35,여유,7500,8000,55.7,44.3,0.3,8.9,21.6,22.1,20.1,15.2,6.9,4.8,44.9,55.1,N,2026-10-05 01:07
잠실역,POI119,2026-10-05 00:35,여유,3500,4000,51.5,48.5,0.5,5.2,20.4,25.3,20.6,15.3,8.1,4.8,27.4,72.6,N,2026-10-05 01:07
잠실롯데타워·석촌호수,POI120,2026-10-05 00:35,여유,18000,20000,51.8,48.2,0.2,5.0,30.4,26.2,16.1,11.0,6.7,4.3,31.3,68.7,N,2026-10-05 01:07
송리단길·호수단길,POI121,2026-10-05 00:35,여유,4000,4500,51.3,48.7,0.1,3.9,17.8,28.7,17.8,12.4,11.3,8.0,62.3,37.7,N,2026-10-05 01:07
신촌 스타광장,POI122,2026-10-05 00:35,여유,2000,2500,50.1,49.9,0.9,6.6,48.6,15.0,8.9,8.6,6.0,5.5,53.7,46.3,N,2026-10-05 01:07
보라매공원,POI123,2026-10-05 00:35,여유,1500,2000,49.7,50.3,1.9,7.9,16.1,16.2,16.3,16.3,12.7,12.5,64.2,35.8,N,2026-10-05 01:07
서대문독립공원,POI124,2026-10-05 00:35,여유,500,600,49.6,50.4,0.5,6.8,10.0,12.9,16.9,20.3,17.2,15.3,62.3,37.7,N,2026-10-05 01:07
안양천,POI125,2026-10-05 00:35,여유,1000,1500,50.1,49.9,0.6,11.0,9.9,16.1,21.3,19.0,12.6,9.3,54.4,45.6,N,2026-10-05 01:07
여의서로,POI126,2026-10-05 00:35,여유,200,300,57.8,42.2,2.0,5.4,16.1,23.4,20.1,13.4,11.9,7.7,52.3,47.7,N,2026-10-05 01:07
올림픽공원,POI127,2026-10-05 00:35,여유,4000,4500,52.5,47.5,0.5,8.3,12.3,16.8,21.0,18.8,12.5,10.0,56.7,43.3,N,2026-10-05 01:07
홍제폭포,POI128,2026-10-05 00:35,여유,400,500,45.5,54.5,3.4,7.6,13.8,11.7,13.0,17.6,15.7,17.2,86.1,13.9,N,2026-10-05 01:07
송현녹지광장,POI129,2026-10-05 00:35,여유,1000,1500,51.5,48.5,1.1,6.7,14.3,16.2,17.6,17.7,13.3,13.1,69.1,30.9,N,2026-10-05 01:07
시의회 앞,POI130,2026-10-05 00:35,여유,800,900,55.0,45.0,1.4,6.0,16.3,19.7,20.0,19.4,10.7,6.6,47.3,52.7,N,2026-10-05 01:07
강남 MICE 관광특구,POI001,2026-10-05 01:35,여유,2500,3000,55.7,44.3,2.2,6.7,14.1,18.6,19.9,17.4,11.1,10.0,66.9,33.1,N,2026-10-05 02:07
동대문 관광특구,POI002,2026-10-05 01:35,여유,16000,18000,50.5,49.5,1.1,2.9,15.7,21.0,21.2,18.1,12.4,7.6,56.1,43.9,N,2026-10-05 02:07
명동 관광특구,POI003,2026-10-05 01:35,여유,8000,8500,60.0,40.0,0.9,4.1,16.7,19.5,20.8,18.5,11.8,7.7,54.2,45.8,N,2026-10-05 02:07
이태원 관광특구,POI004,2026-10-05 01:35,약간 붐빔,14000,16000,58.6,41.4,0.1,4.3,50.9,28.8,8.1,3.8,2.1,1.8,11.8,88.2,N,2026-10-05 02:07
잠실 관광특구,POI005,2026-10-05 01:35,여유,18000,20000,52.8,47.2,0.3,5.9,25.7,24.2,17.3,13.1,8.0,5.6,40.2,59.8,N,2026-10-05 02:07
종로·청계 관광특구,POI006,2026-10-05 01:35,여유,10000,12000,54.6,45.4,1.0,3.6,21.7,19.8,17.3,16.4,12.4,7.9,54.3,45.7,N,2026-10-05 02:07
홍대 관광특구,POI007,2026-10-05 01:35,여유,40000,42000,51.7,48.3,0.9,8.0,39.4,17.9,11.3,9.5,6.8,6.2,50.8,49.2,N,2026-10-05 02:07
경복궁,POI008,2026-10-05 01:35,여유,200,300,54.6,45.4,1.2,7.4,14.8,16.0,17.5,18.5,11.7,13.0,66.7,33.3,N,2026-10-05 02:07
광화문·덕수궁,POI009,2026-10-05 01:35,여유,3000,3500,57.6,42.4,1.6,5.4,15.2,18.7,20.5,19.4,11.3,8.0,55.1,44.9,N,2026-10-05 02:07
보신각,POI010,2026-10-05 01:35,여유,2500,3000,62.1,37.9,0.7,3.2,28.5,25.0,16.6,12.8,8.4,4.8,40.2,59.8,N,2026-10-05 02:07
서울 암사동 유적,POI011,2026-10-05 01:35,여유,300,400,51.0,49.0,5.4,8.2,10.4,13.3,15.5,16.4,15.9,14.9,82.3,17.7,N,2026-10-05 02:07
창덕궁·종묘,POI012,2026-10-05 01:35,여유,3500,4000,54.6,45.4,0.8,5.1,26.1,20.2,14.3,14.6,10.9,7.9,46.7,53.3,N,2026-10-05 02:07
가산디지털단지역,POI013,2026-10-05 01:35,여유,4500,5000,59.8,40.2,0.2,2.8,21.3,26.4,18.8,15.0,10.7,4.8,54.3,45.7,N,2026-10-05 02:07
강남역,POI014,2026-10-05 01:35,여유,22000,24000,54.0,46.0,2.2,6.0,22.3,22.4,19.9,13.5,7.4,6.3,61.8,38.2,N,2026-10-05 02:07
건대입구역,POI015,2026-10-05 01:35,여유,16000,18000,50.9,49.1,1.5,6.9,35.4,16.0,10.9,11.8,9.5,8.1,64.1,35.9,N,2026-10-05 02:07
고덕역,POI016,2026-10-05 01:35,여유,1000,1500,55.6,44.4,0.9,14.2,14.1,12.1,21.1,15.8,12.6,9.2,61.7,38.3,N,2026-10-05 02:07
고속터미널역,POI017,2026-10-05 01:35,여유,1500,2000,56.3,43.7,0.3,9.0,12.4,13.5,24.9,22.4,11.1,6.4,33.6,66.4,N,2026-10-05 02:07
교대역,POI018,2026-10-05 01:35,여유,5500,6000,50.8,49.2,3.7,7.4,15.0,15.3,20.2,17.1,10.7,10.8,75.9,24.1,N,2026-10-05 02:07
구로디지털단지역,POI019,2026-10-05 01:35,여유,5500,6000,57.6,42.4,0.4,2.9,25.4,28.3,18.1,12.0,7.4,5.6,46.0,54.0,N,2026-10-05 02:07
구로역,POI020,2026-10-05 01:35,여유,700,800,50.5,49.5,0.2,2.8,10.5,27.8,17.7,20.5,10.7,9.8,62.8,37.2,N,2026-10-05 02:07
군자역,POI021,2026-10-05 01:35,여유,3500,4000,52.2,47.8,0.1,4.6,30.9,23.4,15.9,10.9,7.2,7.0,53.8,46.2,N,2026-10-05 02:07
대림역,POI023,2026-10-05 01:35,약간 붐빔,16000,18000,50.0,50.0,2.1,4.9,11.5,13.9,14.0,20.6,19.0,14.1,86.2,13.8,N,2026-10-05 02:07
동대문역,POI024,2026-10-05 01:35,여유,1500,2000,59.2,40.8,0.2,3.0,18.2,15.7,20.6,16.6,17.2,8.5,26.5,73.5,N,2026-10-05 02:07
뚝섬역,POI025,2026-10-05 01:35,여유,3500,4000,50.1,49.9,2.1,5.8,15.8,20.1,16.8,16.5,12.6,10.2,76.5,23.5,N,2026-10-05 02:07
미아사거리역,POI026,2026-10-05 01:35,여유,3500,4000,53.8,46.2,0.1,7.1,26.3,16.4,15.3,16.3,10.3,8.2,43.1,56.9,N,2026-10-05 02:07
발산역,POI027,2026-10-05 01:35,여유,4500,5000,53.2,46.8,0.3,6.3,25.9,25.7,16.1,11.9,7.5,6.3,49.5,50.5,N,2026-10-05 02:07
사당역,POI029,2026-10-05 01:35,여유,7000,7500,53.4,46.6,0.1,4.6,26.3,25.2,14.0,12.2,9.3,8.3,46.2,53.8,N,2026-10-05 02:07
삼각지역,POI030,2026-10-05 01:35,여유,1000,1500,51.9,48.1,1.8,4.0,19.3,27.2,17.7,12.9,10.0,7.0,66.3,33.7,N,2026-10-05 02:07
서울대입구역,POI031,2026-10-05 01:35,여유,6500,7000,54.9,45.1,0.1,4.2,47.3,23.2,10.2,7.3,4.4,3.1,46.5,53.5,N,2026-10-05 02:07
서울식물원·마곡나루역,POI032,2026-10-05 01:35,여유,1500,2000,48.9,51.1,4.2,7.1,17.7,21.5,15.9,14.2,10.4,9.0,75.8,24.2,N,2026-10-05 02:07
서울역,POI033,2026-10-05 01:35,여유,3500,4000,53.8,46.2,1.9,5.0,13.0,16.7,17.7,20.2,14.4,11.1,70.9,29.1,N,2026-10-05 02:07
선릉역,POI034,2026-10-05 01:35,여유,16000,18000,51.8,48.2,1.9,8.5,16.4,19.9,22.0,16.9,7.8,6.5,67.9,32.1,N,2026-10-05 02:07
성신여대입구역,POI035,2026-10-05 01:35,여유,2500,3000,50.4,49.6,0.1,7.9,48.7,16.9,10.8,8.0,4.2,3.5,25.2,74.8,N,2026-10-05 02:07
수유역,POI036,2026-10-05 01:35,여유,8500,9000,53.7,46.3,0.1,4.4,28.1,20.0,15.0,14.7,10.1,7.6,45.3,54.7,N,2026-10-05 02:07
신논현역·논현역,POI037,2026-10-05 01:35,여유,5500,6000,53.5,46.5,1.5,4.3,23.2,23.2,19.3,13.2,7.8,7.5,58.6,41.4,N,2026-10-05 02:07
신도림역,POI038,2026-10-05 01:35,여유,3500,4000,49.7,50.3,4.6,6.6,11.9,18.4,17.1,16.1,13.7,11.5,83.7,16.3,N,2026-10-05 02:07
신림역,POI039,2026-10-05 01:35,여유,9000,9500,59.3,40.7,0.0,2.7,43.6,28.6,11.3,7.5,3.9,2.5,36.6,63.4,N,2026-10-05 02:07
신촌·이대역,POI040,2026-10-05 01:35,여유,18000,20000,45.5,54.5,1.1,6.6,48.8,15.6,8.7,8.7,5.7,4.8,58.6,41.4,N,2026-10-05 02:07
양재역,POI041,2026-10-05 01:35,여유,5500,6000,49.9,50.1,2.7,7.2,13.7,20.1,18.2,16.5,11.5,10.0,78.0,22.0,N,2026-10-05 02:07
역삼역,POI042,2026-10-05 01:35,여유,10000,12000,52.4,47.6,2.0,5.7,17.6,21.7,22.0,15.9,8.2,6.9,69.2,30.8,N,2026-10-05 02:07
연신내역,POI043,2026-10-05 01:35,여유,3500,4000,56.0,44.0,0.2,4.5,30.3,22.0,13.6,13.0,9.2,7.1,41.6,58.4,N,2026-10-05 02:07
오목교역·목동운동장,POI044,2026-10-05 01:35,여유,62000,64000,48.8,51.2,6.0,14.6,9.8,9.8,20.3,17.9,11.7,10.0,87.4,12.6,N,2026-10-05 02:07
왕십리역,POI045,2026-10-05 01:35,여유,16000,18000,49.3,50.7,3.1,7.0,27.0,15.0,12.0,13.8,11.3,10.8,79.2,20.8,N,2026-10-05 02:07
용산역,POI046,2026-10-05 01:35,여유,3000,3500,54.5,45.5,0.6,5.3,16.8,22.2,20.4,16.3,11.2,7.3,48.0,52.0,N,2026-10-05 02:07
이태원역,POI047,2026-10-05 01:35,붐빔,9000,9500,54.3,45.7,0.1,5.1,57.1,26.0,6.3,2.6,1.5,1.3,9.7,90.3,N,2026-10-05 02:07
장지역,POI048,2026-10-05 01:35,여유,6500,7000,51.8,48.2,2.5,5.2,12.8,23.5,20.6,16.3,11.0,8.0,73.7,26.3,N,2026-10-05 02:07
장한평역,POI049,2026-10-05 01:35,여유,4500,5000,55.9,44.1,0.3,2.9,22.5,22.4,18.3,13.9,12.0,7.7,52.5,47.5,N,2026-10-05 02:07
천호역,POI050,2026-10-05 01:35,여유,3500,4000,52.4,47.6,0.2,3.6,26.8,26.4,15.9,13.8,8.2,5.2,42.2,57.8,N,2026-10-05 02:07
총신대입구(이수)역,POI051,2026-10-05 01:35,여유,4500,5000,53.9,46.1,0.3,5.9,23.4,21.3,15.1,13.2,10.7,10.1,54.4,45.6,N,2026-10-05 02:07
충정로역,POI052,2026-10-05 01:35,여유,5500,6000,47.6,52.4,2.7,5.9,13.7,17.0,15.4,16.9,15.1,13.3,85.5,14.5,N,2026-10-05 02:07
합정역,POI053,2026-10-05 01:35,여유,5000,5500,49.2,50.8,1.1,4.3,22.8,23.4,15.7,13.2,10.3,9.0,69.7,30.3,N,2026-10-05 02:07
혜화역,POI054,2026-10-05 01:35,여유,7000,7500,48.9,51.1,1.3,8.0,30.2,15.3,11.8,13.2,10.3,10.0,71.3,28.7,N,2026-10-05 02:07
홍대입구역(2호선),POI055,2026-10-05 01:35,여유,7000,7500,50.6,49.4,1.1,6.2,29.9,18.8,14.3,12.5,9.3,8.0,61.6,38.4,N,2026-10-05 02:07
회기역,POI056,2026-10-05 01:35,여유,6500,7000,50.8,49.2,0.0,7.7,53.8,13.2,8.0,7.3,5.1,4.9,57.9,42.1,N,2026-10-05 02:07
가락시장,POI058,2026-10-05 01:35,여유,6500,7000,77.3,22.7,0.2,2.5,7.6,16.0,25.4,27.2,15.5,5.6,47.3,52.7,N,2026-10-05 02:07
가로수길,POI059,2026-10-05 01:35,여유,9500,10000,50.9,49.1,2.0,7.1,16.2,17.7,19.4,16.7,10.2,10.8,67.9,32.1,N,2026-10-05 02:07
광장(전통)시장,POI060,2026-10-05 01:35,여유,1000,1500,52.0,48.0,0.9,4.5,21.3,16.5,15.6,16.5,14.1,10.5,63.1,36.9,N,2026-10-05 02:07
김포공항,POI061,2026-10-05 01:35,여유,600,700,59.6,40.4,0.0,2.7,22.4,23.9,15.9,14.2,10.6,10.3,46.1,53.9,N,2026-10-05 02:07
노량진,POI063,2026-10-05 01:35,여유,10000,12000,55.1,44.9,1.2,5.1,30.8,20.5,11.3,12.5,10.1,8.6,70.1,29.9,N,2026-10-05 02:07
덕수궁길·정동길,POI064,2026-10-05 01:35,여유,700,800,49.7,50.3,1.8,6.5,11.9,16.5,20.0,18.4,13.1,11.9,65.4,34.6,N,2026-10-05 02:07
북촌한옥마을,POI066,2026-10-05 01:35,여유,3500,4000,51.9,48.1,0.8,8.8,15.1,14.6,16.1,17.6,12.9,14.1,72.7,27.3,N,2026-10-05 02:07
서촌,POI067,2026-10-05 01:35,여유,8500,9000,46.4,53.6,2.5,9.1,11.9,14.2,17.0,18.0,13.3,14.0,87.0,13.0,N,2026-10-05 02:07
성수카페거리,POI068,2026-10-05 01:35,여유,6500,7000,53.7,46.3,1.6,5.2,20.1,18.1,15.3,17.4,12.8,9.5,69.7,30.3,N,2026-10-05 02:07
쌍문역,POI070,2026-10-05 01:35,여유,4000,4500,50.8,49.2,0.2,5.3,17.2,19.0,15.5,18.0,13.3,11.5,62.3,37.7,N,2026-10-05 02:07
압구정로데오거리,POI071,2026-10-05 01:35,여유,10000,12000,51.2,48.8,3.0,5.9,16.2,17.5,18.4,16.1,11.1,11.8,66.6,33.4,N,2026-10-05 02:07
여의도,POI072,2026-10-05 01:35,여유,30000,32000,53.0,47.0,2.1,6.2,12.8,17.8,18.9,17.8,12.6,11.8,73.1,26.9,N,2026-10-05 02:07
연남동,POI073,2026-10-05 01:35,여유,6500,7000,48.4,51.6,1.1,5.1,26.3,20.9,15.2,12.6,9.4,9.4,67.9,32.1,N,2026-10-05 02:07
영등포 타임스퀘어,POI074,2026-10-05 01:35,여유,5000,5500,58.2,41.8,0.0,3.0,39.3,28.5,12.2,9.2,5.3,2.4,26.8,73.2,N,2026-10-05 02:07
용리단길,POI076,2026-10-05 01:35,여유,3000,3500,51.9,48.1,3.9,4.6,18.5,20.4,16.4,15.3,11.7,9.2,79.7,20.3,N,2026-10-05 02:07
이태원 앤틱가구거리,POI077,2026-10-05 01:35,약간 붐빔,5000,5500,53.4,46.6,1.0,5.0,35.1,23.0,11.7,9.1,8.1,7.1,44.6,55.4,N,2026-10-05 02:07
인사동,POI078,2026-10-05 01:35,여유,4000,4500,58.6,41.4,0.8,4.2,22.4,20.9,17.1,14.6,11.5,8.5,48.2,51.8,N,2026-10-05 02:07
창동 신경제 중심지,POI079,2026-10-05 01:35,여유,14000,16000,53.9,46.1,0.3,6.8,22.4,18.8,15.9,16.6,11.1,8.0,51.0,49.0,N,2026-10-05 02:07
청담동 명품거리,POI080,2026-10-05 01:35,여유,1000,1500,52.6,47.4,0.5,4.8,18.4,20.1,24.3,17.7,7.6,6.6,50.6,49.4,N,2026-10-05 02:07
청량리 제기동 일대 전통시장,POI081,2026-10-05 01:35,여유,5500,6000,52.5,47.5,2.1,5.1,17.7,14.2,13.4,16.4,16.4,14.7,71.9,28.1,N,2026-10-05 02:07
해방촌·경리단길,POI082,2026-10-05 01:35,여유,3000,3500,49.6,50.4,0.1,3.0,17.1,24.1,19.3,15.5,10.6,10.3,61.4,38.6,N,2026-10-05 02:07
DDP(동대문디자인플라자),POI083,2026-10-05 01:35,여유,1500,2000,50.4,49.6,1.0,2.9,15.4,18.5,22.4,18.9,13.2,7.8,55.1,44.9,N,2026-10-05 02:07
DMC(디지털미디어시티),POI084,2026-10-05 01:35,여유,12000,14000,49.1,50.9,3.5,8.3,14.7,17.3,17.7,17.7,11.3,9.6,73.8,26.2,N,2026-10-05 02:07
강서한강공원,POI085,2026-10-05 01:35,여유,0,100,69.0,31.0,0.0,1.1,21.9,18.6,23.8,20.6,9.9,4.2,7.5,92.5,N,2026-10-05 02:07
고척돔,POI086,2026-10-05 01:35,여유,600,700,52.3,47.7,0.1,7.1,9.5,26.0,23.0,15.1,11.5,7.7,60.4,39.6,N,2026-10-05 02:07
광나루한강공원,POI087,2026-10-05 01:35,여유,1000,1500,53.6,46.4,0.2,4.7,14.2,18.8,18.9,20.1,14.8,8.2,44.8,55.2,N,2026-10-05 02:07
광화문광장,POI088,2026-10-05 01:35,여유,600,700,58.9,41.1,1.8,5.3,16.5,19.1,19.7,17.8,11.2,8.5,61.5,38.5,N,2026-10-05 02:07
국립중앙박물관·용산가족공원,POI089,2026-10-05 01:35,여유,1000,1500,48.7,51.3,4.8,7.6,10.9,12.6,17.4,19.0,14.8,12.7,86.3,13.7,N,2026-10-05 02:07
난지한강공원,POI090,2026-10-05 01:35,여유,400,500,60.4,39.6,2.2,8.2,16.8,21.4,26.0,13.5,6.4,5.5,22.6,77.4,N,2026-10-05 02:07
남산공원,POI091,2026-10-05 01:35,여유,5000,5500,51.7,48.3,1.0,6.9,19.0,19.0,16.9,14.8,11.9,10.5,64.9,35.1,N,2026-10-05 02:07
노들섬,POI092,2026-10-05 01:35,여유,200,300,54.2,45.8,0.0,7.4,19.5,23.2,19.7,13.3,8.2,8.7,8.3,91.7,N,2026-10-05 02:07
뚝섬한강공원,POI093,2026-10-05 01:35,여유,1000,1500,52.0,48.0,0.6,4.6,12.7,20.1,16.7,19.5,14.6,11.1,55.9,44.1,N,2026-10-05 02:07
망원한강공원,POI094,2026-10-05 01:35,여유,900,1000,50.8,49.2,1.5,6.5,17.6,19.6,16.6,15.9,11.9,10.3,67.9,32.1,N,2026-10-05 02:07
반포한강공원,POI095,2026-10-05 01:35,여유,800,900,58.4,41.6,0.2,10.0,25.0,18.6,20.8,15.2,6.8,3.3,16.3,83.7,N,2026-10-05 02:07
북서울꿈의숲,POI096,2026-10-05 01:35,여유,4500,5000,47.6,52.4,0.5,6.3,10.3,14.7,17.2,19.4,15.8,15.8,69.1,30.9,N,2026-10-05 02:07
서리풀공원·몽마르뜨공원,POI098,2026-10-05 01:35,여유,2000,2500,50.0,50.0,0.5,6.6,12.1,17.6,21.2,17.5,12.3,12.1,63.9,36.1,N,2026-10-05 02:07
서울대공원,POI100,2026-10-05 01:35,여유,400,500,50.9,49.1,3.5,9.6,10.9,15.8,19.0,18.2,14.8,8.3,69.5,30.5,N,2026-10-05 02:07
서울숲공원,POI101,2026-10-05 01:35,여유,1500,2000,55.8,44.2,1.2,6.0,16.3,18.0,17.0,21.8,12.2,7.4,50.8,49.2,N,2026-10-05 02:07
아차산,POI102,2026-10-05 01:35,여유,3000,3500,49.8,50.2,0.4,5.3,10.1,16.9,20.6,19.7,16.1,10.9,64.6,35.4,N,2026-10-05 02:07
양화한강공원,POI103,2026-10-05 01:35,여유,200,300,56.3,43.7,0.2,4.3,23.4,26.0,16.2,12.3,10.2,7.4,46.7,53.3,N,2026-10-05 02:07
어린이대공원,POI104,2026-10-05 01:35,여유,2500,3000,50.9,49.1,0.9,5.6,32.5,18.7,13.6,13.4,8.1,7.2,66.9,33.1,N,2026-10-05 02:07
여의도한강공원,POI105,2026-10-05 01:35,여유,900,1000,54.8,45.2,1.6,6.2,29.8,16.3,14.5,15.1,8.5,8.1,37.3,62.7,N,2026-10-05 02:07
월드컵공원,POI106,2026-10-05 01:35,여유,2500,3000,52.5,47.5,2.0,7.4,14.5,19.1,17.9,17.3,10.6,11.2,57.8,42.2,N,2026-10-05 02:07
응봉산,POI107,2026-10-05 01:35,여유,1500,2000,47.9,52.1,0.4,7.5,8.8,15.6,20.3,20.6,14.7,12.1,70.5,29.5,N,2026-10-05 02:07
이촌한강공원,POI108,2026-10-05 01:35,여유,1000,1500,53.2,46.8,0.1,6.4,15.6,19.4,19.2,17.1,12.5,9.5,39.6,60.4,N,2026-10-05 02:07
잠실종합운동장,POI109,2026-10-05 01:35,여유,1000,1500,53.9,46.1,2.7,10.9,10.5,11.3,23.8,21.3,10.7,8.8,62.3,37.7,N,2026-10-05 02:07
잠실한강공원,POI110,2026-10-05 01:35,여유,900,1000,55.4,44.6,0.1,13.5,14.4,14.7,21.6,16.4,11.4,7.7,34.9,65.1,N,2026-10-05 02:07
잠원한강공원,POI111,2026-10-05 01:35,여유,600,700,54.9,45.1,0.4,11.3,19.8,13.4,22.3,18.9,7.4,6.6,36.2,63.8,N,2026-10-05 02:07
청계산,POI112,2026-10-05 01:35,여유,800,900,50.0,50.0,2.7,5.5,9.5,17.6,16.6,16.5,14.7,16.9,81.1,18.9,N,2026-10-05 02:07
북창동 먹자골목,POI114,2026-10-05 01:35,여유,1500,2000,57.8,42.2,1.2,3.8,14.4,18.5,19.8,19.7,13.5,9.1,61.0,39.0,N,2026-10-05 02:07
남대문시장,POI115,2026-10-05 01:35,여유,2000,2500,55.7,44.3,1.3,4.2,11.6,17.1,19.7,20.1,15.1,10.9,66.8,33.2,N,2026-10-05 02:07
익선동,POI116,2026-10-05 01:35,여유,4000,4500,63.5,36.5,0.4,3.4,31.7,22.9,14.0,11.4,9.3,6.8,29.9,70.1,N,2026-10-05 02:07
신정네거리역,POI117,2026-10-05 01:35,여유,800,900,52.2,47.8,0.7,7.6,12.5,19.8,18.6,19.4,10.6,10.7,58.0,42.0,N,2026-10-05 02:07
잠실새내역,POI118,2026-10-05 01:35,여유,6500,7000,53.6,46.4,0.4,8.5,20.8,20.6,21.1,15.4,7.5,5.7,52.2,47.8,N,2026-10-05 02:07
잠실역,POI119,2026-10-05 01:35,여유,3000,3500,53.0,47.0,0.5,5.7,18.3,24.3,22.2,16.1,7.8,5.1,33.9,66.1,N,2026-10-05 02:07
잠실롯데타워·석촌호수,POI120,2026-10-05 01:35,여유,14000,16000,53.0,47.0,0.2,5.4,29.0,25.7,16.5,11.6,6.8,4.7,35.4,64.6,N,2026-10-05 02:07
송리단길·호수단길,POI121,2026-10-05 01:35,여유,3500,4000,50.5,49.5,0.1,4.7,16.1,27.6,17.0,14.3,11.9,8.2,69.3,30.7,N,2026-10-05 02:07
신촌 스타광장,POI122,2026-10-05 01:35,여유,1500,2000,48.8,51.2,0.9,5.9,47.9,15.2,9.1,8.9,6.2,5.8,57.6,42.4,N,2026-10-05 02:07
보라매공원,POI123,2026-10-05 01:35,여유,1500,2000,50.5,49.5,2.2,7.7,16.2,16.5,14.6,16.9,13.0,12.8,64.8,35.2,N,2026-10-05 02:07
서대문독립공원,POI124,2026-10-05 01:35,여유,500,600,47.8,52.2,0.1,6.8,11.6,13.4,16.5,18.7,15.9,17.0,66.8,33.2,N,2026-10-05 02:07
안양천,POI125,2026-10-05 01:35,여유,1000,1500,55.0,45.0,0.5,9.3,10.3,17.3,20.2,18.3,13.5,10.6,57.4,42.6,N,2026-10-05 02:07
여의서로,POI126,2026-10-05 01:35,여유,200,300,55.5,44.5,3.1,3.4,20.5,19.0,16.8,17.1,12.7,7.3,53.5,46.5,N,2026-10-05 02:07
올림픽공원,POI127,2026-10-05 01:35,여유,3500,4000,52.2,47.8,0.6,7.7,12.1,18.0,20.4,19.0,12.8,9.5,59.4,40.6,N,2026-10-05 02:07
홍제폭포,POI128,2026-10-05 01:35,여유,400,500,45.5,54.5,3.3,7.6,13.8,11.8,12.9,17.5,15.8,17.2,87.1,12.9,N,2026-10-05 02:07
송현녹지광장,POI129,2026-10-05 01:35,여유,1000,1500,50.6,49.4,1.2,7.3,13.4,16.3,17.1,17.3,13.9,13.5,72.3,27.7,N,2026-10-05 02:07
시의회 앞,POI130,2026-10-05 01:35,여유,700,800,56.4,43.6,1.7,6.1,14.2,18.6,20.5,20.4,11.6,7.0,53.0,47.0,N,2026-10-05 02:07
강남 MICE 관광특구,POI001,2026-10-05 02:35,여유,2000,2500,55.5,44.5,2.3,6.8,12.2,17.5,20.5,18.2,11.8,10.6,71.5,28.5,N,2026-10-05 03:07
동대문 관광특구,POI002,2026-10-05 02:35,여유,16000,18000,50.1,49.9,1.1,3.0,15.8,20.7,21.0,17.9,12.7,7.8,59.7,40.3,N,2026-10-05 03:07
명동 관광특구,POI003,2026-10-05 02:35,여유,7500,8000,59.4,40.6,1.0,4.3,15.9,18.5,20.2,19.5,12.3,8.3,57.2,42.8,N,2026-10-05 03:07
이태원 관광특구,POI004,2026-10-05 02:35,약간 붐빔,12000,14000,60.1,39.9,0.1,4.6,50.4,28.8,7.7,4.0,2.4,2.0,13.0,87.0,N,2026-10-05 03:07
잠실 관광특구,POI005,2026-10-05 02:35,여유,18000,20000,53.2,46.8,0.4,6.5,23.9,24.1,17.2,13.1,8.6,6.3,43.3,56.7,N,2026-10-05 03:07
종로·청계 관광특구,POI006,2026-10-05 02:35,여유,9500,10000,54.4,45.6,1.1,3.5,21.2,19.4,17.3,16.6,12.5,8.3,57.4,42.6,N,2026-10-05 03:07
홍대 관광특구,POI007,2026-10-05 02:35,여유,38000,40000,51.2,48.8,0.9,8.2,38.0,17.7,11.6,10.1,7.1,6.5,53.8,46.2,N,2026-10-05 03:07
경복궁,POI008,2026-10-05 02:35,여유,200,300,54.8,45.2,1.2,8.0,13.1,15.1,17.5,19.7,12.3,13.0,69.7,30.3,N,2026-10-05 03:07
광화문·덕수궁,POI009,2026-10-05 02:35,여유,3000,3500,57.6,42.4,1.6,5.5,13.3,18.9,20.7,20.0,11.8,8.3,57.3,42.7,N,2026-10-05 03:07
보신각,POI010,2026-10-05 02:35,여유,2000,2500,62.4,37.6,0.7,3.0,27.1,24.2,16.9,13.9,8.9,5.3,44.6,55.4,N,2026-10-05 03:07
서울 암사동 유적,POI011,2026-10-05 02:35,여유,300,400,50.8,49.2,5.5,8.5,10.2,13.5,15.2,16.6,15.6,14.8,82.9,17.1,N,2026-10-05 03:07
창덕궁·종묘,POI012,2026-10-05 02:35,여유,3500,4000,54.5,45.5,0.8,4.7,25.1,19.9,14.6,15.3,11.1,8.5,50.0,50.0,N,2026-10-05 03:07
가산디지털단지역,POI013,2026-10-05 02:35,여유,4500,5000,57.0,43.0,0.3,2.9,21.7,25.2,18.2,15.7,11.1,4.8,56.8,43.2,N,2026-10-05 03:07
강남역,POI014,2026-10-05 02:35,여유,20000,22000,54.2,45.8,2.4,6.2,20.7,22.1,20.3,14.1,7.7,6.6,66.3,33.7,N,2026-10-05 03:07
건대입구역,POI015,2026-10-05 02:35,여유,16000,18000,51.0,49.0,1.6,6.6,33.6,16.2,11.3,12.2,9.8,8.7,68.0,32.0,N,2026-10-05 03:07
고덕역,POI016,2026-10-05 02:35,여유,1000,1500,53.6,46.4,0.8,11.1,12.7,14.6,23.6,18.2,12.4,6.6,62.4,37.6,N,2026-10-05 03:07
고속터미널역,POI017,2026-10-05 02:35,여유,1500,2000,54.8,45.2,0.4,8.7,10.6,12.6,25.2,21.1,13.5,8.0,41.5,58.5,N,2026-10-05 03:07
교대역,POI018,2026-10-05 02:35,여유,5500,6000,51.3,48.7,3.6,7.8,14.3,14.4,20.3,17.8,10.7,10.9,77.4,22.6,N,2026-10-05 03:07
구로디지털단지역,POI019,2026-10-05 02:35,여유,5000,5500,59.1,40.9,0.2,3.2,25.0,26.3,17.7,13.4,7.9,6.3,51.3,48.7,N,2026-10-05 03:07
구로역,POI020,2026-10-05 02:35,여유,700,800,52.0,48.0,0.5,5.6,12.0,24.8,18.1,18.5,11.0,9.5,65.0,35.0,N,2026-10-05 03:07
군자역,POI021,2026-10-05 02:35,여유,3500,4000,51.1,48.9,0.1,3.9,26.7,23.5,17.7,11.7,7.8,8.7,59.3,40.7,N,2026-10-05 03:07
대림역,POI023,2026-10-05 02:35,약간 붐빔,16000,18000,50.0,50.0,2.1,4.9,11.5,13.9,13.9,20.6,19.0,14.0,86.6,13.4,N,2026-10-05 03:07
동대문역,POI024,2026-10-05 02:35,여유,1500,2000,57.7,42.3,0.2,3.4,15.8,18.3,19.8,18.3,14.8,9.3,30.2,69.8,N,2026-10-05 03:07
뚝섬역,POI025,2026-10-05 02:35,여유,4000,4500,51.2,48.8,2.1,5.9,15.9,19.2,17.0,16.7,12.9,10.3,76.1,23.9,N,2026-10-05 03:07
미아사거리역,POI026,2026-10-05 02:35,여유,3500,4000,53.2,46.8,0.2,6.0,22.9,16.8,16.9,18.4,9.7,9.2,48.0,52.0,N,2026-10-05 03:07
발산역,POI027,2026-10-05 02:35,여유,4000,4500,54.8,45.2,0.5,7.0,25.6,25.3,15.4,11.0,8.3,6.9,54.3,45.7,N,2026-10-05 03:07
사당역,POI029,2026-10-05 02:35,여유,7000,7500,52.2,47.8,0.2,3.8,25.4,24.0,14.9,12.7,10.8,8.3,49.8,50.2,N,2026-10-05 03:07
삼각지역,POI030,2026-10-05 02:35,여유,1000,1500,51.9,48.1,1.8,3.9,19.7,26.9,16.5,13.3,10.4,7.6,68.8,31.2,N,2026-10-05 03:07
서울대입구역,POI031,2026-10-05 02:35,여유,6000,6500,53.7,46.3,0.1,3.5,46.7,23.6,10.0,8.1,4.5,3.6,53.0,47.0,N,2026-10-05 03:07
서울식물원·마곡나루역,POI032,2026-10-05 02:35,여유,1500,2000,48.4,51.6,4.4,7.4,16.6,20.7,15.8,14.8,10.9,9.4,78.8,21.2,N,2026-10-05 03:07
서울역,POI033,2026-10-05 02:35,여유,3000,3500,53.8,46.2,1.8,5.4,13.4,16.6,17.7,19.2,14.6,11.3,72.7,27.3,N,2026-10-05 03:07
선릉역,POI034,2026-10-05 02:35,여유,16000,18000,51.8,48.2,1.9,8.5,16.3,19.8,21.7,17.2,7.9,6.8,69.7,30.3,N,2026-10-05 03:07
성신여대입구역,POI035,2026-10-05 02:35,여유,2000,2500,49.6,50.4,0.4,7.1,46.3,18.5,9.9,9.9,3.7,4.3,31.0,69.0,N,2026-10-05 03:07
수유역,POI036,2026-10-05 02:35,여유,8000,8500,54.4,45.6,0.1,4.2,27.4,18.2,15.3,15.7,11.2,7.9,49.3,50.7,N,2026-10-05 03:07
신논현역·논현역,POI037,2026-10-05 02:35,여유,5000,5500,52.6,47.4,1.7,4.7,21.7,22.7,19.0,14.0,8.4,7.8,63.2,36.8,N,2026-10-05 03:07
신도림역,POI038,2026-10-05 02:35,여유,3500,4000,49.5,50.5,4.6,6.7,11.4,18.8,16.8,16.4,13.7,11.7,85.0,15.0,N,2026-10-05 03:07
신림역,POI039,2026-10-05 02:35,여유,8000,8500,59.4,40.6,0.0,2.5,41.8,28.5,12.5,8.0,3.8,2.8,40.5,59.5,N,2026-10-05 03:07
신촌·이대역,POI040,2026-10-05 02:35,여유,16000,18000,45.3,54.7,1.1,6.4,48.0,15.5,9.0,9.0,5.9,5.2,61.6,38.4,N,2026-10-05 03:07
양재역,POI041,2026-10-05 02:35,여유,5500,6000,49.6,50.4,2.7,7.0,13.1,19.9,18.7,16.7,11.6,10.3,79.4,20.6,N,2026-10-05 03:07
역삼역,POI042,2026-10-05 02:35,여유,10000,12000,52.2,47.8,2.0,5.8,17.5,22.0,21.8,15.8,8.3,6.9,70.7,29.3,N,2026-10-05 03:07
연신내역,POI043,2026-10-05 02:35,여유,3500,4000,55.0,45.0,0.1,3.8,28.0,22.4,14.0,14.3,9.8,7.6,46.4,53.6,N,2026-10-05 03:07
오목교역·목동운동장,POI044,2026-10-05 02:35,여유,60000,62000,48.7,51.3,6.0,14.6,9.8,9.7,20.4,17.9,11.7,10.0,87.8,12.2,N,2026-10-05 03:07
왕십리역,POI045,2026-10-05 02:35,여유,16000,18000,49.2,50.8,3.1,6.9,26.9,14.9,12.1,13.9,11.4,10.8,80.3,19.7,N,2026-10-05 03:07
용산역,POI046,2026-10-05 02:35,여유,3000,3500,51.9,48.1,0.5,5.6,15.6,20.3,21.7,16.7,12.7,6.9,52.9,47.1,N,2026-10-05 03:07
이태원역,POI047,2026-10-05 02:35,붐빔,8000,8500,56.3,43.7,0.1,5.6,56.1,26.0,6.5,2.8,1.5,1.5,10.9,89.1,N,2026-10-05 03:07
장지역,POI048,2026-10-05 02:35,여유,6500,7000,51.0,49.0,2.6,5.3,13.1,23.9,20.1,15.6,11.1,8.3,75.7,24.3,N,2026-10-05 03:07
장한평역,POI049,2026-10-05 02:35,여유,4500,5000,56.3,43.7,0.2,2.3,21.1,22.5,18.5,14.9,12.7,7.8,54.0,46.0,N,2026-10-05 03:07
천호역,POI050,2026-10-05 02:35,여유,3500,4000,53.2,46.8,0.4,4.0,26.2,25.5,17.4,13.1,7.9,5.4,45.4,54.6,N,2026-10-05 03:07
총신대입구(이수)역,POI051,2026-10-05 02:35,여유,4000,4500,52.2,47.8,0.4,5.5,20.3,20.9,17.6,13.7,11.2,10.4,59.9,40.1,N,2026-10-05 03:07
충정로역,POI052,2026-10-05 02:35,여유,5000,5500,47.6,52.4,2.6,5.9,13.9,16.9,15.4,16.8,15.1,13.3,85.5,14.5,N,2026-10-05 03:07
합정역,POI053,2026-10-05 02:35,여유,5000,5500,48.4,51.6,1.1,4.0,21.6,23.7,16.1,13.7,10.8,9.0,73.2,26.8,N,2026-10-05 03:07
혜화역,POI054,2026-10-05 02:35,여유,6500,7000,48.4,51.6,1.3,8.3,29.6,14.8,11.8,13.1,10.7,10.5,75.2,24.8,N,2026-10-05 03:07
홍대입구역(2호선),POI055,2026-10-05 02:35,여유,6500,7000,50.0,50.0,1.1,6.1,27.7,18.8,14.6,13.8,9.4,8.4,66.2,33.8,N,2026-10-05 03:07
회기역,POI056,2026-10-05 02:35,여유,6000,6500,51.8,48.2,0.1,6.4,53.7,12.6,8.6,8.3,5.1,5.2,63.0,37.0,N,2026-10-05 03:07
가락시장,POI058,2026-10-05 02:35,여유,6500,7000,78.4,21.6,0.1,2.9,7.0,15.8,25.1,27.0,16.1,6.0,47.5,52.5,N,2026-10-05 03:07
가로수길,POI059,2026-10-05 02:35,여유,9000,9500,51.0,49.0,2.0,7.2,16.1,16.5,19.2,17.5,10.4,11.0,70.2,29.8,N,2026-10-05 03:07
광장(전통)시장,POI060,2026-10-05 02:35,여유,900,1000,52.1,47.9,1.0,4.6,21.7,15.8,15.7,15.5,14.8,10.9,65.2,34.8,N,2026-10-05 03:07
김포공항,POI061,2026-10-05 02:35,여유,600,700,58.5,41.5,0.0,2.1,21.3,21.9,19.9,14.9,10.9,8.9,46.0,54.0,N,2026-10-05 03:07
노량진,POI063,2026-10-05 02:35,여유,10000,12000,55.2,44.8,1.2,4.9,30.8,19.7,11.7,12.5,10.2,8.9,72.6,27.4,N,2026-10-05 03:07
덕수궁길·정동길,POI064,2026-10-05 02:35,여유,700,800,50.2,49.8,1.8,7.1,11.3,15.4,20.0,18.5,13.5,12.4,66.3,33.7,N,2026-10-05 03:07
북촌한옥마을,POI066,2026-10-05 02:35,여유,3500,4000,51.2,48.8,0.8,8.7,15.1,14.3,16.7,17.0,13.1,14.3,75.6,24.4,N,2026-10-05 03:07
서촌,POI067,2026-10-05 02:35,여유,8500,9000,46.4,53.6,2.5,9.1,11.9,14.2,16.9,17.9,13.3,14.0,87.4,12.6,N,2026-10-05 03:07
성수카페거리,POI068,2026-10-05 02:35,여유,6500,7000,53.1,46.9,1.7,5.0,18.9,18.2,15.2,17.4,13.3,10.2,72.8,27.2,N,2026-10-05 03:07
쌍문역,POI070,2026-10-05 02:35,여유,4000,4500,51.2,48.8,0.2,5.1,16.9,18.1,14.6,18.3,14.5,12.2,66.7,33.3,N,2026-10-05 03:07
압구정로데오거리,POI071,2026-10-05 02:35,여유,10000,12000,50.9,49.1,3.2,6.4,14.7,16.5,18.3,16.8,11.6,12.4,70.5,29.5,N,2026-10-05 03:07
여의도,POI072,2026-10-05 02:35,여유,28000,30000,53.1,46.9,2.0,6.2,12.2,17.7,19.4,17.6,12.7,12.2,75.0,25.0,N,2026-10-05 03:07
연남동,POI073,2026-10-05 02:35,여유,6500,7000,47.6,52.4,1.1,5.0,25.7,20.3,15.5,12.8,9.9,9.7,71.7,28.3,N,2026-10-05 03:07
영등포 타임스퀘어,POI074,2026-10-05 02:35,여유,4000,4500,58.6,41.4,0.0,3.3,38.0,27.4,13.3,9.8,5.2,2.9,31.4,68.6,N,2026-10-05 03:07
용리단길,POI076,2026-10-05 02:35,여유,3000,3500,51.7,48.3,3.9,4.6,17.7,20.2,16.6,15.6,12.0,9.3,81.9,18.1,N,2026-10-05 03:07
이태원 앤틱가구거리,POI077,2026-10-05 02:35,보통,4500,5000,54.6,45.4,1.1,4.9,33.8,22.8,11.5,9.7,8.7,7.6,47.8,52.2,N,2026-10-05 03:07
인사동,POI078,2026-10-05 02:35,여유,3500,4000,58.7,41.3,0.8,4.3,20.9,20.1,17.6,15.6,11.8,8.9,50.3,49.7,N,2026-10-05 03:07
창동 신경제 중심지,POI079,2026-10-05 02:35,여유,14000,16000,55.6,44.4,0.3,6.9,21.8,18.1,15.4,17.4,11.6,8.6,54.9,45.1,N,2026-10-05 03:07
청담동 명품거리,POI080,2026-10-05 02:35,여유,1000,1500,54.1,45.9,0.2,5.8,16.5,19.1,24.6,18.1,8.3,7.5,56.0,44.0,N,2026-10-05 03:07
청량리 제기동 일대 전통시장,POI081,2026-10-05 02:35,여유,6000,6500,52.5,47.5,2.1,5.1,17.3,14.2,13.5,17.1,16.4,14.4,72.0,28.0,N,2026-10-05 03:07
해방촌·경리단길,POI082,2026-10-05 02:35,여유,2500,3000,51.9,48.1,0.2,4.0,14.9,23.4,19.4,16.0,11.3,10.8,65.3,34.7,N,2026-10-05 03:07
DDP(동대문디자인플라자),POI083,2026-10-05 02:35,여유,1500,2000,50.3,49.7,1.1,3.2,15.0,18.9,19.8,18.9,14.1,8.9,61.6,38.4,N,2026-10-05 03:07
DMC(디지털미디어시티),POI084,2026-10-05 02:35,여유,12000,14000,48.9,51.1,3.5,8.2,14.8,16.7,17.5,17.9,11.5,9.9,74.9,25.1,N,2026-10-05 03:07
강서한강공원,POI085,2026-10-05 02:35,여유,0,100,78.0,22.0,0.0,5.3,15.5,18.1,21.0,21.2,16.4,2.5,6.8,93.2,N,2026-10-05 03:07
고척돔,POI086,2026-10-05 02:35,여유,600,700,47.5,52.5,0.9,5.3,9.7,24.1,22.7,16.9,10.7,9.6,63.1,36.9,N,2026-10-05 03:07
광나루한강공원,POI087,2026-10-05 02:35,여유,1000,1500,53.8,46.2,0.5,4.0,15.5,18.0,16.7,20.8,14.4,10.0,46.5,53.5,N,2026-10-05 03:07
광화문광장,POI088,2026-10-05 02:35,여유,600,700,58.0,42.0,1.4,5.3,13.6,20.3,20.5,18.9,11.5,8.6,64.4,35.6,N,2026-10-05 03:07
국립중앙박물관·용산가족공원,POI089,2026-10-05 02:35,여유,1000,1500,48.5,51.5,5.0,7.6,11.0,12.7,17.5,18.7,14.8,12.7,85.8,14.2,N,2026-10-05 03:07
난지한강공원,POI090,2026-10-05 02:35,여유,400,500,60.3,39.7,1.8,10.0,16.0,18.5,25.2,13.5,8.9,6.2,23.6,76.4,N,2026-10-05 03:07
남산공원,POI091,2026-10-05 02:35,여유,4500,5000,49.9,50.1,1.1,6.7,18.9,18.3,16.3,15.7,12.3,10.7,66.5,33.5,N,2026-10-05 03:07
노들섬,POI092,2026-10-05 02:35,여유,200,300,54.5,45.5,1.3,2.3,22.8,11.0,21.4,19.2,12.5,9.5,11.8,88.2,N,2026-10-05 03:07
뚝섬한강공원,POI093,2026-10-05 02:35,여유,1000,1500,55.0,45.0,0.3,5.1,13.1,15.0,19.2,19.2,16.1,12.0,57.8,42.2,N,2026-10-05 03:07
망원한강공원,POI094,2026-10-05 02:35,여유,900,1000,51.4,48.6,1.5,6.3,14.5,19.7,17.6,17.9,12.3,10.2,69.2,30.8,N,2026-10-05 03:07
반포한강공원,POI095,2026-10-05 02:35,여유,700,800,56.8,43.2,0.9,8.7,26.2,15.9,21.9,16.0,7.0,3.5,19.0,81.0,N,2026-10-05 03:07
북서울꿈의숲,POI096,2026-10-05 02:35,여유,4500,5000,49.1,50.9,0.6,7.2,9.8,15.1,17.2,19.4,15.3,15.3,69.2,30.8,N,2026-10-05 03:07
서리풀공원·몽마르뜨공원,POI098,2026-10-05 02:35,여유,2000,2500,49.9,50.1,0.3,7.2,10.9,16.9,21.3,18.7,12.6,12.1,68.1,31.9,N,2026-10-05 03:07
서울대공원,POI100,2026-10-05 02:35,여유,400,500,49.8,50.2,3.5,9.3,9.9,16.4,19.9,19.5,13.0,8.6,70.1,29.9,N,2026-10-05 03:07
서울숲공원,POI101,2026-10-05 02:35,여유,1500,2000,53.2,46.8,1.1,5.3,16.4,20.2,17.3,19.5,12.4,7.9,52.0,48.0,N,2026-10-05 03:07
아차산,POI102,2026-10-05 02:35,여유,3000,3500,51.0,49.0,0.5,5.7,10.2,17.2,19.4,19.1,16.1,11.7,64.8,35.2,N,2026-10-05 03:07
양화한강공원,POI103,2026-10-05 02:35,여유,200,300,54.6,45.4,0.3,5.1,22.3,28.2,16.7,13.5,8.5,5.4,52.9,47.1,N,2026-10-05 03:07
어린이대공원,POI104,2026-10-05 02:35,여유,2500,3000,50.6,49.4,0.9,5.9,32.5,17.8,14.2,13.0,8.1,7.6,69.3,30.7,N,2026-10-05 03:07
여의도한강공원,POI105,2026-10-05 02:35,여유,800,900,57.3,42.7,1.8,6.7,23.8,17.0,17.9,13.5,10.2,9.1,44.4,55.6,N,2026-10-05 03:07
월드컵공원,POI106,2026-10-05 02:35,여유,2500,3000,51.7,48.3,1.7,7.2,13.9,17.2,18.7,18.1,11.4,11.8,61.2,38.8,N,2026-10-05 03:07
응봉산,POI107,2026-10-05 02:35,여유,1500,2000,49.3,50.7,0.7,7.9,8.7,13.5,20.9,20.3,16.2,11.9,72.3,27.7,N,2026-10-05 03:07
이촌한강공원,POI108,2026-10-05 02:35,여유,1000,1500,54.3,45.7,0.2,7.7,15.7,16.3,19.0,17.4,14.1,9.7,44.5,55.5,N,2026-10-05 03:07
잠실종합운동장,POI109,2026-10-05 02:35,여유,1000,1500,52.4,47.6,2.8,10.8,9.0,12.2,24.3,21.6,10.5,8.8,63.5,36.5,N,2026-10-05 03:07
잠실한강공원,POI110,2026-10-05 02:35,여유,800,900,54.0,46.0,0.0,11.9,15.6,12.1,20.3,19.3,12.0,8.8,37.4,62.6,N,2026-10-05 03:07
잠원한강공원,POI111,2026-10-05 02:35,여유,600,700,54.1,45.9,0.9,9.3,20.7,12.6,22.3,16.7,10.6,7.0,37.6,62.4,N,2026-10-05 03:07
청계산,POI112,2026-10-05 02:35,여유,800,900,49.5,50.5,2.7,5.6,9.3,17.8,16.1,16.6,14.8,17.0,82.9,17.1,N,2026-10-05 03:07
북창동 먹자골목,POI114,2026-10-05 02:35,여유,1500,2000,57.8,42.2,1.2,4.2,13.9,17.5,19.6,20.3,13.6,9.6,63.1,36.9,N,2026-10-05 03:07
남대문시장,POI115,2026-10-05 02:35,여유,2000,2500,55.0,45.0,1.4,4.2,12.4,16.9,19.5,19.4,14.8,11.5,68.2,31.8,N,2026-10-05 03:07
익선동,POI116,2026-10-05 02:35,여유,3500,4000,63.3,36.7,0.6,3.4,28.6,21.6,15.1,13.5,9.8,7.4,33.2,66.8,N,2026-10-05 03:07
신정네거리역,POI117,2026-10-05 02:35,여유,700,800,51.5,48.5,0.2,7.4,13.7,17.3,18.7,19.4,12.2,11.1,63.9,36.1,N,2026-10-05 03:07
잠실새내역,POI118,2026-10-05 02:35,여유,6000,6500,54.8,45.2,0.4,8.8,20.3,20.2,21.3,15.3,7.3,6.5,55.4,44.6,N,2026-10-05 03:07
잠실역,POI119,2026-10-05 02:35,여유,2500,3000,53.6,46.4,0.9,7.9,15.2,22.7,21.1,16.2,9.8,6.1,37.0,63.0,N,2026-10-05 03:07
잠실롯데타워·석촌호수,POI120,2026-10-05 02:35,여유,14000,16000,53.2,46.8,0.3,6.0,27.5,25.8,16.4,11.4,7.5,5.1,39.1,60.9,N,2026-10-05 03:07
송리단길·호수단길,POI121,2026-10-05 02:35,여유,3500,4000,49.3,50.7,0.3,3.8,15.2,28.0,17.3,14.4,12.0,8.9,72.1,27.9,N,2026-10-05 03:07
신촌 스타광장,POI122,2026-10-05 02:35,여유,1500,2000,49.1,50.9,1.0,5.4,47.8,15.1,9.3,9.0,6.4,6.0,59.5,40.5,N,2026-10-05 03:07
보라매공원,POI123,2026-10-05 02:35,여유,1500,2000,49.4,50.6,2.0,6.7,16.4,15.3,15.9,16.4,13.5,13.7,66.9,33.1,N,2026-10-05 03:07
서대문독립공원,POI124,2026-10-05 02:35,여유,500,600,47.9,52.1,0.4,5.3,13.8,13.9,18.8,16.6,14.7,16.5,66.2,33.8,N,2026-10-05 03:07
안양천,POI125,2026-10-05 02:35,여유,1000,1500,53.5,46.5,0.6,11.3,11.1,15.4,19.6,18.2,13.2,10.6,60.6,39.4,N,2026-10-05 03:07
여의서로,POI126,2026-10-05 02:35,여유,200,300,56.4,43.6,2.1,4.6,16.5,19.6,21.2,14.1,14.0,7.8,59.6,40.4,N,2026-10-05 03:07
올림픽공원,POI127,2026-10-05 02:35,여유,4000,4500,53.2,46.8,0.5,8.0,11.1,18.1,20.2,19.2,12.4,10.6,57.9,42.1,N,2026-10-05 03:07
홍제폭포,POI128,2026-10-05 02:35,여유,400,500,45.4,54.6,3.4,7.7,13.9,11.9,13.0,17.4,15.7,17.1,87.6,12.4,N,2026-10-05 03:07
송현녹지광장,POI129,2026-10-05 02:35,여유,1000,1500,49.9,50.1,1.2,7.1,13.4,15.5,18.1,17.4,14.0,13.3,73.5,26.5,N,2026-10-05 03:07
시의회 앞,POI130,2026-10-05 02:35,여유,600,700,57.2,42.8,2.0,6.0,13.3,18.1,20.1,21.3,12.1,7.0,54.0,46.0,N,2026-10-05 03:07
강남 MICE 관광특구,POI001,2026-10-05 03:35,여유,2000,2500,55.9,44.1,2.4,6.9,11.7,16.7,20.2,18.6,12.7,10.9,73.8,26.2,N,2026-10-05 04:07
동대문 관광특구,POI002,2026-10-05 03:35,여유,16000,18000,49.9,50.1,1.1,3.1,15.7,20.7,20.6,17.8,12.9,8.0,62.1,37.9,N,2026-10-05 04:07
명동 관광특구,POI003,2026-10-05 03:35,여유,7000,7500,59.7,40.3,1.0,4.1,14.7,18.6,20.6,19.4,12.9,8.6,60.5,39.5,N,2026-10-05 04:07
이태원 관광특구,POI004,2026-10-05 03:35,보통,10000,12000,61.7,38.3,0.1,4.8,50.2,28.1,8.6,3.9,2.4,2.0,14.2,85.8,N,2026-10-05 04:07
잠실 관광특구,POI005,2026-10-05 03:35,여유,16000,18000,52.0,48.0,0.3,5.6,21.6,23.7,18.1,14.7,9.4,6.6,46.8,53.2,N,2026-10-05 04:07
종로·청계 관광특구,POI006,2026-10-05 03:35,여유,9000,9500,54.1,45.9,1.1,3.6,20.3,19.0,17.1,17.2,13.1,8.6,60.6,39.4,N,2026-10-05 04:07
홍대 관광특구,POI007,2026-10-05 03:35,여유,36000,38000,51.1,48.9,0.9,8.3,36.8,17.5,11.8,10.3,7.6,6.8,56.9,43.1,N,2026-10-05 04:07
경복궁,POI008,2026-10-05 03:35,여유,200,300,54.1,45.9,1.3,7.3,11.9,15.9,18.6,18.5,12.0,14.6,68.5,31.5,N,2026-10-05 04:07
광화문·덕수궁,POI009,2026-10-05 03:35,여유,3000,3500,57.4,42.6,1.5,5.7,13.3,18.0,21.6,19.9,11.6,8.4,57.2,42.8,N,2026-10-05 04:07
보신각,POI010,2026-10-05 03:35,여유,1500,2000,62.4,37.6,0.9,3.3,24.7,23.1,17.4,14.7,9.9,6.0,49.5,50.5,N,2026-10-05 04:07
서울 암사동 유적,POI011,2026-10-05 03:35,여유,300,400,51.0,49.0,5.5,8.1,10.1,13.5,15.3,16.6,15.8,15.0,82.1,17.9,N,2026-10-05 04:07
창덕궁·종묘,POI012,2026-10-05 03:35,여유,3000,3500,54.2,45.8,0.8,5.1,24.4,17.7,14.8,16.4,11.8,8.9,53.1,46.9,N,2026-10-05 04:07
가산디지털단지역,POI013,2026-10-05 03:35,여유,4500,5000,57.6,42.4,0.1,2.7,23.2,24.3,18.6,15.9,10.4,4.8,58.1,41.9,N,2026-10-05 04:07
강남역,POI014,2026-10-05 03:35,여유,20000,22000,53.8,46.2,2.5,6.1,20.1,21.7,20.7,14.2,7.9,6.8,68.3,31.7,N,2026-10-05 04:07
건대입구역,POI015,2026-10-05 03:35,여유,16000,18000,50.5,49.5,1.6,6.8,32.2,16.2,11.4,12.6,10.2,9.0,71.0,29.0,N,2026-10-05 04:07
고덕역,POI016,2026-10-05 03:35,여유,1000,1500,52.8,47.2,0.9,11.4,13.7,11.6,24.4,18.5,11.1,8.3,69.5,30.5,N,2026-10-05 04:07
고속터미널역,POI017,2026-10-05 03:35,여유,1500,2000,58.4,41.6,0.3,8.0,10.6,12.8,24.5,24.0,12.3,7.5,41.9,58.1,N,2026-10-05 04:07
교대역,POI018,2026-10-05 03:35,여유,5000,5500,51.1,48.9,3.7,8.0,14.4,14.3,19.7,17.7,11.0,11.1,78.3,21.7,N,2026-10-05 04:07
구로디지털단지역,POI019,2026-10-05 03:35,여유,4500,5000,58.2,41.8,0.2,3.0,24.3,26.4,19.7,11.9,8.0,6.4,52.1,47.9,N,2026-10-05 04:07
구로역,POI020,2026-10-05 03:35,여유,700,800,51.8,48.2,0.3,5.0,11.2,23.2,20.5,18.3,11.9,9.5,63.9,36.1,N,2026-10-05 04:07
군자역,POI021,2026-10-05 03:35,여유,3000,3500,50.3,49.7,0.1,4.8,27.6,20.8,16.8,14.0,7.9,8.1,64.8,35.2,N,2026-10-05 04:07
대림역,POI023,2026-10-05 03:35,약간 붐빔,16000,18000,50.0,50.0,2.1,4.9,11.6,13.9,14.0,20.6,18.9,14.0,86.9,13.1,N,2026-10-05 04:07
동대문역,POI024,2026-10-05 03:35,여유,1000,1500,57.5,42.5,0.2,2.7,18.8,14.2,18.5,18.8,17.0,9.8,31.1,68.9,N,2026-10-05 04:07
뚝섬역,POI025,2026-10-05 03:35,여유,3500,4000,49.6,50.4,2.0,5.4,14.7,20.3,16.6,17.4,13.3,10.4,79.8,20.2,N,2026-10-05 04:07
미아사거리역,POI026,2026-10-05 03:35,여유,3000,3500,54.5,45.5,0.2,6.0,22.1,15.2,15.9,19.2,11.3,10.0,52.9,47.1,N,2026-10-05 04:07
발산역,POI027,2026-10-05 03:35,여유,4000,4500,52.2,47.8,0.3,6.2,23.9,25.3,17.5,12.1,7.7,6.9,57.1,42.9,N,2026-10-05 04:07
사당역,POI029,2026-10-05 03:35,여유,6500,7000,52.3,47.7,0.2,4.1,23.2,24.4,14.6,14.1,10.4,9.0,53.6,46.4,N,2026-10-05 04:07
삼각지역,POI030,2026-10-05 03:35,여유,900,1000,49.1,50.9,2.0,3.3,18.0,27.0,17.2,14.4,10.3,7.7,71.6,28.4,N,2026-10-05 04:07
서울대입구역,POI031,2026-10-05 03:35,여유,5500,6000,54.4,45.6,0.1,3.7,45.7,23.2,10.3,8.2,4.9,3.9,58.5,41.5,N,2026-10-05 04:07
서울식물원·마곡나루역,POI032,2026-10-05 03:35,여유,1500,2000,48.7,51.3,4.5,7.0,16.3,20.9,16.7,14.2,10.9,9.5,79.4,20.6,N,2026-10-05 04:07
서울역,POI033,2026-10-05 03:35,여유,3000,3500,53.8,46.2,1.9,5.6,13.1,17.0,17.8,18.9,14.5,11.2,73.2,26.8,N,2026-10-05 04:07
선릉역,POI034,2026-10-05 03:35,여유,16000,18000,51.4,48.6,1.9,8.4,16.7,19.7,21.7,16.9,7.9,6.8,71.0,29.0,N,2026-10-05 04:07
성신여대입구역,POI035,2026-10-05 03:35,여유,2000,2500,48.5,51.5,0.3,7.4,41.9,17.9,11.4,10.1,5.9,5.1,36.1,63.9,N,2026-10-05 04:07
수유역,POI036,2026-10-05 03:35,여유,7500,8000,52.5,47.5,0.2,3.7,26.2,18.6,15.3,15.8,11.5,8.8,52.1,47.9,N,2026-10-05 04:07
신논현역·논현역,POI037,2026-10-05 03:35,여유,4500,5000,52.7,47.3,1.7,4.5,19.9,22.2,20.4,14.6,8.6,8.1,68.0,32.0,N,2026-10-05 04:07
신도림역,POI038,2026-10-05 03:35,여유,3500,4000,49.3,50.7,4.5,6.7,11.5,18.5,17.0,16.4,13.7,11.8,85.8,14.2,N,2026-10-05 04:07
신림역,POI039,2026-10-05 03:35,여유,8000,8500,58.0,42.0,0.0,2.2,42.3,27.8,13.6,7.3,3.6,3.3,44.1,55.9,N,2026-10-05 04:07
신촌·이대역,POI040,2026-10-05 03:35,여유,16000,18000,44.7,55.3,1.1,6.1,47.7,15.6,9.1,9.2,6.1,5.2,64.2,35.8,N,2026-10-05 04:07
양재역,POI041,2026-10-05 03:35,여유,5500,6000,49.0,51.0,2.7,6.9,13.3,19.5,19.1,16.4,11.6,10.5,79.6,20.4,N,2026-10-05 04:07
역삼역,POI042,2026-10-05 03:35,여유,10000,12000,52.0,48.0,2.0,5.8,17.8,21.8,21.8,15.5,8.2,7.1,72.0,28.0,N,2026-10-05 04:07
연신내역,POI043,2026-10-05 03:35,여유,3000,3500,55.6,44.4,0.2,3.6,28.0,21.4,13.6,14.0,10.9,8.4,51.4,48.6,N,2026-10-05 04:07
오목교역·목동운동장,POI044,2026-10-05 03:35,여유,60000,62000,48.7,51.3,5.9,14.6,9.8,9.7,20.3,17.9,11.7,10.0,88.2,11.8,N,2026-10-05 04:07
왕십리역,POI045,2026-10-05 03:35,여유,16000,18000,49.1,50.9,3.0,6.9,26.7,14.9,12.1,14.0,11.5,10.9,81.1,18.9,N,2026-10-05 04:07
용산역,POI046,2026-10-05 03:35,여유,3000,3500,52.0,48.0,0.7,4.9,15.4,19.5,21.9,17.7,12.1,7.8,53.0,47.0,N,2026-10-05 04:07
이태원역,POI047,2026-10-05 03:35,약간 붐빔,7500,8000,58.0,42.0,0.0,5.9,55.7,25.4,6.9,2.9,1.7,1.4,11.7,88.3,N,2026-10-05 04:07
장지역,POI048,2026-10-05 03:35,여유,6500,7000,51.0,49.0,2.6,5.1,13.1,23.6,20.2,16.0,11.0,8.5,76.7,23.3,N,2026-10-05 04:07
장한평역,POI049,2026-10-05 03:35,여유,4500,5000,54.5,45.5,0.2,2.8,19.9,22.7,19.9,15.0,11.5,8.1,55.7,44.3,N,2026-10-05 04:07
천호역,POI050,2026-10-05 03:35,여유,3500,4000,52.0,48.0,0.5,3.9,25.1,26.0,17.4,13.2,8.9,5.2,47.7,52.3,N,2026-10-05 04:07
총신대입구(이수)역,POI051,2026-10-05 03:35,여유,4000,4500,50.9,49.1,0.4,4.4,18.3,22.8,16.7,13.4,12.5,11.4,63.2,36.8,N,2026-10-05 04:07
충정로역,POI052,2026-10-05 03:35,여유,5000,5500,47.6,52.4,2.6,5.9,14.0,17.0,15.3,16.8,15.2,13.3,85.7,14.3,N,2026-10-05 04:07
합정역,POI053,2026-10-05 03:35,여유,5000,5500,47.8,52.2,1.1,4.4,20.6,23.6,16.1,13.6,10.8,9.8,75.5,24.5,N,2026-10-05 04:07
혜화역,POI054,2026-10-05 03:35,여유,6500,7000,47.9,52.1,1.3,8.3,29.3,14.6,11.6,13.3,10.9,10.7,77.1,22.9,N,2026-10-05 04:07
홍대입구역(2호선),POI055,2026-10-05 03:35,여유,6000,6500,49.8,50.2,1.1,6.3,26.8,18.3,15.2,13.8,9.9,8.7,68.0,32.0,N,2026-10-05 04:07
회기역,POI056,2026-10-05 03:35,여유,6000,6500,51.0,49.0,0.1,6.4,53.0,13.3,8.7,7.9,5.1,5.6,64.0,36.0,N,2026-10-05 04:07
가락시장,POI058,2026-10-05 03:35,여유,6500,7000,79.1,20.9,0.2,2.1,6.9,14.5,25.4,27.4,17.3,6.2,48.3,51.7,N,2026-10-05 04:07
가로수길,POI059,2026-10-05 03:35,여유,9000,9500,51.2,48.8,2.1,7.4,14.9,16.2,19.5,17.5,10.8,11.6,72.4,27.6,N,2026-10-05 04:07
광장(전통)시장,POI060,2026-10-05 03:35,여유,900,1000,52.0,48.0,1.0,4.0,21.5,16.5,15.6,16.0,14.6,10.9,67.1,32.9,N,2026-10-05 04:07
김포공항,POI061,2026-10-05 03:35,여유,600,700,62.5,37.5,0.4,2.7,21.6,22.0,18.1,15.0,12.2,8.0,48.7,51.3,N,2026-10-05 04:07
노량진,POI063,2026-10-05 03:35,여유,10000,12000,56.0,44.0,1.2,4.7,30.4,20.1,11.0,13.0,10.5,9.1,73.6,26.4,N,2026-10-05 04:07
덕수궁길·정동길,POI064,2026-10-05 03:35,여유,700,800,49.9,50.1,1.8,7.2,10.4,15.7,20.0,19.0,13.8,12.1,65.8,34.2,N,2026-10-05 04:07
북촌한옥마을,POI066,2026-10-05 03:35,여유,3500,4000,50.3,49.7,0.9,8.5,12.5,15.0,17.6,17.5,13.2,14.7,75.7,24.3,N,2026-10-05 04:07
서촌,POI067,2026-10-05 03:35,여유,8500,9000,46.3,53.7,2.5,9.1,11.8,14.3,17.0,18.0,13.3,14.0,87.6,12.4,N,2026-10-05 04:07
성수카페거리,POI068,2026-10-05 03:35,여유,6500,7000,53.0,47.0,1.7,5.0,18.7,18.7,14.7,17.3,13.5,10.4,73.9,26.1,N,2026-10-05 04:07
쌍문역,POI070,2026-10-05 03:35,여유,4000,4500,50.2,49.8,0.2,4.9,17.2,17.9,14.7,19.3,13.9,11.9,67.1,32.9,N,2026-10-05 04:07
압구정로데오거리,POI071,2026-10-05 03:35,여유,10000,12000,50.0,50.0,3.2,6.3,13.6,15.8,18.8,17.2,12.0,13.1,73.6,26.4,N,2026-10-05 04:07
여의도,POI072,2026-10-05 03:35,여유,28000,30000,52.5,47.5,2.1,6.2,11.6,17.4,19.1,18.2,13.0,12.4,76.2,23.8,N,2026-10-05 04:07
연남동,POI073,2026-10-05 03:35,여유,6000,6500,47.9,52.1,1.1,5.3,24.9,20.1,15.3,13.2,9.9,10.2,72.8,27.2,N,2026-10-05 04:07
영등포 타임스퀘어,POI074,2026-10-05 03:35,여유,3500,4000,59.3,40.7,0.0,3.0,35.6,27.5,14.1,10.9,5.7,3.1,36.7,63.3,N,2026-10-05 04:07
용리단길,POI076,2026-10-05 03:35,여유,2500,3000,49.9,50.1,4.1,4.8,14.9,20.6,17.2,16.2,12.4,9.8,83.0,17.0,N,2026-10-05 04:07
이태원 앤틱가구거리,POI077,2026-10-05 03:35,보통,4500,5000,55.4,44.6,1.1,5.2,33.1,22.6,12.0,9.5,8.6,7.8,49.7,50.3,N,2026-10-05 04:07
인사동,POI078,2026-10-05 03:35,여유,3500,4000,59.0,41.0,0.8,4.4,18.6,19.5,18.4,16.1,12.4,9.7,54.5,45.5,N,2026-10-05 04:07
창동 신경제 중심지,POI079,2026-10-05 03:35,여유,14000,16000,53.9,46.1,0.3,6.5,21.2,17.9,15.5,17.9,11.8,8.9,56.8,43.2,N,2026-10-05 04:07
청담동 명품거리,POI080,2026-10-05 03:35,여유,1000,1500,52.4,47.6,0.3,5.1,15.1,18.7,26.5,18.5,8.8,7.0,60.9,39.1,N,2026-10-05 04:07
청량리 제기동 일대 전통시장,POI081,2026-10-05 03:35,여유,6000,6500,53.1,46.9,2.1,5.2,16.9,13.6,13.9,16.7,17.1,14.6,72.8,27.2,N,2026-10-05 04:07
해방촌·경리단길,POI082,2026-10-05 03:35,여유,2500,3000,51.5,48.5,0.3,3.4,15.4,24.0,18.6,15.4,11.4,11.5,66.1,33.9,N,2026-10-05 04:07
DDP(동대문디자인플라자),POI083,2026-10-05 03:35,여유,1500,2000,49.9,50.1,1.1,3.4,14.9,18.1,20.1,19.0,14.8,8.7,64.3,35.7,N,2026-10-05 04:07
DMC(디지털미디어시티),POI084,2026-10-05 03:35,여유,12000,14000,48.5,51.5,3.5,8.3,14.4,16.9,17.9,17.9,11.5,9.6,74.3,25.7,N,2026-10-05 04:07
강서한강공원,POI085,2026-10-05 03:35,여유,0,100,65.1,34.9,0.0,2.4,20.8,19.8,23.9,19.9,10.9,2.3,4.4,95.6,N,2026-10-05 04:07
고척돔,POI086,2026-10-05 03:35,여유,800,900,49.5,50.5,0.5,5.9,11.9,26.5,20.4,14.2,12.4,8.1,60.0,40.0,N,2026-10-05 04:07
광나루한강공원,POI087,2026-10-05 03:35,여유,1000,1500,55.4,44.6,0.3,5.8,16.0,16.8,17.3,19.7,14.7,9.4,47.5,52.5,N,2026-10-05 04:07
광화문광장,POI088,2026-10-05 03:35,여유,600,700,57.9,42.1,1.5,6.2,14.2,18.9,18.9,19.4,11.7,9.1,66.0,34.0,N,2026-10-05 04:07
국립중앙박물관·용산가족공원,POI089,2026-10-05 03:35,여유,1000,1500,48.1,51.9,5.1,7.9,10.0,12.2,17.3,19.1,15.4,13.1,86.8,13.2,N,2026-10-05 04:07
난지한강공원,POI090,2026-10-05 03:35,여유,400,500,60.6,39.4,2.0,9.6,8.8,20.8,23.2,16.4,12.3,6.9,23.3,76.7,N,2026-10-05 04:07
남산공원,POI091,2026-10-05 03:35,여유,4500,5000,51.2,48.8,1.1,7.2,18.8,18.5,16.0,15.4,11.7,11.2,66.6,33.4,N,2026-10-05 04:07
노들섬,POI092,2026-10-05 03:35,여유,100,200,50.9,49.1,1.7,5.4,20.8,13.1,21.5,10.7,14.5,12.4,13.5,86.5,N,2026-10-05 04:07
뚝섬한강공원,POI093,2026-10-05 03:35,여유,1000,1500,52.7,47.3,0.4,6.5,12.0,17.5,18.4,16.9,15.6,12.7,61.1,38.9,N,2026-10-05 04:07
망원한강공원,POI094,2026-10-05 03:35,여유,900,1000,51.9,48.1,1.5,5.6,15.1,20.0,17.5,16.8,12.9,10.5,69.2,30.8,N,2026-10-05 04:07
반포한강공원,POI095,2026-10-05 03:35,여유,500,600,52.7,47.3,1.3,12.8,19.8,13.5,21.1,14.5,12.3,4.7,23.7,76.3,N,2026-10-05 04:07
북서울꿈의숲,POI096,2026-10-05 03:35,여유,4500,5000,50.9,49.1,0.4,5.8,10.0,14.9,17.8,19.0,15.9,16.3,68.6,31.4,N,2026-10-05 04:07
서리풀공원·몽마르뜨공원,POI098,2026-10-05 03:35,여유,2000,2500,51.2,48.8,0.6,6.8,11.3,17.7,21.0,18.7,11.4,12.7,68.7,31.3,N,2026-10-05 04:07
서울대공원,POI100,2026-10-05 03:35,여유,400,500,51.0,49.0,3.5,9.3,10.2,14.4,19.4,17.6,15.9,9.6,69.8,30.2,N,2026-10-05 04:07
서울숲공원,POI101,2026-10-05 03:35,여유,1500,2000,53.0,47.0,1.1,5.9,14.8,19.3,18.2,19.9,13.2,7.6,53.9,46.1,N,2026-10-05 04:07
아차산,POI102,2026-10-05 03:35,여유,3000,3500,50.5,49.5,0.5,4.8,10.8,16.9,20.6,19.5,15.0,12.0,66.2,33.8,N,2026-10-05 04:07
양화한강공원,POI103,2026-10-05 03:35,여유,200,300,56.8,43.2,0.7,4.1,13.9,33.5,15.0,14.3,11.9,6.6,54.1,45.9,N,2026-10-05 04:07
어린이대공원,POI104,2026-10-05 03:35,여유,2000,2500,51.1,48.9,0.9,6.2,30.7,18.7,13.7,13.5,8.0,8.2,70.0,30.0,N,2026-10-05 04:07
여의도한강공원,POI105,2026-10-05 03:35,여유,700,800,56.2,43.8,1.9,6.2,18.2,17.0,17.9,15.4,12.0,11.4,48.9,51.1,N,2026-10-05 04:07
월드컵공원,POI106,2026-10-05 03:35,여유,2500,3000,52.9,47.1,1.7,6.3,13.3,17.5,19.5,18.2,12.1,11.3,60.7,39.3,N,2026-10-05 04:07
응봉산,POI107,2026-10-05 03:35,여유,1500,2000,47.9,52.1,0.5,6.8,8.8,12.5,22.0,21.3,15.7,12.5,72.5,27.5,N,2026-10-05 04:07
이촌한강공원,POI108,2026-10-05 03:35,여유,900,1000,53.0,47.0,0.3,6.2,12.1,16.6,20.9,18.1,15.2,10.7,50.4,49.6,N,2026-10-05 04:07
잠실종합운동장,POI109,2026-10-05 03:35,여유,1000,1500,52.8,47.2,2.8,10.2,9.7,10.6,24.2,21.6,11.6,9.2,63.1,36.9,N,2026-10-05 04:07
잠실한강공원,POI110,2026-10-05 03:35,여유,800,900,53.4,46.6,0.4,9.5,11.3,13.7,21.8,20.7,13.7,8.9,39.6,60.4,N,2026-10-05 04:07
잠원한강공원,POI111,2026-10-05 03:35,여유,600,700,56.3,43.7,1.1,10.7,15.9,13.7,20.7,19.7,9.7,8.5,36.2,63.8,N,2026-10-05 04:07
청계산,POI112,2026-10-05 03:35,여유,800,900,49.5,50.5,2.8,5.6,9.3,17.7,16.3,16.4,14.8,17.0,83.2,16.8,N,2026-10-05 04:07
북창동 먹자골목,POI114,2026-10-05 03:35,여유,1000,1500,57.6,42.4,1.3,4.2,13.8,17.4,19.2,19.8,14.2,10.0,65.7,34.3,N,2026-10-05 04:07
남대문시장,POI115,2026-10-05 03:35,여유,1500,2000,54.7,45.3,1.5,4.3,11.8,16.0,18.6,19.7,15.9,12.2,71.7,28.3,N,2026-10-05 04:07
익선동,POI116,2026-10-05 03:35,여유,3000,3500,61.8,38.2,0.7,3.7,24.8,21.7,16.0,14.1,10.6,8.5,38.4,61.6,N,2026-10-05 04:07
신정네거리역,POI117,2026-10-05 03:35,여유,700,800,50.0,50.0,0.4,6.6,11.9,19.8,17.1,19.6,12.6,12.1,60.6,39.4,N,2026-10-05 04:07
잠실새내역,POI118,2026-10-05 03:35,여유,6000,6500,53.1,46.9,0.4,9.8,19.0,19.1,21.7,15.7,8.0,6.3,58.0,42.0,N,2026-10-05 04:07
잠실역,POI119,2026-10-05 03:35,여유,2500,3000,53.3,46.7,0.6,4.8,12.7,24.5,20.7,17.5,12.2,6.9,41.4,58.6,N,2026-10-05 04:07
잠실롯데타워·석촌호수,POI120,2026-10-05 03:35,여유,12000,14000,52.2,47.8,0.3,5.0,24.9,26.0,17.0,13.1,8.3,5.5,43.1,56.9,N,2026-10-05 04:07
송리단길·호수단길,POI121,2026-10-05 03:35,여유,4000,4500,50.7,49.3,0.2,3.7,15.7,27.6,18.5,13.8,11.8,8.6,73.2,26.8,N,2026-10-05 04:07
신촌 스타광장,POI122,2026-10-05 03:35,여유,1500,2000,48.5,51.5,1.0,5.3,46.9,15.6,9.3,9.3,6.5,6.2,61.9,38.1,N,2026-10-05 04:07
보라매공원,POI123,2026-10-05 03:35,여유,1500,2000,51.0,49.0,1.8,7.1,17.1,15.1,15.9,17.3,13.2,12.6,67.0,33.0,N,2026-10-05 04:07
서대문독립공원,POI124,2026-10-05 03:35,여유,500,600,49.2,50.8,0.3,5.1,14.0,13.0,15.8,17.1,16.5,18.2,65.8,34.2,N,2026-10-05 04:07
안양천,POI125,2026-10-05 03:35,여유,900,1000,51.6,48.4,0.5,11.3,9.1,17.3,18.1,18.6,13.9,11.2,60.1,39.9,N,2026-10-05 04:07
여의서로,POI126,2026-10-05 03:35,여유,200,300,55.6,44.4,2.5,6.0,15.7,20.0,18.4,16.9,13.9,6.6,55.3,44.7,N,2026-10-05 04:07
올림픽공원,POI127,2026-10-05 03:35,여유,4000,4500,51.5,48.5,0.4,7.6,10.7,16.6,21.8,19.9,12.9,10.1,58.7,41.3,N,2026-10-05 04:07
홍제폭포,POI128,2026-10-05 03:35,여유,400,500,45.4,54.6,3.3,7.7,14.0,11.9,13.0,17.4,15.7,17.0,87.9,12.1,N,2026-10-05 04:07
송현녹지광장,POI129,2026-10-05 03:35,여유,1000,1500,49.8,50.2,1.2,6.8,12.2,15.8,18.2,18.0,14.0,13.7,74.9,25.1,N,2026-10-05 04:07
시의회 앞,POI130,2026-10-05 03:35,여유,600,700,57.8,42.2,1.8,6.5,13.0,17.3,22.0,20.7,11.5,7.1,53.2,46.8,N,2026-10-05 04:07
강남 MICE 관광특구,POI001,2026-10-05 04:35,여유,2000,2500,55.4,44.6,2.4,6.6,11.2,16.1,20.2,19.0,13.2,11.3,75.2,24.8,N,2026-10-05 05:07
동대문 관광특구,POI002,2026-10-05 04:35,여유,14000,16000,50.0,50.0,1.2,3.1,15.8,20.8,19.6,17.7,13.2,8.6,63.7,36.3,N,2026-10-05 05:07
명동 관광특구,POI003,2026-10-05 04:35,여유,7000,7500,59.4,40.6,1.0,3.9,14.2,17.6,20.6,19.7,13.5,9.3,60.9,39.1,N,2026-10-05 05:07
이태원 관광특구,POI004,2026-10-05 04:35,여유,10000,12000,61.8,38.2,0.1,4.5,48.2,27.6,8.7,5.1,3.2,2.7,16.5,83.5,N,2026-10-05 05:07
잠실 관광특구,POI005,2026-10-05 04:35,여유,16000,18000,51.1,48.9,0.5,5.7,20.8,23.0,18.9,14.7,9.1,7.3,48.6,51.4,N,2026-10-05 05:07
종로·청계 관광특구,POI006,2026-10-05 04:35,여유,9000,9500,53.8,46.2,1.1,3.8,19.1,18.3,17.1,17.8,13.5,9.5,62.1,37.9,N,2026-10-05 05:07
홍대 관광특구,POI007,2026-10-05 04:35,여유,34000,36000,50.6,49.4,1.0,7.8,35.6,17.7,11.9,10.9,7.8,7.3,59.8,40.2,N,2026-10-05 05:07
경복궁,POI008,2026-10-05 04:35,여유,200,300,55.4,44.6,1.2,7.0,12.4,16.1,19.5,18.8,12.0,12.9,66.9,33.1,N,2026-10-05 05:07
광화문·덕수궁,POI009,2026-10-05 04:35,여유,3000,3500,57.1,42.9,1.5,5.6,12.1,18.4,20.7,20.5,12.6,8.6,57.4,42.6,N,2026-10-05 05:07
보신각,POI010,2026-10-05 04:35,여유,1500,2000,61.6,38.4,0.9,3.5,23.2,20.5,17.9,15.8,11.2,6.9,53.5,46.5,N,2026-10-05 05:07
서울 암사동 유적,POI011,2026-10-05 04:35,여유,300,400,51.3,48.7,5.3,8.3,10.1,13.2,15.3,16.8,16.0,15.0,80.9,19.1,N,2026-10-05 05:07
창덕궁·종묘,POI012,2026-10-05 04:35,여유,3000,3500,52.3,47.7,0.9,5.3,22.7,17.2,14.5,17.0,12.6,9.8,55.0,45.0,N,2026-10-05 05:07
가산디지털단지역,POI013,2026-10-05 04:35,여유,4500,5000,57.5,42.5,0.1,3.1,21.6,23.8,18.6,17.2,10.9,4.7,54.8,45.2,N,2026-10-05 05:07
강남역,POI014,2026-10-05 04:35,여유,18000,20000,52.8,47.2,2.5,6.1,18.7,21.7,20.8,14.8,8.2,7.1,71.4,28.6,N,2026-10-05 05:07
건대입구역,POI015,2026-10-05 04:35,여유,14000,16000,49.7,50.3,1.7,6.3,31.0,16.4,11.8,12.9,10.7,9.2,73.5,26.5,N,2026-10-05 05:07
고덕역,POI016,2026-10-05 04:35,여유,1000,1500,53.5,46.5,1.1,12.0,13.3,12.8,22.0,17.7,12.8,8.3,67.2,32.8,N,2026-10-05 05:07
고속터미널역,POI017,2026-10-05 04:35,여유,1500,2000,57.6,42.4,0.4,9.3,10.9,12.1,24.6,22.4,13.1,7.1,38.2,61.8,N,2026-10-05 05:07
교대역,POI018,2026-10-05 04:35,여유,5000,5500,50.7,49.3,3.9,7.8,14.1,14.5,19.7,17.4,11.2,11.5,78.9,21.1,N,2026-10-05 05:07
구로디지털단지역,POI019,2026-10-05 04:35,여유,4500,5000,58.5,41.5,0.3,2.6,22.8,27.3,17.5,14.1,8.9,6.5,53.4,46.6,N,2026-10-05 05:07
구로역,POI020,2026-10-05 04:35,여유,700,800,54.8,45.2,0.1,3.6,10.1,24.0,17.2,21.4,11.4,12.1,62.8,37.2,N,2026-10-05 05:07
군자역,POI021,2026-10-05 04:35,여유,3000,3500,51.7,48.3,0.1,4.5,25.0,22.0,17.2,13.7,8.6,9.0,68.0,32.0,N,2026-10-05 05:07
대림역,POI023,2026-10-05 04:35,약간 붐빔,16000,18000,49.9,50.1,2.1,5.0,11.7,13.9,13.9,20.5,18.8,14.0,86.6,13.4,N,2026-10-05 05:07
동대문역,POI024,2026-10-05 04:35,여유,1500,2000,58.5,41.5,0.2,4.1,15.8,15.5,18.1,18.8,16.7,10.8,28.1,71.9,N,2026-10-05 05:07
뚝섬역,POI025,2026-10-05 04:35,여유,3500,4000,50.6,49.4,1.9,5.7,15.0,19.6,17.3,17.0,12.9,10.6,78.0,22.0,N,2026-10-05 05:07
미아사거리역,POI026,2026-10-05 04:35,여유,3000,3500,55.7,44.3,0.2,4.9,23.9,13.8,15.4,19.4,11.7,10.6,48.6,51.4,N,2026-10-05 05:07
발산역,POI027,2026-10-05 04:35,여유,3500,4000,52.4,47.6,0.5,5.9,22.8,24.6,16.8,13.4,8.3,7.8,58.9,41.1,N,2026-10-05 05:07
사당역,POI029,2026-10-05 04:35,여유,6000,6500,53.2,46.8,0.2,4.1,22.9,23.7,14.0,13.9,11.2,10.1,55.0,45.0,N,2026-10-05 05:07
삼각지역,POI030,2026-10-05 04:35,여유,900,1000,50.5,49.5,1.9,3.7,16.4,27.7,16.9,14.9,10.6,7.9,71.3,28.7,N,2026-10-05 05:07
서울대입구역,POI031,2026-10-05 04:35,여유,5500,6000,54.7,45.3,0.1,4.3,42.4,24.0,10.7,8.8,4.8,4.9,59.2,40.8,N,2026-10-05 05:07
서울식물원·마곡나루역,POI032,2026-10-05 04:35,여유,1500,2000,49.1,50.9,4.5,7.4,16.2,21.7,16.2,13.8,10.9,9.4,80.2,19.8,N,2026-10-05 05:07
서울역,POI033,2026-10-05 04:35,여유,3500,4000,53.4,46.6,1.8,5.6,14.2,17.5,17.8,18.2,14.0,11.0,69.9,30.1,N,2026-10-05 05:07
선릉역,POI034,2026-10-05 04:35,여유,16000,18000,51.1,48.9,2.0,8.2,16.7,19.1,22.2,17.1,7.9,6.9,71.7,28.3,N,2026-10-05 05:07
성신여대입구역,POI035,2026-10-05 04:35,여유,1500,2000,46.7,53.3,0.1,6.9,42.8,17.6,10.1,11.0,5.7,5.8,36.9,63.1,N,2026-10-05 05:07
수유역,POI036,2026-10-05 04:35,여유,7000,7500,53.5,46.5,0.2,3.6,26.3,17.0,15.4,15.9,12.0,9.7,54.2,45.8,N,2026-10-05 05:07
신논현역·논현역,POI037,2026-10-05 04:35,여유,4500,5000,52.6,47.4,1.7,4.7,19.3,21.3,20.3,15.4,8.9,8.5,70.2,29.8,N,2026-10-05 05:07
신도림역,POI038,2026-10-05 04:35,여유,3500,4000,49.5,50.5,4.4,6.6,11.4,18.4,16.9,16.5,13.9,11.8,85.3,14.7,N,2026-10-05 05:07
신림역,POI039,2026-10-05 04:35,여유,7000,7500,56.8,43.2,0.0,2.2,40.5,28.3,12.9,8.4,4.3,3.3,46.5,53.5,N,2026-10-05 05:07
신촌·이대역,POI040,2026-10-05 04:35,여유,16000,18000,44.2,55.8,1.2,5.9,46.7,15.7,9.1,9.5,6.3,5.6,65.5,34.5,N,2026-10-05 05:07
양재역,POI041,2026-10-05 04:35,여유,5000,5500,49.5,50.5,2.8,6.9,13.1,19.8,18.5,16.7,11.9,10.3,80.3,19.7,N,2026-10-05 05:07
역삼역,POI042,2026-10-05 04:35,여유,10000,12000,51.7,48.3,2.0,5.8,17.8,21.7,21.3,15.6,8.6,7.2,72.6,27.4,N,2026-10-05 05:07
연신내역,POI043,2026-10-05 04:35,여유,3000,3500,55.9,44.1,0.1,3.9,24.7,21.1,14.1,15.8,10.9,9.3,54.0,46.0,N,2026-10-05 05:07
오목교역·목동운동장,POI044,2026-10-05 04:35,여유,60000,62000,48.7,51.3,5.9,14.6,9.8,9.7,20.3,17.9,11.8,10.0,88.2,11.8,N,2026-10-05 05:07
왕십리역,POI045,2026-10-05 04:35,여유,16000,18000,49.0,51.0,3.0,6.9,26.5,14.9,12.1,14.1,11.6,11.0,81.5,18.5,N,2026-10-05 05:07
용산역,POI046,2026-10-05 04:35,여유,3000,3500,51.6,48.4,0.6,4.6,16.8,19.9,20.6,17.4,11.9,8.3,50.5,49.5,N,2026-10-05 05:07
이태원역,POI047,2026-10-05 04:35,약간 붐빔,6000,6500,57.6,42.4,0.0,5.5,54.7,25.1,6.9,3.6,2.3,2.0,13.8,86.2,N,2026-10-05 05:07
장지역,POI048,2026-10-05 04:35,여유,6000,6500,50.9,49.1,2.6,5.1,13.5,22.8,20.4,16.0,11.3,8.3,75.8,24.2,N,2026-10-05 05:07
장한평역,POI049,2026-10-05 04:35,여유,4000,4500,53.7,46.3,0.2,3.1,19.7,21.5,19.4,15.0,12.2,8.8,56.4,43.6,N,2026-10-05 05:07
천호역,POI050,2026-10-05 04:35,여유,3000,3500,51.5,48.5,0.4,3.1,22.6,25.1,17.2,15.4,9.6,6.6,51.4,48.6,N,2026-10-05 05:07
총신대입구(이수)역,POI051,2026-10-05 04:35,여유,4000,4500,52.8,47.2,0.3,6.0,17.8,22.3,16.7,13.9,11.6,11.4,61.3,38.7,N,2026-10-05 05:07
충정로역,POI052,2026-10-05 04:35,여유,5000,5500,47.5,52.5,2.5,5.9,14.1,17.0,15.3,16.7,15.2,13.3,85.5,14.5,N,2026-10-05 05:07
합정역,POI053,2026-10-05 04:35,여유,5000,5500,48.0,52.0,1.3,4.2,21.0,22.6,15.9,14.1,11.0,9.9,76.1,23.9,N,2026-10-05 05:07
혜화역,POI054,2026-10-05 04:35,여유,6500,7000,48.0,52.0,1.3,7.8,27.9,14.4,12.0,13.9,11.5,11.1,78.9,21.1,N,2026-10-05 05:07
홍대입구역(2호선),POI055,2026-10-05 04:35,여유,6000,6500,50.1,49.9,1.1,6.1,26.8,18.4,15.0,14.2,9.6,8.8,69.0,31.0,N,2026-10-05 05:07
회기역,POI056,2026-10-05 04:35,여유,6000,6500,50.3,49.7,0.0,6.6,51.7,13.2,8.2,9.0,5.6,5.7,65.9,34.1,N,2026-10-05 05:07
가락시장,POI058,2026-10-05 04:35,여유,6000,6500,77.8,22.2,0.1,2.0,6.8,15.3,24.6,26.5,18.1,6.6,46.9,53.1,N,2026-10-05 05:07
가로수길,POI059,2026-10-05 04:35,여유,9000,9500,51.4,48.6,2.1,7.5,14.1,15.7,19.7,17.8,11.2,11.9,72.9,27.1,N,2026-10-05 05:07
광장(전통)시장,POI060,2026-10-05 04:35,여유,900,1000,52.9,47.1,1.0,4.0,21.3,15.7,14.5,16.8,15.2,11.6,67.7,32.3,N,2026-10-05 05:07
김포공항,POI061,2026-10-05 04:35,여유,900,1000,59.4,40.6,0.0,2.3,20.3,24.0,16.6,16.5,14.0,6.3,34.0,66.0,N,2026-10-05 05:07
노량진,POI063,2026-10-05 04:35,여유,10000,12000,55.8,44.2,1.3,4.8,29.4,19.9,11.4,13.3,10.7,9.3,72.9,27.1,N,2026-10-05 05:07
덕수궁길·정동길,POI064,2026-10-05 04:35,여유,700,800,49.9,50.1,1.8,7.2,10.4,16.4,19.0,17.9,15.0,12.3,66.0,34.0,N,2026-10-05 05:07
북촌한옥마을,POI066,2026-10-05 04:35,여유,3500,4000,50.6,49.4,0.8,7.9,12.9,14.6,16.8,18.6,13.8,14.6,75.1,24.9,N,2026-10-05 05:07
서촌,POI067,2026-10-05 04:35,여유,8500,9000,46.3,53.7,2.5,9.1,11.8,14.2,17.0,18.1,13.3,14.0,87.5,12.5,N,2026-10-05 05:07
성수카페거리,POI068,2026-10-05 04:35,여유,6000,6500,53.2,46.8,1.6,5.0,18.2,18.1,15.3,17.4,14.0,10.3,75.2,24.8,N,2026-10-05 05:07
쌍문역,POI070,2026-10-05 04:35,여유,4000,4500,50.7,49.3,0.2,4.5,15.9,18.3,15.6,18.0,15.2,12.2,65.8,34.2,N,2026-10-05 05:07
압구정로데오거리,POI071,2026-10-05 04:35,여유,9500,10000,49.8,50.2,3.3,6.6,12.7,14.5,19.0,17.8,12.6,13.6,75.6,24.4,N,2026-10-05 05:07
여의도,POI072,2026-10-05 04:35,여유,28000,30000,52.6,47.4,2.1,6.2,11.4,17.2,19.3,18.2,13.2,12.5,75.3,24.7,N,2026-10-05 05:07
연남동,POI073,2026-10-05 04:35,여유,6000,6500,47.4,52.6,1.1,5.4,24.5,20.1,15.1,13.4,9.9,10.4,74.1,25.9,N,2026-10-05 05:07
영등포 타임스퀘어,POI074,2026-10-05 04:35,여유,3500,4000,59.6,40.4,0.1,3.5,33.8,26.3,14.2,11.2,7.6,3.4,37.3,62.7,N,2026-10-05 05:07
용리단길,POI076,2026-10-05 04:35,여유,2500,3000,49.7,50.3,4.1,4.9,14.3,20.6,17.3,16.4,12.5,9.9,83.3,16.7,N,2026-10-05 05:07
이태원 앤틱가구거리,POI077,2026-10-05 04:35,여유,4000,4500,54.8,45.2,1.2,5.3,31.0,21.9,12.2,10.6,9.4,8.4,53.2,46.8,N,2026-10-05 05:07
인사동,POI078,2026-10-05 04:35,여유,3500,4000,57.6,42.4,0.8,4.2,17.9,18.5,18.3,16.7,13.2,10.3,56.4,43.6,N,2026-10-05 05:07
창동 신경제 중심지,POI079,2026-10-05 04:35,여유,12000,14000,53.4,46.6,0.4,6.2,18.7,18.3,15.9,18.2,12.7,9.6,58.3,41.7,N,2026-10-05 05:07
청담동 명품거리,POI080,2026-10-05 04:35,여유,1000,1500,51.0,49.0,0.4,6.1,16.6,16.2,26.1,17.9,9.6,7.1,57.4,42.6,N,2026-10-05 05:07
청량리 제기동 일대 전통시장,POI081,2026-10-05 04:35,여유,6000,6500,54.3,45.7,2.0,4.7,16.0,13.9,13.5,17.1,18.0,14.8,69.6,30.4,N,2026-10-05 05:07
해방촌·경리단길,POI082,2026-10-05 04:35,여유,2500,3000,52.4,47.6,0.2,4.4,15.3,22.1,18.5,16.3,11.9,11.2,65.4,34.6,N,2026-10-05 05:07
DDP(동대문디자인플라자),POI083,2026-10-05 04:35,여유,1500,2000,49.2,50.8,1.1,3.0,15.4,17.6,19.5,18.4,15.3,9.6,65.1,34.9,N,2026-10-05 05:07
DMC(디지털미디어시티),POI084,2026-10-05 04:35,여유,12000,14000,49.1,50.9,3.6,8.2,14.2,17.0,17.6,18.0,11.5,10.0,74.8,25.2,N,2026-10-05 05:07
강서한강공원,POI085,2026-10-05 04:35,여유,0,100,64.4,35.6,0.0,5.5,24.6,21.3,22.1,10.2,12.6,3.8,3.8,96.2,N,2026-10-05 05:07
고척돔,POI086,2026-10-05 04:35,여유,700,800,51.1,48.9,0.8,6.3,11.9,21.3,20.6,17.5,12.4,9.2,60.4,39.6,N,2026-10-05 05:07
광나루한강공원,POI087,2026-10-05 04:35,여유,1000,1500,55.6,44.4,0.1,4.1,13.1,15.8,20.4,19.9,16.6,10.0,47.4,52.6,N,2026-10-05 05:07
광화문광장,POI088,2026-10-05 04:35,여유,600,700,58.4,41.6,1.4,4.7,13.3,18.4,19.7,20.4,13.0,9.0,63.5,36.5,N,2026-10-05 05:07
국립중앙박물관·용산가족공원,POI089,2026-10-05 04:35,여유,1000,1500,48.4,51.6,5.2,7.7,9.8,12.3,17.6,19.2,15.5,12.8,86.7,13.3,N,2026-10-05 05:07
난지한강공원,POI090,2026-10-05 04:35,여유,600,700,56.4,43.6,1.5,4.3,18.6,17.9,19.5,17.6,14.4,6.3,17.4,82.6,N,2026-10-05 05:07
남산공원,POI091,2026-10-05 04:35,여유,4500,5000,52.3,47.7,1.0,6.9,18.5,18.3,16.1,16.0,12.2,11.1,67.2,32.8,N,2026-10-05 05:07
노들섬,POI092,2026-10-05 04:35,여유,200,300,55.7,44.3,1.1,2.3,29.9,12.7,22.8,13.0,11.3,6.9,10.0,90.0,N,2026-10-05 05:07
뚝섬한강공원,POI093,2026-10-05 04:35,여유,1000,1500,51.5,48.5,0.6,6.2,11.2,18.5,16.1,17.4,16.6,13.4,58.8,41.2,N,2026-10-05 05:07
망원한강공원,POI094,2026-10-05 04:35,여유,900,1000,51.8,48.2,1.5,5.2,15.5,18.0,17.3,18.4,13.5,10.6,67.8,32.2,N,2026-10-05 05:07
반포한강공원,POI095,2026-10-05 04:35,여유,600,700,58.8,41.2,1.6,11.4,16.9,16.7,17.1,18.2,13.2,4.9,20.6,79.4,N,2026-10-05 05:07
북서울꿈의숲,POI096,2026-10-05 04:35,여유,4000,4500,48.6,51.4,0.4,5.4,9.5,15.4,17.3,19.3,16.1,16.5,69.7,30.3,N,2026-10-05 05:07
서리풀공원·몽마르뜨공원,POI098,2026-10-05 04:35,여유,1500,2000,48.8,51.2,0.5,6.9,11.7,16.8,21.2,17.9,12.2,12.8,68.0,32.0,N,2026-10-05 05:07
서울대공원,POI100,2026-10-05 04:35,여유,400,500,52.7,47.3,3.2,10.2,9.7,16.1,18.4,17.2,16.1,9.1,67.0,33.0,N,2026-10-05 05:07
서울숲공원,POI101,2026-10-05 04:35,여유,1500,2000,57.0,43.0,1.2,5.3,14.8,17.4,17.5,19.6,15.4,8.9,52.2,47.8,N,2026-10-05 05:07
아차산,POI102,2026-10-05 04:35,여유,3000,3500,49.5,50.5,0.4,4.5,10.3,16.7,20.5,20.2,15.6,11.7,66.2,33.8,N,2026-10-05 05:07
양화한강공원,POI103,2026-10-05 04:35,여유,200,300,57.0,43.0,0.5,4.1,14.7,29.5,16.0,17.3,12.0,5.9,46.6,53.4,N,2026-10-05 05:07
어린이대공원,POI104,2026-10-05 04:35,여유,2000,2500,50.7,49.3,0.9,6.1,30.2,17.1,14.4,13.9,8.7,8.5,71.6,28.4,N,2026-10-05 05:07
여의도한강공원,POI105,2026-10-05 04:35,여유,700,800,53.0,47.0,1.7,5.1,17.8,16.5,17.9,16.5,13.2,11.3,48.7,51.3,N,2026-10-05 05:07
월드컵공원,POI106,2026-10-05 04:35,여유,2500,3000,51.4,48.6,1.8,5.8,14.8,16.9,17.5,18.8,13.5,10.9,57.8,42.2,N,2026-10-05 05:07
응봉산,POI107,2026-10-05 04:35,여유,1500,2000,48.1,51.9,0.3,8.4,10.0,12.7,21.9,19.9,14.1,12.7,71.6,28.4,N,2026-10-05 05:07
이촌한강공원,POI108,2026-10-05 04:35,여유,900,1000,52.9,47.1,0.2,7.9,12.3,14.4,19.7,19.3,14.9,11.4,47.1,52.9,N,2026-10-05 05:07
잠실종합운동장,POI109,2026-10-05 04:35,여유,1000,1500,51.8,48.2,2.7,10.5,9.8,11.5,23.2,21.0,12.0,9.2,60.8,39.2,N,2026-10-05 05:07
잠실한강공원,POI110,2026-10-05 04:35,여유,800,900,51.9,48.1,0.6,10.2,16.6,11.6,22.1,17.8,12.6,8.5,35.7,64.3,N,2026-10-05 05:07
잠원한강공원,POI111,2026-10-05 04:35,여유,700,800,58.6,41.4,1.0,15.9,13.4,11.2,21.3,17.0,12.0,8.3,30.4,69.6,N,2026-10-05 05:07
청계산,POI112,2026-10-05 04:35,여유,800,900,49.8,50.2,2.7,5.6,9.2,17.5,16.1,16.6,15.3,16.9,82.2,17.8,N,2026-10-05 05:07
북창동 먹자골목,POI114,2026-10-05 04:35,여유,1000,1500,57.7,42.3,1.3,3.9,13.6,17.3,18.6,19.8,15.0,10.5,65.7,34.3,N,2026-10-05 05:07
남대문시장,POI115,2026-10-05 04:35,여유,1500,2000,55.1,44.9,1.5,4.4,12.0,15.4,18.6,19.1,16.4,12.5,71.2,28.8,N,2026-10-05 05:07
익선동,POI116,2026-10-05 04:35,여유,2500,3000,61.2,38.8,0.7,4.0,23.2,20.1,15.7,15.0,11.6,9.6,41.0,59.0,N,2026-10-05 05:07
신정네거리역,POI117,2026-10-05 04:35,여유,700,800,51.8,48.2,0.3,7.9,14.0,17.0,18.2,18.5,12.8,11.4,61.8,38.2,N,2026-10-05 05:07
잠실새내역,POI118,2026-10-05 04:35,여유,5500,6000,54.5,45.5,0.5,9.8,18.1,18.1,20.8,17.3,8.0,7.4,59.9,40.1,N,2026-10-05 05:07
잠실역,POI119,2026-10-05 04:35,여유,2500,3000,52.8,47.2,0.7,6.4,14.4,24.3,22.4,16.2,9.6,6.0,40.4,59.6,N,2026-10-05 05:07
잠실롯데타워·석촌호수,POI120,2026-10-05 04:35,여유,12000,14000,51.0,49.0,0.4,5.3,23.8,25.5,18.2,12.9,7.9,6.1,45.7,54.3,N,2026-10-05 05:07
송리단길·호수단길,POI121,2026-10-05 04:35,여유,3500,4000,50.6,49.4,0.2,3.7,17.0,26.7,17.1,15.3,11.2,8.7,74.6,25.4,N,2026-10-05 05:07
신촌 스타광장,POI122,2026-10-05 04:35,여유,1500,2000,47.6,52.4,1.1,5.1,45.5,16.2,9.5,9.5,6.7,6.4,64.2,35.8,N,2026-10-05 05:07
보라매공원,POI123,2026-10-05 04:35,여유,1500,2000,50.3,49.7,2.0,6.4,15.8,16.3,15.6,16.7,13.5,13.7,66.2,33.8,N,2026-10-05 05:07
서대문독립공원,POI124,2026-10-05 04:35,여유,500,600,47.1,52.9,0.4,5.6,12.2,14.1,17.9,16.7,16.1,17.0,66.2,33.8,N,2026-10-05 05:07
안양천,POI125,2026-10-05 04:35,여유,900,1000,53.4,46.6,0.3,11.0,8.4,16.0,20.1,18.9,14.0,11.2,57.4,42.6,N,2026-10-05 05:07
여의서로,POI126,2026-10-05 04:35,여유,200,300,58.7,41.3,1.5,6.3,12.6,20.8,19.5,17.5,14.5,7.4,55.4,44.6,N,2026-10-05 05:07
올림픽공원,POI127,2026-10-05 04:35,여유,4000,4500,51.5,48.5,0.9,6.8,11.9,15.5,20.9,20.0,13.0,11.0,57.0,43.0,N,2026-10-05 05:07
홍제폭포,POI128,2026-10-05 04:35,여유,400,500,45.4,54.6,3.4,7.6,14.0,11.9,13.0,17.5,15.7,17.0,87.2,12.8,N,2026-10-05 05:07
송현녹지광장,POI129,2026-10-05 04:35,여유,1000,1500,49.8,50.2,1.2,6.6,11.9,15.6,18.0,18.4,14.5,13.7,74.5,25.5,N,2026-10-05 05:07
시의회 앞,POI130,2026-10-05 04:35,여유,600,700,56.3,43.7,1.6,7.4,10.8,18.4,20.7,21.0,12.5,7.6,55.1,44.9,N,2026-10-05 05:07
강남 MICE 관광특구,POI001,2026-10-05 05:35,여유,2000,2500,55.6,44.4,2.2,6.3,11.5,16.6,19.9,18.9,13.4,11.3,71.1,28.9,N,2026-10-05 06:07
동대문 관광특구,POI002,2026-10-05 05:35,여유,12000,14000,49.6,50.4,1.3,3.5,15.6,18.6,18.2,18.3,14.8,9.7,66.1,33.9,N,2026-10-05 06:07
명동 관광특구,POI003,2026-10-05 05:35,여유,8000,8500,58.6,41.4,1.0,3.7,12.4,16.1,19.4,20.9,16.5,10.0,57.7,42.3,N,2026-10-05 06:07
이태원 관광특구,POI004,2026-10-05 05:35,여유,8000,8500,61.0,39.0,0.1,5.0,47.1,25.9,8.9,5.9,4.1,3.0,18.7,81.3,N,2026-10-05 06:07
잠실 관광특구,POI005,2026-10-05 05:35,여유,16000,18000,51.1,48.9,0.4,5.3,18.5,22.9,18.7,15.8,10.3,8.1,47.0,53.0,N,2026-10-05 06:07
종로·청계 관광특구,POI006,2026-10-05 05:35,여유,9000,9500,54.2,45.8,1.1,3.6,17.6,16.9,16.5,18.6,15.3,10.3,59.8,40.2,N,2026-10-05 06:07
홍대 관광특구,POI007,2026-10-05 05:35,여유,32000,34000,50.6,49.4,1.0,7.4,33.2,18.0,12.6,11.5,8.6,7.7,61.7,38.3,N,2026-10-05 06:07
경복궁,POI008,2026-10-05 05:35,여유,200,300,54.7,45.3,1.1,7.0,11.5,14.4,18.3,20.3,13.7,13.6,65.5,34.5,N,2026-10-05 06:07
광화문·덕수궁,POI009,2026-10-05 05:35,여유,3500,4000,56.8,43.2,1.4,4.4,12.6,16.2,19.3,21.0,15.6,9.5,51.5,48.5,N,2026-10-05 06:07
보신각,POI010,2026-10-05 05:35,여유,1500,2000,59.9,40.1,0.9,2.9,18.3,18.4,18.2,17.7,14.8,8.7,55.2,44.8,N,2026-10-05 06:07
서울 암사동 유적,POI011,2026-10-05 05:35,여유,300,400,52.9,47.1,4.8,7.7,9.9,13.3,15.6,17.1,16.5,15.1,74.7,25.3,N,2026-10-05 06:07
창덕궁·종묘,POI012,2026-10-05 05:35,여유,3000,3500,52.8,47.2,1.0,5.5,22.6,16.3,14.0,17.4,13.5,9.7,54.8,45.2,N,2026-10-05 06:07
가산디지털단지역,POI013,2026-10-05 05:35,여유,5000,5500,60.9,39.1,0.1,2.7,20.8,23.8,17.5,17.3,12.2,5.6,49,51,N,2026-10-05 06:07
강남역,POI014,2026-10-05 05:35,여유,18000,20000,53.0,47.0,2.6,6.0,17.8,21.1,20.6,15.3,9.0,7.6,71.8,28.2,N,2026-10-05 06:07
건대입구역,POI015,2026-10-05 05:35,여유,14000,16000,49.8,50.2,1.7,6.2,29.8,16.1,11.8,13.8,11.1,9.5,73.6,26.4,N,2026-10-05 06:07
고덕역,POI016,2026-10-05 05:35,여유,1000,1500,51.8,48.2,0.8,11.3,11.3,12.7,23.1,17.8,13.5,9.4,63.6,36.4,N,2026-10-05 06:07
고속터미널역,POI017,2026-10-05 05:35,여유,2000,2500,59.8,40.2,0.2,7.3,12.7,13.3,23.3,22.4,12.8,8.0,29.1,70.9,N,2026-10-05 06:07
교대역,POI018,2026-10-05 05:35,여유,5000,5500,51.4,48.6,3.7,7.8,13.7,14.3,19.7,17.8,11.7,11.3,78.4,21.6,N,2026-10-05 06:07
구로디지털단지역,POI019,2026-10-05 05:35,여유,4500,5000,59.0,41.0,0.3,3.0,21.7,24.0,18.8,15.4,9.4,7.4,53.4,46.6,N,2026-10-05 06:07
구로역,POI020,2026-10-05 05:35,여유,1000,1500,60.8,39.2,0.4,3.6,7.6,16.2,17.6,23.1,21.5,10.0,34.7,65.3,N,2026-10-05 06:07
군자역,POI021,2026-10-05 05:35,여유,3000,3500,52.5,47.5,0.1,3.5,24.7,22.8,17.6,12.7,10.1,8.5,63.8,36.2,N,2026-10-05 06:07
대림역,POI023,2026-10-05 05:35,약간 붐빔,16000,18000,49.8,50.2,2.1,5.0,11.8,14.0,13.9,20.5,18.6,14.1,85.2,14.8,N,2026-10-05 06:07
동대문역,POI024,2026-10-05 05:35,여유,1500,2000,55.8,44.2,0.2,1.7,11.4,14.1,18.7,22.5,19.4,12.0,24.1,75.9,N,2026-10-05 06:07
뚝섬역,POI025,2026-10-05 05:35,여유,3500,4000,50.5,49.5,1.9,5.5,15.3,19.3,17.5,16.5,13.4,10.7,76.5,23.5,N,2026-10-05 06:07
미아사거리역,POI026,2026-10-05 05:35,여유,3500,4000,53.9,46.1,0.1,5.1,20.5,15.1,16.8,19.4,12.6,10.4,43.0,57.0,N,2026-10-05 06:07
발산역,POI027,2026-10-05 05:35,여유,3500,4000,51.4,48.6,0.2,4.5,20.4,25.8,17.7,13.4,9.9,8.2,60.0,40.0,N,2026-10-05 06:07
사당역,POI029,2026-10-05 05:35,여유,6500,7000,52.6,47.4,0.1,4.5,20.9,23.8,15.0,13.9,11.9,9.8,51.2,48.8,N,2026-10-05 06:07
삼각지역,POI030,2026-10-05 05:35,여유,900,1000,51.9,48.1,1.7,3.5,17.1,26.0,16.6,16.6,10.7,7.8,69.3,30.7,N,2026-10-05 06:07
서울대입구역,POI031,2026-10-05 05:35,여유,5500,6000,56.0,44.0,0.1,3.6,42.2,22.7,10.9,10.1,6.1,4.2,57.2,42.8,N,2026-10-05 06:07
서울식물원·마곡나루역,POI032,2026-10-05 05:35,여유,1500,2000,48.3,51.7,4.2,6.6,16.2,20.9,15.3,15.4,11.7,9.6,75.2,24.8,N,2026-10-05 06:07
서울역,POI033,2026-10-05 05:35,여유,3500,4000,54.1,45.9,1.7,5.5,13.7,15.9,17.4,19.5,15.3,11.0,65.1,34.9,N,2026-10-05 06:07
선릉역,POI034,2026-10-05 05:35,여유,16000,18000,51.2,48.8,1.9,8.0,16.5,19.7,21.7,17.0,8.3,7.0,70.7,29.3,N,2026-10-05 06:07
성신여대입구역,POI035,2026-10-05 05:35,여유,2000,2500,48.8,51.2,0.3,6.5,38.0,14.7,13.2,14.3,7.2,5.8,35.9,64.1,N,2026-10-05 06:07
수유역,POI036,2026-10-05 05:35,여유,7000,7500,52.7,47.3,0.1,4.0,23.4,17.2,16.3,17.1,11.8,10.0,52.7,47.3,N,2026-10-05 06:07
신논현역·논현역,POI037,2026-10-05 05:35,여유,4500,5000,51.9,48.1,1.7,5.0,18.1,21.0,20.9,15.0,9.5,8.8,69.9,30.1,N,2026-10-05 06:07
신도림역,POI038,2026-10-05 05:35,여유,4000,4500,51.5,48.5,4.2,6.1,11.6,17.4,16.4,17.3,14.8,12.0,77.7,22.3,N,2026-10-05 06:07
신림역,POI039,2026-10-05 05:35,여유,7000,7500,57.7,42.3,0.0,2.2,38.5,27.7,12.6,9.9,4.8,4.2,46.7,53.3,N,2026-10-05 06:07
신촌·이대역,POI040,2026-10-05 05:35,여유,16000,18000,44.1,55.9,1.2,5.7,45.6,15.8,9.5,9.7,6.6,5.9,66.4,33.6,N,2026-10-05 06:07
양재역,POI041,2026-10-05 05:35,여유,5500,6000,49.6,50.4,2.5,6.9,13.4,18.5,18.3,17.0,12.5,10.8,75.6,24.4,N,2026-10-05 06:07
역삼역,POI042,2026-10-05 05:35,여유,10000,12000,51.3,48.7,1.9,5.8,17.8,21.7,20.8,15.5,9.0,7.5,72.2,27.8,N,2026-10-05 06:07
연신내역,POI043,2026-10-05 05:35,여유,3000,3500,54.7,45.3,0.2,3.9,22.5,19.8,15.0,16.0,12.9,9.7,51.7,48.3,N,2026-10-05 06:07
오목교역·목동운동장,POI044,2026-10-05 05:35,여유,60000,62000,48.7,51.3,5.9,14.5,9.8,9.8,20.2,17.9,11.8,10.1,87.2,12.8,N,2026-10-05 06:07
왕십리역,POI045,2026-10-05 05:35,여유,16000,18000,49.0,51.0,3.0,6.9,26.0,14.9,12.2,14.2,11.8,11.0,80.8,19.2,N,2026-10-05 06:07
용산역,POI046,2026-10-05 05:35,여유,3000,3500,53.7,46.3,0.5,4.9,15.8,19.4,21.8,17.3,12.4,7.9,43.4,56.6,N,2026-10-05 06:07
이태원역,POI047,2026-10-05 05:35,여유,5000,5500,57.3,42.7,0.1,6.4,54.6,23.0,6.5,4.4,2.8,2.2,16.0,84.0,N,2026-10-05 06:07
장지역,POI048,2026-10-05 05:35,여유,6500,7000,52.2,47.8,2.5,5.5,13.2,23.1,19.9,15.8,11.8,8.3,73.4,26.6,N,2026-10-05 06:07
장한평역,POI049,2026-10-05 05:35,여유,4500,5000,55.8,44.2,0.2,3.4,18.9,21.7,18.6,15.0,13.4,8.8,51.7,48.3,N,2026-10-05 06:07
천호역,POI050,2026-10-05 05:35,여유,3500,4000,53.2,46.8,0.3,2.3,20.3,23.3,18.1,17.4,10.8,7.5,45.2,54.8,N,2026-10-05 06:07
총신대입구(이수)역,POI051,2026-10-05 05:35,여유,4000,4500,53.1,46.9,0.3,4.3,17.1,20.4,17.3,15.0,14.0,11.6,58.4,41.6,N,2026-10-05 06:07
충정로역,POI052,2026-10-05 05:35,여유,5500,6000,47.6,52.4,2.6,5.9,14.1,17.0,15.3,16.8,15.2,13.2,84.7,15.3,N,2026-10-05 06:07
합정역,POI053,2026-10-05 05:35,여유,5000,5500,48.2,51.8,1.2,4.2,20.4,21.9,16.1,14.3,11.7,10.1,75.3,24.7,N,2026-10-05 06:07
혜화역,POI054,2026-10-05 05:35,여유,6500,7000,48.0,52.0,1.3,7.6,26.4,14.7,12.0,14.7,11.8,11.5,77.5,22.5,N,2026-10-05 06:07
홍대입구역(2호선),POI055,2026-10-05 05:35,여유,6000,6500,49.8,50.2,1.1,6.2,26.5,18.5,14.8,13.8,10.0,8.9,67.3,32.7,N,2026-10-05 06:07
회기역,POI056,2026-10-05 05:35,여유,6000,6500,51.1,48.9,0.1,5.3,50.5,13.4,8.7,8.9,6.4,6.8,64.3,35.7,N,2026-10-05 06:07
가락시장,POI058,2026-10-05 05:35,여유,6500,7000,75.8,24.2,0.2,1.9,6.2,13.6,24.0,28.1,17.9,8.2,43.5,56.5,N,2026-10-05 06:07
가로수길,POI059,2026-10-05 05:35,여유,9000,9500,51.1,48.9,1.9,7.3,13.3,14.9,19.7,18.7,11.7,12.4,73.5,26.5,N,2026-10-05 06:07
광장(전통)시장,POI060,2026-10-05 05:35,여유,1000,1500,53.5,46.5,0.9,3.9,20.6,15.0,13.9,16.7,16.4,12.6,62.3,37.7,N,2026-10-05 06:07
김포공항,POI061,2026-10-05 05:35,여유,1500,2000,57.2,42.8,0.1,5.2,15.8,20.4,21.1,20.0,13.0,4.3,15.8,84.2,N,2026-10-05 06:07
노량진,POI063,2026-10-05 05:35,여유,12000,14000,57.4,42.6,1.1,4.1,28.5,18.8,11.5,14.7,11.9,9.3,67.2,32.8,N,2026-10-05 06:07
덕수궁길·정동길,POI064,2026-10-05 05:35,여유,800,900,50.2,49.8,1.7,6.2,11.1,15.5,17.6,19.0,16.0,12.8,60.7,39.3,N,2026-10-05 06:07
북촌한옥마을,POI066,2026-10-05 05:35,여유,3500,4000,50.9,49.1,0.9,7.9,12.7,14.4,17.1,18.3,14.0,14.8,73.0,27.0,N,2026-10-05 06:07
서촌,POI067,2026-10-05 05:35,여유,8500,9000,46.5,53.5,2.4,9.0,11.8,14.1,17.0,18.2,13.6,13.9,86.4,13.6,N,2026-10-05 06:07
성수카페거리,POI068,2026-10-05 05:35,여유,6500,7000,53.9,46.1,1.6,4.8,17.9,17.5,14.9,18.6,14.6,10.1,71.4,28.6,N,2026-10-05 06:07
쌍문역,POI070,2026-10-05 05:35,여유,4000,4500,52.0,48.0,0.2,4.7,15.7,18.5,15.7,18.5,14.7,11.9,61.5,38.5,N,2026-10-05 06:07
압구정로데오거리,POI071,2026-10-05 05:35,여유,9500,10000,49.4,50.6,3.4,6.7,12.0,13.9,18.9,18.2,13.2,13.8,76.2,23.8,N,2026-10-05 06:07
여의도,POI072,2026-10-05 05:35,여유,30000,32000,52.7,47.3,1.9,5.9,10.9,16.2,18.6,18.6,14.9,13.0,71.6,28.4,N,2026-10-05 06:07
연남동,POI073,2026-10-05 05:35,여유,6000,6500,47.6,52.4,1.1,5.5,24.2,19.7,15.7,13.4,10.1,10.3,73.9,26.1,N,2026-10-05 06:07
영등포 타임스퀘어,POI074,2026-10-05 05:35,여유,3500,4000,59.8,40.2,0.0,3.2,30.6,26.8,14.3,12.0,8.8,4.3,35.6,64.4,N,2026-10-05 06:07
용리단길,POI076,2026-10-05 05:35,여유,2500,3000,49.7,50.3,3.9,4.8,13.9,20.3,17.4,16.7,13.0,10.0,82.1,17.9,N,2026-10-05 06:07
이태원 앤틱가구거리,POI077,2026-10-05 05:35,여유,4000,4500,55.0,45.0,1.3,5.6,28.4,21.0,12.9,11.4,10.3,9.1,56.9,43.1,N,2026-10-05 06:07
인사동,POI078,2026-10-05 05:35,여유,3500,4000,56.1,43.9,0.9,4.2,15.8,17.8,18.6,16.8,14.4,11.4,56.2,43.8,N,2026-10-05 06:07
창동 신경제 중심지,POI079,2026-10-05 05:35,여유,14000,16000,53.5,46.5,0.3,5.8,16.5,17.7,16.4,18.9,14.3,10.1,54.9,45.1,N,2026-10-05 06:07
청담동 명품거리,POI080,2026-10-05 05:35,여유,1000,1500,46.2,53.8,0.4,6.9,17.6,17.3,21.8,17.8,10.1,8.1,52.3,47.7,N,2026-10-05 06:07
청량리 제기동 일대 전통시장,POI081,2026-10-05 05:35,여유,6500,7000,55.3,44.7,1.8,4.7,15.3,13.0,13.7,18.5,18.1,15.0,65.1,34.9,N,2026-10-05 06:07
해방촌·경리단길,POI082,2026-10-05 05:35,여유,2500,3000,51.3,48.7,0.1,3.5,15.8,22.4,18.1,16.0,11.6,12.6,64.3,35.7,N,2026-10-05 06:07
DDP(동대문디자인플라자),POI083,2026-10-05 05:35,여유,1000,1500,49.2,50.8,1.3,3.7,14.8,17.9,16.7,18.8,16.2,10.7,66.9,33.1,N,2026-10-05 06:07
DMC(디지털미디어시티),POI084,2026-10-05 05:35,여유,12000,14000,49.3,50.7,3.4,8.3,14.5,16.4,17.0,18.4,12.2,9.9,72.2,27.8,N,2026-10-05 06:07
강서한강공원,POI085,2026-10-05 05:35,여유,0,100,65.2,34.8,0.0,4.1,10.7,15.2,21.2,24.1,19.6,5.1,1.5,98.5,N,2026-10-05 06:07
고척돔,POI086,2026-10-05 05:35,여유,800,900,54.4,45.6,0.3,6.4,9.3,23.5,18.1,20.8,12.5,9.0,53.9,46.1,N,2026-10-05 06:07
광나루한강공원,POI087,2026-10-05 05:35,여유,1500,2000,57.9,42.1,0.2,3.3,11.8,14.7,18.1,25.3,15.7,10.8,35.5,64.5,N,2026-10-05 06:07
광화문광장,POI088,2026-10-05 05:35,여유,700,800,57.0,43.0,1.3,4.6,15.0,16.7,18.0,20.5,14.7,9.3,57.8,42.2,N,2026-10-05 06:07
국립중앙박물관·용산가족공원,POI089,2026-10-05 05:35,여유,1000,1500,48.7,51.3,4.8,7.4,9.1,12.4,17.2,20.2,15.9,13.0,82.1,17.9,N,2026-10-05 06:07
난지한강공원,POI090,2026-10-05 05:35,여유,900,1000,70.0,30.0,0.9,3.8,8.2,14.8,20.6,23.1,20.7,7.9,13.0,87.0,N,2026-10-05 06:07
남산공원,POI091,2026-10-05 05:35,여유,5000,5500,52.2,47.8,1.0,6.6,18.0,17.4,15.8,16.7,13.0,11.5,62.9,37.1,N,2026-10-05 06:07
노들섬,POI092,2026-10-05 05:35,여유,300,400,67.1,32.9,0.0,2.9,16.6,9.1,21.4,20.9,17.0,12.1,6.4,93.6,N,2026-10-05 06:07
뚝섬한강공원,POI093,2026-10-05 05:35,여유,1000,1500,55.1,44.9,0.6,3.9,10.9,14.8,16.7,20.5,18.0,14.6,53.7,46.3,N,2026-10-05 06:07
망원한강공원,POI094,2026-10-05 05:35,여유,1000,1500,57.0,43.0,1.2,5.2,12.6,16.3,17.5,22.6,14.6,10.2,56.9,43.1,N,2026-10-05 06:07
반포한강공원,POI095,2026-10-05 05:35,여유,1000,1500,69.8,30.2,0.3,6.8,9.6,15.7,19.4,20.9,19.8,7.6,11.9,88.1,N,2026-10-05 06:07
북서울꿈의숲,POI096,2026-10-05 05:35,여유,4500,5000,49.7,50.3,0.6,5.8,9.5,14.5,18.6,18.8,16.2,16.0,67.9,32.1,N,2026-10-05 06:07
서리풀공원·몽마르뜨공원,POI098,2026-10-05 05:35,여유,2000,2500,49.9,50.1,0.5,6.1,11.6,16.9,20.0,18.9,13.1,12.9,64.6,35.4,N,2026-10-05 06:07
서울대공원,POI100,2026-10-05 05:35,여유,400,500,55.1,44.9,2.8,8.9,9.2,14.8,17.2,21.0,16.6,9.5,60.3,39.7,N,2026-10-05 06:07
서울숲공원,POI101,2026-10-05 05:35,여유,1500,2000,59.3,40.7,0.9,3.9,11.5,16.9,17.3,22.9,17.8,8.9,43.9,56.1,N,2026-10-05 06:07
아차산,POI102,2026-10-05 05:35,여유,3000,3500,51.2,48.8,0.3,5.6,9.5,17.3,18.6,19.9,16.0,12.7,60.3,39.7,N,2026-10-05 06:07
양화한강공원,POI103,2026-10-05 05:35,여유,300,400,61.3,38.7,0.2,4.9,16.9,22.1,16.8,18.6,13.2,7.3,33.0,67.0,N,2026-10-05 06:07
어린이대공원,POI104,2026-10-05 05:35,여유,2500,3000,51.4,48.6,1.0,7.0,28.8,16.0,13.9,14.1,9.7,9.7,65.9,34.1,N,2026-10-05 06:07
여의도한강공원,POI105,2026-10-05 05:35,여유,800,900,54.6,45.4,1.6,4.6,10.6,13.5,16.3,20.9,18.2,14.3,43.2,56.8,N,2026-10-05 06:07
월드컵공원,POI106,2026-10-05 05:35,여유,3500,4000,58.1,41.9,1.4,5.3,11.6,15.7,18.4,20.9,14.9,11.8,46.3,53.7,N,2026-10-05 06:07
응봉산,POI107,2026-10-05 05:35,여유,1500,2000,52.3,47.7,0.5,7.7,8.0,11.4,22.3,21.8,15.6,12.7,69.1,30.9,N,2026-10-05 06:07
이촌한강공원,POI108,2026-10-05 05:35,여유,1000,1500,59.2,40.8,0.5,6.2,10.5,12.4,20.4,23.6,16.6,9.7,33.2,66.8,N,2026-10-05 06:07
잠실종합운동장,POI109,2026-10-05 05:35,여유,1000,1500,56.2,43.8,2.4,9.9,9.6,10.7,23.9,22.1,12.4,8.9,56.8,43.2,N,2026-10-05 06:07
잠실한강공원,POI110,2026-10-05 05:35,여유,1000,1500,59.3,40.7,0.2,8.0,10.5,10.5,20.7,25.1,14.2,10.9,28.9,71.1,N,2026-10-05 06:07
잠원한강공원,POI111,2026-10-05 05:35,여유,900,1000,61.0,39.0,0.6,7.0,11.2,13.5,19.6,24.9,13.7,9.5,26.3,73.7,N,2026-10-05 06:07
청계산,POI112,2026-10-05 05:35,여유,900,1000,52.4,47.6,2.6,5.2,8.7,17.1,16.5,18.2,15.7,15.9,74.2,25.8,N,2026-10-05 06:07
북창동 먹자골목,POI114,2026-10-05 05:35,여유,1500,2000,56.9,43.1,1.2,3.7,13.2,16.0,17.5,20.2,17.3,10.9,61.7,38.3,N,2026-10-05 06:07
남대문시장,POI115,2026-10-05 05:35,여유,2000,2500,55.1,44.9,1.4,4.2,11.5,14.4,17.9,19.7,18.1,12.8,67.4,32.6,N,2026-10-05 06:07
익선동,POI116,2026-10-05 05:35,여유,2500,3000,60.7,39.3,0.7,4.0,21.4,19.9,16.7,14.9,12.4,10.0,41.4,58.6,N,2026-10-05 06:07
신정네거리역,POI117,2026-10-05 05:35,여유,800,900,53.9,46.1,0.2,8.4,12.4,17.7,18.0,16.2,15.0,12.1,56.9,43.1,N,2026-10-05 06:07
잠실새내역,POI118,2026-10-05 05:35,여유,5500,6000,53.8,46.2,0.5,9.7,17.8,17.2,22.9,17.1,7.8,6.8,60.5,39.5,N,2026-10-05 06:07
잠실역,POI119,2026-10-05 05:35,여유,2500,3000,53.2,46.8,0.7,6.4,12.6,24.4,20.8,18.4,10.5,6.2,39.1,60.9,N,2026-10-05 06:07
잠실롯데타워·석촌호수,POI120,2026-10-05 05:35,여유,12000,14000,50.8,49.2,0.4,5.2,20.8,25.0,18.1,14.3,9.4,6.9,43.8,56.2,N,2026-10-05 06:07
송리단길·호수단길,POI121,2026-10-05 05:35,여유,3500,4000,49.7,50.3,0.3,3.2,15.9,27.2,16.5,15.1,12.3,9.6,71.3,28.7,N,2026-10-05 06:07
신촌 스타광장,POI122,2026-10-05 05:35,여유,1500,2000,48.0,52.0,1.0,4.9,44.8,15.9,9.5,10.2,7.0,6.7,63.7,36.3,N,2026-10-05 06:07
보라매공원,POI123,2026-10-05 05:35,여유,1500,2000,51.6,48.4,1.7,5.7,14.8,14.2,16.3,16.9,14.0,16.3,59.9,40.1,N,2026-10-05 06:07
서대문독립공원,POI124,2026-10-05 05:35,여유,600,700,48.8,51.2,0.5,3.7,11.3,13.3,17.3,20.3,17.1,16.6,61.6,38.4,N,2026-10-05 06:07
안양천,POI125,2026-10-05 05:35,여유,1000,1500,57.0,43.0,0.6,7.5,6.6,14.6,22.6,20.1,16.5,11.5,49.8,50.2,N,2026-10-05 06:07
여의서로,POI126,2026-10-05 05:35,여유,300,400,58.4,41.6,2.0,4.2,11.8,19.2,14.4,23.7,16.3,8.6,54.0,46.0,N,2026-10-05 06:07
올림픽공원,POI127,2026-10-05 05:35,여유,4000,4500,51.8,48.2,0.7,5.7,11.5,16.3,20.6,20.1,13.1,11.9,56.6,43.4,N,2026-10-05 06:07
홍제폭포,POI128,2026-10-05 05:35,여유,400,500,45.9,54.1,3.3,7.6,14.0,12.0,13.1,17.6,15.6,16.9,85.5,14.5,N,2026-10-05 06:07
송현녹지광장,POI129,2026-10-05 05:35,여유,1000,1500,49.8,50.2,1.1,6.7,11.9,14.8,18.0,18.3,15.0,14.1,71.6,28.4,N,2026-10-05 06:07
시의회 앞,POI130,2026-10-05 05:35,여유,800,900,56.8,43.2,1.4,4.8,11.7,16.3,18.6,21.0,17.3,8.8,45.6,54.4,N,2026-10-05 06:07
강남 MICE 관광특구,POI001,2026-10-05 06:35,여유,3000,3500,59.5,40.5,1.7,5.1,11.9,15.9,19.6,21.2,14.4,10.2,57.6,42.4,N,2026-10-05 07:07
동대문 관광특구,POI002,2026-10-05 06:35,여유,14000,16000,51.5,48.5,1.2,3.4,15.3,17.1,17.2,19.1,16.0,10.7,62.4,37.6,N,2026-10-05 07:07
명동 관광특구,POI003,2026-10-05 06:35,여유,10000,12000,60.4,39.6,0.7,3.1,11.9,15.0,19.3,22.8,17.5,9.7,49.3,50.7,N,2026-10-05 07:07
이태원 관광특구,POI004,2026-10-05 06:35,여유,6500,7000,63.7,36.3,0.1,4.6,35.1,24.4,13.5,12.1,6.1,4.1,23.6,76.4,N,2026-10-05 07:07
잠실 관광특구,POI005,2026-10-05 06:35,여유,18000,20000,51.2,48.8,0.3,5.8,17.1,21.3,19.7,15.7,11.4,8.7,42.0,58.0,N,2026-10-05 07:07
종로·청계 관광특구,POI006,2026-10-05 06:35,여유,10000,12000,56.7,43.3,1.0,3.2,15.6,15.7,17.0,19.8,17.0,10.7,54.6,45.4,N,2026-10-05 07:07
홍대 관광특구,POI007,2026-10-05 06:35,여유,32000,34000,50.5,49.5,1.1,6.6,29.2,18.5,13.6,12.8,9.8,8.4,63.6,36.4,N,2026-10-05 07:07
경복궁,POI008,2026-10-05 06:35,여유,300,400,59.6,40.4,0.9,6.3,10.7,15.0,20.5,21.1,13.5,11.8,55.9,44.1,N,2026-10-05 07:07
광화문·덕수궁,POI009,2026-10-05 06:35,여유,5000,5500,58.3,41.7,0.9,4.0,11.5,16.1,19.0,22.7,16.3,9.3,42.7,57.3,N,2026-10-05 07:07
보신각,POI010,2026-10-05 06:35,여유,2000,2500,62.0,38.0,0.7,2.4,14.9,16.7,19.1,20.8,16.1,9.3,50.7,49.3,N,2026-10-05 07:07
서울 암사동 유적,POI011,2026-10-05 06:35,여유,300,400,54.8,45.2,4.4,7.1,8.9,13.0,16.8,18.5,16.8,14.5,63.3,36.7,N,2026-10-05 07:07
창덕궁·종묘,POI012,2026-10-05 06:35,여유,3500,4000,55.2,44.8,0.7,4.9,19.3,14.9,15.7,18.7,15.4,10.3,49.1,50.9,N,2026-10-05 07:07
가산디지털단지역,POI013,2026-10-05 06:35,여유,5500,6000,59.8,40.2,0.1,3.1,21.2,24.1,16.1,17.6,11.9,5.9,46.7,53.3,N,2026-10-05 07:07
강남역,POI014,2026-10-05 06:35,여유,20000,22000,54.2,45.8,2.4,5.5,16.9,19.8,20.7,16.6,10.1,8.0,67.2,32.8,N,2026-10-05 07:07
건대입구역,POI015,2026-10-05 06:35,여유,14000,16000,49.7,50.3,1.7,5.8,28.8,16.1,12.2,14.1,11.7,9.6,71.5,28.5,N,2026-10-05 07:07
고덕역,POI016,2026-10-05 06:35,여유,1000,1500,52.9,47.1,1.1,12.2,10.2,12.9,23.8,17.8,12.8,9.1,59.1,40.9,N,2026-10-05 07:07
고속터미널역,POI017,2026-10-05 06:35,여유,3500,4000,55.0,45.0,0.3,6.3,13.9,14.0,19.3,22.8,13.8,9.6,18.0,82.0,N,2026-10-05 07:07
교대역,POI018,2026-10-05 06:35,여유,5500,6000,52.7,47.3,3.4,7.2,12.9,14.6,19.0,18.5,12.6,11.8,72.1,27.9,N,2026-10-05 07:07
구로디지털단지역,POI019,2026-10-05 06:35,여유,4500,5000,56.3,43.7,0.2,2.6,18.9,25.0,19.2,15.8,10.4,7.8,53.2,46.8,N,2026-10-05 07:07
구로역,POI020,2026-10-05 06:35,여유,1000,1500,54.9,45.1,0.4,3.6,14.0,18.7,18.8,19.1,15.4,10.1,40.5,59.5,N,2026-10-05 07:07
군자역,POI021,2026-10-05 06:35,여유,3500,4000,51.0,49.0,0.2,4.7,22.6,21.7,15.9,15.6,10.5,8.8,61.0,39.0,N,2026-10-05 07:07
대림역,POI023,2026-10-05 06:35,보통,16000,18000,49.6,50.4,2.1,5.0,12.1,14.4,14.1,20.2,18.1,14.1,82.6,17.4,N,2026-10-05 07:07
동대문역,POI024,2026-10-05 06:35,여유,2000,2500,57.7,42.3,0.2,2.2,11.7,11.9,18.2,24.5,20.5,10.8,21.7,78.3,N,2026-10-05 07:07
뚝섬역,POI025,2026-10-05 06:35,여유,4000,4500,52.1,47.9,1.7,5.2,14.3,19.7,16.8,18.5,13.3,10.5,70.0,30.0,N,2026-10-05 07:07
미아사거리역,POI026,2026-10-05 06:35,여유,3500,4000,54.2,45.8,0.1,4.4,17.6,15.1,17.1,20.9,13.4,11.4,41.2,58.8,N,2026-10-05 07:07
발산역,POI027,2026-10-05 06:35,여유,3500,4000,51.5,48.5,0.3,4.9,18.8,25.0,18.1,13.9,10.5,8.3,57.8,42.2,N,2026-10-05 07:07
사당역,POI029,2026-10-05 06:35,여유,7000,7500,53.9,46.1,0.2,3.1,18.1,21.8,16.4,17.7,12.3,10.4,47.8,52.2,N,2026-10-05 07:07
삼각지역,POI030,2026-10-05 06:35,여유,1000,1500,52.4,47.6,1.7,3.3,15.0,25.5,17.9,15.0,12.5,9.0,65.8,34.2,N,2026-10-05 07:07
서울대입구역,POI031,2026-10-05 06:35,여유,5500,6000,56.0,44.0,0.1,3.6,39.7,23.8,11.7,10.8,5.9,4.3,56.4,43.6,N,2026-10-05 07:07
서울식물원·마곡나루역,POI032,2026-10-05 06:35,여유,2000,2500,49.8,50.2,3.9,6.3,14.9,20.4,16.9,15.7,12.3,9.7,68.5,31.5,N,2026-10-05 07:07
서울역,POI033,2026-10-05 06:35,여유,4500,5000,55.4,44.6,1.4,4.5,13.3,14.8,17.3,21.4,16.5,10.8,52.4,47.6,N,2026-10-05 07:07
선릉역,POI034,2026-10-05 06:35,여유,16000,18000,51.3,48.7,1.8,7.8,16.1,18.6,21.5,17.4,9.3,7.6,68.1,31.9,N,2026-10-05 07:07
성신여대입구역,POI035,2026-10-05 06:35,여유,2000,2500,49.4,50.6,0.1,6.3,33.3,15.5,12.5,14.1,11.3,6.8,30.5,69.5,N,2026-10-05 07:07
수유역,POI036,2026-10-05 06:35,여유,7000,7500,53.7,46.3,0.2,4.1,21.5,16.8,15.9,17.2,13.8,10.6,53.3,46.7,N,2026-10-05 07:07
신논현역·논현역,POI037,2026-10-05 06:35,여유,5000,5500,53.1,46.9,1.5,4.5,17.6,21.2,20.0,16.4,9.9,8.7,63.6,36.4,N,2026-10-05 07:07
신도림역,POI038,2026-10-05 06:35,여유,4000,4500,51.5,48.5,3.8,5.8,12.3,17.8,17.0,17.0,14.8,11.6,70.0,30.0,N,2026-10-05 07:07
신림역,POI039,2026-10-05 06:35,여유,7000,7500,57.5,42.5,0.0,1.8,36.3,26.9,14.6,10.2,5.8,4.4,47.4,52.6,N,2026-10-05 07:07
신촌·이대역,POI040,2026-10-05 06:35,여유,16000,18000,44.0,56.0,1.1,5.5,44.1,15.7,9.9,10.4,7.3,6.0,65.1,34.9,N,2026-10-05 07:07
양재역,POI041,2026-10-05 06:35,여유,6000,6500,51.5,48.5,2.2,6.1,12.6,17.9,19.0,17.6,13.3,11.4,67.3,32.7,N,2026-10-05 07:07
역삼역,POI042,2026-10-05 06:35,여유,10000,12000,52.5,47.5,1.8,5.4,17.2,21.0,20.3,16.5,10.1,7.8,68.9,31.1,N,2026-10-05 07:07
연신내역,POI043,2026-10-05 06:35,여유,3000,3500,56.0,44.0,0.2,3.3,19.6,19.8,15.4,19.0,12.9,9.9,50.1,49.9,N,2026-10-05 07:07
오목교역·목동운동장,POI044,2026-10-05 06:35,여유,60000,62000,48.4,51.6,5.9,14.6,9.9,9.9,20.0,17.7,11.9,10.2,85.0,15.0,N,2026-10-05 07:07
왕십리역,POI045,2026-10-05 06:35,여유,16000,18000,49.3,50.7,3.0,6.7,25.5,15.0,12.5,14.5,11.8,10.9,77.6,22.4,N,2026-10-05 07:07
용산역,POI046,2026-10-05 06:35,여유,4000,4500,55.9,44.1,0.4,4.1,15.5,18.5,20.5,20.5,12.3,8.3,35.1,64.9,N,2026-10-05 07:07
이태원역,POI047,2026-10-05 06:35,여유,3500,4000,62.6,37.4,0.1,6.3,40.6,23.4,11.5,9.7,4.8,3.6,22.6,77.4,N,2026-10-05 07:07
장지역,POI048,2026-10-05 06:35,여유,6500,7000,52.5,47.5,2.4,4.9,12.8,22.8,20.1,16.5,12.0,8.6,69.1,30.9,N,2026-10-05 07:07
장한평역,POI049,2026-10-05 06:35,여유,5000,5500,58.1,41.9,0.2,2.5,17.1,20.8,19.4,17.5,13.8,8.8,49.0,51.0,N,2026-10-05 07:07
천호역,POI050,2026-10-05 06:35,여유,3500,4000,51.6,48.4,0.3,2.2,20.0,23.9,16.7,18.5,10.7,7.7,40.8,59.2,N,2026-10-05 07:07
총신대입구(이수)역,POI051,2026-10-05 06:35,여유,4500,5000,53.9,46.1,0.4,4.7,14.9,20.3,17.7,15.8,14.1,12.1,50.2,49.8,N,2026-10-05 07:07
충정로역,POI052,2026-10-05 06:35,여유,5500,6000,48.4,51.6,2.5,5.7,14.0,17.1,15.8,17.3,14.8,12.8,79.8,20.2,N,2026-10-05 07:07
합정역,POI053,2026-10-05 06:35,여유,5000,5500,49.3,50.7,1.1,3.7,19.1,21.8,16.3,15.8,11.9,10.3,71.6,28.4,N,2026-10-05 07:07
혜화역,POI054,2026-10-05 06:35,여유,7000,7500,48.3,51.7,1.3,7.6,26.1,14.3,12.6,14.7,12.1,11.3,72.7,27.3,N,2026-10-05 07:07
홍대입구역(2호선),POI055,2026-10-05 06:35,여유,6500,7000,50.6,49.4,1.1,5.7,24.0,18.1,15.5,14.8,11.1,9.6,66.4,33.6,N,2026-10-05 07:07
회기역,POI056,2026-10-05 06:35,여유,6000,6500,50.9,49.1,0.0,5.5,47.0,13.1,8.9,11.1,7.5,6.8,61.0,39.0,N,2026-10-05 07:07
가락시장,POI058,2026-10-05 06:35,여유,6500,7000,72.8,27.2,0.2,2.0,6.3,14.3,22.0,27.7,18.0,9.4,41.7,58.3,N,2026-10-05 07:07
가로수길,POI059,2026-10-05 06:35,여유,9500,10000,51.9,48.1,1.9,6.7,12.1,14.6,20.6,19.2,12.4,12.6,68.3,31.7,N,2026-10-05 07:07
광장(전통)시장,POI060,2026-10-05 06:35,여유,1000,1500,55.7,44.3,0.8,3.7,17.9,13.8,15.0,18.4,18.0,12.5,56.0,44.0,N,2026-10-05 07:07
김포공항,POI061,2026-10-05 06:35,여유,3500,4000,55.2,44.8,0.0,5.9,16.7,21.2,20.8,19.0,11.7,4.7,7.3,92.7,N,2026-10-05 07:07
노량진,POI063,2026-10-05 06:35,여유,12000,14000,57.2,42.8,1.1,4.4,27.6,19.0,12.2,14.5,12.0,9.3,61.3,38.7,N,2026-10-05 07:07
덕수궁길·정동길,POI064,2026-10-05 06:35,여유,1000,1500,52.6,47.4,1.4,5.7,10.0,16.0,18.4,20.2,17.1,11.3,53.1,46.9,N,2026-10-05 07:07
북촌한옥마을,POI066,2026-10-05 06:35,여유,4000,4500,53.5,46.5,0.8,7.0,11.9,14.3,18.2,19.7,14.1,14.0,66.1,33.9,N,2026-10-05 07:07
서촌,POI067,2026-10-05 06:35,여유,9000,9500,48.1,51.9,2.3,8.6,11.5,14.5,17.2,18.7,13.6,13.5,82.3,17.7,N,2026-10-05 07:07
성수카페거리,POI068,2026-10-05 06:35,여유,7500,8000,57.9,42.1,1.3,4.3,15.8,17.7,15.3,20.2,15.9,9.6,60.8,39.2,N,2026-10-05 07:07
쌍문역,POI070,2026-10-05 06:35,여유,4500,5000,50.6,49.4,0.2,4.8,14.8,18.5,15.9,18.6,14.8,12.5,61.3,38.7,N,2026-10-05 07:07
압구정로데오거리,POI071,2026-10-05 06:35,여유,10000,12000,50.3,49.7,3.1,6.2,11.0,14.3,18.2,19.4,14.1,13.6,71.1,28.9,N,2026-10-05 07:07
여의도,POI072,2026-10-05 06:35,여유,36000,38000,54.2,45.8,1.6,5.0,11.3,17.0,19.2,19.2,14.5,12.0,63.3,36.7,N,2026-10-05 07:07
연남동,POI073,2026-10-05 06:35,여유,6000,6500,47.5,52.5,1.1,5.4,22.8,19.8,15.8,13.6,10.8,10.7,73.3,26.7,N,2026-10-05 07:07
영등포 타임스퀘어,POI074,2026-10-05 06:35,여유,3500,4000,57.1,42.9,0.2,2.5,29.9,25.4,13.6,13.2,9.9,5.3,33.5,66.5,N,2026-10-05 07:07
용리단길,POI076,2026-10-05 06:35,여유,3000,3500,51.3,48.7,3.7,4.6,13.5,20.0,18.1,17.2,13.1,9.8,78.4,21.6,N,2026-10-05 07:07
이태원 앤틱가구거리,POI077,2026-10-05 06:35,여유,4000,4500,58.6,41.4,1.3,4.7,21.7,20.2,15.0,16.1,11.9,9.1,55.6,44.4,N,2026-10-05 07:07
인사동,POI078,2026-10-05 06:35,여유,4000,4500,58.9,41.1,0.8,3.7,13.8,16.2,18.3,19.2,16.0,11.9,51.9,48.1,N,2026-10-05 07:07
창동 신경제 중심지,POI079,2026-10-05 06:35,여유,16000,18000,53.7,46.3,0.3,5.8,15.8,17.1,16.1,20.1,14.6,10.2,49.6,50.4,N,2026-10-05 07:07
청담동 명품거리,POI080,2026-10-05 06:35,여유,1500,2000,53.1,46.9,0.2,4.7,15.6,18.6,19.5,21.7,13.0,6.7,41.0,59.0,N,2026-10-05 07:07
청량리 제기동 일대 전통시장,POI081,2026-10-05 06:35,여유,7000,7500,55.3,44.7,1.7,4.1,14.4,12.4,13.9,19.8,18.4,15.3,59.5,40.5,N,2026-10-05 07:07
해방촌·경리단길,POI082,2026-10-05 06:35,여유,2500,3000,54.2,45.8,0.1,5.1,14.2,21.9,17.2,17.9,11.5,12.1,64.9,35.1,N,2026-10-05 07:07
DDP(동대문디자인플라자),POI083,2026-10-05 06:35,여유,1500,2000,52.1,47.9,1.1,3.8,14.8,15.5,15.9,20.5,17.2,11.1,61.5,38.5,N,2026-10-05 07:07
DMC(디지털미디어시티),POI084,2026-10-05 06:35,여유,12000,14000,49.6,50.4,3.3,7.7,14.6,16.3,17.7,18.4,12.3,9.8,67.6,32.4,N,2026-10-05 07:07
강서한강공원,POI085,2026-10-05 06:35,여유,0,100,71.6,28.4,0.0,6.8,8.2,13.0,17.6,20.8,26.1,7.6,2.3,97.7,N,2026-10-05 07:07
고척돔,POI086,2026-10-05 06:35,여유,800,900,52.8,47.2,0.1,5.9,9.0,24.4,19.6,18.6,13.1,9.5,56.1,43.9,N,2026-10-05 07:07
광나루한강공원,POI087,2026-10-05 06:35,여유,2000,2500,59.8,40.2,0.3,4.0,8.7,13.2,19.2,25.3,17.2,12.1,31.0,69.0,N,2026-10-05 07:07
광화문광장,POI088,2026-10-05 06:35,여유,1000,1500,58.8,41.2,0.9,3.2,12.4,17.0,19.1,23.5,15.1,8.7,46.6,53.4,N,2026-10-05 07:07
국립중앙박물관·용산가족공원,POI089,2026-10-05 06:35,여유,1000,1500,51.8,48.2,4.2,6.3,8.5,11.8,17.0,20.4,17.1,14.7,71.0,29.0,N,2026-10-05 07:07
난지한강공원,POI090,2026-10-05 06:35,여유,1000,1500,64.7,35.3,1.1,4.5,12.1,13.5,20.8,24.5,16.0,7.4,10.2,89.8,N,2026-10-05 07:07
남산공원,POI091,2026-10-05 06:35,여유,6000,6500,52.7,47.3,0.9,6.4,17.1,16.2,16.0,18.3,13.6,11.7,55.7,44.3,N,2026-10-05 07:07
노들섬,POI092,2026-10-05 06:35,여유,300,400,54.3,45.7,0.0,2.9,13.4,14.2,27.8,16.3,13.4,11.9,6.1,93.9,N,2026-10-05 07:07
뚝섬한강공원,POI093,2026-10-05 06:35,여유,1500,2000,54.2,45.8,0.4,4.2,8.0,17.1,18.0,20.4,17.8,14.1,44.0,56.0,N,2026-10-05 07:07
망원한강공원,POI094,2026-10-05 06:35,여유,1000,1500,56.0,44.0,1.3,4.5,13.0,16.7,18.8,21.0,14.0,10.7,51.4,48.6,N,2026-10-05 07:07
반포한강공원,POI095,2026-10-05 06:35,여유,1000,1500,62.6,37.4,0.9,5.8,10.3,14.2,21.6,22.6,16.7,7.9,9.8,90.2,N,2026-10-05 07:07
북서울꿈의숲,POI096,2026-10-05 06:35,여유,4500,5000,50.6,49.4,0.4,6.2,9.4,15.3,16.8,19.7,15.2,16.9,64.1,35.9,N,2026-10-05 07:07
서리풀공원·몽마르뜨공원,POI098,2026-10-05 06:35,여유,2000,2500,50.6,49.4,0.4,6.7,11.0,16.2,19.6,19.3,13.6,13.2,57.6,42.4,N,2026-10-05 07:07
서울대공원,POI100,2026-10-05 06:35,여유,600,700,57.1,42.9,2.2,6.4,8.5,13.4,19.4,19.9,20.3,10.0,46.6,53.4,N,2026-10-05 07:07
서울숲공원,POI101,2026-10-05 06:35,여유,2000,2500,60.7,39.3,0.8,3.8,10.0,17.0,18.1,25.3,16.5,8.5,34.9,65.1,N,2026-10-05 07:07
아차산,POI102,2026-10-05 06:35,여유,3500,4000,51.1,48.9,0.4,4.7,8.8,16.2,19.0,20.3,17.1,13.5,55.0,45.0,N,2026-10-05 07:07
양화한강공원,POI103,2026-10-05 06:35,여유,400,500,59.3,40.7,0.2,2.9,11.8,20.2,17.0,21.9,16.4,9.5,30.9,69.1,N,2026-10-05 07:07
어린이대공원,POI104,2026-10-05 06:35,여유,2500,3000,51.8,48.2,0.9,5.1,23.9,15.6,14.1,14.5,11.9,14.1,58.1,41.9,N,2026-10-05 07:07
여의도한강공원,POI105,2026-10-05 06:35,여유,1000,1500,58.1,41.9,1.3,4.6,10.5,15.6,20.5,20.5,14.9,12.1,33.6,66.4,N,2026-10-05 07:07
월드컵공원,POI106,2026-10-05 06:35,여유,4500,5000,56.4,43.6,1.2,4.8,11.7,15.5,19.8,21.9,14.4,10.7,37.6,62.4,N,2026-10-05 07:07
응봉산,POI107,2026-10-05 06:35,여유,1500,2000,51.4,48.6,0.3,7.8,7.5,12.1,21.6,21.2,16.6,12.8,63.2,36.8,N,2026-10-05 07:07
이촌한강공원,POI108,2026-10-05 06:35,여유,1000,1500,58.3,41.7,0.1,5.6,12.3,12.0,20.9,23.7,14.6,10.9,29.7,70.3,N,2026-10-05 07:07
잠실종합운동장,POI109,2026-10-05 06:35,여유,1500,2000,63.5,36.5,1.7,6.6,10.4,12.4,24.5,24.8,12.6,6.9,37.5,62.5,N,2026-10-05 07:07
잠실한강공원,POI110,2026-10-05 06:35,여유,1000,1500,59.2,40.8,0.5,6.1,7.2,9.9,23.5,23.8,16.4,12.7,21.5,78.5,N,2026-10-05 07:07
잠원한강공원,POI111,2026-10-05 06:35,여유,1000,1500,60.4,39.6,0.5,4.8,9.8,12.9,23.4,26.4,13.5,8.8,22.7,77.3,N,2026-10-05 07:07
청계산,POI112,2026-10-05 06:35,여유,1000,1500,57.4,42.6,2.0,4.3,9.3,16.5,18.9,20.5,14.7,13.9,54.4,45.6,N,2026-10-05 07:07
북창동 먹자골목,POI114,2026-10-05 06:35,여유,2000,2500,58.6,41.4,0.9,3.0,12.0,15.5,18.6,21.9,17.6,10.5,53.2,46.8,N,2026-10-05 07:07
남대문시장,POI115,2026-10-05 06:35,여유,2500,3000,56.4,43.6,1.0,3.3,10.8,13.5,17.7,22.3,18.9,12.4,56.9,43.1,N,2026-10-05 07:07
익선동,POI116,2026-10-05 06:35,여유,3000,3500,61.2,38.8,0.6,3.5,18.3,17.6,17.0,16.5,15.1,11.4,38.5,61.5,N,2026-10-05 07:07
신정네거리역,POI117,2026-10-05 06:35,여유,1000,1500,52.5,47.5,0.4,8.3,11.3,16.5,18.4,19.6,13.3,12.1,49.5,50.5,N,2026-10-05 07:07
잠실새내역,POI118,2026-10-05 06:35,여유,6000,6500,53.3,46.7,0.3,8.8,17.1,17.8,23.0,16.1,9.5,7.3,57.3,42.7,N,2026-10-05 07:07
잠실역,POI119,2026-10-05 06:35,여유,3500,4000,52.1,47.9,0.4,6.8,15.8,21.0,20.4,17.4,11.8,6.4,30.1,69.9,N,2026-10-05 07:07
잠실롯데타워·석촌호수,POI120,2026-10-05 06:35,여유,14000,16000,50.7,49.3,0.3,5.5,19.5,23.6,19.4,14.1,10.4,7.3,39.7,60.3,N,2026-10-05 07:07
송리단길·호수단길,POI121,2026-10-05 06:35,여유,4000,4500,50.5,49.5,0.1,3.0,15.3,27.4,16.5,15.8,12.5,9.3,68.6,31.4,N,2026-10-05 07:07
신촌 스타광장,POI122,2026-10-05 06:35,여유,1500,2000,47.2,52.8,1.0,4.7,41.7,16.2,10.1,11.0,8.1,7.1,62.7,37.3,N,2026-10-05 07:07
보라매공원,POI123,2026-10-05 06:35,여유,2000,2500,48.0,52.0,1.6,5.6,13.4,14.7,14.7,15.9,15.5,18.6,52.8,47.2,N,2026-10-05 07:07
서대문독립공원,POI124,2026-10-05 06:35,여유,600,700,51.9,48.1,0.5,5.7,11.4,12.3,16.5,20.0,16.2,17.2,55.5,44.5,N,2026-10-05 07:07
안양천,POI125,2026-10-05 06:35,여유,1000,1500,53.8,46.2,0.5,8.8,7.5,15.0,19.8,19.7,16.3,12.5,47.3,52.7,N,2026-10-05 07:07
여의서로,POI126,2026-10-05 06:35,여유,300,400,56.9,43.1,2.3,2.5,11.5,17.3,20.8,19.9,15.9,9.7,48.4,51.6,N,2026-10-05 07:07
올림픽공원,POI127,2026-10-05 06:35,여유,4500,5000,52.6,47.4,0.4,6.8,9.8,14.1,20.4,20.7,14.5,13.2,49.2,50.8,N,2026-10-05 07:07
홍제폭포,POI128,2026-10-05 06:35,여유,400,500,45.6,54.4,3.3,7.7,14.2,12.0,13.1,17.3,15.4,17.0,83.4,16.6,N,2026-10-05 07:07
송현녹지광장,POI129,2026-10-05 06:35,여유,1500,2000,54.7,45.3,1.0,5.7,11.2,14.5,18.9,20.4,15.2,13.0,62.9,37.1,N,2026-10-05 07:07
시의회 앞,POI130,2026-10-05 06:35,여유,1000,1500,58.3,41.7,0.8,4.9,10.7,15.7,17.6,23.6,17.3,9.5,35.0,65.0,N,2026-10-05 07:07
강남 MICE 관광특구,POI001,2026-10-05 07:35,여유,4500,5000,60.3,39.7,1.4,5.3,12.0,17.4,21.8,20.2,13.6,8.3,55.1,44.9,N,2026-10-05 08:07
동대문 관광특구,POI002,2026-10-05 07:35,여유,14000,16000,51.5,48.5,1.1,3.2,14.5,16.5,17.5,19.8,16.7,10.7,53.1,46.9,N,2026-10-05 08:07
명동 관광특구,POI003,2026-10-05 07:35,여유,18000,20000,61.0,39.0,0.5,2.6,11.4,16.8,22.5,24.3,14.5,7.4,49.4,50.6,N,2026-10-05 08:07
이태원 관광특구,POI004,2026-10-05 07:35,여유,5000,5500,60.9,39.1,0.1,3.3,24.3,24.9,17.0,15.8,8.8,5.7,19.1,80.9,N,2026-10-05 08:07
잠실 관광특구,POI005,2026-10-05 07:35,여유,20000,22000,50.7,49.3,0.3,6.3,16.2,21.2,18.7,16.7,11.9,8.7,15.7,84.3,N,2026-10-05 08:07
종로·청계 관광특구,POI006,2026-10-05 07:35,여유,14000,16000,57.3,42.7,0.9,3.0,14.4,16.2,18.5,20.7,16.1,10.2,50.9,49.1,N,2026-10-05 08:07
홍대 관광특구,POI007,2026-10-05 07:35,여유,34000,36000,50.1,49.9,1.1,6.0,26.5,19.2,14.7,13.9,10.1,8.5,56.4,43.6,N,2026-10-05 08:07
경복궁,POI008,2026-10-05 07:35,여유,600,700,58.9,41.1,0.9,7.0,10.9,16.4,20.5,21.4,13.2,9.7,55.4,44.6,N,2026-10-05 08:07
광화문·덕수궁,POI009,2026-10-05 07:35,여유,9000,9500,59.2,40.8,0.6,3.4,12.1,18.1,22.3,23.6,13.0,6.9,42.0,58.0,N,2026-10-05 08:07
보신각,POI010,2026-10-05 07:35,여유,3500,4000,63.2,36.8,0.5,2.5,12.8,18.3,24.0,23.0,12.7,6.4,51.0,49.0,N,2026-10-05 08:07
서울 암사동 유적,POI011,2026-10-05 07:35,여유,300,400,53.8,46.2,3.8,7.2,9.4,13.8,17.1,18.3,16.4,14.1,55.8,44.2,N,2026-10-05 08:07
창덕궁·종묘,POI012,2026-10-05 07:35,여유,4500,5000,55.5,44.5,0.7,4.6,17.9,15.9,16.6,19.7,14.8,9.9,38.6,61.4,N,2026-10-05 08:07
가산디지털단지역,POI013,2026-10-05 07:35,여유,6000,6500,58.5,41.5,0.0,3.0,19.6,22.4,18.9,18.9,11.7,5.5,18.0,82.0,N,2026-10-05 08:07
강남역,POI014,2026-10-05 07:35,여유,26000,28000,54.8,45.2,2.1,6.1,15.9,20.0,21.4,17.4,9.7,7.3,58.3,41.7,N,2026-10-05 08:07
건대입구역,POI015,2026-10-05 07:35,여유,18000,20000,48.8,51.2,1.9,5.7,27.2,16.4,12.7,14.1,11.8,10.2,66.1,33.9,N,2026-10-05 08:07
고덕역,POI016,2026-10-05 07:35,여유,1000,1500,52.5,47.5,1.4,9.8,12.3,12.7,22.3,18.7,13.5,9.4,23.5,76.5,N,2026-10-05 08:07
고속터미널역,POI017,2026-10-05 07:35,여유,4000,4500,51.8,48.2,0.1,7.1,13.2,15.3,20.3,21.6,13.8,8.7,10.7,89.3,N,2026-10-05 08:07
교대역,POI018,2026-10-05 07:35,여유,9500,10000,51.6,48.4,3.7,7.2,12.9,14.5,18.9,19.4,12.4,11.1,65.7,34.3,N,2026-10-05 08:07
구로디지털단지역,POI019,2026-10-05 07:35,여유,5000,5500,54.9,45.1,0.2,3.4,19.5,24.5,18.3,16.6,10.3,7.2,24.7,75.3,N,2026-10-05 08:07
구로역,POI020,2026-10-05 07:35,여유,1000,1500,52.2,47.8,0.2,2.4,12.5,18.9,21.4,19.6,13.5,11.5,16.2,83.8,N,2026-10-05 08:07
군자역,POI021,2026-10-05 07:35,여유,3500,4000,52.4,47.6,0.4,3.6,20.5,22.0,17.9,15.9,10.5,9.3,22.8,77.2,N,2026-10-05 08:07
대림역,POI023,2026-10-05 07:35,보통,16000,18000,49.3,50.7,2.0,4.9,12.5,14.8,14.1,19.9,17.6,14.2,78.3,21.7,N,2026-10-05 08:07
동대문역,POI024,2026-10-05 07:35,여유,2500,3000,57.6,42.4,0.1,2.4,12.3,12.0,15.6,24.5,20.9,12.2,15.1,84.9,N,2026-10-05 08:07
뚝섬역,POI025,2026-10-05 07:35,여유,5000,5500,53.1,46.9,2.0,5.3,13.7,18.7,17.4,18.7,14.0,10.1,59.2,40.8,N,2026-10-05 08:07
미아사거리역,POI026,2026-10-05 07:35,여유,4000,4500,51.6,48.4,0.2,5.1,18.1,15.2,16.0,20.3,14.2,10.8,19.7,80.3,N,2026-10-05 08:07
발산역,POI027,2026-10-05 07:35,여유,4000,4500,50.3,49.7,0.4,5.7,16.3,25.4,19.0,14.8,10.3,7.9,22.3,77.7,N,2026-10-05 08:07
사당역,POI029,2026-10-05 07:35,여유,7500,8000,53.7,46.3,0.2,3.8,18.7,22.3,14.7,16.9,13.3,10.1,18.9,81.1,N,2026-10-05 08:07
삼각지역,POI030,2026-10-05 07:35,여유,1000,1500,53.2,46.8,1.5,3.4,15.2,24.6,19.1,16.7,11.4,8.1,50.1,49.9,N,2026-10-05 08:07
서울대입구역,POI031,2026-10-05 07:35,여유,6000,6500,54.0,46.0,0.2,3.6,38.1,23.4,11.8,10.9,7.3,4.8,19.7,80.3,N,2026-10-05 08:07
서울식물원·마곡나루역,POI032,2026-10-05 07:35,여유,4500,5000,49.6,50.4,4.6,6.9,13.9,19.7,17.9,15.7,11.9,9.4,72.2,27.8,N,2026-10-05 08:07
서울역,POI033,2026-10-05 07:35,여유,7000,7500,55.0,45.0,1.2,4.5,13.4,16.7,18.7,21.8,14.3,9.5,47.8,52.2,N,2026-10-05 08:07
선릉역,POI034,2026-10-05 07:35,여유,22000,24000,52.0,48.0,1.8,8.3,14.8,18.7,21.4,18.2,9.6,7.2,58.6,41.4,N,2026-10-05 08:07
성신여대입구역,POI035,2026-10-05 07:35,여유,2500,3000,47.7,52.3,0.4,6.9,31.3,14.9,11.3,16.0,11.4,7.7,15.1,84.9,N,2026-10-05 08:07
수유역,POI036,2026-10-05 07:35,여유,7000,7500,51.3,48.7,0.2,4.2,20.6,16.9,15.1,17.5,14.6,10.9,26.3,73.7,N,2026-10-05 08:07
신논현역·논현역,POI037,2026-10-05 07:35,여유,6500,7000,53.1,46.9,1.6,4.7,16.8,20.4,20.3,17.0,10.4,8.8,58.1,41.9,N,2026-10-05 08:07
신도림역,POI038,2026-10-05 07:35,여유,6000,6500,50.1,49.9,3.4,5.4,13.1,19.0,17.2,17.5,13.9,10.6,60.6,39.4,N,2026-10-05 08:07
신림역,POI039,2026-10-05 07:35,여유,6500,7000,58.1,41.9,0.0,1.7,34.9,26.6,15.1,11.3,5.7,4.6,17.0,83.0,N,2026-10-05 08:07
신촌·이대역,POI040,2026-10-05 07:35,여유,20000,22000,43.7,56.3,1.3,6.6,40.2,15.7,10.6,11.2,7.8,6.5,57.7,42.3,N,2026-10-05 08:07
양재역,POI041,2026-10-05 07:35,여유,8500,9000,52.1,47.9,2.3,6.4,12.7,18.5,19.5,17.9,12.9,9.8,56.9,43.1,N,2026-10-05 08:07
역삼역,POI042,2026-10-05 07:35,여유,14000,16000,53.6,46.4,1.7,5.1,16.0,21.0,21.7,17.6,9.9,7.1,61.9,38.1,N,2026-10-05 08:07
연신내역,POI043,2026-10-05 07:35,여유,3000,3500,52.0,48.0,0.1,2.4,20.8,20.9,14.4,17.9,12.6,10.8,25.5,74.5,N,2026-10-05 08:07
오목교역·목동운동장,POI044,2026-10-05 07:35,여유,60000,62000,47.8,52.2,6.0,14.7,10.2,10.1,19.4,17.2,12.0,10.4,80.1,19.9,N,2026-10-05 08:07
왕십리역,POI045,2026-10-05 07:35,여유,18000,20000,48.8,51.2,2.8,7.3,25.0,15.5,13.1,14.4,11.4,10.5,70.0,30.0,N,2026-10-05 08:07
용산역,POI046,2026-10-05 07:35,여유,5500,6000,50.7,49.3,0.2,5.1,18.7,18.8,19.0,17.8,12.4,8.1,14.4,85.6,N,2026-10-05 08:07
이태원역,POI047,2026-10-05 07:35,여유,2500,3000,59.1,40.9,0.0,5.2,30.2,23.5,15.4,12.8,7.7,5.1,15.9,84.1,N,2026-10-05 08:07
장지역,POI048,2026-10-05 07:35,여유,10000,12000,52.6,47.4,3.1,5.8,12.3,20.1,19.5,17.2,12.8,9.1,63.2,36.8,N,2026-10-05 08:07
장한평역,POI049,2026-10-05 07:35,여유,5000,5500,57.3,42.7,0.2,3.6,16.2,20.8,19.4,17.2,14.0,8.5,22.2,77.8,N,2026-10-05 08:07
천호역,POI050,2026-10-05 07:35,여유,4000,4500,49.6,50.4,0.2,3.3,18.8,22.2,16.2,19.0,12.4,7.9,17.0,83.0,N,2026-10-05 08:07
총신대입구(이수)역,POI051,2026-10-05 07:35,여유,5000,5500,53.0,47.0,0.4,3.7,15.3,21.7,16.8,16.8,13.5,11.8,21.9,78.1,N,2026-10-05 08:07
충정로역,POI052,2026-10-05 07:35,보통,6500,7000,50.0,50.0,2.1,5.5,13.9,18.2,17.9,17.9,13.2,11.2,67.7,32.3,N,2026-10-05 08:07
합정역,POI053,2026-10-05 07:35,여유,6500,7000,48.4,51.6,1.3,4.2,18.4,22.1,16.2,15.6,11.7,10.5,62.9,37.1,N,2026-10-05 08:07
혜화역,POI054,2026-10-05 07:35,여유,9000,9500,48.6,51.4,1.2,8.6,24.6,14.5,13.4,15.2,11.9,10.8,61.8,38.2,N,2026-10-05 08:07
홍대입구역(2호선),POI055,2026-10-05 07:35,여유,7500,8000,49.1,50.9,1.2,5.6,23.8,18.9,15.7,15.0,10.8,9.0,58.7,41.3,N,2026-10-05 08:07
회기역,POI056,2026-10-05 07:35,여유,6000,6500,49.6,50.4,0.0,5.9,46.2,13.9,8.4,10.9,7.1,7.7,25.0,75.0,N,2026-10-05 08:07
가락시장,POI058,2026-10-05 07:35,여유,6500,7000,68.3,31.7,0.2,2.8,5.6,13.8,20.2,26.6,20.0,10.8,15.3,84.7,N,2026-10-05 08:07
가로수길,POI059,2026-10-05 07:35,여유,12000,14000,50.9,49.1,2.2,7.2,11.7,15.1,19.3,19.3,12.8,12.4,59.5,40.5,N,2026-10-05 08:07
광장(전통)시장,POI060,2026-10-05 07:35,여유,1500,2000,56.6,43.4,0.7,3.1,16.1,14.5,16.1,19.6,18.0,11.8,50.2,49.8,N,2026-10-05 08:07
김포공항,POI061,2026-10-05 07:35,여유,4000,4500,53.9,46.1,0.2,4.8,18.0,23.8,18.8,19.1,10.7,4.5,4.2,95.8,N,2026-10-05 08:07
노량진,POI063,2026-10-05 07:35,여유,18000,20000,54.4,45.6,1.3,5.7,27.3,18.6,12.7,13.7,11.3,9.4,55.0,45.0,N,2026-10-05 08:07
덕수궁길·정동길,POI064,2026-10-05 07:35,여유,1500,2000,53.3,46.7,1.2,6.1,11.9,16.6,19.4,21.9,14.0,8.9,47.2,52.8,N,2026-10-05 08:07
북촌한옥마을,POI066,2026-10-05 07:35,여유,6000,6500,57.8,42.2,0.7,8.9,11.4,15.7,19.7,19.8,12.6,11.0,52.3,47.7,N,2026-10-05 08:07
서촌,POI067,2026-10-05 07:35,여유,9500,10000,50.1,49.9,2.1,8.7,11.6,15.5,17.8,18.6,13.3,12.3,73.4,26.6,N,2026-10-05 08:07
성수카페거리,POI068,2026-10-05 07:35,여유,12000,14000,57.2,42.8,1.6,4.1,15.8,17.5,15.7,19.5,15.7,10.0,62.2,37.8,N,2026-10-05 08:07
쌍문역,POI070,2026-10-05 07:35,여유,4000,4500,49.8,50.2,0.3,4.7,14.7,17.3,16.3,19.1,14.7,12.8,30.3,69.7,N,2026-10-05 08:07
압구정로데오거리,POI071,2026-10-05 07:35,여유,12000,14000,50.8,49.2,2.9,5.9,11.1,14.8,18.7,19.4,14.2,12.9,63.3,36.7,N,2026-10-05 08:07
여의도,POI072,2026-10-05 07:35,여유,56000,58000,56.8,43.2,1.4,4.4,12.2,19.7,21.3,19.5,12.3,9.3,55.4,44.6,N,2026-10-05 08:07
연남동,POI073,2026-10-05 07:35,여유,6500,7000,47.6,52.4,1.2,5.7,22.1,20.1,15.8,14.1,10.5,10.5,56.8,43.2,N,2026-10-05 08:07
영등포 타임스퀘어,POI074,2026-10-05 07:35,여유,4500,5000,55.7,44.3,0.1,3.7,25.4,24.4,15.6,14.6,10.5,5.7,13.1,86.9,N,2026-10-05 08:07
용리단길,POI076,2026-10-05 07:35,여유,3500,4000,53.3,46.7,3.3,4.0,13.3,20.4,20.0,18.0,12.1,9.0,72.4,27.6,N,2026-10-05 08:07
이태원 앤틱가구거리,POI077,2026-10-05 07:35,여유,3500,4000,58.8,41.2,1.1,4.6,17.5,20.4,16.9,17.6,12.5,9.3,51.9,48.1,N,2026-10-05 08:07
인사동,POI078,2026-10-05 07:35,여유,6000,6500,60.7,39.3,0.5,4.6,12.5,17.8,21.3,20.1,13.7,9.7,47.0,53.0,N,2026-10-05 08:07
창동 신경제 중심지,POI079,2026-10-05 07:35,여유,16000,18000,52.7,47.3,0.2,6.3,15.2,17.1,16.0,21.4,14.2,9.6,22.8,77.2,N,2026-10-05 08:07
청담동 명품거리,POI080,2026-10-05 07:35,여유,2000,2500,56.7,43.3,0.3,5.3,13.9,19.6,19.9,22.0,12.2,6.8,21.8,78.2,N,2026-10-05 08:07
청량리 제기동 일대 전통시장,POI081,2026-10-05 07:35,여유,9500,10000,52.1,47.9,2.2,4.6,14.9,12.6,14.0,18.3,17.8,15.5,59.2,40.8,N,2026-10-05 08:07
해방촌·경리단길,POI082,2026-10-05 07:35,여유,2500,3000,51.0,49.0,0.3,3.3,14.4,22.2,20.0,16.8,12.6,10.5,29.7,70.3,N,2026-10-05 08:07
DDP(동대문디자인플라자),POI083,2026-10-05 07:35,여유,3000,3500,52.2,47.8,1.1,3.3,14.6,16.2,16.8,20.4,16.7,10.8,58.3,41.7,N,2026-10-05 08:07
DMC(디지털미디어시티),POI084,2026-10-05 07:35,여유,18000,20000,49.2,50.8,3.7,7.3,13.8,16.9,18.1,18.5,12.2,9.6,68.4,31.6,N,2026-10-05 08:07
강서한강공원,POI085,2026-10-05 07:35,여유,0,100,63.9,36.1,0.0,4.9,9.8,16.6,22.6,24.7,16.9,4.5,3.7,96.3,N,2026-10-05 08:07
고척돔,POI086,2026-10-05 07:35,여유,700,800,53.9,46.1,0.1,6.2,11.2,23.2,20.8,14.6,13.0,10.8,17.5,82.5,N,2026-10-05 08:07
광나루한강공원,POI087,2026-10-05 07:35,여유,2500,3000,53.2,46.8,0.2,4.8,7.8,13.5,18.5,24.6,18.6,11.8,10.9,89.1,N,2026-10-05 08:07
광화문광장,POI088,2026-10-05 07:35,여유,1500,2000,59.3,40.7,0.7,2.9,13.1,19.8,21.8,22.8,12.4,6.5,43.8,56.2,N,2026-10-05 08:07
국립중앙박물관·용산가족공원,POI089,2026-10-05 07:35,여유,1000,1500,52.9,47.1,4.0,6.1,8.4,12.5,19.0,20.6,16.2,13.2,61.2,38.8,N,2026-10-05 08:07
난지한강공원,POI090,2026-10-05 07:35,여유,1000,1500,60.0,40.0,1.1,3.9,8.3,14.6,26.1,23.7,14.6,7.6,10.0,90.0,N,2026-10-05 08:07
남산공원,POI091,2026-10-05 07:35,여유,7000,7500,54.4,45.6,0.9,5.8,17.0,16.7,16.9,17.9,14.1,10.6,41.0,59.0,N,2026-10-05 08:07
노들섬,POI092,2026-10-05 07:35,여유,400,500,57.6,42.4,0.1,5.2,20.0,11.7,18.1,22.2,12.8,9.9,2.8,97.2,N,2026-10-05 08:07
뚝섬한강공원,POI093,2026-10-05 07:35,여유,2000,2500,54.4,45.6,0.2,4.4,6.6,15.0,19.3,23.6,16.7,14.3,16.3,83.7,N,2026-10-05 08:07
망원한강공원,POI094,2026-10-05 07:35,여유,1500,2000,54.4,45.6,1.7,5.1,12.0,17.3,18.9,20.4,14.1,10.4,46.0,54.0,N,2026-10-05 08:07
반포한강공원,POI095,2026-10-05 07:35,여유,1500,2000,57.7,42.3,0.8,4.4,8.2,14.2,28.3,23.6,14.2,6.3,2.5,97.5,N,2026-10-05 08:07
북서울꿈의숲,POI096,2026-10-05 07:35,여유,4500,5000,50.1,49.9,0.6,5.7,9.0,14.8,17.2,18.8,16.6,17.2,31.4,68.6,N,2026-10-05 08:07
서리풀공원·몽마르뜨공원,POI098,2026-10-05 07:35,여유,2000,2500,50.0,50.0,0.4,6.5,10.7,15.9,21.2,19.2,13.6,12.5,30.0,70.0,N,2026-10-05 08:07
서울대공원,POI100,2026-10-05 07:35,여유,900,1000,56.7,43.3,2.5,5.8,10.0,14.8,20.0,20.5,16.5,9.9,34.8,65.2,N,2026-10-05 08:07
서울숲공원,POI101,2026-10-05 07:35,여유,2000,2500,54.7,45.3,1.9,4.8,10.9,16.1,19.2,22.0,15.6,9.5,42.3,57.7,N,2026-10-05 08:07
아차산,POI102,2026-10-05 07:35,여유,4000,4500,50.5,49.5,0.4,4.7,9.4,13.7,20.3,21.3,17.2,13.0,22.7,77.3,N,2026-10-05 08:07
양화한강공원,POI103,2026-10-05 07:35,여유,400,500,58.4,41.6,0.3,3.4,14.5,21.9,18.0,20.6,14.0,7.2,17.5,82.5,N,2026-10-05 08:07
어린이대공원,POI104,2026-10-05 07:35,여유,3000,3500,48.7,51.3,1.7,6.2,22.2,17.0,13.9,14.5,12.8,11.8,48.1,51.9,N,2026-10-05 08:07
여의도한강공원,POI105,2026-10-05 07:35,여유,1500,2000,57.7,42.3,1.2,4.3,11.6,17.9,22.4,19.7,13.8,9.2,38.2,61.8,N,2026-10-05 08:07
월드컵공원,POI106,2026-10-05 07:35,여유,7000,7500,53.2,46.8,1.7,6.4,12.1,18.3,20.4,18.4,12.5,10.1,34.2,65.8,N,2026-10-05 08:07
응봉산,POI107,2026-10-05 07:35,여유,1500,2000,49.5,50.5,0.4,7.2,8.3,13.1,21.8,22.6,14.5,12.0,28.1,71.9,N,2026-10-05 08:07
이촌한강공원,POI108,2026-10-05 07:35,여유,1000,1500,56.2,43.8,0.1,5.9,9.3,13.4,19.2,24.8,15.6,11.7,14.0,86.0,N,2026-10-05 08:07
잠실종합운동장,POI109,2026-10-05 07:35,여유,2000,2500,57.9,42.1,2.8,9.0,10.9,13.0,22.6,22.7,11.1,8.0,41.5,58.5,N,2026-10-05 08:07
잠실한강공원,POI110,2026-10-05 07:35,여유,1500,2000,58.0,42.0,0.2,8.2,7.4,12.2,24.1,23.9,14.6,9.5,8.4,91.6,N,2026-10-05 08:07
잠원한강공원,POI111,2026-10-05 07:35,여유,1000,1500,53.4,46.6,0.8,5.9,9.2,11.6,24.0,26.4,13.7,8.4,7.1,92.9,N,2026-10-05 08:07
청계산,POI112,2026-10-05 07:35,보통,2500,3000,56.3,43.7,1.3,4.2,14.2,20.3,20.6,18.5,11.7,9.2,31.0,69.0,N,2026-10-05 08:07
북창동 먹자골목,POI114,2026-10-05 07:35,여유,3000,3500,59.3,40.7,0.6,2.7,11.3,16.5,21.1,24.2,15.3,8.5,48.0,52.0,N,2026-10-05 08:07
남대문시장,POI115,2026-10-05 07:35,여유,4500,5000,57.1,42.9,0.8,2.9,10.6,15.2,19.6,23.6,16.7,10.7,53.8,46.2,N,2026-10-05 08:07
익선동,POI116,2026-10-05 07:35,여유,4000,4500,60.7,39.3,0.5,3.9,16.7,18.4,19.1,17.9,13.3,10.2,33.1,66.9,N,2026-10-05 08:07
신정네거리역,POI117,2026-10-05 07:35,여유,1000,1500,51.5,48.5,0.0,9.8,12.0,17.2,15.1,22.0,13.7,10.3,24.9,75.1,N,2026-10-05 08:07
잠실새내역,POI118,2026-10-05 07:35,여유,6000,6500,54.2,45.8,0.5,10.2,15.2,17.6,21.4,18.6,9.3,7.1,23.5,76.5,N,2026-10-05 08:07
잠실역,POI119,2026-10-05 07:35,여유,4500,5000,50.0,50.0,0.3,9.4,15.1,20.7,18.0,17.6,12.6,6.3,14.3,85.7,N,2026-10-05 08:07
잠실롯데타워·석촌호수,POI120,2026-10-05 07:35,여유,16000,18000,49.7,50.3,0.3,6.0,18.3,23.7,17.9,15.3,11.0,7.5,15.3,84.7,N,2026-10-05 08:07
송리단길·호수단길,POI121,2026-10-05 07:35,여유,4000,4500,47.9,52.1,0.2,3.7,14.3,25.9,17.7,15.6,12.6,10.1,27.2,72.8,N,2026-10-05 08:07
신촌 스타광장,POI122,2026-10-05 07:35,여유,1500,2000,47.2,52.8,0.8,5.3,39.0,17.3,11.1,11.4,8.1,6.9,56.5,43.5,N,2026-10-05 08:07
보라매공원,POI123,2026-10-05 07:35,여유,2500,3000,49.9,50.1,2.2,6.2,14.1,15.2,15.9,17.8,14.0,14.5,50.1,49.9,N,2026-10-05 08:07
서대문독립공원,POI124,2026-10-05 07:35,여유,700,800,48.8,51.2,0.4,5.1,11.9,11.2,16.2,22.3,16.8,16.1,24.1,75.9,N,2026-10-05 08:07
안양천,POI125,2026-10-05 07:35,여유,1000,1500,53.5,46.5,0.4,9.5,6.0,15.1,20.1,21.6,16.1,11.3,14.9,85.1,N,2026-10-05 08:07
여의서로,POI126,2026-10-05 07:35,여유,400,500,62.8,37.2,1.0,2.0,16.9,17.1,22.2,19.1,15.3,6.4,21.3,78.7,N,2026-10-05 08:07
올림픽공원,POI127,2026-10-05 07:35,여유,5500,6000,53.6,46.4,0.5,7.2,10.0,13.8,21.1,20.5,14.7,12.3,16.6,83.4,N,2026-10-05 08:07
홍제폭포,POI128,2026-10-05 07:35,여유,400,500,45.2,54.8,3.4,7.4,13.6,12.0,13.1,17.4,15.7,17.4,79.3,20.7,N,2026-10-05 08:07
송현녹지광장,POI129,2026-10-05 07:35,여유,2000,2500,59.2,40.8,0.7,7.0,10.9,17.7,22.8,20.4,11.8,8.8,51.4,48.6,N,2026-10-05 08:07
시의회 앞,POI130,2026-10-05 07:35,여유,2500,3000,57.4,42.6,0.6,3.5,12.4,17.3,21.7,24.2,13.1,7.1,39.1,60.9,N,2026-10-05 08:07
장한평역,POI049,2026-10-05 07:40,여유,5000,5500,56.7,43.3,0.2,3.2,17.0,20.6,18.7,16.8,13.8,9.6,21.6,78.4,N,2026-10-05 08:07
천호역,POI050,2026-10-05 07:40,여유,4000,4500,50.9,49.1,0.4,3.4,18.7,23.4,15.6,19.0,11.4,8.1,16.6,83.4,N,2026-10-05 08:07
총신대입구(이수)역,POI051,2026-10-05 07:40,여유,5000,5500,53.6,46.4,0.1,4.8,14.1,21.6,17.9,16.6,13.4,11.5,21.0,79.0,N,2026-10-05 08:07
충정로역,POI052,2026-10-05 07:40,보통,6500,7000,49.8,50.2,2.0,5.4,14.1,18.6,17.9,17.8,13.2,11.0,66.3,33.7,N,2026-10-05 08:07
합정역,POI053,2026-10-05 07:40,여유,6500,7000,48.2,51.8,1.3,4.2,18.6,21.5,16.4,15.9,11.9,10.2,61.8,38.2,N,2026-10-05 08:07
혜화역,POI054,2026-10-05 07:40,여유,9000,9500,49.1,50.9,1.2,8.7,24.5,14.5,13.4,15.1,11.9,10.7,59.5,40.5,N,2026-10-05 08:07
홍대입구역(2호선),POI055,2026-10-05 07:40,여유,7500,8000,49.0,51.0,1.1,5.4,23.7,19.0,15.8,15.1,10.9,9.0,58.3,41.7,N,2026-10-05 08:07
회기역,POI056,2026-10-05 07:40,여유,6000,6500,49.6,50.4,0.1,5.5,46.4,14.1,8.4,10.7,7.4,7.5,27.0,73.0,N,2026-10-05 08:07
가락시장,POI058,2026-10-05 07:40,여유,6000,6500,66.6,33.4,0.2,2.3,5.8,13.5,20.7,26.5,19.9,11.0,15.5,84.5,N,2026-10-05 08:07
가로수길,POI059,2026-10-05 07:40,여유,12000,14000,51.0,49.0,2.1,7.2,12.0,14.9,19.4,19.0,12.9,12.5,58.6,41.4,N,2026-10-05 08:07
광장(전통)시장,POI060,2026-10-05 07:40,여유,1500,2000,56.5,43.5,0.7,3.0,16.0,14.3,15.8,20.2,17.9,12.2,49.6,50.4,N,2026-10-05 08:07
김포공항,POI061,2026-10-05 07:40,여유,4000,4500,52.6,47.4,0.1,5.7,17.4,22.9,20.0,18.0,10.2,5.6,4.4,95.6,N,2026-10-05 08:07
노량진,POI063,2026-10-05 07:40,여유,18000,20000,54.2,45.8,1.3,5.7,27.6,18.5,12.4,13.9,11.1,9.5,53.4,46.6,N,2026-10-05 08:07
덕수궁길·정동길,POI064,2026-10-05 07:40,여유,1500,2000,53.1,46.9,1.1,6.3,11.6,15.9,20.5,21.8,13.7,9.0,47.5,52.5,N,2026-10-05 08:07
북촌한옥마을,POI066,2026-10-05 07:40,여유,6500,7000,58.3,41.7,0.7,8.9,11.4,16.4,19.8,19.4,12.9,10.6,51.4,48.6,N,2026-10-05 08:07
서촌,POI067,2026-10-05 07:40,여유,10000,12000,50.0,50.0,2.1,9.1,11.4,15.3,17.9,18.6,13.3,12.4,72.9,27.1,N,2026-10-05 08:07
성수카페거리,POI068,2026-10-05 07:40,여유,12000,14000,57.3,42.7,1.6,4.0,16.1,17.4,15.6,19.4,15.9,10.0,61.9,38.1,N,2026-10-05 08:07
쌍문역,POI070,2026-10-05 07:40,여유,4500,5000,50.1,49.9,0.2,5.1,15.6,18.0,16.0,18.4,14.4,12.2,30.6,69.4,N,2026-10-05 08:07
압구정로데오거리,POI071,2026-10-05 07:40,여유,12000,14000,50.4,49.6,2.9,5.8,11.3,14.9,18.5,19.5,14.2,12.9,63.2,36.8,N,2026-10-05 08:07
여의도,POI072,2026-10-05 07:40,여유,56000,58000,56.7,43.3,1.3,4.1,12.1,19.8,21.7,19.7,12.2,9.1,56.8,43.2,N,2026-10-05 08:07
연남동,POI073,2026-10-05 07:40,여유,6500,7000,47.3,52.7,1.2,5.5,22.3,19.6,15.9,14.0,11.0,10.5,57.0,43.0,N,2026-10-05 08:07
영등포 타임스퀘어,POI074,2026-10-05 07:40,여유,4500,5000,55.8,44.2,0.2,4.0,26.7,23.9,16.8,12.7,10.0,5.7,13.2,86.8,N,2026-10-05 08:07
용리단길,POI076,2026-10-05 07:40,여유,3500,4000,53.5,46.5,3.2,3.8,13.2,20.4,20.2,18.2,12.0,9.0,71.6,28.4,N,2026-10-05 08:07
이태원 앤틱가구거리,POI077,2026-10-05 07:40,여유,3500,4000,57.9,42.1,1.2,4.8,18.4,19.1,16.1,18.3,12.8,9.3,52.5,47.5,N,2026-10-05 08:07
인사동,POI078,2026-10-05 07:40,여유,6000,6500,60.4,39.6,0.5,4.4,12.5,18.1,21.5,20.2,13.6,9.2,47.0,53.0,N,2026-10-05 08:07
창동 신경제 중심지,POI079,2026-10-05 07:40,여유,16000,18000,53.0,47.0,0.3,6.4,15.2,17.2,16.2,21.5,13.6,9.5,22.7,77.3,N,2026-10-05 08:07
청담동 명품거리,POI080,2026-10-05 07:40,여유,2000,2500,53.7,46.3,0.2,4.1,14.9,20.4,19.7,21.6,12.3,6.8,22.2,77.8,N,2026-10-05 08:07
청량리 제기동 일대 전통시장,POI081,2026-10-05 07:40,여유,9500,10000,52.5,47.5,2.4,4.4,15.2,12.6,13.9,18.1,17.8,15.7,60.2,39.8,N,2026-10-05 08:07
해방촌·경리단길,POI082,2026-10-05 07:40,여유,2500,3000,51.2,48.8,0.1,4.3,14.2,23.1,19.9,15.2,12.1,11.2,29.3,70.7,N,2026-10-05 08:07
DDP(동대문디자인플라자),POI083,2026-10-05 07:40,여유,3000,3500,52.3,47.7,1.1,3.5,14.3,16.2,17.0,20.3,16.9,10.8,57.7,42.3,N,2026-10-05 08:07
DMC(디지털미디어시티),POI084,2026-10-05 07:40,여유,20000,22000,49.3,50.7,3.6,7.0,14.1,16.9,18.3,18.5,12.0,9.5,67.3,32.7,N,2026-10-05 08:07
강서한강공원,POI085,2026-10-05 07:40,여유,0,100,65.6,34.4,0.2,3.1,6.4,13.5,24.3,25.6,17.6,9.3,4.0,96.0,N,2026-10-05 08:07
고척돔,POI086,2026-10-05 07:40,여유,700,800,53.5,46.5,0.4,4.3,9.7,23.1,20.9,18.9,11.5,11.1,17.6,82.4,N,2026-10-05 08:07
광나루한강공원,POI087,2026-10-05 07:40,여유,2500,3000,52.8,47.2,0.1,4.0,7.2,13.2,17.6,26.5,20.3,11.1,9.9,90.1,N,2026-10-05 08:07
광화문광장,POI088,2026-10-05 07:40,여유,1500,2000,60.6,39.4,0.7,3.4,12.5,20.5,22.3,21.8,12.1,6.6,43.6,56.4,N,2026-10-05 08:07
국립중앙박물관·용산가족공원,POI089,2026-10-05 07:40,여유,1000,1500,52.0,48.0,4.0,5.9,9.1,12.2,18.2,20.1,16.6,13.9,60.6,39.4,N,2026-10-05 08:07
난지한강공원,POI090,2026-10-05 07:40,여유,1000,1500,63.5,36.5,1.2,3.4,7.1,15.2,24.6,26.5,14.5,7.6,10.3,89.7,N,2026-10-05 08:07
남산공원,POI091,2026-10-05 07:40,여유,7000,7500,54.4,45.6,1.0,5.7,17.0,16.8,17.1,17.9,13.7,10.8,41.4,58.6,N,2026-10-05 08:07
노들섬,POI092,2026-10-05 07:40,여유,600,700,54.9,45.1,0.0,2.4,21.3,14.3,15.5,18.2,17.6,10.6,1.7,98.3,N,2026-10-05 08:07
뚝섬한강공원,POI093,2026-10-05 07:40,여유,1500,2000,55.9,44.1,0.3,3.6,6.7,16.1,19.3,22.8,17.1,14.1,16.0,84.0,N,2026-10-05 08:07
망원한강공원,POI094,2026-10-05 07:40,여유,1500,2000,55.0,45.0,1.6,4.5,12.2,17.5,18.9,20.5,14.3,10.4,45.1,54.9,N,2026-10-05 08:07
반포한강공원,POI095,2026-10-05 07:40,여유,1500,2000,57.3,42.7,0.4,5.3,7.9,13.3,27.0,25.3,13.2,7.5,2.7,97.3,N,2026-10-05 08:07
북서울꿈의숲,POI096,2026-10-05 07:40,여유,4500,5000,49.1,50.9,0.5,6.3,9.1,14.2,16.8,20.1,15.8,17.2,31.6,68.4,N,2026-10-05 08:07
서리풀공원·몽마르뜨공원,POI098,2026-10-05 07:40,여유,2000,2500,50.1,49.9,0.4,6.5,11.3,16.5,20.7,19.5,12.9,12.1,30.0,70.0,N,2026-10-05 08:07
서울대공원,POI100,2026-10-05 07:40,여유,900,1000,56.9,43.1,2.7,6.1,10.1,14.3,20.9,20.8,16.2,8.8,34.2,65.8,N,2026-10-05 08:07
서울숲공원,POI101,2026-10-05 07:40,여유,2000,2500,55.0,45.0,1.8,6.1,11.0,16.6,19.3,20.6,14.8,9.8,41.6,58.4,N,2026-10-05 08:07
아차산,POI102,2026-10-05 07:40,여유,4000,4500,52.4,47.6,0.3,3.6,8.3,15.5,19.9,21.5,17.8,13.1,22.0,78.0,N,2026-10-05 08:07
양화한강공원,POI103,2026-10-05 07:40,여유,400,500,56.0,44.0,0.5,3.2,13.0,20.6,21.8,19.9,13.6,7.3,17.4,82.6,N,2026-10-05 08:07
어린이대공원,POI104,2026-10-05 07:40,여유,3000,3500,48.5,51.5,1.7,5.4,22.6,16.5,14.2,15.3,12.4,12.0,46.2,53.8,N,2026-10-05 08:07
여의도한강공원,POI105,2026-10-05 07:40,여유,1500,2000,59.2,40.8,1.0,3.6,12.4,18.4,22.4,19.2,14.0,8.9,38.8,61.2,N,2026-10-05 08:07
월드컵공원,POI106,2026-10-05 07:40,여유,7000,7500,53.7,46.3,1.6,5.8,12.2,18.0,20.4,19.6,12.6,9.8,33.9,66.1,N,2026-10-05 08:07
응봉산,POI107,2026-10-05 07:40,여유,1500,2000,50.4,49.6,0.3,7.4,9.1,13.1,22.1,21.3,14.3,12.4,28.1,71.9,N,2026-10-05 08:07
이촌한강공원,POI108,2026-10-05 07:40,여유,1000,1500,54.1,45.9,0.5,5.4,8.7,13.8,21.2,24.0,15.6,10.8,13.2,86.8,N,2026-10-05 08:07
잠실종합운동장,POI109,2026-10-05 07:40,여유,2000,2500,57.8,42.2,2.7,9.1,11.0,12.9,23.2,22.3,11.0,7.7,40.3,59.7,N,2026-10-05 08:07
잠실한강공원,POI110,2026-10-05 07:40,여유,1500,2000,58.0,42.0,0.1,8.0,6.5,10.6,23.4,25.9,16.2,9.2,8.2,91.8,N,2026-10-05 08:07
잠원한강공원,POI111,2026-10-05 07:40,여유,1000,1500,55.1,44.9,0.5,6.4,9.6,12.8,25.0,25.2,12.7,7.9,8.1,91.9,N,2026-10-05 08:07
청계산,POI112,2026-10-05 07:40,보통,2500,3000,56.0,44.0,1.3,3.4,14.8,20.7,20.9,18.6,11.4,8.9,29.9,70.1,N,2026-10-05 08:07
북창동 먹자골목,POI114,2026-10-05 07:40,여유,3000,3500,59.1,40.9,0.6,2.7,11.3,16.6,21.3,24.1,15.1,8.4,48.0,52.0,N,2026-10-05 08:07
남대문시장,POI115,2026-10-05 07:40,여유,4500,5000,57.2,42.8,0.8,2.7,10.5,15.5,19.7,23.7,16.6,10.5,53.3,46.7,N,2026-10-05 08:07
익선동,POI116,2026-10-05 07:40,여유,4000,4500,60.3,39.7,0.5,3.8,16.5,18.3,19.2,18.2,13.7,9.8,34.3,65.7,N,2026-10-05 08:07
신정네거리역,POI117,2026-10-05 07:40,여유,1000,1500,51.7,48.3,0.4,9.2,12.3,18.2,16.5,22.0,11.6,9.8,25.4,74.6,N,2026-10-05 08:07
잠실새내역,POI118,2026-10-05 07:40,여유,6000,6500,51.8,48.2,0.3,9.1,16.4,17.7,23.3,17.8,8.8,6.5,23.4,76.6,N,2026-10-05 08:07
잠실역,POI119,2026-10-05 07:40,여유,4500,5000,51.7,48.3,0.3,9.1,17.5,21.0,18.2,17.9,10.9,5.0,14.4,85.6,N,2026-10-05 08:07
잠실롯데타워·석촌호수,POI120,2026-10-05 07:40,여유,16000,18000,50.3,49.7,0.3,5.8,19.2,23.4,19.2,15.1,10.3,6.7,15.6,84.4,N,2026-10-05 08:07
송리단길·호수단길,POI121,2026-10-05 07:40,여유,4000,4500,49.6,50.4,0.1,3.3,14.6,25.5,18.3,15.5,12.9,9.8,27.3,72.7,N,2026-10-05 08:07
신촌 스타광장,POI122,2026-10-05 07:40,여유,1500,2000,46.8,53.2,0.9,4.9,39.5,16.3,11.1,11.9,8.4,7.2,56.3,43.7,N,2026-10-05 08:07
보라매공원,POI123,2026-10-05 07:40,여유,2500,3000,50.0,50.0,2.2,6.3,13.7,14.7,15.9,18.7,14.3,14.1,49.8,50.2,N,2026-10-05 08:07
서대문독립공원,POI124,2026-10-05 07:40,여유,700,800,51.5,48.5,0.4,5.2,11.5,11.5,14.9,21.6,19.0,15.9,22.3,77.7,N,2026-10-05 08:07
안양천,POI125,2026-10-05 07:40,여유,1000,1500,56.2,43.8,0.5,7.8,7.2,14.6,20.3,20.6,16.8,12.3,14.6,85.4,N,2026-10-05 08:07
여의서로,POI126,2026-10-05 07:40,여유,900,1000,72.4,27.6,0.5,2.0,18.8,26.8,23.0,16.7,9.0,3.2,11.8,88.2,N,2026-10-05 08:07
올림픽공원,POI127,2026-10-05 07:40,여유,5500,6000,52.6,47.4,0.5,6.2,10.4,13.9,21.8,20.5,14.3,12.5,15.3,84.7,N,2026-10-05 08:07
홍제폭포,POI128,2026-10-05 07:40,여유,400,500,45.0,55.0,3.4,7.4,13.6,12.0,13.1,17.4,15.8,17.4,78.5,21.5,N,2026-10-05 08:07
송현녹지광장,POI129,2026-10-05 07:40,여유,2500,3000,59.7,40.3,0.6,7.1,10.9,18.3,22.6,20.0,11.9,8.6,50.4,49.6,N,2026-10-05 08:07
시의회 앞,POI130,2026-10-05 07:40,여유,2500,3000,57.7,42.3,0.6,3.6,12.7,17.7,22.0,23.5,13.4,6.5,37.6,62.4,N,2026-10-05 08:07
강남 MICE 관광특구,POI001,2026-10-05 08:35,여유,8000,8500,59.0,41.0,1.0,5.4,14.9,21.4,22.8,18.6,10.1,5.8,52.6,47.4,N,2026-10-05 09:07
동대문 관광특구,POI002,2026-10-05 08:35,여유,18000,20000,50.5,49.5,1.1,3.5,14.5,16.9,17.8,19.4,16.6,10.3,47.8,52.2,N,2026-10-05 09:07
명동 관광특구,POI003,2026-10-05 08:35,여유,36000,38000,56.4,43.6,0.5,2.0,13.5,21.2,25.5,22.2,10.2,4.9,57.1,42.9,N,2026-10-05 09:07
이태원 관광특구,POI004,2026-10-05 08:35,여유,5000,5500,59.2,40.8,0.1,2.9,18.9,24.1,19.6,17.7,10.0,6.8,21.4,78.6,N,2026-10-05 09:07
잠실 관광특구,POI005,2026-10-05 08:35,여유,24000,26000,48.6,51.4,0.3,8.1,17.0,20.8,19.6,16.0,10.7,7.4,16.0,84.0,N,2026-10-05 09:07
종로·청계 관광특구,POI006,2026-10-05 08:35,여유,20000,22000,55.8,44.2,0.7,2.3,14.4,18.2,20.4,20.7,14.5,8.8,50.8,49.2,N,2026-10-05 09:07
홍대 관광특구,POI007,2026-10-05 08:35,여유,36000,38000,49.3,50.7,1.1,5.9,25.9,19.9,15.4,14.1,9.8,7.9,53.0,47.0,N,2026-10-05 09:07
경복궁,POI008,2026-10-05 08:35,여유,900,1000,56.9,43.1,0.7,7.8,11.7,18.5,21.8,21.0,11.0,7.6,50.1,49.9,N,2026-10-05 09:07
광화문·덕수궁,POI009,2026-10-05 08:35,여유,16000,18000,54.4,45.6,0.5,3.5,13.2,21.5,25.1,21.5,9.8,4.8,48.8,51.2,N,2026-10-05 09:07
보신각,POI010,2026-10-05 08:35,여유,7500,8000,58.5,41.5,0.3,1.8,13.6,22.8,27.2,21.3,8.8,4.2,59.7,40.3,N,2026-10-05 09:07
서울 암사동 유적,POI011,2026-10-05 08:35,여유,400,500,53.8,46.2,4.8,13.7,8.6,12.2,16.0,16.0,14.9,13.8,46.1,53.9,N,2026-10-05 09:07
창덕궁·종묘,POI012,2026-10-05 08:35,여유,6000,6500,55.1,44.9,0.7,3.7,16.9,17.5,17.4,20.7,14.1,9.0,40.7,59.3,N,2026-10-05 09:07
가산디지털단지역,POI013,2026-10-05 08:35,여유,7500,8000,56.9,43.1,0.2,3.1,19.3,22.1,18.6,18.6,12.1,6.0,17.3,82.7,N,2026-10-05 09:07
강남역,POI014,2026-10-05 08:35,여유,34000,36000,53.3,46.7,1.6,5.3,18.7,22.6,21.6,16.2,8.2,5.8,57.6,42.4,N,2026-10-05 09:07
건대입구역,POI015,2026-10-05 08:35,여유,18000,20000,48.4,51.6,1.8,5.9,26.7,16.6,13.1,14.2,11.7,10.0,59.9,40.1,N,2026-10-05 09:07
고덕역,POI016,2026-10-05 08:35,여유,1000,1500,51.4,48.6,0.9,8.9,9.6,11.7,24.3,20.3,14.5,9.8,23.9,76.1,N,2026-10-05 09:07
고속터미널역,POI017,2026-10-05 08:35,여유,5500,6000,46.6,53.4,0.1,6.9,16.9,15.9,20.2,19.3,12.7,8.1,11.6,88.4,N,2026-10-05 09:07
교대역,POI018,2026-10-05 08:35,여유,10000,12000,51.0,49.0,3.2,6.3,14.6,17.4,19.4,18.5,11.3,9.4,61.0,39.0,N,2026-10-05 09:07
구로디지털단지역,POI019,2026-10-05 08:35,여유,5500,6000,55.1,44.9,0.4,2.5,17.2,23.2,22.3,16.8,10.5,7.1,25.4,74.6,N,2026-10-05 09:07
구로역,POI020,2026-10-05 08:35,여유,1500,2000,46.4,53.6,0.0,5.6,14.6,17.4,17.6,18.7,15.4,10.7,13.2,86.8,N,2026-10-05 09:07
군자역,POI021,2026-10-05 08:35,여유,4000,4500,50.3,49.7,0.5,3.8,20.0,21.1,17.4,16.6,11.2,9.4,25.3,74.7,N,2026-10-05 09:07
대림역,POI023,2026-10-05 08:35,보통,16000,18000,48.6,51.4,2.0,4.8,13.1,15.0,14.1,19.3,17.4,14.4,71.4,28.6,N,2026-10-05 09:07
동대문역,POI024,2026-10-05 08:35,여유,3500,4000,54.0,46.0,0.2,2.3,11.9,12.4,17.4,23.6,19.9,12.4,15.6,84.4,N,2026-10-05 09:07
뚝섬역,POI025,2026-10-05 08:35,여유,6500,7000,52.4,47.6,1.7,4.8,15.9,20.5,17.7,18.0,12.7,8.7,55.1,44.9,N,2026-10-05 09:07
미아사거리역,POI026,2026-10-05 08:35,여유,5000,5500,48.5,51.5,0.2,4.2,17.0,16.3,16.6,19.6,15.3,10.8,19.1,80.9,N,2026-10-05 09:07
발산역,POI027,2026-10-05 08:35,여유,4500,5000,47.8,52.2,0.2,4.9,16.0,24.0,20.1,16.0,10.8,8.0,21.2,78.8,N,2026-10-05 09:07
사당역,POI029,2026-10-05 08:35,여유,8000,8500,51.7,48.3,0.2,4.4,19.3,21.4,15.7,16.6,12.9,9.4,18.5,81.5,N,2026-10-05 09:07
삼각지역,POI030,2026-10-05 08:35,여유,1500,2000,52.9,47.1,1.5,2.7,17.2,24.0,19.5,16.7,11.1,7.3,45.0,55.0,N,2026-10-05 09:07
서울대입구역,POI031,2026-10-05 08:35,여유,6000,6500,50.1,49.9,0.2,2.5,36.1,24.0,11.5,12.4,7.7,5.5,19.9,80.1,N,2026-10-05 09:07
서울식물원·마곡나루역,POI032,2026-10-05 08:35,여유,5000,5500,50.2,49.8,3.7,5.8,14.7,21.8,19.3,15.9,10.8,8.0,67.8,32.2,N,2026-10-05 09:07
서울역,POI033,2026-10-05 08:35,여유,10000,12000,53.2,46.8,0.9,3.4,14.4,19.4,21.4,21.9,11.5,7.1,47.4,52.6,N,2026-10-05 09:07
선릉역,POI034,2026-10-05 08:35,여유,28000,30000,52.0,48.0,1.5,7.3,15.6,20.9,22.1,17.7,8.8,6.1,56.4,43.6,N,2026-10-05 09:07
성신여대입구역,POI035,2026-10-05 08:35,여유,3000,3500,43.1,56.9,0.2,6.9,31.9,18.1,12.5,14.0,9.3,7.2,14.3,85.7,N,2026-10-05 09:07
수유역,POI036,2026-10-05 08:35,여유,8000,8500,51.7,48.3,0.1,4.6,21.1,17.3,14.4,18.0,14.2,10.2,25.1,74.9,N,2026-10-05 09:07
신논현역·논현역,POI037,2026-10-05 08:35,여유,7500,8000,50.7,49.3,1.5,3.6,17.8,22.6,20.3,16.3,9.9,7.9,54.6,45.4,N,2026-10-05 09:07
신도림역,POI038,2026-10-05 08:35,여유,7000,7500,47.0,53.0,2.9,4.9,16.2,19.1,16.7,16.3,13.6,10.3,50.8,49.2,N,2026-10-05 09:07
신림역,POI039,2026-10-05 08:35,여유,7000,7500,57.3,42.7,0.0,1.9,35.2,25.8,14.0,11.8,6.6,4.6,18.0,82.0,N,2026-10-05 09:07
신촌·이대역,POI040,2026-10-05 08:35,여유,20000,22000,43.1,56.9,1.3,6.8,39.0,15.9,10.9,11.3,8.1,6.6,53.2,46.8,N,2026-10-05 09:07
양재역,POI041,2026-10-05 08:35,여유,10000,12000,50.9,49.1,2.0,5.4,14.0,20.8,20.8,17.5,11.0,8.5,53.1,46.9,N,2026-10-05 09:07
역삼역,POI042,2026-10-05 08:35,여유,18000,20000,53.4,46.6,1.2,3.7,17.6,24.3,22.1,16.8,8.6,5.7,61.4,38.6,N,2026-10-05 09:07
연신내역,POI043,2026-10-05 08:35,여유,4000,4500,50.3,49.7,0.2,3.2,18.6,20.4,16.5,16.7,14.0,10.5,21.7,78.3,N,2026-10-05 09:07
오목교역·목동운동장,POI044,2026-10-05 08:35,여유,58000,60000,47.1,52.9,6.2,14.7,10.6,10.3,18.3,16.6,12.4,10.8,74.3,25.7,N,2026-10-05 09:07
왕십리역,POI045,2026-10-05 08:35,보통,18000,20000,47.4,52.6,2.7,8.0,24.9,16.4,13.1,13.8,10.9,10.1,59.9,40.1,N,2026-10-05 09:07
용산역,POI046,2026-10-05 08:35,여유,7500,8000,49.2,50.8,0.3,4.6,20.2,19.8,17.7,17.8,11.9,7.7,13.2,86.8,N,2026-10-05 09:07
이태원역,POI047,2026-10-05 08:35,여유,2000,2500,60.5,39.5,0.0,4.6,23.3,23.1,17.4,15.8,9.2,6.6,18.7,81.3,N,2026-10-05 09:07
장지역,POI048,2026-10-05 08:35,여유,12000,14000,53.6,46.4,2.9,5.5,13.1,20.4,19.7,17.3,12.5,8.7,59.6,40.4,N,2026-10-05 09:07
장한평역,POI049,2026-10-05 08:35,여유,6000,6500,56.7,43.3,0.2,4.1,17.1,19.8,18.1,18.0,14.5,8.2,21.4,78.6,N,2026-10-05 09:07
천호역,POI050,2026-10-05 08:35,여유,4500,5000,47.3,52.7,0.2,2.8,18.7,21.8,17.8,17.7,12.3,8.8,15.9,84.1,N,2026-10-05 09:07
총신대입구(이수)역,POI051,2026-10-05 08:35,여유,6000,6500,50.0,50.0,0.2,4.9,15.5,21.8,16.6,16.0,13.2,12.0,18.9,81.1,N,2026-10-05 09:07
충정로역,POI052,2026-10-05 08:35,약간 붐빔,7500,8000,48.1,51.9,1.8,5.0,15.8,20.2,18.5,17.6,11.5,9.4,58.6,41.4,N,2026-10-05 09:07
합정역,POI053,2026-10-05 08:35,여유,7000,7500,47.1,52.9,1.3,4.1,19.4,22.4,16.6,15.2,11.3,9.7,56.3,43.7,N,2026-10-05 09:07
혜화역,POI054,2026-10-05 08:35,여유,10000,12000,47.8,52.2,1.5,9.6,23.5,14.9,13.9,14.9,11.4,10.2,53.1,46.9,N,2026-10-05 09:07
홍대입구역(2호선),POI055,2026-10-05 08:35,여유,8500,9000,48.7,51.3,1.0,5.6,24.4,19.5,15.9,15.1,10.3,8.3,53.3,46.7,N,2026-10-05 09:07
회기역,POI056,2026-10-05 08:35,여유,7000,7500,50.2,49.8,0.0,5.8,43.5,13.3,9.9,10.7,7.8,9.0,25.6,74.4,N,2026-10-05 09:07
가락시장,POI058,2026-10-05 08:35,여유,6500,7000,63.0,37.0,0.2,2.8,5.7,14.6,21.6,24.8,19.8,10.5,18.9,81.1,N,2026-10-05 09:07
가로수길,POI059,2026-10-05 08:35,여유,14000,16000,50.0,50.0,1.9,6.6,12.7,17.3,19.8,18.2,12.3,11.2,55.1,44.9,N,2026-10-05 09:07
광장(전통)시장,POI060,2026-10-05 08:35,여유,2500,3000,55.7,44.3,0.7,2.6,15.3,16.4,17.1,19.8,17.1,11.0,47.2,52.8,N,2026-10-05 09:07
김포공항,POI061,2026-10-05 08:35,여유,4000,4500,50.9,49.1,0.1,3.1,17.7,25.0,17.6,18.7,11.9,6.0,4.9,95.1,N,2026-10-05 09:07
노량진,POI063,2026-10-05 08:35,여유,18000,20000,52.6,47.4,1.2,5.5,29.7,18.9,12.4,12.9,10.6,8.9,49.1,50.9,N,2026-10-05 09:07
덕수궁길·정동길,POI064,2026-10-05 08:35,여유,2000,2500,51.2,48.8,0.8,6.9,12.1,19.4,22.5,20.4,11.1,6.9,49.8,50.2,N,2026-10-05 09:07
북촌한옥마을,POI066,2026-10-05 08:35,여유,8000,8500,57.2,42.8,0.6,9.9,13.4,17.6,20.2,18.5,10.9,8.8,49.5,50.5,N,2026-10-05 09:07
서촌,POI067,2026-10-05 08:35,여유,10000,12000,49.6,50.4,1.8,10.2,12.5,16.7,18.1,18.0,11.9,10.8,64.4,35.6,N,2026-10-05 09:07
성수카페거리,POI068,2026-10-05 08:35,여유,14000,16000,56.3,43.7,1.3,3.4,17.0,19.5,17.5,19.5,13.8,8.0,59.2,40.8,N,2026-10-05 09:07
쌍문역,POI070,2026-10-05 08:35,여유,4500,5000,49.8,50.2,0.2,4.2,14.5,18.0,17.7,18.5,15.1,11.8,29.5,70.5,N,2026-10-05 09:07
압구정로데오거리,POI071,2026-10-05 08:35,여유,14000,16000,49.5,50.5,2.4,5.3,12.8,17.4,19.0,18.7,13.1,11.3,59.3,40.7,N,2026-10-05 09:07
여의도,POI072,2026-10-05 08:35,여유,78000,80000,56.3,43.7,1.0,3.4,13.5,23.0,23.2,19.2,9.8,6.9,60.8,39.2,N,2026-10-05 09:07
연남동,POI073,2026-10-05 08:35,여유,6500,7000,47.1,52.9,1.1,5.2,22.0,19.6,16.5,14.2,10.7,10.6,54.0,46.0,N,2026-10-05 09:07
영등포 타임스퀘어,POI074,2026-10-05 08:35,여유,6000,6500,53.6,46.4,0.2,3.4,26.0,23.5,15.4,14.8,11.4,5.4,13.8,86.2,N,2026-10-05 09:07
용리단길,POI076,2026-10-05 08:35,여유,4000,4500,54.5,45.5,2.5,3.0,14.7,21.6,21.6,17.9,10.8,8.1,68.2,31.8,N,2026-10-05 09:07
이태원 앤틱가구거리,POI077,2026-10-05 08:35,여유,3500,4000,58.5,41.5,1.1,4.2,16.4,20.3,17.3,18.2,13.0,9.5,49.9,50.1,N,2026-10-05 09:07
인사동,POI078,2026-10-05 08:35,여유,9000,9500,57.6,42.4,0.5,3.7,13.1,20.3,23.4,20.1,11.6,7.3,50.9,49.1,N,2026-10-05 09:07
창동 신경제 중심지,POI079,2026-10-05 08:35,여유,18000,20000,50.6,49.4,0.3,5.8,13.9,17.3,17.8,20.6,14.2,10.1,22.5,77.5,N,2026-10-05 09:07
청담동 명품거리,POI080,2026-10-05 08:35,여유,2500,3000,51.8,48.2,0.1,4.6,17.4,20.2,21.2,19.0,11.8,5.6,22.6,77.4,N,2026-10-05 09:07
청량리 제기동 일대 전통시장,POI081,2026-10-05 08:35,여유,10000,12000,51.4,48.6,2.0,4.1,14.6,12.5,13.9,18.5,18.3,16.2,53.8,46.2,N,2026-10-05 09:07
해방촌·경리단길,POI082,2026-10-05 08:35,여유,3000,3500,50.8,49.2,0.5,4.9,13.9,21.1,20.1,15.8,12.1,11.6,29.3,70.7,N,2026-10-05 09:07
DDP(동대문디자인플라자),POI083,2026-10-05 08:35,여유,3500,4000,51.0,49.0,1.1,4.0,15.4,17.5,17.7,19.2,15.5,9.6,50.3,49.7,N,2026-10-05 09:07
DMC(디지털미디어시티),POI084,2026-10-05 08:35,여유,22000,24000,49.7,50.3,3.2,6.5,14.7,18.9,19.0,18.3,10.9,8.4,65.2,34.8,N,2026-10-05 09:07
강서한강공원,POI085,2026-10-05 08:35,여유,0,100,64.0,36.0,0.7,4.7,8.1,12.7,21.2,26.1,18.5,7.9,2.6,97.4,N,2026-10-05 09:07
고척돔,POI086,2026-10-05 08:35,여유,800,900,52.1,47.9,0.4,4.3,13.3,26.1,14.8,16.6,14.9,9.6,14.3,85.7,N,2026-10-05 09:07
광나루한강공원,POI087,2026-10-05 08:35,여유,3000,3500,53.9,46.1,0.1,6.3,8.1,13.7,20.5,24.3,17.4,9.5,9.2,90.8,N,2026-10-05 09:07
광화문광장,POI088,2026-10-05 08:35,여유,3000,3500,55.0,45.0,0.5,3.4,13.6,21.3,25.6,21.0,9.9,4.7,48.4,51.6,N,2026-10-05 09:07
국립중앙박물관·용산가족공원,POI089,2026-10-05 08:35,여유,1000,1500,51.5,48.5,4.4,7.0,9.9,12.6,18.7,19.7,15.7,12.0,53.0,47.0,N,2026-10-05 09:07
난지한강공원,POI090,2026-10-05 08:35,여유,1500,2000,59.7,40.3,1.6,5.5,8.4,15.6,24.8,20.6,15.2,8.4,7.4,92.6,N,2026-10-05 09:07
남산공원,POI091,2026-10-05 08:35,여유,8000,8500,53.3,46.7,1.0,5.3,16.9,17.7,18.3,18.5,13.1,9.2,37.9,62.1,N,2026-10-05 09:07
노들섬,POI092,2026-10-05 08:35,여유,600,700,43.6,56.4,0.1,3.5,16.8,13.9,18.9,21.1,13.9,11.8,2.1,97.9,N,2026-10-05 09:07
뚝섬한강공원,POI093,2026-10-05 08:35,여유,2000,2500,51.8,48.2,0.2,4.8,11.4,15.7,18.0,20.3,17.0,12.7,15.1,84.9,N,2026-10-05 09:07
망원한강공원,POI094,2026-10-05 08:35,여유,1500,2000,55.1,44.9,1.4,3.7,12.8,17.9,19.5,19.6,14.4,10.6,39.0,61.0,N,2026-10-05 09:07
반포한강공원,POI095,2026-10-05 08:35,여유,2000,2500,56.2,43.8,0.6,5.1,8.0,17.1,27.2,24.8,10.9,6.3,2.4,97.6,N,2026-10-05 09:07
북서울꿈의숲,POI096,2026-10-05 08:35,여유,4500,5000,48.8,51.2,0.5,6.0,9.2,14.9,16.8,19.1,17.1,16.3,30.3,69.7,N,2026-10-05 09:07
서리풀공원·몽마르뜨공원,POI098,2026-10-05 08:35,여유,2500,3000,50.2,49.8,0.3,6.1,10.4,16.1,21.7,19.7,13.7,12.0,30.0,70.0,N,2026-10-05 09:07
서울대공원,POI100,2026-10-05 08:35,여유,1500,2000,52.4,47.6,2.9,11.8,12.7,17.7,17.2,17.9,12.6,7.3,24.0,76.0,N,2026-10-05 09:07
서울숲공원,POI101,2026-10-05 08:35,여유,2500,3000,53.9,46.1,1.5,5.1,11.0,17.4,19.3,22.1,14.5,8.9,32.9,67.1,N,2026-10-05 09:07
아차산,POI102,2026-10-05 08:35,여유,4500,5000,50.5,49.5,0.2,4.4,9.3,15.8,18.4,22.1,18.5,11.3,20.4,79.6,N,2026-10-05 09:07
양화한강공원,POI103,2026-10-05 08:35,여유,600,700,61.1,38.9,0.4,4.3,14.6,23.5,20.0,20.9,9.3,7.1,10.9,89.1,N,2026-10-05 09:07
어린이대공원,POI104,2026-10-05 08:35,여유,3500,4000,48.6,51.4,1.7,7.5,22.9,16.6,14.8,14.4,11.4,10.8,41.3,58.7,N,2026-10-05 09:07
여의도한강공원,POI105,2026-10-05 08:35,여유,3000,3500,51.4,48.6,0.7,4.0,14.5,28.0,22.6,16.5,8.7,5.2,29.8,70.2,N,2026-10-05 09:07
월드컵공원,POI106,2026-10-05 08:35,여유,7500,8000,52.4,47.6,1.8,5.9,11.7,17.3,19.5,19.9,13.4,10.6,29.6,70.4,N,2026-10-05 09:07
응봉산,POI107,2026-10-05 08:35,여유,2000,2500,47.7,52.3,0.2,6.0,8.9,14.7,21.9,20.6,15.1,12.6,25.2,74.8,N,2026-10-05 09:07
이촌한강공원,POI108,2026-10-05 08:35,여유,1500,2000,54.6,45.4,0.2,6.2,8.1,15.0,22.5,23.7,14.8,9.6,10.8,89.2,N,2026-10-05 09:07
잠실종합운동장,POI109,2026-10-05 08:35,여유,2000,2500,54.8,45.2,2.4,12.5,11.7,15.2,20.6,19.5,10.7,7.3,34.7,65.3,N,2026-10-05 09:07
잠실한강공원,POI110,2026-10-05 08:35,여유,1500,2000,56.5,43.5,0.2,6.7,9.0,12.8,22.1,23.8,16.4,9.0,7.9,92.1,N,2026-10-05 09:07
잠원한강공원,POI111,2026-10-05 08:35,여유,1000,1500,57.0,43.0,0.7,5.2,8.6,14.0,22.7,28.0,11.6,9.2,5.8,94.2,N,2026-10-05 09:07
청계산,POI112,2026-10-05 08:35,보통,2500,3000,53.9,46.1,1.3,3.6,16.1,20.6,18.5,17.0,12.5,10.6,30.3,69.7,N,2026-10-05 09:07
북창동 먹자골목,POI114,2026-10-05 08:35,여유,5000,5500,56.4,43.6,0.5,2.1,13.1,20.6,24.0,22.6,11.3,5.8,54.1,45.9,N,2026-10-05 09:07
남대문시장,POI115,2026-10-05 08:35,여유,7500,8000,55.3,44.7,0.6,1.8,12.1,19.2,23.0,22.4,13.1,7.8,56.7,43.3,N,2026-10-05 09:07
익선동,POI116,2026-10-05 08:35,여유,5500,6000,57.3,42.7,0.5,3.2,17.1,20.0,20.0,18.0,12.3,8.8,36.5,63.5,N,2026-10-05 09:07
신정네거리역,POI117,2026-10-05 08:35,여유,1000,1500,52.5,47.5,0.6,9.4,10.6,14.8,18.7,21.3,12.2,12.5,25.8,74.2,N,2026-10-05 09:07
잠실새내역,POI118,2026-10-05 08:35,여유,6500,7000,50.1,49.9,0.5,9.3,16.4,18.0,22.4,17.2,8.9,7.3,23.7,76.3,N,2026-10-05 09:07
잠실역,POI119,2026-10-05 08:35,여유,6500,7000,46.6,53.4,0.5,15.8,18.5,19.1,17.1,15.4,9.7,3.9,14.6,85.4,N,2026-10-05 09:07
잠실롯데타워·석촌호수,POI120,2026-10-05 08:35,여유,18000,20000,47.9,52.1,0.3,8.6,19.0,22.4,18.9,14.8,9.7,6.3,16.3,83.7,N,2026-10-05 09:07
송리단길·호수단길,POI121,2026-10-05 08:35,여유,4500,5000,49.9,50.1,0.2,4.2,13.3,25.9,19.1,16.3,12.2,8.9,27.8,72.2,N,2026-10-05 09:07
신촌 스타광장,POI122,2026-10-05 08:35,여유,2000,2500,45.6,54.4,0.8,5.4,37.5,17.7,11.2,11.5,8.6,7.1,51.3,48.7,N,2026-10-05 09:07
보라매공원,POI123,2026-10-05 08:35,여유,3000,3500,48.6,51.4,2.2,6.3,12.9,15.6,16.1,18.1,14.3,14.5,45.9,54.1,N,2026-10-05 09:07
서대문독립공원,POI124,2026-10-05 08:35,여유,800,900,53.3,46.7,0.2,5.3,14.7,11.5,16.8,20.6,16.5,14.5,20.4,79.6,N,2026-10-05 09:07
안양천,POI125,2026-10-05 08:35,보통,1000,1500,54.3,45.7,0.2,8.2,7.0,13.4,20.2,22.7,16.6,11.6,14.1,85.9,N,2026-10-05 09:07
여의서로,POI126,2026-10-05 08:35,약간 붐빔,2000,2500,51.6,48.4,0.1,2.6,19.1,36.4,23.8,12.6,3.6,1.7,6.8,93.2,N,2026-10-05 09:07
올림픽공원,POI127,2026-10-05 08:35,여유,5500,6000,50.9,49.1,0.4,6.5,10.4,16.0,22.0,19.8,13.8,11.0,15.0,85.0,N,2026-10-05 09:07
홍제폭포,POI128,2026-10-05 08:35,여유,300,400,44.6,55.4,3.6,7.1,13.4,11.5,13.0,17.3,16.1,18.1,74.1,25.9,N,2026-10-05 09:07
송현녹지광장,POI129,2026-10-05 08:35,여유,3000,3500,56.6,43.4,0.6,7.2,12.6,20.0,23.3,19.0,10.3,7.0,49.9,50.1,N,2026-10-05 09:07
시의회 앞,POI130,2026-10-05 08:35,여유,4500,5000,53.1,46.9,0.5,4.0,13.7,21.4,24.4,21.3,9.7,5.0,46.4,53.6,N,2026-10-05 09:07
강남 MICE 관광특구,POI001,2026-10-05 09:35,여유,10000,12000,55.3,44.7,0.7,4.4,17.3,24.8,22.8,17.1,8.5,4.5,56.5,43.5,N,2026-10-05 10:07
동대문 관광특구,POI002,2026-10-05 09:35,여유,20000,22000,49.1,50.9,1.0,3.4,13.4,16.5,18.1,20.0,17.0,10.6,48.0,52.0,N,2026-10-05 10:07
명동 관광특구,POI003,2026-10-05 09:35,보통,52000,54000,52.5,47.5,0.4,1.8,15.0,23.5,24.9,20.3,9.5,4.5,60.8,39.2,N,2026-10-05 10:07
이태원 관광특구,POI004,2026-10-05 09:35,여유,5500,6000,56.8,43.2,0.3,3.1,17.3,25.0,20.6,17.9,9.1,6.8,22.8,77.2,N,2026-10-05 10:07
잠실 관광특구,POI005,2026-10-05 09:35,여유,32000,34000,46.8,53.2,0.4,13.3,17.4,19.7,18.9,15.0,9.1,6.2,14.4,85.6,N,2026-10-05 10:07
종로·청계 관광특구,POI006,2026-10-05 09:35,보통,26000,28000,54.4,45.6,0.6,2.2,14.2,18.9,20.6,20.2,14.4,9.0,53.4,46.6,N,2026-10-05 10:07
홍대 관광특구,POI007,2026-10-05 09:35,여유,42000,44000,47.3,52.7,1.0,6.2,26.5,20.2,15.6,13.8,9.3,7.5,51.6,48.4,N,2026-10-05 10:07
경복궁,POI008,2026-10-05 09:35,여유,1000,1500,51.6,48.4,0.6,6.4,12.7,20.2,22.0,20.5,10.9,6.7,41.8,58.2,N,2026-10-05 10:07
광화문·덕수궁,POI009,2026-10-05 09:35,여유,22000,24000,51.1,48.9,0.5,3.2,14.6,23.0,24.4,20.1,9.5,4.7,51.3,48.7,N,2026-10-05 10:07
보신각,POI010,2026-10-05 09:35,보통,10000,12000,55.5,44.5,0.3,1.5,14.7,25.4,26.6,19.3,8.1,4.1,64.7,35.3,N,2026-10-05 10:07
서울 암사동 유적,POI011,2026-10-05 09:35,여유,300,400,53.3,46.7,5.7,15.3,7.6,11.0,13.9,15.3,16.4,14.7,46.1,53.9,N,2026-10-05 10:07
창덕궁·종묘,POI012,2026-10-05 09:35,여유,7500,8000,53.6,46.4,0.7,3.6,16.0,17.0,18.6,20.4,14.3,9.6,43.3,56.7,N,2026-10-05 10:07
가산디지털단지역,POI013,2026-10-05 09:35,여유,9500,10000,56.3,43.7,0.2,3.5,17.7,21.0,18.7,18.7,13.3,6.9,16.1,83.9,N,2026-10-05 10:07
강남역,POI014,2026-10-05 09:35,여유,46000,48000,50.1,49.9,1.4,4.6,21.3,24.3,20.9,15.0,7.5,5.1,57.5,42.5,N,2026-10-05 10:07
건대입구역,POI015,2026-10-05 09:35,여유,20000,22000,48.2,51.8,2.0,6.1,26.1,16.1,13.2,14.2,12.0,10.4,58.0,42.0,N,2026-10-05 10:07
고덕역,POI016,2026-10-05 09:35,여유,1500,2000,52.2,47.8,1.0,13.2,9.9,12.6,25.5,17.3,12.2,8.1,21.0,79.0,N,2026-10-05 10:07
고속터미널역,POI017,2026-10-05 09:35,여유,9500,10000,40.9,59.1,0.1,7.8,20.8,17.6,17.7,17.8,11.6,6.6,11.9,88.1,N,2026-10-05 10:07
교대역,POI018,2026-10-05 09:35,여유,12000,14000,50.0,50.0,2.7,5.5,15.0,18.7,19.8,18.8,11.1,8.5,61.9,38.1,N,2026-10-05 10:07
구로디지털단지역,POI019,2026-10-05 09:35,여유,6500,7000,55.0,45.0,0.3,3.4,16.4,23.4,20.9,17.7,11.1,6.7,28.6,71.4,N,2026-10-05 10:07
구로역,POI020,2026-10-05 09:35,여유,1500,2000,47.7,52.3,0.1,4.2,12.7,20.9,16.1,18.7,14.4,12.8,15.0,85.0,N,2026-10-05 10:07
군자역,POI021,2026-10-05 09:35,여유,4500,5000,47.9,52.1,0.2,3.3,19.9,20.7,19.4,15.6,12.8,8.0,25.1,74.9,N,2026-10-05 10:07
대림역,POI023,2026-10-05 09:35,여유,14000,16000,48.8,51.2,2.1,5.2,12.0,13.5,13.6,19.6,18.4,15.7,71.2,28.8,N,2026-10-05 10:07
동대문역,POI024,2026-10-05 09:35,여유,5000,5500,50.6,49.4,0.2,2.5,15.2,12.8,16.0,22.3,19.1,11.8,15.8,84.2,N,2026-10-05 10:07
뚝섬역,POI025,2026-10-05 09:35,여유,7500,8000,50.7,49.3,1.2,4.4,18.0,22.3,18.1,16.4,11.6,7.8,54.7,45.3,N,2026-10-05 10:07
미아사거리역,POI026,2026-10-05 09:35,여유,7000,7500,47.2,52.8,0.1,4.9,16.8,18.0,16.0,19.4,13.3,11.3,15.8,84.2,N,2026-10-05 10:07
발산역,POI027,2026-10-05 09:35,여유,5000,5500,48.4,51.6,0.5,4.9,15.5,23.7,19.6,16.7,12.0,7.1,21.0,79.0,N,2026-10-05 10:07
사당역,POI029,2026-10-05 09:35,여유,9000,9500,50.5,49.5,0.2,4.0,19.9,21.4,16.0,15.7,12.5,10.3,17.5,82.5,N,2026-10-05 10:07
삼각지역,POI030,2026-10-05 09:35,여유,1500,2000,51.2,48.8,1.5,3.8,16.7,22.7,18.9,17.4,11.0,8.1,45.2,54.8,N,2026-10-05 10:07
서울대입구역,POI031,2026-10-05 09:35,여유,7500,8000,51.1,48.9,0.0,3.0,33.9,23.5,12.8,13.4,7.5,6.1,18.8,81.2,N,2026-10-05 10:07
서울식물원·마곡나루역,POI032,2026-10-05 09:35,여유,6000,6500,50.3,49.7,3.9,5.7,15.4,22.9,19.8,15.2,9.8,7.3,66.9,33.1,N,2026-10-05 10:07
서울역,POI033,2026-10-05 09:35,보통,12000,14000,50.9,49.1,0.9,3.2,14.6,20.8,21.8,20.8,11.2,6.7,48.5,51.5,N,2026-10-05 10:07
선릉역,POI034,2026-10-05 09:35,여유,32000,34000,50.8,49.2,1.2,6.3,16.3,22.9,21.8,17.1,8.6,5.9,56.1,43.9,N,2026-10-05 10:07
성신여대입구역,POI035,2026-10-05 09:35,여유,3500,4000,40.5,59.5,0.2,6.3,31.4,16.2,12.6,15.7,9.4,8.2,16.6,83.4,N,2026-10-05 10:07
수유역,POI036,2026-10-05 09:35,여유,8500,9000,51.1,48.9,0.1,4.4,18.9,16.1,16.9,17.8,14.9,10.8,25.7,74.3,N,2026-10-05 10:07
신논현역·논현역,POI037,2026-10-05 09:35,여유,8000,8500,48.5,51.5,1.2,3.3,18.6,23.8,20.7,15.8,9.4,7.1,54.2,45.8,N,2026-10-05 10:07
신도림역,POI038,2026-10-05 09:35,여유,6500,7000,45.8,54.2,2.7,5.4,15.4,16.8,16.5,17.1,14.8,11.3,49.6,50.4,N,2026-10-05 10:07
신림역,POI039,2026-10-05 09:35,여유,7500,8000,55.0,45.0,0.1,2.0,31.9,26.5,14.5,12.8,7.3,4.9,18.9,81.1,N,2026-10-05 10:07
신촌·이대역,POI040,2026-10-05 09:35,여유,24000,26000,42.3,57.7,1.4,7.0,38.4,15.2,10.7,11.7,8.6,7.0,51.6,48.4,N,2026-10-05 10:07
양재역,POI041,2026-10-05 09:35,여유,12000,14000,49.6,50.4,1.8,5.1,14.0,21.2,20.4,17.4,11.0,9.0,52.1,47.9,N,2026-10-05 10:07
역삼역,POI042,2026-10-05 09:35,보통,22000,24000,52.0,48.0,0.9,3.1,19.0,26.2,22.1,16.1,7.6,5.0,61.0,39.0,N,2026-10-05 10:07
연신내역,POI043,2026-10-05 09:35,여유,5000,5500,47.1,52.9,0.2,3.5,18.3,19.8,14.4,18.1,14.5,11.3,21.4,78.6,N,2026-10-05 10:07
오목교역·목동운동장,POI044,2026-10-05 09:35,여유,56000,58000,46.2,53.8,6.2,15.1,11.1,10.4,17.3,16.4,12.5,10.9,70.4,29.6,N,2026-10-05 10:07
왕십리역,POI045,2026-10-05 09:35,여유,18000,20000,46.8,53.2,2.9,8.7,24.4,14.6,12.4,14.1,11.8,11.1,60.3,39.7,N,2026-10-05 10:07
용산역,POI046,2026-10-05 09:35,여유,10000,12000,46.1,53.9,0.4,6.7,22.9,18.9,16.8,16.6,10.7,7.1,12.9,87.1,N,2026-10-05 10:07
이태원역,POI047,2026-10-05 09:35,여유,2000,2500,58.8,41.2,0.2,4.8,20.8,23.8,18.3,16.8,8.4,6.8,21.2,78.8,N,2026-10-05 10:07
장지역,POI048,2026-10-05 09:35,보통,16000,18000,53.0,47.0,3.0,5.9,13.1,19.9,19.5,17.5,12.5,8.7,63.7,36.3,N,2026-10-05 10:07
장한평역,POI049,2026-10-05 09:35,여유,6500,7000,58.5,41.5,0.2,2.5,15.2,19.3,19.4,19.8,14.9,8.9,22.7,77.3,N,2026-10-05 10:07
천호역,POI050,2026-10-05 09:35,여유,6000,6500,45.4,54.6,0.1,3.4,17.8,20.2,16.7,16.6,15.2,9.9,15.0,85.0,N,2026-10-05 10:07
총신대입구(이수)역,POI051,2026-10-05 09:35,여유,7500,8000,47.8,52.2,0.2,4.6,14.5,20.0,17.6,17.6,13.6,11.9,17.9,82.1,N,2026-10-05 10:07
충정로역,POI052,2026-10-05 09:35,보통,7500,8000,47.9,52.1,2.0,5.4,15.4,18.4,17.9,18.5,12.3,10.1,64.2,35.8,N,2026-10-05 10:07
합정역,POI053,2026-10-05 09:35,여유,7500,8000,46.6,53.4,1.5,4.2,19.4,21.5,16.8,15.2,11.6,9.9,55.6,44.4,N,2026-10-05 10:07
혜화역,POI054,2026-10-05 09:35,여유,10000,12000,47.3,52.7,1.6,10.0,23.2,14.2,14.1,14.8,11.6,10.5,49.9,50.1,N,2026-10-05 10:07
홍대입구역(2호선),POI055,2026-10-05 09:35,여유,10000,12000,46.4,53.6,0.9,6.1,26.1,19.9,16.1,14.0,9.3,7.6,51.5,48.5,N,2026-10-05 10:07
회기역,POI056,2026-10-05 09:35,여유,8000,8500,48.1,51.9,0.1,6.1,43.0,12.4,9.4,10.8,9.0,9.2,24.3,75.7,N,2026-10-05 10:07
가락시장,POI058,2026-10-05 09:35,여유,6500,7000,58.3,41.7,0.3,2.9,5.9,14.0,21.0,23.5,20.0,12.2,21.5,78.5,N,2026-10-05 10:07
가로수길,POI059,2026-10-05 09:35,여유,18000,20000,46.5,53.5,1.6,6.1,15.1,19.7,19.9,16.9,11.2,9.4,53.6,46.4,N,2026-10-05 10:07
광장(전통)시장,POI060,2026-10-05 09:35,보통,3000,3500,55.2,44.8,0.7,1.9,13.5,16.0,17.4,20.6,17.6,12.2,52.6,47.4,N,2026-10-05 10:07
김포공항,POI061,2026-10-05 09:35,여유,4500,5000,47.5,52.5,0.5,3.5,17.7,22.5,18.6,16.8,12.3,8.1,4.5,95.5,N,2026-10-05 10:07
노량진,POI063,2026-10-05 09:35,여유,20000,22000,53.0,47.0,1.2,5.6,30.6,17.7,11.7,13.1,10.7,9.3,45.3,54.7,N,2026-10-05 10:07
덕수궁길·정동길,POI064,2026-10-05 09:35,여유,2500,3000,49.1,50.9,0.7,5.8,12.9,21.2,23.1,19.4,10.2,6.7,52.1,47.9,N,2026-10-05 10:07
북촌한옥마을,POI066,2026-10-05 09:35,여유,10000,12000,54.4,45.6,0.5,9.1,14.7,18.0,20.5,18.3,10.5,8.4,47.8,52.2,N,2026-10-05 10:07
서촌,POI067,2026-10-05 09:35,여유,12000,14000,48.6,51.4,1.6,10.1,13.9,17.1,17.9,17.8,11.5,10.1,62.6,37.4,N,2026-10-05 10:07
성수카페거리,POI068,2026-10-05 09:35,보통,18000,20000,54.4,45.6,1.1,3.6,19.2,22.2,18.0,17.3,11.8,6.8,59.6,40.4,N,2026-10-05 10:07
쌍문역,POI070,2026-10-05 09:35,여유,5000,5500,49.4,50.6,0.3,4.4,14.5,18.0,16.8,19.5,13.7,12.8,28.8,71.2,N,2026-10-05 10:07
압구정로데오거리,POI071,2026-10-05 09:35,여유,20000,22000,45.7,54.3,2.0,4.6,16.4,20.4,19.3,16.9,11.2,9.2,58.7,41.3,N,2026-10-05 10:07
여의도,POI072,2026-10-05 09:35,여유,88000,90000,55.2,44.8,0.9,3.3,14.3,24.1,23.3,18.6,9.3,6.2,60.7,39.3,N,2026-10-05 10:07
연남동,POI073,2026-10-05 09:35,여유,7000,7500,46.6,53.4,0.9,5.5,21.5,20.7,16.5,14.3,10.4,10.1,47.7,52.3,N,2026-10-05 10:07
영등포 타임스퀘어,POI074,2026-10-05 09:35,여유,8000,8500,50.2,49.8,0.1,3.5,23.7,22.5,15.8,15.5,12.9,6.0,15.6,84.4,N,2026-10-05 10:07
용리단길,POI076,2026-10-05 09:35,여유,4500,5000,53.7,46.3,2.4,3.0,16.1,22.4,21.5,16.9,10.1,7.5,67.0,33.0,N,2026-10-05 10:07
이태원 앤틱가구거리,POI077,2026-10-05 09:35,여유,4000,4500,56.7,43.3,1.3,4.2,16.1,20.0,17.0,18.1,13.1,10.3,53.5,46.5,N,2026-10-05 10:07
인사동,POI078,2026-10-05 09:35,보통,12000,14000,55.1,44.9,0.5,3.3,14.1,21.4,22.8,19.1,11.2,7.6,54.1,45.9,N,2026-10-05 10:07
창동 신경제 중심지,POI079,2026-10-05 09:35,여유,22000,24000,50.0,50.0,0.3,6.5,14.1,16.6,16.8,20.5,15.1,10.0,22.2,77.8,N,2026-10-05 10:07
청담동 명품거리,POI080,2026-10-05 09:35,여유,3500,4000,45.7,54.3,0.0,4.8,21.1,21.9,19.2,17.4,10.4,5.2,26.4,73.6,N,2026-10-05 10:07
청량리 제기동 일대 전통시장,POI081,2026-10-05 09:35,여유,12000,14000,49.7,50.3,1.8,3.9,13.6,11.7,13.5,18.5,18.9,18.0,51.6,48.4,N,2026-10-05 10:07
해방촌·경리단길,POI082,2026-10-05 09:35,여유,3000,3500,51.0,49.0,0.2,3.7,13.6,22.8,19.4,17.0,11.7,11.6,27.0,73.0,N,2026-10-05 10:07
DDP(동대문디자인플라자),POI083,2026-10-05 09:35,여유,4000,4500,49.6,50.4,1.1,3.7,14.1,16.5,17.8,19.9,16.8,10.2,51.4,48.6,N,2026-10-05 10:07
DMC(디지털미디어시티),POI084,2026-10-05 09:35,여유,24000,26000,49.2,50.8,2.8,6.0,15.7,21.1,20.1,17.0,9.8,7.4,65.2,34.8,N,2026-10-05 10:07
강서한강공원,POI085,2026-10-05 09:35,여유,100,200,62.4,37.6,0.3,4.7,5.8,14.9,19.6,26.8,18.3,9.6,2.0,98.0,N,2026-10-05 10:07
고척돔,POI086,2026-10-05 09:35,여유,900,1000,53.8,46.2,0.3,5.0,10.6,28.5,16.3,17.5,12.9,8.7,16.5,83.5,N,2026-10-05 10:07
광나루한강공원,POI087,2026-10-05 09:35,보통,4000,4500,54.1,45.9,0.2,6.2,10.5,15.5,20.7,21.3,15.4,10.2,6.9,93.1,N,2026-10-05 10:07
광화문광장,POI088,2026-10-05 09:35,여유,4000,4500,51.6,48.4,0.6,3.1,15.0,22.8,24.6,19.8,9.2,4.9,42.1,57.9,N,2026-10-05 10:07
국립중앙박물관·용산가족공원,POI089,2026-10-05 09:35,여유,2000,2500,48.4,51.6,5.5,10.1,9.7,13.3,18.2,17.7,14.3,11.1,48.1,51.9,N,2026-10-05 10:07
난지한강공원,POI090,2026-10-05 09:35,여유,1500,2000,57.1,42.9,2.2,4.8,9.5,15.8,23.3,21.0,15.0,8.4,10.0,90.0,N,2026-10-05 10:07
남산공원,POI091,2026-10-05 09:35,여유,10000,12000,51.0,49.0,1.0,5.1,17.6,18.0,19.5,18.3,12.3,8.3,34.0,66.0,N,2026-10-05 10:07
노들섬,POI092,2026-10-05 09:35,여유,1000,1500,49.3,50.7,0.0,4.8,17.8,19.1,12.0,20.9,14.4,10.9,1.0,99.0,N,2026-10-05 10:07
뚝섬한강공원,POI093,2026-10-05 09:35,여유,2500,3000,51.4,48.6,0.6,4.8,11.0,15.3,19.7,21.8,15.3,11.5,13.3,86.7,N,2026-10-05 10:07
망원한강공원,POI094,2026-10-05 09:35,여유,1500,2000,54.4,45.6,1.5,3.6,11.9,16.7,20.0,19.6,15.3,11.3,37.3,62.7,N,2026-10-05 10:07
반포한강공원,POI095,2026-10-05 09:35,여유,2500,3000,57.7,42.3,0.4,6.8,9.4,16.7,28.6,19.2,12.7,6.2,2.4,97.6,N,2026-10-05 10:07
북서울꿈의숲,POI096,2026-10-05 09:35,여유,5000,5500,47.9,52.1,0.6,6.1,8.8,15.7,17.1,19.3,16.3,16.3,29.5,70.5,N,2026-10-05 10:07
서리풀공원·몽마르뜨공원,POI098,2026-10-05 09:35,여유,3000,3500,48.3,51.7,0.5,6.1,11.3,17.9,20.5,20.2,12.3,11.2,27.6,72.4,N,2026-10-05 10:07
서울대공원,POI100,2026-10-05 09:35,여유,4500,5000,48.7,51.3,5.2,14.7,7.9,27.1,21.9,10.3,8.2,4.7,11.3,88.7,N,2026-10-05 10:07
서울숲공원,POI101,2026-10-05 09:35,여유,3500,4000,51.8,48.2,1.3,5.5,11.4,18.7,21.0,19.7,14.3,8.2,27.5,72.5,N,2026-10-05 10:07
아차산,POI102,2026-10-05 09:35,보통,5500,6000,51.8,48.2,0.4,4.0,10.0,15.4,19.5,22.9,16.8,10.9,17.3,82.7,N,2026-10-05 10:07
양화한강공원,POI103,2026-10-05 09:35,여유,600,700,55.0,45.0,0.5,3.6,13.0,19.5,21.8,19.7,13.4,8.6,10.9,89.1,N,2026-10-05 10:07
어린이대공원,POI104,2026-10-05 09:35,여유,3500,4000,48.7,51.3,1.5,8.1,23.4,17.4,14.2,13.5,10.8,11.1,37.5,62.5,N,2026-10-05 10:07
여의도한강공원,POI105,2026-10-05 09:35,여유,2500,3000,55.9,44.1,1.0,5.0,13.0,23.1,22.6,17.9,10.4,6.9,42.1,57.9,N,2026-10-05 10:07
월드컵공원,POI106,2026-10-05 09:35,여유,8500,9000,50.8,49.2,2.1,5.4,12.0,16.6,19.7,19.1,13.7,11.5,33.1,66.9,N,2026-10-05 10:07
응봉산,POI107,2026-10-05 09:35,여유,2000,2500,50.1,49.9,0.6,8.7,8.6,15.7,21.8,20.2,13.4,11.0,21.4,78.6,N,2026-10-05 10:07
이촌한강공원,POI108,2026-10-05 09:35,여유,2000,2500,53.1,46.9,0.3,6.4,9.4,17.0,21.7,24.0,13.1,8.1,8.2,91.8,N,2026-10-05 10:07
잠실종합운동장,POI109,2026-10-05 09:35,여유,2500,3000,54.5,45.5,2.6,14.8,13.4,14.6,19.9,17.8,9.8,7.1,32.9,67.1,N,2026-10-05 10:07
잠실한강공원,POI110,2026-10-05 09:35,여유,2000,2500,56.2,43.8,0.1,6.5,10.2,14.1,24.4,25.0,12.6,7.0,6.3,93.7,N,2026-10-05 10:07
잠원한강공원,POI111,2026-10-05 09:35,여유,1500,2000,52.4,47.6,0.6,5.2,8.6,14.0,29.2,22.5,10.8,9.1,5.9,94.1,N,2026-10-05 10:07
청계산,POI112,2026-10-05 09:35,여유,2000,2500,54.3,45.7,1.3,3.9,13.9,18.3,17.8,17.1,15.1,12.7,30.6,69.4,N,2026-10-05 10:07
북창동 먹자골목,POI114,2026-10-05 09:35,보통,8000,8500,53.1,46.9,0.4,1.7,14.3,23.1,23.8,20.8,10.6,5.2,59.3,40.7,N,2026-10-05 10:07
남대문시장,POI115,2026-10-05 09:35,보통,10000,12000,51.2,48.8,0.5,1.6,12.8,21.6,22.9,21.3,12.4,6.8,57.4,42.6,N,2026-10-05 10:07
익선동,POI116,2026-10-05 09:35,여유,7000,7500,55.4,44.6,0.5,3.3,15.9,18.6,18.6,18.8,13.8,10.4,41.7,58.3,N,2026-10-05 10:07
신정네거리역,POI117,2026-10-05 09:35,여유,1000,1500,51.5,48.5,0.1,7.2,9.6,14.8,21.6,22.0,14.5,10.2,22.9,77.1,N,2026-10-05 10:07
잠실새내역,POI118,2026-10-05 09:35,여유,7500,8000,49.0,51.0,0.5,8.8,17.0,18.5,21.8,16.5,9.5,7.4,23.0,77.0,N,2026-10-05 10:07
잠실역,POI119,2026-10-05 09:35,여유,12000,14000,43.8,56.2,0.7,25.7,17.5,17.0,17.3,12.2,6.8,2.8,11.8,88.2,N,2026-10-05 10:07
잠실롯데타워·석촌호수,POI120,2026-10-05 09:35,여유,26000,28000,45.8,54.2,0.4,14.8,19.2,20.5,18.2,13.5,8.2,5.2,14.7,85.3,N,2026-10-05 10:07
송리단길·호수단길,POI121,2026-10-05 09:35,여유,5000,5500,48.7,51.3,0.3,5.4,15.1,23.5,18.2,16.4,11.9,9.2,26.9,73.1,N,2026-10-05 10:07
신촌 스타광장,POI122,2026-10-05 09:35,여유,2000,2500,44.7,55.3,0.7,5.8,37.3,16.8,10.7,12.3,9.2,7.2,47.2,52.8,N,2026-10-05 10:07
보라매공원,POI123,2026-10-05 09:35,보통,3500,4000,47.7,52.3,3.1,7.3,12.8,15.4,15.6,17.5,13.4,14.8,52.3,47.7,N,2026-10-05 10:07
서대문독립공원,POI124,2026-10-05 09:35,여유,1000,1500,51.1,48.9,0.5,5.2,17.7,12.5,16.5,18.7,15.8,13.1,19.1,80.9,N,2026-10-05 10:07
안양천,POI125,2026-10-05 09:35,약간 붐빔,1500,2000,57.0,43.0,0.6,9.0,7.9,14.6,22.6,19.3,14.5,11.6,12.3,87.7,N,2026-10-05 10:07
여의서로,POI126,2026-10-05 09:35,여유,800,900,57.3,42.7,0.5,4.5,14.3,23.3,23.2,19.0,10.1,5.0,41.6,58.4,N,2026-10-05 10:07
올림픽공원,POI127,2026-10-05 09:35,여유,7000,7500,50.5,49.5,0.4,7.7,11.3,17.0,21.6,20.2,12.1,9.7,13.4,86.6,N,2026-10-05 10:07
홍제폭포,POI128,2026-10-05 09:35,여유,300,400,44.1,55.9,3.2,7.0,13.2,11.5,13.0,17.2,16.2,18.7,70.7,29.3,N,2026-10-05 10:07
송현녹지광장,POI129,2026-10-05 09:35,보통,4500,5000,54.3,45.7,0.6,6.8,13.7,19.9,23.0,18.5,10.0,7.4,50.8,49.2,N,2026-10-05 10:07
시의회 앞,POI130,2026-10-05 09:35,여유,6000,6500,49.4,50.6,0.5,3.7,15.6,22.6,23.6,19.9,9.1,5.0,50.3,49.7,N,2026-10-05 10:07
강남 MICE 관광특구,POI001,2026-10-05 10:35,보통,14000,16000,53.2,46.8,0.6,4.8,17.6,25.6,22.8,16.2,8.1,4.3,51.6,48.4,N,2026-10-05 11:07
동대문 관광특구,POI002,2026-10-05 10:35,보통,22000,24000,48.1,51.9,1.1,3.5,12.7,16.6,18.3,19.8,16.9,11.0,45.9,54.1,N,2026-10-05 11:07
명동 관광특구,POI003,2026-10-05 10:35,보통,64000,66000,49.9,50.1,0.5,2.2,14.8,23.5,24.4,19.6,9.9,5.1,55.9,44.1,N,2026-10-05 11:07
이태원 관광특구,POI004,2026-10-05 10:35,여유,6000,6500,56.2,43.8,0.2,2.9,18.6,23.7,20.8,17.5,10.0,6.3,23.8,76.2,N,2026-10-05 11:07
잠실 관광특구,POI005,2026-10-05 10:35,여유,48000,50000,44.1,55.9,0.7,15.4,16.7,20.9,19.8,13.1,8.2,5.1,11.8,88.2,N,2026-10-05 11:07
종로·청계 관광특구,POI006,2026-10-05 10:35,보통,30000,32000,53.4,46.6,0.7,2.4,13.6,18.6,20.4,19.8,14.6,10.0,50.3,49.7,N,2026-10-05 11:07
홍대 관광특구,POI007,2026-10-05 10:35,여유,50000,52000,45.8,54.2,1.0,7.2,27.4,20.9,15.4,12.9,8.5,6.7,48.3,51.7,N,2026-10-05 11:07
경복궁,POI008,2026-10-05 10:35,여유,1500,2000,49.7,50.3,1.3,8.2,12.4,20.0,22.9,18.8,11.0,5.4,32.4,67.6,N,2026-10-05 11:07
광화문·덕수궁,POI009,2026-10-05 10:35,여유,26000,28000,49.5,50.5,0.7,3.6,13.7,22.4,24.3,19.9,10.3,5.2,46.2,53.8,N,2026-10-05 11:07
보신각,POI010,2026-10-05 10:35,보통,12000,14000,54.3,45.7,0.4,2.0,15.0,24.6,25.5,18.7,8.8,5.0,60.8,39.2,N,2026-10-05 11:07
서울 암사동 유적,POI011,2026-10-05 10:35,여유,300,400,54.0,46.0,6.0,14.6,7.5,10.7,14.1,15.6,16.7,14.8,42.6,57.4,N,2026-10-05 11:07
창덕궁·종묘,POI012,2026-10-05 10:35,약간 붐빔,9000,9500,53.4,46.6,0.7,3.2,15.3,16.7,18.2,20.7,14.7,10.5,41.3,58.7,N,2026-10-05 11:07
가산디지털단지역,POI013,2026-10-05 10:35,여유,10000,12000,56.3,43.7,0.1,2.7,15.8,23.5,19.2,20.3,12.5,5.8,19.6,80.4,N,2026-10-05 11:07
강남역,POI014,2026-10-05 10:35,보통,52000,54000,49.3,50.7,1.2,4.6,22.3,24.9,20.5,14.5,7.3,4.8,55.9,44.1,N,2026-10-05 11:07
건대입구역,POI015,2026-10-05 10:35,여유,22000,24000,47.5,52.5,1.9,6.2,26.2,16.4,13.4,14.2,11.7,10.1,54.7,45.3,N,2026-10-05 11:07
고덕역,POI016,2026-10-05 10:35,여유,2500,3000,52.6,47.4,0.6,21.2,9.6,12.0,20.6,16.0,11.2,8.7,17.0,83.0,N,2026-10-05 11:07
고속터미널역,POI017,2026-10-05 10:35,보통,16000,18000,36.6,63.4,0.2,8.4,19.6,19.2,19.1,17.0,10.6,6.0,11.7,88.3,N,2026-10-05 11:07
교대역,POI018,2026-10-05 10:35,여유,14000,16000,50.6,49.4,2.4,5.2,14.4,19.4,20.3,18.7,11.3,8.3,59.3,40.7,N,2026-10-05 11:07
구로디지털단지역,POI019,2026-10-05 10:35,여유,8000,8500,53.0,47.0,0.1,2.9,18.1,23.7,19.8,16.9,11.3,7.2,25.6,74.4,N,2026-10-05 11:07
구로역,POI020,2026-10-05 10:35,여유,2000,2500,46.4,53.6,0.1,5.2,11.6,18.5,14.9,18.3,16.0,15.4,9.6,90.4,N,2026-10-05 11:07
군자역,POI021,2026-10-05 10:35,여유,5000,5500,48.3,51.7,0.1,4.1,21.9,19.9,17.7,16.1,11.0,9.2,23.9,76.1,N,2026-10-05 11:07
대림역,POI023,2026-10-05 10:35,여유,14000,16000,49.0,51.0,2.2,5.3,11.2,12.8,13.5,19.8,19.0,16.4,69.8,30.2,N,2026-10-05 11:07
동대문역,POI024,2026-10-05 10:35,보통,5500,6000,48.7,51.3,0.4,3.4,11.4,14.2,16.2,19.8,19.3,15.3,15.7,84.3,N,2026-10-05 11:07
뚝섬역,POI025,2026-10-05 10:35,여유,8000,8500,50.2,49.8,1.3,4.6,20.2,23.1,17.8,15.3,10.5,7.2,52.9,47.1,N,2026-10-05 11:07
미아사거리역,POI026,2026-10-05 10:35,여유,8500,9000,45.7,54.3,0.3,5.5,14.3,17.2,17.1,19.9,14.4,11.2,14.6,85.4,N,2026-10-05 11:07
발산역,POI027,2026-10-05 10:35,여유,6000,6500,48.1,51.9,0.4,5.6,15.6,24.5,20.8,15.7,10.3,7.1,21.0,79.0,N,2026-10-05 11:07
사당역,POI029,2026-10-05 10:35,여유,10000,12000,48.8,51.2,0.3,4.1,19.9,21.9,15.5,15.3,12.5,10.6,17.2,82.8,N,2026-10-05 11:07
삼각지역,POI030,2026-10-05 10:35,여유,1500,2000,49.4,50.6,1.6,4.0,15.1,22.5,19.1,17.7,11.9,8.1,41.5,58.5,N,2026-10-05 11:07
서울대입구역,POI031,2026-10-05 10:35,여유,8500,9000,49.6,50.4,0.1,3.2,33.1,23.1,13.1,13.3,7.7,6.5,19.3,80.7,N,2026-10-05 11:07
서울식물원·마곡나루역,POI032,2026-10-05 10:35,여유,6500,7000,49.3,50.7,3.7,5.3,15.9,23.4,19.5,15.4,9.7,7.1,61.5,38.5,N,2026-10-05 11:07
서울역,POI033,2026-10-05 10:35,보통,14000,16000,47.9,52.1,0.8,3.1,14.3,21.2,21.7,20.3,11.5,7.2,43.9,56.1,N,2026-10-05 11:07
선릉역,POI034,2026-10-05 10:35,보통,36000,38000,50.6,49.4,1.1,6.3,16.1,22.8,21.2,16.7,9.3,6.4,54.1,45.9,N,2026-10-05 11:07
성신여대입구역,POI035,2026-10-05 10:35,여유,4500,5000,40.6,59.4,0.5,8.5,27.4,15.9,13.5,15.6,9.8,8.9,13.3,86.7,N,2026-10-05 11:07
수유역,POI036,2026-10-05 10:35,여유,9000,9500,49.4,50.6,0.2,4.8,18.3,18.1,15.5,18.0,14.0,11.1,24.7,75.3,N,2026-10-05 11:07
신논현역·논현역,POI037,2026-10-05 10:35,여유,9000,9500,48.2,51.8,1.1,3.2,19.2,23.9,20.4,15.6,9.4,7.1,51.8,48.2,N,2026-10-05 11:07
신도림역,POI038,2026-10-05 10:35,여유,6500,7000,45.2,54.8,2.8,5.5,13.8,16.2,16.1,16.9,15.7,12.8,48.1,51.9,N,2026-10-05 11:07
신림역,POI039,2026-10-05 10:35,여유,8500,9000,54.4,45.6,0.1,2.6,30.3,25.3,14.8,12.4,8.1,6.4,19.0,81.0,N,2026-10-05 11:07
신촌·이대역,POI040,2026-10-05 10:35,여유,26000,28000,42.1,57.9,1.3,6.9,37.2,15.5,11.2,11.9,8.7,7.2,47.8,52.2,N,2026-10-05 11:07
양재역,POI041,2026-10-05 10:35,여유,12000,14000,49.3,50.7,1.7,5.5,13.6,21.1,19.7,17.7,11.5,9.2,51.5,48.5,N,2026-10-05 11:07
역삼역,POI042,2026-10-05 10:35,보통,26000,28000,51.9,48.1,0.8,2.8,19.4,27.3,21.7,15.3,7.7,4.9,60.0,40.0,N,2026-10-05 11:07
연신내역,POI043,2026-10-05 10:35,여유,5500,6000,44.1,55.9,0.4,3.8,17.2,19.8,16.0,16.5,14.6,11.6,21.4,78.6,N,2026-10-05 11:07
오목교역·목동운동장,POI044,2026-10-05 10:35,여유,58000,60000,45.6,54.4,6.1,15.5,11.5,10.7,17.0,16.3,12.3,10.6,65.1,34.9,N,2026-10-05 11:07
왕십리역,POI045,2026-10-05 10:35,여유,18000,20000,46.8,53.2,3.0,9.0,23.5,13.7,12.4,14.3,12.4,11.7,57.9,42.1,N,2026-10-05 11:07
용산역,POI046,2026-10-05 10:35,여유,14000,16000,46.2,53.8,0.5,8.8,22.1,19.4,18.5,15.0,9.1,6.6,13.2,86.8,N,2026-10-05 11:07
이태원역,POI047,2026-10-05 10:35,여유,2500,3000,59.0,41.0,0.3,4.1,19.5,23.1,19.5,16.5,10.2,6.9,21.5,78.5,N,2026-10-05 11:07
장지역,POI048,2026-10-05 10:35,보통,18000,20000,52.0,48.0,2.8,5.6,12.9,19.7,20.1,18.0,12.7,8.2,60.7,39.3,N,2026-10-05 11:07
장한평역,POI049,2026-10-05 10:35,여유,7500,8000,57.5,42.5,0.2,2.3,14.4,18.2,18.6,19.1,17.8,9.5,21.2,78.8,N,2026-10-05 11:07
천호역,POI050,2026-10-05 10:35,여유,6500,7000,45.1,54.9,0.2,4.0,16.5,21.4,16.5,16.9,13.4,11.1,17.1,82.9,N,2026-10-05 11:07
총신대입구(이수)역,POI051,2026-10-05 10:35,여유,10000,12000,44.3,55.7,0.3,5.5,14.6,19.5,16.9,16.3,13.8,13.2,14.9,85.1,N,2026-10-05 11:07
충정로역,POI052,2026-10-05 10:35,보통,7000,7500,47.8,52.2,2.1,5.5,14.6,17.8,18.1,18.9,12.6,10.5,63.6,36.4,N,2026-10-05 11:07
합정역,POI053,2026-10-05 10:35,여유,8000,8500,46.2,53.8,1.5,4.5,19.4,22.3,16.7,15.4,10.9,9.4,53.8,46.2,N,2026-10-05 11:07
혜화역,POI054,2026-10-05 10:35,여유,12000,14000,46.3,53.7,1.6,10.1,23.3,14.7,14.2,14.6,11.1,10.4,46.1,53.9,N,2026-10-05 11:07
홍대입구역(2호선),POI055,2026-10-05 10:35,여유,12000,14000,44.6,55.4,0.9,7.7,27.0,20.7,15.7,12.9,8.5,6.6,47.0,53.0,N,2026-10-05 11:07
회기역,POI056,2026-10-05 10:35,여유,8000,8500,46.8,53.2,0.1,5.5,42.4,13.0,8.8,10.9,8.1,11.1,23.7,76.3,N,2026-10-05 11:07
가락시장,POI058,2026-10-05 10:35,여유,7000,7500,54.3,45.7,0.3,3.1,6.6,14.5,20.7,23.0,18.7,13.1,21.3,78.7,N,2026-10-05 11:07
가로수길,POI059,2026-10-05 10:35,보통,20000,22000,45.7,54.3,1.5,6.1,16.2,20.8,19.9,16.3,10.6,8.6,50.5,49.5,N,2026-10-05 11:07
광장(전통)시장,POI060,2026-10-05 10:35,약간 붐빔,4000,4500,54.0,46.0,0.7,2.2,12.5,15.3,17.2,20.6,18.2,13.3,48.6,51.4,N,2026-10-05 11:07
김포공항,POI061,2026-10-05 10:35,여유,5000,5500,47.9,52.1,0.3,5.1,17.2,19.7,17.0,18.2,13.8,8.8,4.5,95.5,N,2026-10-05 11:07
노량진,POI063,2026-10-05 10:35,여유,20000,22000,51.9,48.1,1.3,5.6,30.1,17.4,11.8,12.9,11.1,9.8,43.3,56.7,N,2026-10-05 11:07
덕수궁길·정동길,POI064,2026-10-05 10:35,여유,3000,3500,46.9,53.1,0.7,7.4,12.2,20.3,22.0,19.8,10.8,6.7,46.4,53.6,N,2026-10-05 11:07
북촌한옥마을,POI066,2026-10-05 10:35,보통,12000,14000,52.6,47.4,0.8,8.5,14.9,18.2,20.7,18.0,10.8,8.1,42.1,57.9,N,2026-10-05 11:07
서촌,POI067,2026-10-05 10:35,여유,12000,14000,47.5,52.5,1.7,10.1,14.8,17.2,17.7,17.6,11.3,9.6,57.7,42.3,N,2026-10-05 11:07
성수카페거리,POI068,2026-10-05 10:35,보통,22000,24000,51.9,48.1,1.1,5.1,21.7,22.8,17.7,15.7,10.3,5.7,54.7,45.3,N,2026-10-05 11:07
쌍문역,POI070,2026-10-05 10:35,보통,6000,6500,47.8,52.2,0.4,4.8,14.4,18.2,17.0,19.5,14.2,11.4,28.5,71.5,N,2026-10-05 11:07
압구정로데오거리,POI071,2026-10-05 10:35,여유,22000,24000,44.6,55.4,1.8,4.2,18.1,22.0,19.5,15.9,10.3,8.3,56.3,43.7,N,2026-10-05 11:07
여의도,POI072,2026-10-05 10:35,여유,96000,98000,54.0,46.0,0.9,3.6,14.5,24.3,23.1,18.3,9.2,6.1,58.3,41.7,N,2026-10-05 11:07
연남동,POI073,2026-10-05 10:35,여유,7000,7500,46.5,53.5,0.9,5.6,22.7,21.2,16.6,14.3,9.8,8.9,45.9,54.1,N,2026-10-05 11:07
영등포 타임스퀘어,POI074,2026-10-05 10:35,여유,12000,14000,47.2,52.8,0.4,4.2,20.7,22.7,17.3,16.4,11.9,6.4,14.6,85.4,N,2026-10-05 11:07
용리단길,POI076,2026-10-05 10:35,보통,5000,5500,53.3,46.7,2.7,3.3,16.4,22.5,21.2,16.6,9.9,7.5,62.7,37.3,N,2026-10-05 11:07
이태원 앤틱가구거리,POI077,2026-10-05 10:35,여유,4000,4500,56.5,43.5,1.1,4.0,16.4,19.6,16.7,18.5,13.4,10.1,51.8,48.2,N,2026-10-05 11:07
인사동,POI078,2026-10-05 10:35,보통,14000,16000,53.9,46.1,0.6,3.3,13.9,20.6,21.8,18.9,12.2,8.7,50.6,49.4,N,2026-10-05 11:07
창동 신경제 중심지,POI079,2026-10-05 10:35,여유,26000,28000,48.3,51.7,0.3,6.0,14.3,17.2,17.6,20.6,14.3,9.7,19.4,80.6,N,2026-10-05 11:07
청담동 명품거리,POI080,2026-10-05 10:35,여유,4000,4500,45.7,54.3,0.1,4.1,22.7,22.3,20.5,16.5,8.8,5.0,29.1,70.9,N,2026-10-05 11:07
청량리 제기동 일대 전통시장,POI081,2026-10-05 10:35,여유,12000,14000,48.8,51.2,1.7,4.0,12.1,11.4,13.5,18.3,19.0,20.0,45.8,54.2,N,2026-10-05 11:07
해방촌·경리단길,POI082,2026-10-05 10:35,여유,3000,3500,49.3,50.7,0.2,4.6,15.8,21.9,19.2,17.3,10.2,10.7,24.9,75.1,N,2026-10-05 11:07
DDP(동대문디자인플라자),POI083,2026-10-05 10:35,여유,4500,5000,48.5,51.5,1.2,3.9,13.0,17.1,18.1,19.5,16.5,10.8,48.6,51.4,N,2026-10-05 11:07
DMC(디지털미디어시티),POI084,2026-10-05 10:35,여유,26000,28000,48.7,51.3,2.7,5.8,15.8,22.0,20.1,16.8,9.6,7.1,63.1,36.9,N,2026-10-05 11:07
강서한강공원,POI085,2026-10-05 10:35,여유,100,200,53.9,46.1,0.4,5.6,8.2,12.2,20.0,26.4,16.3,10.9,2.2,97.8,N,2026-10-05 11:07
고척돔,POI086,2026-10-05 10:35,여유,1000,1500,52.3,47.7,0.8,5.7,10.3,28.8,18.4,13.1,13.9,9.0,14.6,85.4,N,2026-10-05 11:07
광나루한강공원,POI087,2026-10-05 10:35,보통,4500,5000,49.7,50.3,0.6,4.9,7.4,16.1,22.0,24.1,13.8,11.2,6.0,94.0,N,2026-10-05 11:07
광화문광장,POI088,2026-10-05 10:35,여유,5000,5500,48.5,51.5,0.7,4.8,13.4,22.5,24.7,19.3,9.9,4.6,36.1,63.9,N,2026-10-05 11:07
국립중앙박물관·용산가족공원,POI089,2026-10-05 10:35,보통,2500,3000,46.8,53.2,7.0,10.2,9.5,14.0,18.9,16.6,13.6,10.3,37.3,62.7,N,2026-10-05 11:07
난지한강공원,POI090,2026-10-05 10:35,여유,2000,2500,54.0,46.0,2.0,5.4,9.9,16.3,21.4,21.2,15.4,8.3,7.6,92.4,N,2026-10-05 11:07
남산공원,POI091,2026-10-05 10:35,여유,12000,14000,50.1,49.9,1.1,5.5,17.7,17.5,19.2,17.9,12.6,8.5,28.7,71.3,N,2026-10-05 11:07
노들섬,POI092,2026-10-05 10:35,여유,1000,1500,41.1,58.9,1.0,5.2,17.0,18.7,14.8,14.6,15.5,13.2,0.8,99.2,N,2026-10-05 11:07
뚝섬한강공원,POI093,2026-10-05 10:35,여유,3500,4000,49.7,50.3,0.4,4.6,12.9,21.9,20.1,18.9,11.3,9.9,9.5,90.5,N,2026-10-05 11:07
망원한강공원,POI094,2026-10-05 10:35,여유,1500,2000,52.5,47.5,1.9,4.4,11.5,17.4,19.3,19.0,15.3,11.3,32.6,67.4,N,2026-10-05 11:07
반포한강공원,POI095,2026-10-05 10:35,여유,3500,4000,49.3,50.7,0.3,6.3,10.4,17.9,21.5,20.5,14.4,8.7,1.5,98.5,N,2026-10-05 11:07
북서울꿈의숲,POI096,2026-10-05 10:35,여유,5000,5500,48.3,51.7,0.6,6.9,10.0,16.1,17.4,18.3,15.4,15.2,28.1,71.9,N,2026-10-05 11:07
서리풀공원·몽마르뜨공원,POI098,2026-10-05 10:35,여유,3000,3500,48.8,51.2,0.5,5.8,12.5,17.8,21.0,19.3,12.5,10.7,26.2,73.8,N,2026-10-05 11:07
서울대공원,POI100,2026-10-05 10:35,보통,8500,9000,47.0,53.0,6.5,12.6,6.7,29.1,23.8,8.3,7.3,5.6,6.6,93.4,N,2026-10-05 11:07
서울숲공원,POI101,2026-10-05 10:35,여유,4000,4500,47.7,52.3,1.3,5.1,11.2,20.6,21.3,19.4,12.6,8.5,21.8,78.2,N,2026-10-05 11:07
아차산,POI102,2026-10-05 10:35,약간 붐빔,7000,7500,49.8,50.2,0.2,4.3,9.5,16.2,19.4,23.9,15.8,10.7,11.7,88.3,N,2026-10-05 11:07
양화한강공원,POI103,2026-10-05 10:35,여유,700,800,50.4,49.6,0.9,2.8,13.7,23.7,19.4,17.4,13.8,8.3,10.0,90.0,N,2026-10-05 11:07
어린이대공원,POI104,2026-10-05 10:35,여유,5000,5500,46.9,53.1,1.7,8.3,21.1,21.4,17.5,11.1,9.7,9.3,29.4,70.6,N,2026-10-05 11:07
여의도한강공원,POI105,2026-10-05 10:35,여유,3000,3500,52.4,47.6,1.2,5.5,12.9,23.6,21.9,16.6,11.1,7.2,38.1,61.9,N,2026-10-05 11:07
월드컵공원,POI106,2026-10-05 10:35,여유,9500,10000,48.4,51.6,2.2,5.2,10.0,15.9,18.3,19.3,16.4,12.7,28.7,71.3,N,2026-10-05 11:07
응봉산,POI107,2026-10-05 10:35,여유,2500,3000,47.3,52.7,0.3,6.6,7.9,14.5,23.2,20.6,14.2,12.7,19.3,80.7,N,2026-10-05 11:07
이촌한강공원,POI108,2026-10-05 10:35,여유,2500,3000,51.6,48.4,0.3,5.2,10.2,20.6,21.2,20.7,13.9,7.9,7.6,92.4,N,2026-10-05 11:07
잠실종합운동장,POI109,2026-10-05 10:35,여유,3000,3500,54.8,45.2,2.6,16.3,19.1,12.2,17.4,16.1,9.0,7.4,27.9,72.1,N,2026-10-05 11:07
잠실한강공원,POI110,2026-10-05 10:35,보통,2500,3000,53.5,46.5,0.9,8.3,10.8,12.5,25.4,21.7,12.4,8.1,5.4,94.6,N,2026-10-05 11:07
잠원한강공원,POI111,2026-10-05 10:35,여유,2000,2500,49.0,51.0,0.3,5.9,7.8,15.8,26.0,22.5,13.9,7.8,4.5,95.5,N,2026-10-05 11:07
청계산,POI112,2026-10-05 10:35,여유,2000,2500,54.3,45.7,2.1,3.8,9.9,13.6,16.4,18.9,19.2,16.0,32.4,67.6,N,2026-10-05 11:07
북창동 먹자골목,POI114,2026-10-05 10:35,보통,9500,10000,50.4,49.6,0.6,1.8,14.0,22.8,23.3,20.2,11.2,6.1,54.6,45.4,N,2026-10-05 11:07
남대문시장,POI115,2026-10-05 10:35,보통,14000,16000,46.2,53.8,0.7,1.9,12.1,21.8,22.6,20.2,13.1,7.6,48.2,51.8,N,2026-10-05 11:07
익선동,POI116,2026-10-05 10:35,여유,8000,8500,55.1,44.9,0.7,3.0,15.4,17.5,17.9,18.3,14.7,12.4,41.1,58.9,N,2026-10-05 11:07
신정네거리역,POI117,2026-10-05 10:35,여유,1500,2000,47.3,52.7,0.3,6.0,12.6,15.5,18.2,21.3,13.8,12.2,22.2,77.8,N,2026-10-05 11:07
잠실새내역,POI118,2026-10-05 10:35,여유,8500,9000,45.9,54.1,0.3,9.0,17.1,18.0,22.1,17.2,9.3,7.1,22.2,77.8,N,2026-10-05 11:07
잠실역,POI119,2026-10-05 10:35,여유,20000,22000,41.1,58.9,1.0,17.8,18.0,21.7,20.4,11.7,6.3,3.2,10.2,89.8,N,2026-10-05 11:07
잠실롯데타워·석촌호수,POI120,2026-10-05 10:35,여유,40000,42000,42.9,57.1,0.7,17.0,17.8,21.3,19.7,11.9,7.2,4.3,11.9,88.1,N,2026-10-05 11:07
송리단길·호수단길,POI121,2026-10-05 10:35,여유,5000,5500,48.2,51.8,0.3,4.9,14.6,23.7,20.5,15.9,12.1,8.0,25.0,75.0,N,2026-10-05 11:07
신촌 스타광장,POI122,2026-10-05 10:35,여유,2000,2500,43.7,56.3,0.7,6.4,34.9,17.8,11.4,12.2,9.3,7.3,41.7,58.3,N,2026-10-05 11:07
보라매공원,POI123,2026-10-05 10:35,보통,3500,4000,46.9,53.1,2.9,6.9,12.2,16.1,15.9,17.0,13.8,15.2,47.6,52.4,N,2026-10-05 11:07
서대문독립공원,POI124,2026-10-05 10:35,여유,1000,1500,49.9,50.1,0.8,5.6,13.8,12.7,17.0,20.4,16.3,13.5,15.7,84.3,N,2026-10-05 11:07
안양천,POI125,2026-10-05 10:35,약간 붐빔,1500,2000,53.8,46.2,0.5,8.4,8.4,15.6,21.8,20.6,14.8,10.1,9.4,90.6,N,2026-10-05 11:07
여의서로,POI126,2026-10-05 10:35,여유,900,1000,55.7,44.3,0.9,4.5,13.3,23.2,22.7,18.6,11.2,5.7,43.7,56.3,N,2026-10-05 11:07
올림픽공원,POI127,2026-10-05 10:35,여유,8500,9000,49.7,50.3,0.7,8.0,11.4,19.0,20.7,18.7,12.7,8.8,11.3,88.7,N,2026-10-05 11:07
홍제폭포,POI128,2026-10-05 10:35,여유,300,400,44.4,55.6,3.3,7.3,12.5,11.6,13.0,16.8,16.2,19.1,67.7,32.3,N,2026-10-05 11:07
송현녹지광장,POI129,2026-10-05 10:35,보통,5000,5500,52.7,47.3,0.8,6.4,13.3,19.9,22.7,18.4,10.7,7.6,45.0,55.0,N,2026-10-05 11:07
시의회 앞,POI130,2026-10-05 10:35,여유,7500,8000,48.3,51.7,0.6,3.4,14.3,21.5,22.8,20.1,11.0,6.3,45.5,54.5,N,2026-10-05 11:07
강남 MICE 관광특구,POI001,2026-10-05 11:35,보통,16000,18000,50.6,49.4,0.7,5.7,17.9,25.2,22.9,15.6,7.8,4.2,43.9,56.1,N,2026-10-05 12:07
동대문 관광특구,POI002,2026-10-05 11:35,보통,24000,26000,47.2,52.8,1.2,3.8,13.0,16.2,18.0,20.0,16.7,11.1,42.0,58.0,N,2026-10-05 12:07
명동 관광특구,POI003,2026-10-05 11:35,보통,72000,74000,46.7,53.3,0.7,2.5,14.5,23.0,23.5,18.7,10.7,6.4,44.4,55.6,N,2026-10-05 12:07
이태원 관광특구,POI004,2026-10-05 11:35,여유,7000,7500,53.0,47.0,0.4,3.0,20.0,25.0,18.6,17.8,9.2,5.9,22.7,77.3,N,2026-10-05 12:07
잠실 관광특구,POI005,2026-10-05 11:35,보통,62000,64000,42.7,57.3,0.7,14.4,17.6,22.0,20.2,12.3,7.6,5.1,9.8,90.2,N,2026-10-05 12:07
종로·청계 관광특구,POI006,2026-10-05 11:35,보통,34000,36000,51.7,48.3,0.8,3.0,13.4,18.0,20.0,19.1,14.8,11.0,41.1,58.9,N,2026-10-05 12:07
홍대 관광특구,POI007,2026-10-05 11:35,여유,58000,60000,44.8,55.2,1.0,8.4,28.8,21.1,15.4,12.0,7.6,5.8,42.5,57.5,N,2026-10-05 12:07
경복궁,POI008,2026-10-05 11:35,보통,2000,2500,46.3,53.7,1.8,7.7,12.5,19.1,23.3,18.4,11.2,6.0,26.4,73.6,N,2026-10-05 12:07
광화문·덕수궁,POI009,2026-10-05 11:35,여유,30000,32000,48.6,51.4,0.8,3.9,14.0,22.1,24.1,18.9,10.4,5.7,39.9,60.1,N,2026-10-05 12:07
보신각,POI010,2026-10-05 11:35,보통,12000,14000,53.1,46.9,0.5,2.1,15.7,24.0,24.6,17.8,9.3,5.9,51.1,48.9,N,2026-10-05 12:07
서울 암사동 유적,POI011,2026-10-05 11:35,여유,300,400,53.6,46.4,6.7,14.8,7.6,10.5,14.2,15.2,16.2,14.6,41.6,58.4,N,2026-10-05 12:07
창덕궁·종묘,POI012,2026-10-05 11:35,보통,10000,12000,51.4,48.6,0.6,3.8,14.9,16.3,18.5,20.5,14.3,11.1,36.0,64.0,N,2026-10-05 12:07
가산디지털단지역,POI013,2026-10-05 11:35,여유,10000,12000,54.9,45.1,0.1,3.3,16.7,20.1,19.0,20.5,12.9,7.5,17.6,82.4,N,2026-10-05 12:07
강남역,POI014,2026-10-05 11:35,보통,60000,62000,48.5,51.5,1.2,4.9,23.3,24.8,20.0,14.0,7.1,4.8,51.3,48.7,N,2026-10-05 12:07
건대입구역,POI015,2026-10-05 11:35,여유,24000,26000,47.0,53.0,2.0,6.9,26.6,16.1,13.6,13.9,11.3,9.6,51.1,48.9,N,2026-10-05 12:07
고덕역,POI016,2026-10-05 11:35,여유,2500,3000,49.2,50.8,0.9,25.9,9.2,10.0,20.5,14.4,11.8,7.3,16.2,83.8,N,2026-10-05 12:07
고속터미널역,POI017,2026-10-05 11:35,약간 붐빔,24000,26000,34.6,65.4,0.2,7.9,18.8,18.7,19.3,17.4,11.0,6.8,8.8,91.2,N,2026-10-05 12:07
교대역,POI018,2026-10-05 11:35,여유,16000,18000,50.5,49.5,2.3,5.2,14.0,19.3,20.1,19.0,11.5,8.6,57.6,42.4,N,2026-10-05 12:07
구로디지털단지역,POI019,2026-10-05 11:35,여유,9000,9500,52.4,47.6,0.2,2.6,19.0,23.2,18.0,17.6,11.3,8.0,24.9,75.1,N,2026-10-05 12:07
구로역,POI020,2026-10-05 11:35,여유,2000,2500,46.2,53.8,0.4,6.7,11.9,18.4,19.1,17.5,14.2,11.9,8.5,91.5,N,2026-10-05 12:07
군자역,POI021,2026-10-05 11:35,여유,5500,6000,47.7,52.3,0.3,4.0,21.8,19.6,18.3,15.4,11.3,9.3,23.6,76.4,N,2026-10-05 12:07
대림역,POI023,2026-10-05 11:35,여유,14000,16000,49.5,50.5,2.2,5.4,11.0,12.5,13.4,19.8,19.3,16.5,68.0,32.0,N,2026-10-05 12:07
동대문역,POI024,2026-10-05 11:35,보통,7000,7500,44.6,55.4,0.5,4.9,11.2,14.8,17.7,18.6,18.4,13.7,13.6,86.4,N,2026-10-05 12:07
뚝섬역,POI025,2026-10-05 11:35,보통,9500,10000,48.6,51.4,1.2,4.9,21.4,23.8,17.5,15.0,9.6,6.7,48.5,51.5,N,2026-10-05 12:07
미아사거리역,POI026,2026-10-05 11:35,여유,9500,10000,43.9,56.1,0.4,6.2,14.5,16.6,18.9,19.2,14.1,10.1,12.9,87.1,N,2026-10-05 12:07
발산역,POI027,2026-10-05 11:35,여유,6500,7000,46.4,53.6,0.4,5.4,16.5,24.6,18.7,15.5,10.8,8.1,19.1,80.9,N,2026-10-05 12:07
사당역,POI029,2026-10-05 11:35,여유,12000,14000,46.5,53.5,0.2,4.7,19.8,20.2,13.8,15.1,13.7,12.5,14.8,85.2,N,2026-10-05 12:07
삼각지역,POI030,2026-10-05 11:35,여유,2000,2500,51.1,48.9,1.9,3.8,17.6,21.2,18.8,17.3,11.3,8.0,44.4,55.6,N,2026-10-05 12:07
서울대입구역,POI031,2026-10-05 11:35,여유,10000,12000,48.6,51.4,0.2,4.2,33.8,22.5,13.3,12.8,7.1,6.1,17.1,82.9,N,2026-10-05 12:07
서울식물원·마곡나루역,POI032,2026-10-05 11:35,보통,7000,7500,48.8,51.2,3.5,5.3,15.7,24.2,19.6,15.1,9.6,7.1,55.3,44.7,N,2026-10-05 12:07
서울역,POI033,2026-10-05 11:35,보통,16000,18000,46.5,53.5,0.9,3.2,14.5,21.1,21.3,19.4,11.6,7.9,40.9,59.1,N,2026-10-05 12:07
선릉역,POI034,2026-10-05 11:35,보통,40000,42000,50.5,49.5,1.1,6.2,16.1,22.7,20.7,16.6,9.8,6.8,51.7,48.3,N,2026-10-05 12:07
성신여대입구역,POI035,2026-10-05 11:35,여유,5500,6000,38.8,61.2,0.2,8.1,30.2,18.0,12.0,13.6,9.0,8.9,12.2,87.8,N,2026-10-05 12:07
수유역,POI036,2026-10-05 11:35,여유,10000,12000,49.3,50.7,0.4,5.8,19.6,16.0,15.5,18.8,12.6,11.2,22.1,77.9,N,2026-10-05 12:07
신논현역·논현역,POI037,2026-10-05 11:35,여유,10000,12000,48.2,51.8,1.1,3.8,20.3,23.9,20.1,15.0,9.1,6.7,50.9,49.1,N,2026-10-05 12:07
신도림역,POI038,2026-10-05 11:35,보통,8000,8500,45.9,54.1,3.0,5.8,13.9,16.9,15.8,16.9,15.1,12.5,48.4,51.6,N,2026-10-05 12:07
신림역,POI039,2026-10-05 11:35,여유,9500,10000,53.6,46.4,0.0,2.9,29.3,25.2,15.0,13.3,7.8,6.4,17.1,82.9,N,2026-10-05 12:07
신촌·이대역,POI040,2026-10-05 11:35,여유,28000,30000,41.6,58.4,1.2,7.0,37.4,15.7,11.3,11.8,8.6,7.0,42.6,57.4,N,2026-10-05 12:07
양재역,POI041,2026-10-05 11:35,보통,14000,16000,49.3,50.7,1.8,5.1,14.4,20.9,19.8,17.1,11.4,9.5,50.9,49.1,N,2026-10-05 12:07
역삼역,POI042,2026-10-05 11:35,보통,28000,30000,51.8,48.2,0.9,2.9,19.4,27.4,21.6,15.2,7.7,5.0,58.4,41.6,N,2026-10-05 12:07
연신내역,POI043,2026-10-05 11:35,여유,6500,7000,46.8,53.2,0.5,5.9,16.8,18.6,16.3,16.8,13.1,12.0,18.9,81.1,N,2026-10-05 12:07
오목교역·목동운동장,POI044,2026-10-05 11:35,여유,60000,62000,45.1,54.9,6.0,15.6,11.9,10.9,16.8,16.1,12.2,10.4,61.5,38.5,N,2026-10-05 12:07
왕십리역,POI045,2026-10-05 11:35,여유,18000,20000,46.9,53.1,3.0,9.2,23.1,13.6,12.4,14.4,12.4,11.8,55.4,44.6,N,2026-10-05 12:07
용산역,POI046,2026-10-05 11:35,보통,18000,20000,44.8,55.2,0.8,9.3,25.3,18.6,18.2,14.4,8.2,5.2,11.2,88.8,N,2026-10-05 12:07
이태원역,POI047,2026-10-05 11:35,여유,3000,3500,56.1,43.9,0.6,3.9,19.1,24.6,17.6,17.3,9.7,7.3,20.2,79.8,N,2026-10-05 12:07
장지역,POI048,2026-10-05 11:35,보통,16000,18000,49.8,50.2,2.4,5.7,12.3,20.1,21.0,18.3,12.8,7.4,48.5,51.5,N,2026-10-05 12:07
장한평역,POI049,2026-10-05 11:35,여유,8000,8500,58.1,41.9,0.1,2.8,15.7,18.2,16.2,19.6,18.1,9.3,19.4,80.6,N,2026-10-05 12:07
천호역,POI050,2026-10-05 11:35,여유,8000,8500,42.7,57.3,0.4,4.3,15.4,20.1,17.3,17.0,14.0,11.5,14.7,85.3,N,2026-10-05 12:07
총신대입구(이수)역,POI051,2026-10-05 11:35,여유,10000,12000,46.1,53.9,0.3,6.8,15.6,18.5,17.2,16.1,12.3,13.1,13.6,86.4,N,2026-10-05 12:07
충정로역,POI052,2026-10-05 11:35,보통,7000,7500,48.1,51.9,2.1,5.6,14.3,17.9,18.2,18.9,12.5,10.4,60.1,39.9,N,2026-10-05 12:07
합정역,POI053,2026-10-05 11:35,여유,8000,8500,46.1,53.9,1.3,4.7,19.9,23.5,17.0,14.6,10.4,8.6,45.2,54.8,N,2026-10-05 12:07
혜화역,POI054,2026-10-05 11:35,보통,14000,16000,45.2,54.8,1.6,10.1,24.5,14.9,14.6,14.1,10.6,9.5,41.0,59.0,N,2026-10-05 12:07
홍대입구역(2호선),POI055,2026-10-05 11:35,보통,14000,16000,43.4,56.6,0.9,8.6,28.7,21.2,15.5,11.9,7.6,5.6,41.6,58.4,N,2026-10-05 12:07
회기역,POI056,2026-10-05 11:35,여유,9000,9500,47.2,52.8,0.1,6.4,43.5,12.4,9.9,10.5,7.9,9.3,22.6,77.4,N,2026-10-05 12:07
가락시장,POI058,2026-10-05 11:35,여유,7000,7500,51.6,48.4,0.4,3.4,7.0,14.3,20.2,21.9,20.1,12.8,21.6,78.4,N,2026-10-05 12:07
가로수길,POI059,2026-10-05 11:35,보통,22000,24000,45.1,54.9,1.5,6.2,16.4,21.3,20.0,15.9,10.4,8.4,47.3,52.7,N,2026-10-05 12:07
광장(전통)시장,POI060,2026-10-05 11:35,약간 붐빔,4500,5000,53.0,47.0,0.7,2.3,12.1,14.7,17.0,20.2,18.4,14.6,42.6,57.4,N,2026-10-05 12:07
김포공항,POI061,2026-10-05 11:35,여유,6500,7000,46.5,53.5,0.4,5.2,18.1,21.4,19.2,15.4,11.9,8.4,3.6,96.4,N,2026-10-05 12:07
노량진,POI063,2026-10-05 11:35,여유,20000,22000,52.2,47.8,1.1,5.9,31.0,18.3,12.3,12.5,10.2,8.7,37.0,63.0,N,2026-10-05 12:07
덕수궁길·정동길,POI064,2026-10-05 11:35,여유,3500,4000,45.7,54.3,0.8,7.2,12.0,19.8,22.2,20.1,11.4,6.6,38.0,62.0,N,2026-10-05 12:07
북촌한옥마을,POI066,2026-10-05 11:35,보통,14000,16000,48.5,51.5,0.8,7.8,15.7,18.2,20.4,18.1,11.0,8.0,31.8,68.2,N,2026-10-05 12:07
서촌,POI067,2026-10-05 11:35,보통,14000,16000,46.5,53.5,1.8,9.6,15.3,17.7,17.8,17.3,11.3,9.3,52.8,47.2,N,2026-10-05 12:07
성수카페거리,POI068,2026-10-05 11:35,보통,26000,28000,49.6,50.4,1.1,7.0,23.1,22.4,17.3,14.8,9.1,5.2,47.8,52.2,N,2026-10-05 12:07
쌍문역,POI070,2026-10-05 11:35,보통,6000,6500,48.1,51.9,0.3,5.0,14.2,17.6,18.2,18.3,14.5,11.8,26.2,73.8,N,2026-10-05 12:07
압구정로데오거리,POI071,2026-10-05 11:35,여유,24000,26000,44.2,55.8,1.6,4.1,18.8,23.1,19.5,15.6,9.7,7.5,51.9,48.1,N,2026-10-05 12:07
여의도,POI072,2026-10-05 11:35,여유,105000,110000,52.8,47.2,0.9,3.8,15.0,24.4,22.6,18.0,9.3,6.0,55.2,44.8,N,2026-10-05 12:07
연남동,POI073,2026-10-05 11:35,여유,8000,8500,45.5,54.5,1.0,5.8,24.4,21.9,16.4,13.6,9.1,7.8,45.0,55.0,N,2026-10-05 12:07
영등포 타임스퀘어,POI074,2026-10-05 11:35,보통,18000,20000,42.9,57.1,0.4,5.0,18.7,22.8,17.8,15.4,12.3,7.6,11.7,88.3,N,2026-10-05 12:07
용리단길,POI076,2026-10-05 11:35,보통,5000,5500,52.8,47.2,2.8,3.5,16.8,22.3,21.0,16.5,9.8,7.3,58.0,42.0,N,2026-10-05 12:07
이태원 앤틱가구거리,POI077,2026-10-05 11:35,여유,4500,5000,55.8,44.2,1.1,4.3,16.2,20.2,16.7,18.6,13.1,9.8,47.9,52.1,N,2026-10-05 12:07
인사동,POI078,2026-10-05 11:35,보통,16000,18000,52.1,47.9,0.7,3.6,13.7,19.5,21.7,18.4,12.7,9.7,41.6,58.4,N,2026-10-05 12:07
창동 신경제 중심지,POI079,2026-10-05 11:35,여유,30000,32000,47.3,52.7,0.4,6.7,14.5,17.4,18.4,19.5,13.6,9.7,17.7,82.3,N,2026-10-05 12:07
청담동 명품거리,POI080,2026-10-05 11:35,여유,4500,5000,45.9,54.1,0.0,4.4,22.8,24.8,19.7,15.5,8.7,4.0,29.2,70.8,N,2026-10-05 12:07
청량리 제기동 일대 전통시장,POI081,2026-10-05 11:35,보통,14000,16000,48.4,51.6,1.3,3.6,10.9,11.1,13.8,18.3,19.5,21.3,35.7,64.3,N,2026-10-05 12:07
해방촌·경리단길,POI082,2026-10-05 11:35,여유,3500,4000,48.6,51.4,0.3,3.3,17.9,20.6,21.0,16.7,9.7,10.4,23.7,76.3,N,2026-10-05 12:07
DDP(동대문디자인플라자),POI083,2026-10-05 11:35,보통,5500,6000,47.7,52.3,1.4,3.9,13.2,16.7,17.7,19.9,16.4,10.9,44.9,55.1,N,2026-10-05 12:07
DMC(디지털미디어시티),POI084,2026-10-05 11:35,보통,32000,34000,48.6,51.4,2.9,5.9,16.5,22.2,19.8,16.5,9.2,7.0,65.1,34.9,N,2026-10-05 12:07
강서한강공원,POI085,2026-10-05 11:35,여유,100,200,55.0,45.0,0.2,6.5,6.9,12.9,24.4,23.5,17.5,8.2,1.9,98.1,N,2026-10-05 12:07
고척돔,POI086,2026-10-05 11:35,여유,900,1000,52.9,47.1,0.0,7.6,8.7,25.5,16.3,19.0,13.2,9.8,13.9,86.1,N,2026-10-05 12:07
광나루한강공원,POI087,2026-10-05 11:35,보통,4500,5000,50.7,49.3,0.4,6.0,8.5,18.0,21.2,21.3,15.1,9.4,5.2,94.8,N,2026-10-05 12:07
광화문광장,POI088,2026-10-05 11:35,여유,6500,7000,48.0,52.0,0.9,4.7,14.5,21.9,24.3,18.1,9.9,5.7,35.3,64.7,N,2026-10-05 12:07
국립중앙박물관·용산가족공원,POI089,2026-10-05 11:35,약간 붐빔,2500,3000,45.6,54.4,7.6,10.9,9.2,15.5,19.1,15.2,12.7,9.8,31.6,68.4,N,2026-10-05 12:07
난지한강공원,POI090,2026-10-05 11:35,보통,2500,3000,50.4,49.6,1.7,5.5,10.9,18.0,21.7,19.4,14.7,8.1,5.4,94.6,N,2026-10-05 12:07
남산공원,POI091,2026-10-05 11:35,보통,14000,16000,49.2,50.8,1.1,6.0,17.0,17.2,18.4,17.5,13.9,8.7,25.8,74.2,N,2026-10-05 12:07
노들섬,POI092,2026-10-05 11:35,여유,1500,2000,44.3,55.7,0.4,9.1,20.9,19.7,11.9,13.6,11.7,12.8,1.1,98.9,N,2026-10-05 12:07
뚝섬한강공원,POI093,2026-10-05 11:35,여유,4000,4500,46.0,54.0,1.0,7.5,12.0,21.8,22.3,15.5,11.3,8.7,7.8,92.2,N,2026-10-05 12:07
망원한강공원,POI094,2026-10-05 11:35,여유,2000,2500,52.4,47.6,1.6,4.6,11.8,18.7,19.2,18.8,14.7,10.7,27.8,72.2,N,2026-10-05 12:07
반포한강공원,POI095,2026-10-05 11:35,여유,3500,4000,51.8,48.2,0.8,8.0,10.6,21.7,20.8,17.8,13.4,6.9,1.8,98.2,N,2026-10-05 12:07
북서울꿈의숲,POI096,2026-10-05 11:35,보통,5000,5500,47.1,52.9,0.5,5.8,8.6,17.9,18.5,19.0,15.2,14.5,25.2,74.8,N,2026-10-05 12:07
서리풀공원·몽마르뜨공원,POI098,2026-10-05 11:35,여유,3500,4000,46.2,53.8,0.5,6.8,13.2,18.0,20.4,18.9,11.6,10.7,25.4,74.6,N,2026-10-05 12:07
서울대공원,POI100,2026-10-05 11:35,약간 붐빔,10000,12000,46.3,53.7,8.0,11.3,6.3,30.2,23.9,7.3,7.1,5.9,5.2,94.8,N,2026-10-05 12:07
서울숲공원,POI101,2026-10-05 11:35,보통,5000,5500,46.4,53.6,1.1,6.3,10.9,21.2,20.4,18.5,14.2,7.6,15.8,84.2,N,2026-10-05 12:07
아차산,POI102,2026-10-05 11:35,약간 붐빔,7500,8000,48.9,51.1,0.3,3.4,10.5,15.1,21.3,21.9,17.5,10.0,12.0,88.0,N,2026-10-05 12:07
양화한강공원,POI103,2026-10-05 11:35,여유,700,800,52.5,47.5,0.4,6.9,13.8,22.1,22.8,15.6,11.3,7.2,8.3,91.7,N,2026-10-05 12:07
어린이대공원,POI104,2026-10-05 11:35,보통,6000,6500,45.7,54.3,2.0,8.5,19.2,22.9,19.8,10.7,9.2,7.8,24.9,75.1,N,2026-10-05 12:07
여의도한강공원,POI105,2026-10-05 11:35,여유,3500,4000,49.5,50.5,1.4,6.8,13.7,23.1,22.3,15.7,10.3,6.9,33.4,66.6,N,2026-10-05 12:07
월드컵공원,POI106,2026-10-05 11:35,약간 붐빔,10000,12000,46.5,53.5,1.8,4.6,9.0,17.6,20.0,17.7,16.8,12.4,17.5,82.5,N,2026-10-05 12:07
응봉산,POI107,2026-10-05 11:35,여유,2500,3000,50.5,49.5,0.3,7.2,9.9,16.8,21.5,18.6,14.3,11.5,20.0,80.0,N,2026-10-05 12:07
이촌한강공원,POI108,2026-10-05 11:35,여유,2500,3000,50.3,49.7,0.6,6.7,11.2,18.4,22.6,20.2,12.2,8.2,6.1,93.9,N,2026-10-05 12:07
잠실종합운동장,POI109,2026-10-05 11:35,여유,4000,4500,56.1,43.9,2.0,14.6,21.2,13.9,19.6,15.5,7.8,5.5,18.1,81.9,N,2026-10-05 12:07
잠실한강공원,POI110,2026-10-05 11:35,보통,2500,3000,52.2,47.8,0.5,8.7,11.1,16.9,23.3,20.0,12.9,6.6,4.2,95.8,N,2026-10-05 12:07
잠원한강공원,POI111,2026-10-05 11:35,여유,2000,2500,46.7,53.3,0.4,6.7,9.0,17.7,23.6,21.9,14.0,6.7,4.1,95.9,N,2026-10-05 12:07
청계산,POI112,2026-10-05 11:35,여유,2000,2500,53.1,46.9,2.0,4.0,10.8,13.7,16.1,18.8,18.1,16.5,32.0,68.0,N,2026-10-05 12:07
북창동 먹자골목,POI114,2026-10-05 11:35,보통,9000,9500,45.3,54.7,0.7,2.2,12.6,21.8,22.7,18.9,13.0,8.0,36.4,63.6,N,2026-10-05 12:07
남대문시장,POI115,2026-10-05 11:35,약간 붐빔,18000,20000,40.4,59.6,0.8,2.1,10.9,22.5,21.8,18.6,13.8,9.5,34.3,65.7,N,2026-10-05 12:07
익선동,POI116,2026-10-05 11:35,여유,10000,12000,53.3,46.7,0.6,3.8,14.9,16.1,18.1,17.8,14.5,14.1,33.2,66.8,N,2026-10-05 12:07
신정네거리역,POI117,2026-10-05 11:35,여유,1500,2000,48.7,51.3,0.4,7.7,11.5,16.4,19.1,19.6,13.3,11.9,21.8,78.2,N,2026-10-05 12:07
잠실새내역,POI118,2026-10-05 11:35,여유,9500,10000,47.4,52.6,0.4,9.9,17.7,18.3,22.3,16.3,8.6,6.4,19.4,80.6,N,2026-10-05 12:07
잠실역,POI119,2026-10-05 11:35,보통,30000,32000,40.3,59.7,1.0,17.0,17.6,23.4,21.3,10.7,5.9,3.3,7.7,92.3,N,2026-10-05 12:07
잠실롯데타워·석촌호수,POI120,2026-10-05 11:35,보통,52000,54000,42.0,58.0,0.8,15.7,18.4,22.7,20.2,11.2,6.8,4.2,9.7,90.3,N,2026-10-05 12:07
송리단길·호수단길,POI121,2026-10-05 11:35,여유,6000,6500,46.4,53.6,0.3,5.1,18.9,25.4,18.7,14.4,10.2,7.0,21.1,78.9,N,2026-10-05 12:07
신촌 스타광장,POI122,2026-10-05 11:35,여유,2000,2500,43.3,56.7,0.5,5.2,38.6,17.2,10.9,12.1,8.6,6.9,30.3,69.7,N,2026-10-05 12:07
보라매공원,POI123,2026-10-05 11:35,보통,3500,4000,46.8,53.2,2.4,6.9,12.0,17.3,16.4,16.6,13.6,14.8,38.3,61.7,N,2026-10-05 12:07
서대문독립공원,POI124,2026-10-05 11:35,여유,1000,1500,49.6,50.4,1.1,7.0,13.1,14.9,15.8,19.5,15.5,13.2,15.1,84.9,N,2026-10-05 12:07
안양천,POI125,2026-10-05 11:35,약간 붐빔,1500,2000,52.8,47.2,1.0,8.3,8.0,16.7,21.7,18.3,15.4,10.7,9.9,90.1,N,2026-10-05 12:07
여의서로,POI126,2026-10-05 11:35,여유,900,1000,57.4,42.6,0.7,5.0,12.1,24.8,22.3,18.9,10.2,6.0,41.2,58.8,N,2026-10-05 12:07
올림픽공원,POI127,2026-10-05 11:35,여유,9500,10000,46.6,53.4,0.4,7.1,13.3,18.4,20.3,18.2,12.2,10.1,9.9,90.1,N,2026-10-05 12:07
홍제폭포,POI128,2026-10-05 11:35,여유,300,400,44.5,55.5,3.3,7.6,12.0,11.2,13.2,17.0,16.4,19.2,65.6,34.4,N,2026-10-05 12:07
송현녹지광장,POI129,2026-10-05 11:35,보통,5500,6000,47.0,53.0,0.9,6.1,14.4,19.2,22.0,18.2,11.6,7.7,31.2,68.8,N,2026-10-05 12:07
시의회 앞,POI130,2026-10-05 11:35,여유,8500,9000,47.3,52.7,0.7,3.8,14.2,21.7,23.3,19.2,10.6,6.4,40.1,59.9,N,2026-10-05 12:07
강남 MICE 관광특구,POI001,2026-10-05 12:35,약간 붐빔,18000,20000,49.3,50.7,0.8,5.9,18.3,25.3,22.8,15.0,7.7,4.2,37.8,62.2,N,2026-10-05 13:07
동대문 관광특구,POI002,2026-10-05 12:35,보통,26000,28000,47.0,53.0,1.2,4.1,13.4,16.3,18.3,19.3,16.3,11.2,38.0,62.0,N,2026-10-05 13:07
명동 관광특구,POI003,2026-10-05 12:35,약간 붐빔,80000,82000,45.1,54.9,0.8,2.8,14.8,22.5,23.0,18.4,10.8,6.8,37.6,62.4,N,2026-10-05 13:07
이태원 관광특구,POI004,2026-10-05 12:35,여유,8000,8500,50.9,49.1,0.2,3.8,21.7,25.5,19.4,15.5,8.6,5.4,21.2,78.8,N,2026-10-05 13:07
잠실 관광특구,POI005,2026-10-05 12:35,약간 붐빔,72000,74000,41.6,58.4,0.8,14.4,19.3,21.7,20.0,11.9,7.4,4.4,8.5,91.5,N,2026-10-05 13:07
종로·청계 관광특구,POI006,2026-10-05 12:35,약간 붐빔,36000,38000,51.2,48.8,0.9,3.3,13.9,17.8,19.4,18.5,14.6,11.5,36.0,64.0,N,2026-10-05 13:07
홍대 관광특구,POI007,2026-10-05 12:35,여유,66000,68000,43.6,56.4,1.0,9.9,30.2,20.9,15.0,11.4,6.7,5.0,36.7,63.3,N,2026-10-05 13:07
경복궁,POI008,2026-10-05 12:35,보통,2500,3000,44.9,55.1,1.9,7.0,13.6,20.3,22.4,18.3,10.5,5.9,21.7,78.3,N,2026-10-05 13:07
광화문·덕수궁,POI009,2026-10-05 12:35,여유,34000,36000,47.5,52.5,0.9,3.8,14.6,22.3,23.5,18.7,10.3,5.9,33.1,66.9,N,2026-10-05 13:07
보신각,POI010,2026-10-05 12:35,보통,12000,14000,51.9,48.1,0.6,2.4,16.5,23.4,23.8,17.8,9.2,6.3,44.6,55.4,N,2026-10-05 13:07
서울 암사동 유적,POI011,2026-10-05 12:35,여유,300,400,52.6,47.4,6.5,15.0,7.5,11.1,14.2,15.1,16.2,14.5,43.3,56.7,N,2026-10-05 13:07
창덕궁·종묘,POI012,2026-10-05 12:35,보통,10000,12000,50.9,49.1,0.7,3.4,15.8,16.6,17.8,20.4,14.4,11.1,31.9,68.1,N,2026-10-05 13:07
가산디지털단지역,POI013,2026-10-05 12:35,여유,12000,14000,52.7,47.3,0.4,4.2,16.9,21.8,20.6,17.8,12.2,6.0,15.1,84.9,N,2026-10-05 13:07
강남역,POI014,2026-10-05 12:35,보통,64000,66000,47.9,52.1,1.1,5.6,24.5,24.9,19.4,13.4,6.6,4.4,47.1,52.9,N,2026-10-05 13:07
건대입구역,POI015,2026-10-05 12:35,여유,24000,26000,47.0,53.0,1.9,7.4,27.8,16.3,13.5,13.4,10.8,9.0,46.7,53.3,N,2026-10-05 13:07
고덕역,POI016,2026-10-05 12:35,여유,3000,3500,49.8,50.2,0.7,26.9,10.2,11.0,20.3,14.4,10.7,5.8,14.5,85.5,N,2026-10-05 13:07
고속터미널역,POI017,2026-10-05 12:35,붐빔,28000,30000,33.3,66.7,0.2,7.6,19.9,19.1,18.3,17.4,10.7,6.8,7.5,92.5,N,2026-10-05 13:07
교대역,POI018,2026-10-05 12:35,여유,16000,18000,50.8,49.2,2.3,5.3,14.5,19.0,19.9,18.8,11.3,9.0,54.3,45.7,N,2026-10-05 13:07
구로디지털단지역,POI019,2026-10-05 12:35,여유,10000,12000,54.0,46.0,0.2,3.5,18.9,21.9,19.1,16.3,12.1,8.0,22.7,77.3,N,2026-10-05 13:07
구로역,POI020,2026-10-05 12:35,여유,2000,2500,48.0,52.0,0.2,5.8,17.9,20.2,16.9,17.2,11.7,10.2,9.9,90.1,N,2026-10-05 13:07
군자역,POI021,2026-10-05 12:35,여유,6000,6500,47.1,52.9,0.3,4.5,23.2,20.9,15.6,15.2,11.3,9.0,22.0,78.0,N,2026-10-05 13:07
대림역,POI023,2026-10-05 12:35,여유,14000,16000,49.5,50.5,2.2,5.3,10.8,12.5,13.6,19.8,19.3,16.5,66.9,33.1,N,2026-10-05 13:07
동대문역,POI024,2026-10-05 12:35,보통,8500,9000,44.7,55.3,0.8,6.8,11.8,14.2,17.5,18.2,17.3,13.4,11.1,88.9,N,2026-10-05 13:07
뚝섬역,POI025,2026-10-05 12:35,보통,10000,12000,46.7,53.3,1.3,4.9,22.8,24.2,17.3,14.2,9.3,6.1,43.2,56.8,N,2026-10-05 13:07
미아사거리역,POI026,2026-10-05 12:35,보통,10000,12000,42.1,57.9,0.4,6.2,15.7,16.8,18.5,18.6,13.3,10.5,10.9,89.1,N,2026-10-05 13:07
발산역,POI027,2026-10-05 12:35,보통,7500,8000,47.0,53.0,0.3,7.4,15.6,22.8,20.7,14.7,10.7,7.7,17.2,82.8,N,2026-10-05 13:07
사당역,POI029,2026-10-05 12:35,여유,12000,14000,47.0,53.0,0.2,4.3,20.6,20.5,14.0,14.8,13.1,12.4,12.6,87.4,N,2026-10-05 13:07
삼각지역,POI030,2026-10-05 12:35,여유,2000,2500,51.1,48.9,2.0,4.2,17.9,22.0,18.4,16.2,11.5,7.8,40.0,60.0,N,2026-10-05 13:07
서울대입구역,POI031,2026-10-05 12:35,여유,10000,12000,48.8,51.2,0.1,4.1,35.5,21.9,13.1,12.4,6.8,6.1,15.7,84.3,N,2026-10-05 13:07
서울식물원·마곡나루역,POI032,2026-10-05 12:35,보통,7500,8000,47.9,52.1,3.5,5.2,16.9,24.2,19.2,14.9,9.6,6.6,51.0,49.0,N,2026-10-05 13:07
서울역,POI033,2026-10-05 12:35,보통,18000,20000,45.3,54.7,0.9,3.3,15.3,20.8,20.5,19.4,11.8,8.0,35.1,64.9,N,2026-10-05 13:07
선릉역,POI034,2026-10-05 12:35,보통,42000,44000,50.6,49.4,1.1,6.5,16.3,22.7,20.6,16.6,9.5,6.7,47.9,52.1,N,2026-10-05 13:07
성신여대입구역,POI035,2026-10-05 12:35,여유,6000,6500,41.2,58.8,0.3,10.1,30.5,15.9,12.6,13.9,9.2,7.4,11.6,88.4,N,2026-10-05 13:07
수유역,POI036,2026-10-05 12:35,여유,10000,12000,47.0,53.0,0.4,6.5,18.3,16.9,16.3,18.5,13.7,9.5,20.4,79.6,N,2026-10-05 13:07
신논현역·논현역,POI037,2026-10-05 12:35,보통,10000,12000,47.4,52.6,1.1,3.7,20.8,24.4,19.9,14.8,8.7,6.6,47.1,52.9,N,2026-10-05 13:07
신도림역,POI038,2026-10-05 12:35,보통,8000,8500,45.8,54.2,2.9,5.7,16.2,17.5,15.6,16.2,14.4,11.5,47.5,52.5,N,2026-10-05 13:07
신림역,POI039,2026-10-05 12:35,여유,10000,12000,52.1,47.9,0.2,3.8,28.9,24.1,15.6,13.4,8.1,5.9,16.1,83.9,N,2026-10-05 13:07
신촌·이대역,POI040,2026-10-05 12:35,보통,30000,32000,41.5,58.5,1.1,7.5,38.1,15.6,11.4,11.5,8.2,6.6,39.9,60.1,N,2026-10-05 13:07
양재역,POI041,2026-10-05 12:35,보통,14000,16000,49.4,50.6,1.7,5.2,14.3,20.8,20.0,17.2,11.3,9.5,48.2,51.8,N,2026-10-05 13:07
역삼역,POI042,2026-10-05 12:35,보통,28000,30000,51.9,48.1,0.8,3.2,19.6,27.1,21.4,15.0,7.8,5.0,55.8,44.2,N,2026-10-05 13:07
연신내역,POI043,2026-10-05 12:35,여유,6500,7000,45.5,54.5,0.3,7.2,18.7,19.1,14.5,16.2,12.8,11.2,17.4,82.6,N,2026-10-05 13:07
오목교역·목동운동장,POI044,2026-10-05 12:35,여유,62000,64000,45.0,55.0,5.9,15.8,11.9,11.0,16.9,16.1,12.0,10.3,59.4,40.6,N,2026-10-05 13:07
왕십리역,POI045,2026-10-05 12:35,여유,18000,20000,47.1,52.9,3.0,9.3,23.7,13.5,12.4,14.2,12.2,11.7,52.6,47.4,N,2026-10-05 13:07
용산역,POI046,2026-10-05 12:35,약간 붐빔,24000,26000,43.5,56.5,0.6,9.4,26.0,21.1,17.6,13.5,7.5,4.2,9.1,90.9,N,2026-10-05 13:07
이태원역,POI047,2026-10-05 12:35,여유,3000,3500,51.6,48.4,0.1,5.1,19.8,24.2,19.3,15.3,9.7,6.3,18.9,81.1,N,2026-10-05 13:07
장지역,POI048,2026-10-05 12:35,보통,18000,20000,49.2,50.8,2.4,6.0,11.9,20.1,21.6,18.1,12.5,7.4,44.8,55.2,N,2026-10-05 13:07
장한평역,POI049,2026-10-05 12:35,여유,8500,9000,59.4,40.6,0.3,2.7,15.8,17.5,15.6,20.4,18.1,9.6,18.4,81.6,N,2026-10-05 13:07
천호역,POI050,2026-10-05 12:35,여유,9000,9500,43.9,56.1,0.4,5.0,17.6,18.5,17.2,17.3,13.4,10.6,12.7,87.3,N,2026-10-05 13:07
총신대입구(이수)역,POI051,2026-10-05 12:35,여유,10000,12000,44.8,55.2,0.3,6.1,16.4,20.7,15.7,14.8,12.8,13.1,13.9,86.1,N,2026-10-05 13:07
충정로역,POI052,2026-10-05 12:35,보통,7000,7500,48.3,51.7,2.2,5.8,14.8,17.8,18.0,18.4,12.5,10.5,57.3,42.7,N,2026-10-05 13:07
합정역,POI053,2026-10-05 12:35,여유,9000,9500,45.9,54.1,1.2,5.0,22.1,23.2,16.6,14.6,9.5,7.8,40.6,59.4,N,2026-10-05 13:07
혜화역,POI054,2026-10-05 12:35,약간 붐빔,16000,18000,43.5,56.5,1.6,10.7,25.7,15.6,15.3,13.9,9.2,8.0,35.4,64.6,N,2026-10-05 13:07
홍대입구역(2호선),POI055,2026-10-05 12:35,보통,16000,18000,42.4,57.6,1.0,10.5,30.5,20.7,15.0,11.1,6.5,4.8,35.1,64.9,N,2026-10-05 13:07
회기역,POI056,2026-10-05 12:35,여유,8500,9000,48.4,51.6,0.2,6.9,45.8,13.6,9.2,10.2,7.3,6.8,23.1,76.9,N,2026-10-05 13:07
가락시장,POI058,2026-10-05 12:35,여유,7000,7500,51.1,48.9,0.4,4.8,7.8,14.7,19.2,22.9,18.7,11.5,20.6,79.4,N,2026-10-05 13:07
가로수길,POI059,2026-10-05 12:35,보통,24000,26000,44.7,55.3,1.4,6.4,17.3,22.2,19.7,15.3,9.7,8.0,44.1,55.9,N,2026-10-05 13:07
광장(전통)시장,POI060,2026-10-05 12:35,붐빔,5000,5500,52.3,47.7,0.8,2.1,11.9,14.8,16.9,19.8,18.7,15.0,38.4,61.6,N,2026-10-05 13:07
김포공항,POI061,2026-10-05 12:35,여유,6500,7000,45.1,54.9,0.4,7.3,18.5,22.8,19.3,16.2,10.3,5.2,3.3,96.7,N,2026-10-05 13:07
노량진,POI063,2026-10-05 12:35,여유,20000,22000,52.1,47.9,1.0,6.8,32.9,17.4,12.1,11.9,9.4,8.4,34.6,65.4,N,2026-10-05 13:07
덕수궁길·정동길,POI064,2026-10-05 12:35,여유,4000,4500,44.4,55.6,0.7,6.6,13.3,20.1,21.2,20.3,11.1,6.7,33.5,66.5,N,2026-10-05 13:07
북촌한옥마을,POI066,2026-10-05 12:35,보통,16000,18000,46.3,53.7,0.9,7.1,16.7,18.6,20.3,18.4,10.9,7.1,26.9,73.1,N,2026-10-05 13:07
서촌,POI067,2026-10-05 12:35,약간 붐빔,14000,16000,45.4,54.6,1.9,9.0,15.7,18.5,18.0,17.3,10.9,8.8,48.6,51.4,N,2026-10-05 13:07
성수카페거리,POI068,2026-10-05 12:35,보통,30000,32000,47.5,52.5,1.1,8.1,24.4,22.2,17.2,13.7,8.4,4.8,41.8,58.2,N,2026-10-05 13:07
쌍문역,POI070,2026-10-05 12:35,보통,6000,6500,46.6,53.4,0.4,4.8,15.1,17.4,16.9,19.0,14.3,12.2,26.3,73.7,N,2026-10-05 13:07
압구정로데오거리,POI071,2026-10-05 12:35,보통,26000,28000,43.8,56.2,1.6,4.3,19.2,23.9,19.4,15.5,9.2,6.9,48.2,51.8,N,2026-10-05 13:07
여의도,POI072,2026-10-05 12:35,여유,110000,115000,52.4,47.6,1.0,4.1,15.8,24.5,22.5,17.6,8.9,5.6,52.4,47.6,N,2026-10-05 13:07
연남동,POI073,2026-10-05 12:35,여유,9000,9500,43.8,56.2,1.0,6.6,26.2,22.2,16.3,12.4,8.4,7.0,39.6,60.4,N,2026-10-05 13:07
영등포 타임스퀘어,POI074,2026-10-05 12:35,약간 붐빔,22000,24000,40.6,59.4,0.3,5.6,18.9,22.6,18.3,14.8,11.7,7.8,9.6,90.4,N,2026-10-05 13:07
용리단길,POI076,2026-10-05 12:35,보통,5500,6000,52.5,47.5,2.7,3.5,17.9,22.6,20.5,16.2,9.8,7.0,53.9,46.1,N,2026-10-05 13:07
이태원 앤틱가구거리,POI077,2026-10-05 12:35,여유,4500,5000,53.9,46.1,1.1,4.5,17.2,20.1,16.9,17.9,12.8,9.5,46.4,53.6,N,2026-10-05 13:07
인사동,POI078,2026-10-05 12:35,보통,20000,22000,50.4,49.6,0.7,3.9,14.2,19.2,21.0,18.6,12.4,10.0,35.5,64.5,N,2026-10-05 13:07
창동 신경제 중심지,POI079,2026-10-05 12:35,여유,32000,34000,46.1,53.9,0.4,8.2,15.8,17.4,18.1,18.3,13.0,8.7,16.5,83.5,N,2026-10-05 13:07
청담동 명품거리,POI080,2026-10-05 12:35,여유,5000,5500,45.2,54.8,0.3,5.1,21.5,25.1,19.8,16.4,7.8,3.9,26.8,73.2,N,2026-10-05 13:07
청량리 제기동 일대 전통시장,POI081,2026-10-05 12:35,보통,14000,16000,47.7,52.3,1.4,3.8,11.1,10.9,13.4,18.3,19.0,22.1,32.7,67.3,N,2026-10-05 13:07
해방촌·경리단길,POI082,2026-10-05 12:35,여유,4000,4500,46.8,53.2,0.3,5.5,19.1,23.2,19.1,16.0,8.7,8.2,21.4,78.6,N,2026-10-05 13:07
DDP(동대문디자인플라자),POI083,2026-10-05 12:35,보통,6000,6500,47.6,52.4,1.4,4.4,13.8,16.9,17.6,19.0,15.9,11.0,41.1,58.9,N,2026-10-05 13:07
DMC(디지털미디어시티),POI084,2026-10-05 12:35,보통,32000,34000,48.2,51.8,2.8,6.1,17.0,22.3,19.7,16.4,8.9,6.8,62.8,37.2,N,2026-10-05 13:07
강서한강공원,POI085,2026-10-05 12:35,여유,100,200,56.6,43.4,0.8,5.0,6.7,15.3,25.1,19.8,17.4,9.9,1.9,98.1,N,2026-10-05 13:07
고척돔,POI086,2026-10-05 12:35,여유,900,1000,48.8,51.2,1.1,8.0,10.4,25.2,17.3,17.7,13.8,6.5,14.4,85.6,N,2026-10-05 13:07
광나루한강공원,POI087,2026-10-05 12:35,보통,4500,5000,49.6,50.4,1.0,7.4,10.6,17.8,22.0,19.8,13.6,7.7,5.4,94.6,N,2026-10-05 13:07
광화문광장,POI088,2026-10-05 12:35,여유,7500,8000,46.7,53.3,1.4,4.5,14.5,22.9,24.1,17.8,9.5,5.4,28.6,71.4,N,2026-10-05 13:07
국립중앙박물관·용산가족공원,POI089,2026-10-05 12:35,약간 붐빔,3000,3500,45.4,54.6,7.8,10.2,9.5,16.2,19.9,15.0,12.2,9.2,29.8,70.2,N,2026-10-05 13:07
난지한강공원,POI090,2026-10-05 12:35,보통,2500,3000,49.5,50.5,1.5,5.6,12.6,18.9,22.3,19.2,12.7,7.2,5.2,94.8,N,2026-10-05 13:07
남산공원,POI091,2026-10-05 12:35,보통,14000,16000,48.3,51.7,1.2,6.2,17.4,17.4,18.1,18.2,13.1,8.4,24.2,75.8,N,2026-10-05 13:07
노들섬,POI092,2026-10-05 12:35,여유,1500,2000,42.1,57.9,0.8,9.2,25.6,18.6,13.1,15.5,8.5,8.6,1.5,98.5,N,2026-10-05 13:07
뚝섬한강공원,POI093,2026-10-05 12:35,여유,4500,5000,44.7,55.3,0.8,8.2,16.0,20.5,23.5,14.2,9.6,7.3,6.5,93.5,N,2026-10-05 13:07
망원한강공원,POI094,2026-10-05 12:35,여유,1500,2000,51.5,48.5,2.0,4.7,12.5,19.5,19.1,18.4,13.9,10.0,28.4,71.6,N,2026-10-05 13:07
반포한강공원,POI095,2026-10-05 12:35,여유,4000,4500,47.1,52.9,0.9,8.4,14.4,21.2,25.4,16.6,8.6,4.5,1.1,98.9,N,2026-10-05 13:07
북서울꿈의숲,POI096,2026-10-05 12:35,약간 붐빔,5500,6000,46.2,53.8,0.8,6.3,7.9,19.4,20.3,18.5,13.7,13.1,24.5,75.5,N,2026-10-05 13:07
서리풀공원·몽마르뜨공원,POI098,2026-10-05 12:35,여유,3500,4000,47.0,53.0,0.4,6.3,14.9,18.3,20.9,18.1,11.0,10.0,23.1,76.9,N,2026-10-05 13:07
서울대공원,POI100,2026-10-05 12:35,약간 붐빔,12000,14000,46.1,53.9,8.7,10.5,6.9,30.7,24.7,6.8,6.7,5.0,4.4,95.6,N,2026-10-05 13:07
서울숲공원,POI101,2026-10-05 12:35,보통,5500,6000,44.3,55.7,1.2,6.1,12.0,21.2,21.2,18.5,11.8,8.1,14.2,85.8,N,2026-10-05 13:07
아차산,POI102,2026-10-05 12:35,약간 붐빔,7000,7500,48.3,51.7,0.2,4.8,11.1,14.1,21.0,21.0,18.2,9.6,11.4,88.6,N,2026-10-05 13:07
양화한강공원,POI103,2026-10-05 12:35,여유,800,900,47.5,52.5,0.7,6.3,18.1,23.7,18.9,15.2,11.2,5.9,8.4,91.6,N,2026-10-05 13:07
어린이대공원,POI104,2026-10-05 12:35,보통,6500,7000,45.8,54.2,2.3,8.4,20.4,23.7,20.2,10.3,7.8,6.8,21.6,78.4,N,2026-10-05 13:07
여의도한강공원,POI105,2026-10-05 12:35,여유,4000,4500,49.0,51.0,1.5,8.4,17.1,22.0,21.4,14.6,9.3,5.8,29.9,70.1,N,2026-10-05 13:07
월드컵공원,POI106,2026-10-05 12:35,약간 붐빔,12000,14000,46.0,54.0,1.6,5.2,9.0,17.3,20.1,17.2,16.7,12.9,16.1,83.9,N,2026-10-05 13:07
응봉산,POI107,2026-10-05 12:35,여유,2000,2500,47.8,52.2,0.5,7.8,10.7,17.1,20.6,17.4,14.5,11.4,19.8,80.2,N,2026-10-05 13:07
이촌한강공원,POI108,2026-10-05 12:35,여유,2500,3000,48.3,51.7,0.8,5.9,14.5,20.6,21.1,18.0,12.2,6.8,6.0,94.0,N,2026-10-05 13:07
잠실종합운동장,POI109,2026-10-05 12:35,여유,5500,6000,50.9,49.1,1.8,15.3,23.5,16.5,20.3,12.8,6.1,3.7,13.0,87.0,N,2026-10-05 13:07
잠실한강공원,POI110,2026-10-05 12:35,보통,3000,3500,48.9,51.1,1.1,9.0,11.7,15.6,24.1,20.7,12.2,5.7,3.6,96.4,N,2026-10-05 13:07
잠원한강공원,POI111,2026-10-05 12:35,여유,2000,2500,48.4,51.6,1.0,7.2,10.7,18.7,26.7,20.7,9.4,5.6,3.9,96.1,N,2026-10-05 13:07
청계산,POI112,2026-10-05 12:35,여유,2000,2500,53.6,46.4,1.4,4.0,11.2,14.2,16.1,18.1,17.5,17.4,30.4,69.6,N,2026-10-05 13:07
북창동 먹자골목,POI114,2026-10-05 12:35,붐빔,10000,12000,43.0,57.0,0.7,2.1,12.1,21.9,21.8,19.2,13.3,9.0,29.9,70.1,N,2026-10-05 13:07
남대문시장,POI115,2026-10-05 12:35,붐빔,22000,24000,38.4,61.6,0.9,2.1,10.7,21.8,21.5,18.6,14.0,10.2,28.7,71.3,N,2026-10-05 13:07
익선동,POI116,2026-10-05 12:35,보통,10000,12000,52.4,47.6,0.8,3.3,15.0,16.1,17.8,17.9,14.2,14.8,29.1,70.9,N,2026-10-05 13:07
신정네거리역,POI117,2026-10-05 12:35,여유,1500,2000,51.0,49.0,0.2,10.2,10.7,15.6,17.7,20.4,13.8,11.4,21.7,78.3,N,2026-10-05 13:07
잠실새내역,POI118,2026-10-05 12:35,여유,10000,12000,46.4,53.6,0.6,12.2,19.4,17.7,20.2,16.0,7.8,6.1,17.7,82.3,N,2026-10-05 13:07
잠실역,POI119,2026-10-05 12:35,약간 붐빔,38000,40000,38.7,61.3,1.0,16.4,20.4,22.9,20.8,10.1,5.6,2.8,6.5,93.5,N,2026-10-05 13:07
잠실롯데타워·석촌호수,POI120,2026-10-05 12:35,약간 붐빔,62000,64000,40.8,59.2,0.8,15.2,20.4,22.4,20.0,10.8,6.6,3.8,8.3,91.7,N,2026-10-05 13:07
송리단길·호수단길,POI121,2026-10-05 12:35,여유,7500,8000,46.7,53.3,0.4,5.1,20.7,25.7,17.9,13.1,10.2,6.8,19.4,80.6,N,2026-10-05 13:07
신촌 스타광장,POI122,2026-10-05 12:35,여유,2500,3000,41.7,58.3,0.4,8.2,38.9,16.2,10.5,12.3,7.4,6.2,27.2,72.8,N,2026-10-05 13:07
보라매공원,POI123,2026-10-05 12:35,보통,3500,4000,46.4,53.6,2.6,7.7,13.1,17.3,15.8,17.5,12.8,13.2,37.1,62.9,N,2026-10-05 13:07
서대문독립공원,POI124,2026-10-05 12:35,여유,1000,1500,50.8,49.2,1.3,7.1,13.3,13.5,18.9,18.0,15.8,12.1,15.6,84.4,N,2026-10-05 13:07
안양천,POI125,2026-10-05 12:35,약간 붐빔,1500,2000,54.1,45.9,1.1,10.1,8.3,15.5,24.0,18.1,12.8,10.0,11.8,88.2,N,2026-10-05 13:07
여의서로,POI126,2026-10-05 12:35,여유,800,900,56.5,43.5,0.8,3.9,14.1,23.8,22.8,18.6,10.9,5.1,43.5,56.5,N,2026-10-05 13:07
올림픽공원,POI127,2026-10-05 12:35,여유,10000,12000,46.1,53.9,0.5,9.6,12.4,18.0,20.4,18.3,12.3,8.5,9.7,90.3,N,2026-10-05 13:07
홍제폭포,POI128,2026-10-05 12:35,여유,300,400,44.4,55.6,3.2,7.7,11.4,11.2,13.0,17.0,16.8,19.6,64.2,35.8,N,2026-10-05 13:07
송현녹지광장,POI129,2026-10-05 12:35,약간 붐빔,6500,7000,45.9,54.1,1.0,5.5,16.4,19.5,21.1,18.7,10.9,6.9,26.7,73.3,N,2026-10-05 13:07
시의회 앞,POI130,2026-10-05 12:35,보통,9500,10000,46.5,53.5,0.7,3.7,15.3,21.5,22.3,19.0,10.7,6.7,33.0,67.0,N,2026-10-05 13:07
여의도,POI072,2026-10-05 12:40,여유,110000,115000,52.4,47.6,1.0,4.0,15.9,24.6,22.5,17.5,9.0,5.6,52.4,47.6,N,2026-10-05 13:07
연남동,POI073,2026-10-05 12:40,여유,9000,9500,43.8,56.2,1.0,6.6,26.3,22.5,16.1,12.4,8.2,7.0,39.5,60.5,N,2026-10-05 13:07
영등포 타임스퀘어,POI074,2026-10-05 12:40,약간 붐빔,24000,26000,40.7,59.3,0.3,5.9,18.8,22.5,18.6,14.6,11.8,7.6,9.2,90.8,N,2026-10-05 13:07
용리단길,POI076,2026-10-05 12:40,보통,5500,6000,52.4,47.6,2.7,3.5,17.9,22.4,20.4,16.2,9.8,7.1,53.4,46.6,N,2026-10-05 13:07
이태원 앤틱가구거리,POI077,2026-10-05 12:40,보통,4500,5000,54.1,45.9,1.1,4.5,17.4,19.9,17.1,18.0,12.8,9.3,46.7,53.3,N,2026-10-05 13:07
인사동,POI078,2026-10-05 12:40,보통,20000,22000,50.3,49.7,0.7,3.8,14.4,19.3,21.0,18.2,12.5,10.1,35.3,64.7,N,2026-10-05 13:07
창동 신경제 중심지,POI079,2026-10-05 12:40,여유,32000,34000,46.6,53.4,0.4,8.3,15.3,17.7,18.5,18.3,13.1,8.3,16.5,83.5,N,2026-10-05 13:07
청담동 명품거리,POI080,2026-10-05 12:40,여유,5000,5500,44.8,55.2,0.2,4.3,23.2,24.3,20.7,16.0,7.3,3.9,25.6,74.4,N,2026-10-05 13:07
청량리 제기동 일대 전통시장,POI081,2026-10-05 12:40,보통,14000,16000,48.0,52.0,1.4,3.9,10.5,10.7,13.6,18.4,19.5,22.1,32.9,67.1,N,2026-10-05 13:07
해방촌·경리단길,POI082,2026-10-05 12:40,여유,4500,5000,48.3,51.7,0.1,5.0,20.2,22.4,19.2,16.4,8.7,8.0,19.6,80.4,N,2026-10-05 13:07
DDP(동대문디자인플라자),POI083,2026-10-05 12:40,보통,6000,6500,47.5,52.5,1.4,4.3,13.5,16.8,17.5,19.2,16.3,11.1,40.6,59.4,N,2026-10-05 13:07
DMC(디지털미디어시티),POI084,2026-10-05 12:40,보통,32000,34000,48.3,51.7,2.8,6.0,17.0,22.4,19.7,16.3,8.9,6.9,62.5,37.5,N,2026-10-05 13:07
강서한강공원,POI085,2026-10-05 12:40,여유,100,200,56.7,43.3,1.0,2.9,8.3,16.8,23.4,24.3,15.2,8.0,2.2,97.8,N,2026-10-05 13:07
고척돔,POI086,2026-10-05 12:40,여유,900,1000,49.9,50.1,0.7,6.0,11.2,25.4,18.7,17.2,12.7,8.2,14.2,85.8,N,2026-10-05 13:07
광나루한강공원,POI087,2026-10-05 12:40,보통,4500,5000,50.3,49.7,0.6,6.6,9.9,18.0,24.9,19.9,12.8,7.1,4.9,95.1,N,2026-10-05 13:07
광화문광장,POI088,2026-10-05 12:40,여유,7500,8000,47.1,52.9,1.3,4.5,14.5,22.3,24.5,17.7,9.7,5.3,28.7,71.3,N,2026-10-05 13:07
국립중앙박물관·용산가족공원,POI089,2026-10-05 12:40,약간 붐빔,3000,3500,45.2,54.8,7.7,10.5,10.0,15.4,19.6,14.7,12.5,9.6,29.3,70.7,N,2026-10-05 13:07
난지한강공원,POI090,2026-10-05 12:40,보통,3000,3500,51.2,48.8,1.6,6.1,12.0,19.6,21.9,18.7,13.5,6.6,5.0,95.0,N,2026-10-05 13:07
남산공원,POI091,2026-10-05 12:40,보통,14000,16000,48.7,51.3,1.1,5.8,17.7,18.0,17.9,17.7,13.2,8.6,24.4,75.6,N,2026-10-05 13:07
노들섬,POI092,2026-10-05 12:40,여유,1500,2000,41.1,58.9,0.2,10.7,28.2,16.6,12.4,14.1,9.9,7.9,1.8,98.2,N,2026-10-05 13:07
뚝섬한강공원,POI093,2026-10-05 12:40,여유,4000,4500,45.6,54.4,1.0,7.9,16.0,21.6,22.6,13.7,9.5,7.6,6.5,93.5,N,2026-10-05 13:07
망원한강공원,POI094,2026-10-05 12:40,여유,1500,2000,51.1,48.9,2.1,4.9,12.6,19.0,19.2,18.1,14.0,10.2,27.7,72.3,N,2026-10-05 13:07
반포한강공원,POI095,2026-10-05 12:40,여유,4000,4500,48.1,51.9,0.7,10.5,15.0,22.1,24.6,15.5,7.4,4.2,1.2,98.8,N,2026-10-05 13:07
북서울꿈의숲,POI096,2026-10-05 12:40,약간 붐빔,5500,6000,46.8,53.2,0.4,6.4,7.9,19.0,21.6,18.3,13.3,13.1,23.7,76.3,N,2026-10-05 13:07
서리풀공원·몽마르뜨공원,POI098,2026-10-05 12:40,여유,3500,4000,46.2,53.8,0.5,6.7,14.4,18.3,21.3,18.5,10.8,9.5,22.4,77.6,N,2026-10-05 13:07
서울대공원,POI100,2026-10-05 12:40,약간 붐빔,12000,14000,46.1,53.9,9.1,10.3,6.6,30.6,24.9,6.9,6.7,4.8,4.3,95.7,N,2026-10-05 13:07
서울숲공원,POI101,2026-10-05 12:40,보통,5500,6000,44.6,55.4,1.2,5.1,12.7,21.8,21.2,18.0,12.1,7.9,14.3,85.7,N,2026-10-05 13:07
아차산,POI102,2026-10-05 12:40,약간 붐빔,7000,7500,47.3,52.7,0.2,5.3,10.6,13.6,21.5,21.5,17.7,9.5,11.5,88.5,N,2026-10-05 13:07
양화한강공원,POI103,2026-10-05 12:40,여유,800,900,52.8,47.2,0.8,6.0,15.5,25.7,21.3,14.9,10.3,5.5,8.6,91.4,N,2026-10-05 13:07
어린이대공원,POI104,2026-10-05 12:40,약간 붐빔,7000,7500,45.6,54.4,2.4,8.3,20.1,23.7,20.3,10.4,8.3,6.5,20.8,79.2,N,2026-10-05 13:07
여의도한강공원,POI105,2026-10-05 12:40,여유,4500,5000,49.1,50.9,1.3,8.1,16.4,22.8,21.7,14.8,9.0,5.8,29.7,70.3,N,2026-10-05 13:07
월드컵공원,POI106,2026-10-05 12:40,붐빔,12000,14000,45.8,54.2,1.6,5.2,9.1,17.9,19.8,17.1,16.4,12.8,15.9,84.1,N,2026-10-05 13:07
응봉산,POI107,2026-10-05 12:40,여유,2000,2500,47.6,52.4,0.6,7.3,10.0,14.8,22.6,18.8,14.6,11.3,19.3,80.7,N,2026-10-05 13:07
이촌한강공원,POI108,2026-10-05 12:40,여유,2500,3000,48.7,51.3,0.8,6.3,14.5,19.3,21.5,19.9,11.3,6.5,6.8,93.2,N,2026-10-05 13:07
잠실종합운동장,POI109,2026-10-05 12:40,여유,6000,6500,51.3,48.7,1.8,15.1,23.5,16.7,20.7,12.9,5.6,3.6,12.2,87.8,N,2026-10-05 13:07
잠실한강공원,POI110,2026-10-05 12:40,보통,3000,3500,49.5,50.5,1.1,10.8,12.0,16.8,25.3,17.8,10.1,6.0,3.9,96.1,N,2026-10-05 13:07
잠원한강공원,POI111,2026-10-05 12:40,여유,2000,2500,46.5,53.5,0.9,7.8,13.1,17.8,24.0,21.2,10.7,4.5,3.7,96.3,N,2026-10-05 13:07
청계산,POI112,2026-10-05 12:40,여유,2000,2500,53.6,46.4,1.4,3.8,11.6,14.0,15.4,18.2,17.7,17.8,30.6,69.4,N,2026-10-05 13:07
북창동 먹자골목,POI114,2026-10-05 12:40,붐빔,10000,12000,43.4,56.6,0.7,2.3,12.1,22.1,22.3,18.7,12.8,9.0,29.4,70.6,N,2026-10-05 13:07
남대문시장,POI115,2026-10-05 12:40,붐빔,22000,24000,38.8,61.2,0.9,2.1,11.0,21.7,21.4,18.4,14.0,10.5,28.5,71.5,N,2026-10-05 13:07
익선동,POI116,2026-10-05 12:40,보통,12000,14000,52.4,47.6,0.7,3.4,15.1,16.3,17.6,17.5,14.3,15.0,28.6,71.4,N,2026-10-05 13:07
신정네거리역,POI117,2026-10-05 12:40,여유,1500,2000,49.7,50.3,0.4,10.9,11.0,15.6,16.6,20.0,13.5,12.1,18.9,81.1,N,2026-10-05 13:07
잠실새내역,POI118,2026-10-05 12:40,여유,10000,12000,47.1,52.9,0.4,11.9,20.0,18.6,20.0,15.2,8.1,5.7,16.8,83.2,N,2026-10-05 13:07
잠실역,POI119,2026-10-05 12:40,약간 붐빔,38000,40000,39.5,60.5,1.0,16.3,20.7,23.1,20.0,10.3,5.6,2.9,6.3,93.7,N,2026-10-05 13:07
잠실롯데타워·석촌호수,POI120,2026-10-05 12:40,약간 붐빔,64000,66000,41.0,59.0,0.8,15.0,20.8,22.5,19.3,11.1,6.5,4.0,8.2,91.8,N,2026-10-05 13:07
송리단길·호수단길,POI121,2026-10-05 12:40,여유,7000,7500,45.8,54.2,0.3,5.5,20.7,27.1,16.7,12.9,10.2,6.6,18.6,81.4,N,2026-10-05 13:07
신촌 스타광장,POI122,2026-10-05 12:40,여유,2500,3000,41.3,58.7,0.5,7.1,38.3,16.7,11.7,11.5,7.6,6.6,26.2,73.8,N,2026-10-05 13:07
보라매공원,POI123,2026-10-05 12:40,보통,3500,4000,46.8,53.2,2.7,7.2,13.1,17.3,16.0,17.3,12.8,13.7,37.1,62.9,N,2026-10-05 13:07
서대문독립공원,POI124,2026-10-05 12:40,여유,1000,1500,51.6,48.4,1.1,6.0,14.9,13.5,18.5,18.3,15.1,12.7,14.1,85.9,N,2026-10-05 13:07
안양천,POI125,2026-10-05 12:40,약간 붐빔,1500,2000,51.8,48.2,0.9,7.8,8.8,15.1,23.8,18.5,14.6,10.5,10.9,89.1,N,2026-10-05 13:07
여의서로,POI126,2026-10-05 12:40,여유,900,1000,56.4,43.6,0.8,3.4,14.0,24.3,22.7,19.3,10.8,4.8,42.3,57.7,N,2026-10-05 13:07
올림픽공원,POI127,2026-10-05 12:40,여유,10000,12000,46.0,54.0,0.4,8.8,13.4,17.9,21.0,17.5,12.5,8.4,9.8,90.2,N,2026-10-05 13:07
홍제폭포,POI128,2026-10-05 12:40,여유,300,400,44.4,55.6,3.3,7.7,11.4,11.2,12.9,16.9,16.8,19.8,64.0,36.0,N,2026-10-05 13:07
송현녹지광장,POI129,2026-10-05 12:40,약간 붐빔,6500,7000,46.0,54.0,1.0,5.8,17.0,19.8,21.1,17.7,10.7,6.9,26.1,73.9,N,2026-10-05 13:07
시의회 앞,POI130,2026-10-05 12:40,보통,9500,10000,46.8,53.2,0.8,3.7,14.7,21.6,22.1,18.9,11.1,7.0,32.7,67.3,N,2026-10-05 13:07
강남 MICE 관광특구,POI001,2026-10-05 13:35,약간 붐빔,20000,22000,48.0,52.0,0.9,6.2,19.8,24.5,22.7,14.9,7.1,4.0,35.8,64.2,N,2026-10-05 14:07
동대문 관광특구,POI002,2026-10-05 13:35,보통,28000,30000,46.4,53.6,1.2,4.4,13.9,16.1,17.7,19.2,16.2,11.2,36.5,63.5,N,2026-10-05 14:07
명동 관광특구,POI003,2026-10-05 13:35,약간 붐빔,94000,96000,45.8,54.2,0.9,2.7,15.8,22.5,22.8,18.0,10.7,6.8,43.1,56.9,N,2026-10-05 14:07
이태원 관광특구,POI004,2026-10-05 13:35,여유,9500,10000,48.1,51.9,0.3,4.2,23.4,24.5,18.8,16.1,7.7,4.9,18.2,81.8,N,2026-10-05 14:07
잠실 관광특구,POI005,2026-10-05 13:35,약간 붐빔,82000,84000,40.6,59.4,0.7,13.7,21.0,22.6,19.2,11.3,7.0,4.4,8.0,92.0,N,2026-10-05 14:07
종로·청계 관광특구,POI006,2026-10-05 13:35,약간 붐빔,40000,42000,50.9,49.1,1.0,3.3,14.2,17.9,19.3,18.6,14.5,11.3,38.5,61.5,N,2026-10-05 14:07
홍대 관광특구,POI007,2026-10-05 13:35,보통,74000,76000,42.9,57.1,1.0,10.6,32.1,20.6,14.1,10.6,6.3,4.6,35.5,64.5,N,2026-10-05 14:07
경복궁,POI008,2026-10-05 13:35,약간 붐빔,2500,3000,44.7,55.3,1.7,7.0,15.4,21.0,22.9,16.4,10.3,5.2,21.5,78.5,N,2026-10-05 14:07
광화문·덕수궁,POI009,2026-10-05 13:35,보통,38000,40000,47.1,52.9,1.0,4.1,15.4,21.9,22.8,18.3,10.4,6.1,35.4,64.6,N,2026-10-05 14:07
보신각,POI010,2026-10-05 13:35,보통,18000,20000,52.2,47.8,0.8,2.2,15.8,23.6,24.2,17.8,9.4,6.3,51.1,48.9,N,2026-10-05 14:07
서울 암사동 유적,POI011,2026-10-05 13:35,여유,300,400,53.9,46.1,6.7,14.9,7.6,11.0,14.4,15.5,15.9,14.1,42.4,57.6,N,2026-10-05 14:07
창덕궁·종묘,POI012,2026-10-05 13:35,보통,12000,14000,50.0,50.0,0.7,3.8,17.7,17.0,17.2,19.3,14.0,10.3,30.5,69.5,N,2026-10-05 14:07
가산디지털단지역,POI013,2026-10-05 13:35,여유,14000,16000,52.2,47.8,0.3,4.2,16.6,21.7,20.8,19.3,12.0,5.2,15.4,84.6,N,2026-10-05 14:07
강남역,POI014,2026-10-05 13:35,약간 붐빔,68000,70000,47.7,52.3,1.1,5.6,25.6,24.8,18.7,13.3,6.5,4.3,47.4,52.6,N,2026-10-05 14:07
건대입구역,POI015,2026-10-05 13:35,보통,26000,28000,46.2,53.8,1.9,7.9,28.5,15.9,13.3,13.2,10.5,8.9,45.0,55.0,N,2026-10-05 14:07
고덕역,POI016,2026-10-05 13:35,여유,3500,4000,51.0,49.0,0.5,30.8,8.8,10.1,18.3,16.1,9.2,6.2,14.0,86.0,N,2026-10-05 14:07
고속터미널역,POI017,2026-10-05 13:35,붐빔,30000,32000,31.7,68.3,0.3,7.7,20.1,20.0,17.9,17.8,10.2,5.9,6.8,93.2,N,2026-10-05 14:07
교대역,POI018,2026-10-05 13:35,보통,16000,18000,51.3,48.7,2.3,5.9,14.6,18.9,19.3,18.4,11.4,9.2,55.1,44.9,N,2026-10-05 14:07
구로디지털단지역,POI019,2026-10-05 13:35,여유,10000,12000,51.7,48.3,0.2,3.9,18.8,22.9,18.1,16.2,12.1,8.0,21.6,78.4,N,2026-10-05 14:07
구로역,POI020,2026-10-05 13:35,여유,3000,3500,45.4,54.6,0.5,6.7,18.7,16.9,15.3,17.1,13.0,11.7,6.9,93.1,N,2026-10-05 14:07
군자역,POI021,2026-10-05 13:35,여유,6000,6500,47.7,52.3,0.5,4.2,22.1,21.7,17.9,14.2,10.5,8.9,20.1,79.9,N,2026-10-05 14:07
대림역,POI023,2026-10-05 13:35,여유,14000,16000,49.5,50.5,2.2,5.3,10.6,12.4,13.4,20.0,19.4,16.7,66.7,33.3,N,2026-10-05 14:07
동대문역,POI024,2026-10-05 13:35,약간 붐빔,9000,9500,43.7,56.3,0.9,5.9,14.0,14.7,18.2,17.1,16.3,13.0,10.5,89.5,N,2026-10-05 14:07
뚝섬역,POI025,2026-10-05 13:35,약간 붐빔,10000,12000,47.2,52.8,1.4,5.6,23.8,23.5,17.0,13.9,9.0,5.8,44.1,55.9,N,2026-10-05 14:07
미아사거리역,POI026,2026-10-05 13:35,보통,10000,12000,40.3,59.7,0.4,8.7,16.3,16.5,17.5,17.8,12.3,10.5,10.5,89.5,N,2026-10-05 14:07
발산역,POI027,2026-10-05 13:35,보통,7500,8000,46.3,53.7,0.4,7.1,17.3,22.9,18.9,15.4,10.3,7.5,17.2,82.8,N,2026-10-05 14:07
사당역,POI029,2026-10-05 13:35,여유,14000,16000,49.3,50.7,0.1,4.0,20.8,20.6,14.2,15.2,12.9,12.1,11.7,88.3,N,2026-10-05 14:07
삼각지역,POI030,2026-10-05 13:35,여유,2000,2500,49.9,50.1,1.8,4.2,17.4,22.5,19.0,16.0,11.3,7.7,35.0,65.0,N,2026-10-05 14:07
서울대입구역,POI031,2026-10-05 13:35,여유,10000,12000,48.8,51.2,0.2,4.7,37.4,21.7,13.0,11.1,6.5,5.5,15.6,84.4,N,2026-10-05 14:07
서울식물원·마곡나루역,POI032,2026-10-05 13:35,약간 붐빔,8500,9000,48.7,51.3,3.4,5.3,16.7,24.3,19.3,14.8,9.6,6.6,52.7,47.3,N,2026-10-05 14:07
서울역,POI033,2026-10-05 13:35,보통,18000,20000,44.8,55.2,0.9,3.2,15.1,21.0,21.2,19.1,11.6,7.9,35.8,64.2,N,2026-10-05 14:07
선릉역,POI034,2026-10-05 13:35,보통,42000,44000,50.6,49.4,1.1,6.4,16.0,22.7,20.5,16.5,10.0,6.9,49.5,50.5,N,2026-10-05 14:07
성신여대입구역,POI035,2026-10-05 13:35,여유,6500,7000,39.8,60.2,0.1,11.5,31.0,14.4,13.0,14.0,8.9,7.1,10.8,89.2,N,2026-10-05 14:07
수유역,POI036,2026-10-05 13:35,여유,10000,12000,47.8,52.2,0.5,7.9,19.6,15.2,15.9,18.2,12.5,10.1,19.3,80.7,N,2026-10-05 14:07
신논현역·논현역,POI037,2026-10-05 13:35,보통,10000,12000,47.4,52.6,1.0,4.1,21.3,24.0,19.3,15.1,8.6,6.5,46.4,53.6,N,2026-10-05 14:07
신도림역,POI038,2026-10-05 13:35,보통,8000,8500,46.0,54.0,2.8,5.5,15.8,17.5,16.5,16.2,14.5,11.2,45.8,54.2,N,2026-10-05 14:07
신림역,POI039,2026-10-05 13:35,보통,10000,12000,51.5,48.5,0.2,4.6,29.5,23.8,15.3,13.3,7.8,5.5,14.8,85.2,N,2026-10-05 14:07
신촌·이대역,POI040,2026-10-05 13:35,보통,32000,34000,41.4,58.6,1.2,7.3,38.1,15.7,11.4,11.6,8.2,6.6,40.4,59.6,N,2026-10-05 14:07
양재역,POI041,2026-10-05 13:35,보통,14000,16000,49.4,50.6,1.7,5.0,14.9,21.1,19.2,16.7,11.4,9.8,49.4,50.6,N,2026-10-05 14:07
역삼역,POI042,2026-10-05 13:35,보통,30000,32000,52.0,48.0,0.8,3.1,19.7,27.4,21.4,15.0,7.7,5.0,57.4,42.6,N,2026-10-05 14:07
연신내역,POI043,2026-10-05 13:35,여유,7000,7500,46.0,54.0,0.3,7.5,17.6,18.8,16.6,16.5,12.2,10.6,17.5,82.5,N,2026-10-05 14:07
오목교역·목동운동장,POI044,2026-10-05 13:35,여유,62000,64000,44.9,55.1,5.9,15.9,12.2,11.0,16.8,15.9,12.0,10.3,58.7,41.3,N,2026-10-05 14:07
왕십리역,POI045,2026-10-05 13:35,여유,18000,20000,47.0,53.0,3.0,9.4,23.1,13.6,12.4,14.2,12.4,11.8,52.2,47.8,N,2026-10-05 14:07
용산역,POI046,2026-10-05 13:35,약간 붐빔,26000,28000,42.3,57.7,0.7,9.2,27.8,22.1,17.6,11.6,7.1,3.9,8.3,91.7,N,2026-10-05 14:07
이태원역,POI047,2026-10-05 13:35,여유,3500,4000,51.2,48.8,0.5,5.1,22.8,22.2,19.4,15.5,8.3,6.3,17.0,83.0,N,2026-10-05 14:07
장지역,POI048,2026-10-05 13:35,약간 붐빔,18000,20000,47.8,52.2,2.3,6.2,11.7,19.9,21.8,17.9,12.7,7.4,42.3,57.7,N,2026-10-05 14:07
장한평역,POI049,2026-10-05 13:35,여유,8500,9000,59.0,41.0,0.3,3.6,15.1,17.4,16.2,20.2,17.3,9.8,18.8,81.2,N,2026-10-05 14:07
천호역,POI050,2026-10-05 13:35,보통,10000,12000,42.0,58.0,0.2,5.6,18.6,19.8,16.6,15.5,13.1,10.4,12.2,87.8,N,2026-10-05 14:07
총신대입구(이수)역,POI051,2026-10-05 13:35,여유,10000,12000,44.8,55.2,0.3,6.8,16.7,19.6,16.4,15.0,13.1,12.2,12.9,87.1,N,2026-10-05 14:07
충정로역,POI052,2026-10-05 13:35,보통,7000,7500,48.2,51.8,2.1,5.8,14.6,17.6,18.3,18.7,12.5,10.4,59.0,41.0,N,2026-10-05 14:07
합정역,POI053,2026-10-05 13:35,보통,10000,12000,45.7,54.3,1.4,5.2,23.1,22.7,16.0,14.0,9.6,8.0,44.8,55.2,N,2026-10-05 14:07
혜화역,POI054,2026-10-05 13:35,붐빔,20000,22000,41.5,58.5,1.6,10.4,27.4,16.3,15.0,13.0,8.8,7.5,34.3,65.7,N,2026-10-05 14:07
홍대입구역(2호선),POI055,2026-10-05 13:35,약간 붐빔,18000,20000,41.4,58.6,0.8,12.1,32.6,19.9,14.0,10.3,6.0,4.3,32.3,67.7,N,2026-10-05 14:07
회기역,POI056,2026-10-05 13:35,여유,9500,10000,47.4,52.6,0.2,7.2,44.9,14.7,9.0,9.4,7.3,7.2,20.6,79.4,N,2026-10-05 14:07
가락시장,POI058,2026-10-05 13:35,여유,7500,8000,49.6,50.4,0.3,5.3,7.8,14.9,21.2,20.2,18.5,11.8,19.6,80.4,N,2026-10-05 14:07
가로수길,POI059,2026-10-05 13:35,보통,26000,28000,44.8,55.2,1.4,6.4,17.9,22.3,19.2,15.4,9.7,7.8,44.3,55.7,N,2026-10-05 14:07
광장(전통)시장,POI060,2026-10-05 13:35,붐빔,5000,5500,51.8,48.2,0.9,2.4,12.1,14.9,16.2,19.6,18.4,15.3,39.0,61.0,N,2026-10-05 14:07
김포공항,POI061,2026-10-05 13:35,여유,6000,6500,46.3,53.7,0.6,6.7,17.7,22.9,19.6,16.5,10.1,5.9,3.8,96.2,N,2026-10-05 14:07
노량진,POI063,2026-10-05 13:35,보통,22000,24000,52.5,47.5,1.2,6.4,32.6,17.3,11.9,12.3,10.0,8.4,37.2,62.8,N,2026-10-05 14:07
덕수궁길·정동길,POI064,2026-10-05 13:35,여유,4500,5000,45.1,54.9,0.8,5.9,14.4,21.0,21.1,19.3,10.8,6.6,39.9,60.1,N,2026-10-05 14:07
북촌한옥마을,POI066,2026-10-05 13:35,약간 붐빔,18000,20000,45.5,54.5,0.9,6.9,17.9,19.6,19.9,17.9,10.4,6.5,26.5,73.5,N,2026-10-05 14:07
서촌,POI067,2026-10-05 13:35,약간 붐빔,14000,16000,45.2,54.8,2.0,8.9,16.5,18.4,17.5,17.0,10.9,8.9,47.8,52.2,N,2026-10-05 14:07
성수카페거리,POI068,2026-10-05 13:35,보통,34000,36000,45.8,54.2,1.1,9.4,26.6,21.5,16.7,12.8,7.7,4.2,38.3,61.7,N,2026-10-05 14:07
쌍문역,POI070,2026-10-05 13:35,보통,6000,6500,47.1,52.9,0.4,5.4,14.1,16.4,17.9,18.9,14.8,12.2,25.4,74.6,N,2026-10-05 14:07
압구정로데오거리,POI071,2026-10-05 13:35,보통,28000,30000,43.8,56.2,1.6,4.1,20.2,23.7,19.3,15.1,9.2,6.9,48.5,51.5,N,2026-10-05 14:07
여의도,POI072,2026-10-05 13:35,보통,120000,125000,51.8,48.2,1.0,4.2,16.4,24.8,22.4,17.1,8.6,5.4,52.5,47.5,N,2026-10-05 14:07
연남동,POI073,2026-10-05 13:35,여유,10000,12000,42.9,57.1,1.1,7.3,27.5,22.0,15.1,12.0,8.0,7.0,40.9,59.1,N,2026-10-05 14:07
영등포 타임스퀘어,POI074,2026-10-05 13:35,붐빔,26000,28000,40.2,59.8,0.4,5.5,19.0,22.7,18.7,14.5,11.1,8.1,8.7,91.3,N,2026-10-05 14:07
용리단길,POI076,2026-10-05 13:35,약간 붐빔,6000,6500,51.9,48.1,2.7,3.6,18.9,23.2,20.2,15.7,9.2,6.6,52.9,47.1,N,2026-10-05 14:07
이태원 앤틱가구거리,POI077,2026-10-05 13:35,약간 붐빔,5000,5500,54.4,45.6,1.2,4.6,18.0,20.4,17.4,17.2,12.2,9.1,44.1,55.9,N,2026-10-05 14:07
인사동,POI078,2026-10-05 13:35,보통,22000,24000,49.5,50.5,0.9,3.7,14.7,19.2,20.4,18.1,12.9,10.1,36.8,63.2,N,2026-10-05 14:07
창동 신경제 중심지,POI079,2026-10-05 13:35,보통,36000,38000,46.6,53.4,0.5,8.6,15.9,17.2,17.6,18.4,13.2,8.6,15.8,84.2,N,2026-10-05 14:07
청담동 명품거리,POI080,2026-10-05 13:35,여유,5500,6000,44.3,55.7,0.3,4.1,25.2,23.7,20.8,15.3,7.0,3.7,25.6,74.4,N,2026-10-05 14:07
청량리 제기동 일대 전통시장,POI081,2026-10-05 13:35,약간 붐빔,16000,18000,48.3,51.7,1.5,3.7,11.0,11.0,12.8,18.0,19.4,22.6,34.8,65.2,N,2026-10-05 14:07
해방촌·경리단길,POI082,2026-10-05 13:35,여유,5000,5500,45.0,55.0,0.3,6.0,25.2,23.8,16.1,13.2,8.7,6.7,18.7,81.3,N,2026-10-05 14:07
DDP(동대문디자인플라자),POI083,2026-10-05 13:35,보통,6000,6500,47.1,52.9,1.5,4.8,13.7,16.6,17.5,19.0,16.1,10.9,38.6,61.4,N,2026-10-05 14:07
DMC(디지털미디어시티),POI084,2026-10-05 13:35,보통,30000,32000,48.5,51.5,2.4,6.2,17.2,22.7,19.9,16.2,8.9,6.5,56.8,43.2,N,2026-10-05 14:07
강서한강공원,POI085,2026-10-05 13:35,여유,100,200,57.3,42.7,0.6,2.1,8.7,16.6,22.3,24.0,19.1,6.5,2.2,97.8,N,2026-10-05 14:07
고척돔,POI086,2026-10-05 13:35,여유,1000,1500,48.4,51.6,0.8,5.1,12.0,26.8,16.8,16.6,13.6,8.3,11.1,88.9,N,2026-10-05 14:07
광나루한강공원,POI087,2026-10-05 13:35,보통,4500,5000,48.4,51.6,0.5,6.5,11.2,19.2,23.1,19.9,12.8,6.9,5.3,94.7,N,2026-10-05 14:07
광화문광장,POI088,2026-10-05 13:35,보통,7500,8000,46.4,53.6,1.2,5.1,15.1,21.8,24.3,17.3,9.8,5.5,26.1,73.9,N,2026-10-05 14:07
국립중앙박물관·용산가족공원,POI089,2026-10-05 13:35,약간 붐빔,3000,3500,44.2,55.8,7.2,10.3,10.7,16.9,20.6,14.2,11.4,8.6,27.3,72.7,N,2026-10-05 14:07
난지한강공원,POI090,2026-10-05 13:35,보통,3000,3500,49.3,50.7,1.9,6.4,13.4,20.5,22.3,16.7,11.9,6.9,4.2,95.8,N,2026-10-05 14:07
남산공원,POI091,2026-10-05 13:35,보통,14000,16000,47.9,52.1,1.2,5.8,19.0,18.2,17.6,17.0,12.8,8.4,24.7,75.3,N,2026-10-05 14:07
노들섬,POI092,2026-10-05 13:35,보통,2000,2500,41.2,58.8,0.4,11.4,30.7,17.1,12.8,12.3,8.3,6.9,1.0,99.0,N,2026-10-05 14:07
뚝섬한강공원,POI093,2026-10-05 13:35,여유,5000,5500,44.5,55.5,1.0,10.7,15.2,24.0,21.3,12.9,8.7,6.1,6.3,93.7,N,2026-10-05 14:07
망원한강공원,POI094,2026-10-05 13:35,보통,2000,2500,50.8,49.2,2.0,5.2,14.0,19.3,20.9,17.3,12.3,9.1,22.7,77.3,N,2026-10-05 14:07
반포한강공원,POI095,2026-10-05 13:35,여유,4500,5000,46.4,53.6,0.9,8.6,18.2,20.7,22.1,15.9,9.9,3.8,1.0,99.0,N,2026-10-05 14:07
북서울꿈의숲,POI096,2026-10-05 13:35,약간 붐빔,5500,6000,47.1,52.9,0.7,6.7,8.4,19.4,20.7,18.1,13.1,12.9,23.7,76.3,N,2026-10-05 14:07
서리풀공원·몽마르뜨공원,POI098,2026-10-05 13:35,여유,3500,4000,46.8,53.2,0.6,6.8,15.9,18.9,20.5,17.2,10.8,9.4,23.7,76.3,N,2026-10-05 14:07
서울대공원,POI100,2026-10-05 13:35,약간 붐빔,14000,16000,45.8,54.2,8.4,10.2,7.6,31.3,25.5,6.6,6.2,4.0,4.1,95.9,N,2026-10-05 14:07
서울숲공원,POI101,2026-10-05 13:35,약간 붐빔,5500,6000,44.6,55.4,1.2,6.3,13.6,21.3,21.5,16.9,11.6,7.4,14.8,85.2,N,2026-10-05 14:07
아차산,POI102,2026-10-05 13:35,약간 붐빔,6500,7000,48.4,51.6,0.4,5.6,11.1,15.0,20.1,21.5,16.7,9.6,12.7,87.3,N,2026-10-05 14:07
양화한강공원,POI103,2026-10-05 13:35,여유,1000,1500,49.2,50.8,0.9,8.4,18.3,22.9,19.5,15.1,8.5,6.3,6.4,93.6,N,2026-10-05 14:07
어린이대공원,POI104,2026-10-05 13:35,약간 붐빔,7500,8000,45.1,54.9,2.5,7.9,20.5,24.5,20.5,9.6,7.5,6.8,18.9,81.1,N,2026-10-05 14:07
여의도한강공원,POI105,2026-10-05 13:35,보통,6000,6500,44.4,55.6,1.3,11.3,19.3,23.0,20.8,12.7,7.1,4.5,17.3,82.7,N,2026-10-05 14:07
월드컵공원,POI106,2026-10-05 13:35,붐빔,12000,14000,45.9,54.1,2.0,5.4,10.2,18.4,18.8,17.4,15.3,12.5,17.0,83.0,N,2026-10-05 14:07
응봉산,POI107,2026-10-05 13:35,여유,2000,2500,47.9,52.1,0.5,9.3,9.9,14.4,22.8,17.5,15.1,10.4,20.0,80.0,N,2026-10-05 14:07
이촌한강공원,POI108,2026-10-05 13:35,여유,2500,3000,46.5,53.5,0.9,4.9,15.6,20.4,25.3,15.0,11.1,6.8,6.2,93.8,N,2026-10-05 14:07
잠실종합운동장,POI109,2026-10-05 13:35,붐빔,10000,12000,45.7,54.3,1.6,15.4,27.8,19.4,19.0,10.4,4.2,2.3,6.2,93.8,N,2026-10-05 14:07
잠실한강공원,POI110,2026-10-05 13:35,보통,2500,3000,48.3,51.7,0.9,11.8,13.2,16.0,26.8,15.8,10.3,5.2,4.9,95.1,N,2026-10-05 14:07
잠원한강공원,POI111,2026-10-05 13:35,보통,2500,3000,51.2,48.8,0.9,8.2,14.6,18.2,23.8,19.6,10.3,4.4,3.5,96.5,N,2026-10-05 14:07
청계산,POI112,2026-10-05 13:35,여유,2000,2500,53.2,46.8,1.8,4.0,10.9,13.9,15.8,18.0,18.0,17.6,28.6,71.4,N,2026-10-05 14:07
북창동 먹자골목,POI114,2026-10-05 13:35,붐빔,12000,14000,43.6,56.4,0.8,2.6,13.1,21.4,21.4,18.4,13.3,9.0,34.0,66.0,N,2026-10-05 14:07
남대문시장,POI115,2026-10-05 13:35,붐빔,22000,24000,38.6,61.4,0.9,2.3,11.4,21.4,21.5,18.2,14.2,10.2,29.7,70.3,N,2026-10-05 14:07
익선동,POI116,2026-10-05 13:35,보통,12000,14000,52.2,47.8,0.9,3.2,15.3,16.7,17.5,18.1,14.6,13.7,36.0,64.0,N,2026-10-05 14:07
신정네거리역,POI117,2026-10-05 13:35,여유,1500,2000,49.8,50.2,0.6,9.1,13.0,15.2,16.7,19.9,14.6,10.9,19.4,80.6,N,2026-10-05 14:07
잠실새내역,POI118,2026-10-05 13:35,여유,10000,12000,47.4,52.6,0.4,12.3,18.3,17.9,21.1,16.0,8.1,6.0,16.5,83.5,N,2026-10-05 14:07
잠실역,POI119,2026-10-05 13:35,붐빔,42000,44000,38.3,61.7,0.9,15.0,22.8,23.4,20.0,9.7,5.4,2.8,6.1,93.9,N,2026-10-05 14:07
잠실롯데타워·석촌호수,POI120,2026-10-05 13:35,붐빔,70000,72000,40.0,60.0,0.7,14.3,22.2,23.1,19.1,10.5,6.2,3.8,8.0,92.0,N,2026-10-05 14:07
송리단길·호수단길,POI121,2026-10-05 13:35,보통,8000,8500,44.3,55.7,0.1,6.2,22.7,27.1,16.1,12.8,8.7,6.3,17.5,82.5,N,2026-10-05 14:07
신촌 스타광장,POI122,2026-10-05 13:35,여유,2500,3000,43.8,56.2,0.4,7.5,40.2,17.5,11.5,10.4,6.9,5.6,24.4,75.6,N,2026-10-05 14:07
보라매공원,POI123,2026-10-05 13:35,보통,4000,4500,46.8,53.2,3.1,8.4,12.4,16.3,16.2,16.9,13.1,13.6,42.2,57.8,N,2026-10-05 14:07
서대문독립공원,POI124,2026-10-05 13:35,여유,1000,1500,49.3,50.7,0.6,5.7,14.8,13.0,19.0,19.4,15.9,11.6,14.1,85.9,N,2026-10-05 14:07
안양천,POI125,2026-10-05 13:35,약간 붐빔,1500,2000,52.7,47.3,1.0,10.9,9.2,16.0,24.1,16.6,12.7,9.5,10.4,89.6,N,2026-10-05 14:07
여의서로,POI126,2026-10-05 13:35,여유,1000,1500,57.1,42.9,0.8,3.9,13.3,24.6,23.3,19.1,10.1,4.8,41.2,58.8,N,2026-10-05 14:07
올림픽공원,POI127,2026-10-05 13:35,보통,10000,12000,44.1,55.9,0.6,10.2,14.0,19.6,19.6,16.4,11.4,8.3,8.1,91.9,N,2026-10-05 14:07
홍제폭포,POI128,2026-10-05 13:35,여유,300,400,44.4,55.6,3.3,7.8,11.2,11.3,12.9,17.0,16.6,19.9,64.3,35.7,N,2026-10-05 14:07
송현녹지광장,POI129,2026-10-05 13:35,약간 붐빔,7000,7500,45.2,54.8,0.9,5.5,18.0,20.4,20.6,17.6,10.6,6.4,24.7,75.3,N,2026-10-05 14:07
시의회 앞,POI130,2026-10-05 13:35,보통,10000,12000,46.2,53.8,0.8,4.0,16.2,21.5,21.4,18.5,11.1,6.5,35.9,64.1,N,2026-10-05 14:07
강남 MICE 관광특구,POI001,2026-10-05 14:35,약간 붐빔,20000,22000,47.9,52.1,0.9,5.9,20.6,24.8,22.3,14.7,6.9,3.9,35.7,64.3,N,2026-10-05 15:07
동대문 관광특구,POI002,2026-10-05 14:35,약간 붐빔,28000,30000,46.9,53.1,1.3,4.5,14.4,16.0,17.8,18.8,16.1,11.1,35.7,64.3,N,2026-10-05 15:07
명동 관광특구,POI003,2026-10-05 14:35,약간 붐빔,96000,98000,45.8,54.2,0.9,2.9,16.4,22.5,22.6,18.0,10.3,6.3,43.0,57.0,N,2026-10-05 15:07
이태원 관광특구,POI004,2026-10-05 14:35,여유,10000,12000,46.8,53.2,0.2,3.5,24.7,24.2,19.2,15.7,7.6,5.0,18.4,81.6,N,2026-10-05 15:07
잠실 관광특구,POI005,2026-10-05 14:35,붐빔,90000,92000,40.4,59.6,0.7,13.6,22.9,22.5,18.3,10.8,6.7,4.5,7.3,92.7,N,2026-10-05 15:07
종로·청계 관광특구,POI006,2026-10-05 14:35,약간 붐빔,42000,44000,50.9,49.1,1.0,3.4,15.0,18.0,19.2,18.2,14.1,11.0,37.7,62.3,N,2026-10-05 15:07
홍대 관광특구,POI007,2026-10-05 14:35,보통,80000,82000,42.6,57.4,1.0,11.6,33.7,20.3,13.3,9.9,5.9,4.4,33.4,66.6,N,2026-10-05 15:07
경복궁,POI008,2026-10-05 14:35,약간 붐빔,3000,3500,43.6,56.4,2.0,6.3,16.2,22.9,21.4,16.2,9.7,5.2,19.8,80.2,N,2026-10-05 15:07
광화문·덕수궁,POI009,2026-10-05 14:35,보통,40000,42000,46.3,53.7,1.0,4.0,16.2,21.9,23.0,17.7,10.0,6.2,33.7,66.3,N,2026-10-05 15:07
보신각,POI010,2026-10-05 14:35,보통,18000,20000,52.3,47.7,0.9,2.2,16.3,23.5,23.8,17.8,9.3,6.2,50.8,49.2,N,2026-10-05 15:07
서울 암사동 유적,POI011,2026-10-05 14:35,여유,300,400,53.2,46.8,6.8,13.8,7.4,11.0,14.4,15.3,17.0,14.2,40.5,59.5,N,2026-10-05 15:07
창덕궁·종묘,POI012,2026-10-05 14:35,보통,12000,14000,49.5,50.5,0.6,3.4,18.4,18.0,17.1,19.5,13.4,9.6,29.1,70.9,N,2026-10-05 15:07
가산디지털단지역,POI013,2026-10-05 14:35,여유,14000,16000,52.3,47.7,0.3,4.0,16.6,21.4,19.9,19.7,11.9,6.1,14.8,85.2,N,2026-10-05 15:07
강남역,POI014,2026-10-05 14:35,약간 붐빔,68000,70000,47.6,52.4,1.0,5.7,26.2,24.8,18.5,13.1,6.4,4.3,47.2,52.8,N,2026-10-05 15:07
건대입구역,POI015,2026-10-05 14:35,약간 붐빔,26000,28000,46.1,53.9,1.8,7.9,28.8,16.0,13.1,13.0,10.5,8.8,44.0,56.0,N,2026-10-05 15:07
고덕역,POI016,2026-10-05 14:35,여유,3500,4000,51.2,48.8,0.6,30.8,11.5,10.1,16.3,14.4,9.4,6.8,14.2,85.8,N,2026-10-05 15:07
고속터미널역,POI017,2026-10-05 14:35,붐빔,34000,36000,32.4,67.6,0.2,6.7,21.9,19.9,17.5,17.4,10.2,6.1,6.5,93.5,N,2026-10-05 15:07
교대역,POI018,2026-10-05 14:35,보통,16000,18000,51.2,48.8,2.3,5.3,15.0,18.8,19.6,18.3,11.3,9.3,55.4,44.6,N,2026-10-05 15:07
구로디지털단지역,POI019,2026-10-05 14:35,여유,10000,12000,52.2,47.8,0.3,4.3,18.1,21.3,19.1,17.0,11.7,8.2,23.6,76.4,N,2026-10-05 15:07
구로역,POI020,2026-10-05 14:35,여유,2500,3000,46.8,53.2,0.4,9.3,16.8,18.1,14.4,14.9,13.8,12.3,8.1,91.9,N,2026-10-05 15:07
군자역,POI021,2026-10-05 14:35,여유,6500,7000,47.5,52.5,0.3,4.6,24.3,21.2,17.0,13.9,10.6,8.1,20.0,80.0,N,2026-10-05 15:07
대림역,POI023,2026-10-05 14:35,여유,14000,16000,49.5,50.5,2.0,4.7,10.4,12.3,13.6,20.2,19.8,17.0,66.4,33.6,N,2026-10-05 15:07
동대문역,POI024,2026-10-05 14:35,약간 붐빔,9500,10000,42.3,57.7,0.7,7.3,13.4,14.3,18.6,17.6,16.1,12.0,10.0,90.0,N,2026-10-05 15:07
뚝섬역,POI025,2026-10-05 14:35,약간 붐빔,10000,12000,47.1,52.9,1.4,5.2,24.6,23.6,17.0,13.4,8.9,5.8,44.1,55.9,N,2026-10-05 15:07
미아사거리역,POI026,2026-10-05 14:35,보통,12000,14000,40.2,59.8,0.5,8.8,15.8,14.9,18.0,18.6,12.6,10.8,11.1,88.9,N,2026-10-05 15:07
발산역,POI027,2026-10-05 14:35,보통,8000,8500,46.7,53.3,0.4,8.2,17.6,21.5,19.5,16.4,10.1,6.4,16.9,83.1,N,2026-10-05 15:07
사당역,POI029,2026-10-05 14:35,여유,14000,16000,47.3,52.7,0.1,5.0,22.9,20.2,14.5,13.1,12.4,11.9,12.4,87.6,N,2026-10-05 15:07
삼각지역,POI030,2026-10-05 14:35,여유,2000,2500,51.0,49.0,1.9,3.8,19.5,22.4,18.3,15.7,11.2,7.2,35.8,64.2,N,2026-10-05 15:07
서울대입구역,POI031,2026-10-05 14:35,보통,10000,12000,49.6,50.4,0.2,5.6,36.5,20.4,12.4,12.7,6.7,5.5,15.1,84.9,N,2026-10-05 15:07
서울식물원·마곡나루역,POI032,2026-10-05 14:35,약간 붐빔,8500,9000,47.9,52.1,3.1,5.2,17.4,24.4,19.0,15.0,9.2,6.7,52.0,48.0,N,2026-10-05 15:07
서울역,POI033,2026-10-05 14:35,보통,18000,20000,44.8,55.2,0.9,3.0,15.0,21.3,20.9,19.4,11.7,7.8,37.0,63.0,N,2026-10-05 15:07
선릉역,POI034,2026-10-05 14:35,보통,42000,44000,50.6,49.4,1.2,5.9,16.0,22.6,20.6,16.5,10.1,7.1,49.5,50.5,N,2026-10-05 15:07
성신여대입구역,POI035,2026-10-05 14:35,여유,6500,7000,42.2,57.8,0.2,12.9,33.1,14.3,12.0,12.3,8.4,6.8,11.0,89.0,N,2026-10-05 15:07
수유역,POI036,2026-10-05 14:35,여유,12000,14000,47.9,52.1,0.6,9.2,19.9,15.2,14.9,17.8,12.7,9.7,18.2,81.8,N,2026-10-05 15:07
신논현역·논현역,POI037,2026-10-05 14:35,보통,10000,12000,47.7,52.3,1.0,4.4,21.8,24.5,19.0,14.2,8.5,6.7,45.6,54.4,N,2026-10-05 15:07
신도림역,POI038,2026-10-05 14:35,보통,8000,8500,46.3,53.7,2.8,6.0,15.6,17.1,15.7,16.4,14.7,11.7,47.0,53.0,N,2026-10-05 15:07
신림역,POI039,2026-10-05 14:35,보통,12000,14000,51.6,48.4,0.2,5.4,29.5,23.8,14.5,13.2,7.6,5.8,14.6,85.4,N,2026-10-05 15:07
신촌·이대역,POI040,2026-10-05 14:35,보통,32000,34000,41.7,58.3,1.1,7.1,38.8,15.7,11.2,11.6,8.1,6.4,39.3,60.7,N,2026-10-05 15:07
양재역,POI041,2026-10-05 14:35,보통,14000,16000,49.5,50.5,1.6,4.9,14.8,21.2,19.6,17.2,11.2,9.6,49.7,50.3,N,2026-10-05 15:07
역삼역,POI042,2026-10-05 14:35,보통,30000,32000,52.0,48.0,0.8,2.8,19.9,27.5,21.5,15.1,7.6,4.9,57.6,42.4,N,2026-10-05 15:07
연신내역,POI043,2026-10-05 14:35,여유,7000,7500,46.6,53.4,0.4,8.3,18.9,18.8,15.4,16.0,12.5,9.8,18.0,82.0,N,2026-10-05 15:07
오목교역·목동운동장,POI044,2026-10-05 14:35,여유,62000,64000,44.5,55.5,6.2,15.2,12.2,11.1,17.0,16.0,12.0,10.3,58.0,42.0,N,2026-10-05 15:07
왕십리역,POI045,2026-10-05 14:35,여유,18000,20000,47.4,52.6,2.8,8.3,23.2,13.9,12.6,14.5,12.6,12.1,52.3,47.7,N,2026-10-05 15:07
용산역,POI046,2026-10-05 14:35,붐빔,28000,30000,40.9,59.1,0.6,9.6,30.7,22.3,16.1,11.1,6.4,3.2,7.7,92.3,N,2026-10-05 15:07
이태원역,POI047,2026-10-05 14:35,여유,3500,4000,50.5,49.5,0.4,4.1,22.7,22.3,18.3,16.5,9.0,6.7,17.0,83.0,N,2026-10-05 15:07
장지역,POI048,2026-10-05 14:35,약간 붐빔,18000,20000,47.2,52.8,2.1,6.2,11.4,19.5,22.7,18.3,12.7,7.3,41.0,59.0,N,2026-10-05 15:07
장한평역,POI049,2026-10-05 14:35,여유,8500,9000,58.3,41.7,0.2,2.9,15.4,17.4,15.7,19.4,19.0,10.0,19.8,80.2,N,2026-10-05 15:07
천호역,POI050,2026-10-05 14:35,보통,10000,12000,41.2,58.8,0.3,5.5,18.4,19.9,16.7,15.5,13.2,10.6,12.1,87.9,N,2026-10-05 15:07
총신대입구(이수)역,POI051,2026-10-05 14:35,여유,10000,12000,45.0,55.0,0.3,7.9,18.1,18.8,16.3,14.5,12.5,11.6,12.6,87.4,N,2026-10-05 15:07
충정로역,POI052,2026-10-05 14:35,보통,7000,7500,48.0,52.0,1.9,5.0,14.5,17.8,18.5,19.1,12.7,10.5,59.7,40.3,N,2026-10-05 15:07
합정역,POI053,2026-10-05 14:35,보통,10000,12000,45.7,54.3,1.4,4.8,23.8,23.2,16.0,13.5,9.6,7.8,43.4,56.6,N,2026-10-05 15:07
혜화역,POI054,2026-10-05 14:35,붐빔,20000,22000,41.8,58.2,1.6,10.1,28.7,16.3,14.5,12.8,8.7,7.3,33.8,66.2,N,2026-10-05 15:07
홍대입구역(2호선),POI055,2026-10-05 14:35,약간 붐빔,20000,22000,41.6,58.4,0.8,13.0,33.9,20.0,13.0,9.7,5.6,4.1,29.9,70.1,N,2026-10-05 15:07
회기역,POI056,2026-10-05 14:35,여유,9000,9500,47.9,52.1,0.2,7.6,47.5,12.9,8.8,8.9,7.3,6.9,21.4,78.6,N,2026-10-05 15:07
가락시장,POI058,2026-10-05 14:35,여유,7000,7500,52.0,48.0,0.4,4.7,8.1,15.0,21.0,20.7,18.5,11.6,19.7,80.3,N,2026-10-05 15:07
가로수길,POI059,2026-10-05 14:35,보통,26000,28000,44.6,55.4,1.4,5.8,18.7,22.3,19.2,15.5,9.4,7.7,44.2,55.8,N,2026-10-05 15:07
광장(전통)시장,POI060,2026-10-05 14:35,붐빔,5500,6000,51.3,48.7,0.9,2.1,12.7,15.1,16.4,19.6,18.2,15.0,38.5,61.5,N,2026-10-05 15:07
김포공항,POI061,2026-10-05 14:35,여유,7000,7500,46.2,53.8,0.4,7.0,17.9,21.0,21.3,14.5,11.2,6.7,3.7,96.3,N,2026-10-05 15:07
노량진,POI063,2026-10-05 14:35,보통,22000,24000,52.4,47.6,1.1,6.4,31.6,18.0,11.9,12.2,10.0,8.8,37.6,62.4,N,2026-10-05 15:07
덕수궁길·정동길,POI064,2026-10-05 14:35,여유,4500,5000,45.7,54.3,0.9,5.7,14.6,20.6,21.3,18.7,11.2,7.0,40.2,59.8,N,2026-10-05 15:07
북촌한옥마을,POI066,2026-10-05 14:35,붐빔,18000,20000,44.0,56.0,1.1,6.3,19.0,20.6,19.7,17.0,10.2,6.1,24.8,75.2,N,2026-10-05 15:07
서촌,POI067,2026-10-05 14:35,약간 붐빔,14000,16000,44.8,55.2,2.0,8.2,17.4,18.5,17.3,17.0,10.9,8.7,47.2,52.8,N,2026-10-05 15:07
성수카페거리,POI068,2026-10-05 14:35,약간 붐빔,36000,38000,45.6,54.4,1.0,10.0,28.5,21.4,15.8,12.2,7.2,4.0,36.6,63.4,N,2026-10-05 15:07
쌍문역,POI070,2026-10-05 14:35,보통,6500,7000,46.3,53.7,0.4,5.2,17.2,16.1,16.9,19.1,14.2,10.9,24.0,76.0,N,2026-10-05 15:07
압구정로데오거리,POI071,2026-10-05 14:35,보통,28000,30000,43.9,56.1,1.6,3.7,20.2,24.1,19.1,15.0,9.2,6.9,48.7,51.3,N,2026-10-05 15:07
여의도,POI072,2026-10-05 14:35,보통,120000,125000,51.7,48.3,1.0,4.3,17.4,24.9,22.0,16.8,8.3,5.2,51.4,48.6,N,2026-10-05 15:07
연남동,POI073,2026-10-05 14:35,여유,10000,12000,42.8,57.2,1.1,7.1,28.8,22.5,14.6,11.7,7.6,6.8,39.7,60.3,N,2026-10-05 15:07
영등포 타임스퀘어,POI074,2026-10-05 14:35,붐빔,28000,30000,40.0,60.0,0.3,6.4,21.3,22.9,16.9,13.2,11.0,8.0,8.2,91.8,N,2026-10-05 15:07
용리단길,POI076,2026-10-05 14:35,약간 붐빔,6000,6500,51.9,48.1,2.6,3.5,19.6,23.3,20.0,15.6,9.1,6.4,52.0,48.0,N,2026-10-05 15:07
이태원 앤틱가구거리,POI077,2026-10-05 14:35,약간 붐빔,5000,5500,53.4,46.6,1.2,4.0,18.6,19.9,17.4,17.7,12.3,9.0,43.9,56.1,N,2026-10-05 15:07
인사동,POI078,2026-10-05 14:35,보통,22000,24000,48.9,51.1,1.1,4.0,15.6,19.2,20.1,17.9,12.5,9.7,35.9,64.1,N,2026-10-05 15:07
창동 신경제 중심지,POI079,2026-10-05 14:35,보통,36000,38000,46.4,53.6,0.4,9.0,16.2,17.3,17.9,17.8,12.8,8.5,15.9,84.1,N,2026-10-05 15:07
청담동 명품거리,POI080,2026-10-05 14:35,여유,5000,5500,43.9,56.1,0.1,4.0,23.3,25.1,20.7,15.4,6.8,4.5,26.4,73.6,N,2026-10-05 15:07
청량리 제기동 일대 전통시장,POI081,2026-10-05 14:35,약간 붐빔,16000,18000,48.4,51.6,1.3,3.3,11.0,10.5,13.4,17.8,19.9,22.7,34.2,65.8,N,2026-10-05 15:07
해방촌·경리단길,POI082,2026-10-05 14:35,여유,5000,5500,44.0,56.0,0.3,4.9,29.6,23.0,16.1,12.5,7.9,5.8,17.7,82.3,N,2026-10-05 15:07
DDP(동대문디자인플라자),POI083,2026-10-05 14:35,보통,6000,6500,47.6,52.4,1.5,4.7,14.3,16.0,17.7,19.1,16.0,10.7,38.1,61.9,N,2026-10-05 15:07
DMC(디지털미디어시티),POI084,2026-10-05 14:35,보통,28000,30000,48.4,51.6,2.4,5.7,17.2,23.0,19.9,16.1,9.0,6.5,57.4,42.6,N,2026-10-05 15:07
강서한강공원,POI085,2026-10-05 14:35,여유,100,200,59.8,40.2,0.4,6.2,8.2,16.0,23.8,19.9,18.1,7.4,2.0,98.0,N,2026-10-05 15:07
고척돔,POI086,2026-10-05 14:35,여유,1000,1500,49.4,50.6,0.5,5.7,11.1,24.5,16.8,19.9,12.4,9.2,12.6,87.4,N,2026-10-05 15:07
광나루한강공원,POI087,2026-10-05 14:35,약간 붐빔,5000,5500,49.3,50.7,1.0,6.7,10.4,19.8,23.7,18.9,12.3,7.2,5.0,95.0,N,2026-10-05 15:07
광화문광장,POI088,2026-10-05 14:35,보통,9000,9500,45.4,54.6,1.1,5.2,16.3,21.3,24.9,16.3,9.4,5.6,23.1,76.9,N,2026-10-05 15:07
국립중앙박물관·용산가족공원,POI089,2026-10-05 14:35,약간 붐빔,3000,3500,44.6,55.4,6.8,9.4,12.6,17.3,18.7,14.5,12.0,8.7,25.6,74.4,N,2026-10-05 15:07
난지한강공원,POI090,2026-10-05 14:35,약간 붐빔,3500,4000,49.3,50.7,1.8,6.1,12.8,20.5,21.2,17.5,13.5,6.6,3.9,96.1,N,2026-10-05 15:07
남산공원,POI091,2026-10-05 14:35,보통,14000,16000,47.3,52.7,1.0,5.7,20.4,18.4,17.5,16.8,12.5,7.6,24.4,75.6,N,2026-10-05 15:07
노들섬,POI092,2026-10-05 14:35,약간 붐빔,2000,2500,39.9,60.1,0.2,14.5,34.4,16.5,10.4,11.7,7.2,5.0,1.1,98.9,N,2026-10-05 15:07
뚝섬한강공원,POI093,2026-10-05 14:35,보통,6000,6500,44.7,55.3,1.6,11.8,16.4,22.1,22.5,11.8,7.9,5.8,4.8,95.2,N,2026-10-05 15:07
망원한강공원,POI094,2026-10-05 14:35,보통,2000,2500,49.2,50.8,1.8,4.8,14.7,19.5,19.4,17.4,13.3,9.1,21.5,78.5,N,2026-10-05 15:07
반포한강공원,POI095,2026-10-05 14:35,여유,5500,6000,45.0,55.0,0.6,9.2,20.3,21.6,20.2,16.0,8.6,3.6,1.0,99.0,N,2026-10-05 15:07
북서울꿈의숲,POI096,2026-10-05 14:35,약간 붐빔,5500,6000,47.6,52.4,0.7,5.7,9.2,20.0,19.7,18.8,13.0,12.9,23.3,76.7,N,2026-10-05 15:07
서리풀공원·몽마르뜨공원,POI098,2026-10-05 14:35,여유,3500,4000,45.7,54.3,0.3,7.4,16.0,18.7,21.1,17.4,10.3,8.9,23.5,76.5,N,2026-10-05 15:07
서울대공원,POI100,2026-10-05 14:35,약간 붐빔,14000,16000,45.5,54.5,8.6,10.1,8.1,31.2,26.3,6.3,5.6,3.7,3.9,96.1,N,2026-10-05 15:07
서울숲공원,POI101,2026-10-05 14:35,약간 붐빔,6000,6500,45.1,54.9,1.2,5.4,15.8,22.8,19.8,16.5,11.6,6.9,13.2,86.8,N,2026-10-05 15:07
아차산,POI102,2026-10-05 14:35,붐빔,6500,7000,51.3,48.7,0.5,5.3,10.9,16.1,20.8,21.4,16.6,8.5,12.7,87.3,N,2026-10-05 15:07
양화한강공원,POI103,2026-10-05 14:35,여유,1000,1500,48.0,52.0,0.9,6.6,19.3,25.5,18.3,14.3,9.2,5.8,6.4,93.6,N,2026-10-05 15:07
어린이대공원,POI104,2026-10-05 14:35,붐빔,8500,9000,44.2,55.8,2.5,9.1,21.1,23.6,21.0,9.3,7.2,6.3,16.4,83.6,N,2026-10-05 15:07
여의도한강공원,POI105,2026-10-05 14:35,보통,6500,7000,44.2,55.8,1.4,11.7,21.5,23.1,19.7,11.8,6.7,4.2,15.1,84.9,N,2026-10-05 15:07
월드컵공원,POI106,2026-10-05 14:35,붐빔,12000,14000,45.7,54.3,2.0,5.2,10.2,18.2,19.6,17.1,15.2,12.6,15.9,84.1,N,2026-10-05 15:07
응봉산,POI107,2026-10-05 14:35,여유,2500,3000,50.1,49.9,0.5,9.0,10.5,15.0,21.8,18.7,13.8,10.6,20.3,79.7,N,2026-10-05 15:07
이촌한강공원,POI108,2026-10-05 14:35,여유,3500,4000,47.4,52.6,0.5,7.8,15.3,20.0,19.5,18.7,11.1,7.3,4.8,95.2,N,2026-10-05 15:07
잠실종합운동장,POI109,2026-10-05 14:35,붐빔,14000,16000,44.5,55.5,1.6,13.3,29.4,20.5,19.7,9.9,3.7,1.9,4.8,95.2,N,2026-10-05 15:07
잠실한강공원,POI110,2026-10-05 14:35,보통,2500,3000,46.3,53.7,1.0,9.5,12.9,18.5,23.7,18.0,10.6,6.0,3.9,96.1,N,2026-10-05 15:07
잠원한강공원,POI111,2026-10-05 14:35,보통,2500,3000,46.7,53.3,0.7,7.2,12.5,21.8,22.1,19.7,10.3,5.7,3.3,96.7,N,2026-10-05 15:07
청계산,POI112,2026-10-05 14:35,여유,2000,2500,53.8,46.2,1.7,4.4,10.4,13.3,16.1,18.4,18.3,17.5,31.2,68.8,N,2026-10-05 15:07
북창동 먹자골목,POI114,2026-10-05 14:35,붐빔,12000,14000,43.4,56.6,0.7,2.5,14.3,21.4,21.8,18.4,12.9,8.0,33.9,66.1,N,2026-10-05 15:07
남대문시장,POI115,2026-10-05 14:35,붐빔,22000,24000,39.0,61.0,1.0,2.5,12.2,21.4,21.4,17.9,14.0,9.6,29.8,70.2,N,2026-10-05 15:07
익선동,POI116,2026-10-05 14:35,보통,12000,14000,52.2,47.8,0.9,3.2,16.2,16.6,17.3,17.9,14.5,13.2,35.3,64.7,N,2026-10-05 15:07
신정네거리역,POI117,2026-10-05 14:35,여유,1500,2000,49.8,50.2,0.8,9.0,13.3,14.5,16.6,20.0,14.0,11.7,19.4,80.6,N,2026-10-05 15:07
잠실새내역,POI118,2026-10-05 14:35,여유,10000,12000,47.0,53.0,0.5,12.0,19.6,19.0,20.5,14.9,7.9,5.6,17.4,82.6,N,2026-10-05 15:07
잠실역,POI119,2026-10-05 14:35,붐빔,46000,48000,38.1,61.9,0.8,15.1,24.1,23.4,18.9,9.9,5.1,2.8,5.6,94.4,N,2026-10-05 15:07
잠실롯데타워·석촌호수,POI120,2026-10-05 14:35,붐빔,78000,80000,39.7,60.3,0.7,14.2,23.8,23.2,18.3,10.2,6.0,3.7,7.3,92.7,N,2026-10-05 15:07
송리단길·호수단길,POI121,2026-10-05 14:35,약간 붐빔,8500,9000,41.4,58.6,0.2,6.6,24.5,27.1,15.8,11.6,8.8,5.5,17.4,82.6,N,2026-10-05 15:07
신촌 스타광장,POI122,2026-10-05 14:35,여유,3000,3500,40.6,59.4,0.6,8.2,41.8,17.4,9.8,11.2,6.3,4.7,22.2,77.8,N,2026-10-05 15:07
보라매공원,POI123,2026-10-05 14:35,약간 붐빔,4000,4500,47.0,53.0,2.8,6.1,12.6,17.1,16.3,17.4,13.4,14.3,39.7,60.3,N,2026-10-05 15:07
서대문독립공원,POI124,2026-10-05 14:35,보통,1000,1500,48.4,51.6,0.9,6.6,11.2,14.2,19.0,18.6,16.2,13.4,12.8,87.2,N,2026-10-05 15:07
안양천,POI125,2026-10-05 14:35,약간 붐빔,1500,2000,53.5,46.5,0.7,9.8,7.7,17.5,21.6,19.6,13.3,9.7,9.7,90.3,N,2026-10-05 15:07
여의서로,POI126,2026-10-05 14:35,여유,1000,1500,58.0,42.0,1.2,3.4,14.0,23.2,22.4,19.7,11.5,4.7,40.2,59.8,N,2026-10-05 15:07
올림픽공원,POI127,2026-10-05 14:35,보통,12000,14000,44.3,55.7,0.6,10.5,17.9,18.5,18.4,14.3,10.9,9.0,7.3,92.7,N,2026-10-05 15:07
홍제폭포,POI128,2026-10-05 14:35,여유,300,400,44.7,55.3,3.2,6.7,11.2,11.4,13.2,17.3,16.6,20.3,63.7,36.3,N,2026-10-05 15:07
송현녹지광장,POI129,2026-10-05 14:35,붐빔,7500,8000,43.6,56.4,1.1,5.6,18.9,21.0,20.2,16.8,10.3,6.1,23.5,76.5,N,2026-10-05 15:07
시의회 앞,POI130,2026-10-05 14:35,보통,10000,12000,46.1,53.9,0.9,3.9,16.6,21.1,21.3,18.0,10.8,7.4,34.3,65.7,N,2026-10-05 15:07
강남 MICE 관광특구,POI001,2026-10-05 15:35,약간 붐빔,20000,22000,47.4,52.6,0.9,5.7,22.2,24.9,21.7,14.3,6.6,3.7,35.7,64.3,N,2026-10-05 16:07
동대문 관광특구,POI002,2026-10-05 15:35,보통,28000,30000,46.6,53.4,1.3,4.8,15.6,16.5,17.5,18.7,15.3,10.3,36.3,63.7,N,2026-10-05 16:07
명동 관광특구,POI003,2026-10-05 15:35,약간 붐빔,92000,94000,46.3,53.7,0.9,3.0,17.7,22.9,22.5,17.6,9.7,5.6,44.3,55.7,N,2026-10-05 16:07
이태원 관광특구,POI004,2026-10-05 15:35,보통,10000,12000,45.9,54.1,0.1,4.5,25.9,24.1,18.8,14.8,7.1,4.6,17.6,82.4,N,2026-10-05 16:07
잠실 관광특구,POI005,2026-10-05 15:35,붐빔,94000,96000,40.2,59.8,0.6,13.9,25.0,22.4,17.0,10.6,6.3,4.2,7.2,92.8,N,2026-10-05 16:07
종로·청계 관광특구,POI006,2026-10-05 15:35,약간 붐빔,42000,44000,50.7,49.3,1.0,3.6,16.2,18.5,19.0,18.2,13.4,10.2,38.0,62.0,N,2026-10-05 16:07
홍대 관광특구,POI007,2026-10-05 15:35,보통,84000,86000,42.2,57.8,0.9,12.1,35.0,20.0,12.9,9.5,5.6,4.1,32.4,67.6,N,2026-10-05 16:07
경복궁,POI008,2026-10-05 15:35,약간 붐빔,3000,3500,43.8,56.2,2.3,6.8,20.1,22.1,19.8,16.0,8.4,4.5,19.7,80.3,N,2026-10-05 16:07
광화문·덕수궁,POI009,2026-10-05 15:35,보통,38000,40000,47.0,53.0,1.0,4.2,17.6,22.6,22.3,17.5,9.5,5.3,35.0,65.0,N,2026-10-05 16:07
보신각,POI010,2026-10-05 15:35,보통,18000,20000,52.6,47.4,0.9,2.4,17.0,23.7,23.9,17.8,8.8,5.4,51.5,48.5,N,2026-10-05 16:07
서울 암사동 유적,POI011,2026-10-05 15:35,여유,300,400,53.8,46.2,6.2,10.7,7.7,11.7,15.0,16.0,17.3,15.4,41.0,59.0,N,2026-10-05 16:07
창덕궁·종묘,POI012,2026-10-05 15:35,보통,12000,14000,48.7,51.3,0.6,4.0,19.9,17.9,17.2,18.6,12.9,9.0,28.8,71.2,N,2026-10-05 16:07
가산디지털단지역,POI013,2026-10-05 15:35,여유,14000,16000,51.8,48.2,0.3,4.3,16.8,21.5,20.5,18.8,11.0,7.0,14.2,85.8,N,2026-10-05 16:07
강남역,POI014,2026-10-05 15:35,약간 붐빔,70000,72000,47.9,52.1,1.0,5.9,26.9,24.8,18.3,12.9,6.1,4.1,47.1,52.9,N,2026-10-05 16:07
건대입구역,POI015,2026-10-05 15:35,약간 붐빔,28000,30000,45.7,54.3,1.8,8.3,29.7,16.0,12.8,12.7,10.2,8.5,43.0,57.0,N,2026-10-05 16:07
고덕역,POI016,2026-10-05 15:35,여유,3500,4000,51.8,48.2,0.6,29.3,11.9,10.0,18.1,13.0,11.0,6.1,14.1,85.9,N,2026-10-05 16:07
고속터미널역,POI017,2026-10-05 15:35,붐빔,32000,34000,31.9,68.1,0.2,6.8,22.0,20.7,17.3,16.9,10.1,6.0,6.9,93.1,N,2026-10-05 16:07
교대역,POI018,2026-10-05 15:35,여유,16000,18000,51.5,48.5,2.5,5.7,15.0,19.3,19.4,18.5,11.2,8.5,56.3,43.7,N,2026-10-05 16:07
구로디지털단지역,POI019,2026-10-05 15:35,여유,10000,12000,53.2,46.8,0.1,3.1,19.5,22.4,18.3,16.7,12.2,7.7,23.3,76.7,N,2026-10-05 16:07
구로역,POI020,2026-10-05 15:35,여유,2500,3000,46.2,53.8,0.2,7.2,15.2,18.7,16.5,19.6,13.3,9.3,8.5,91.5,N,2026-10-05 16:07
군자역,POI021,2026-10-05 15:35,여유,6500,7000,47.5,52.5,0.1,4.1,23.5,21.8,17.2,14.4,11.3,7.6,19.1,80.9,N,2026-10-05 16:07
대림역,POI023,2026-10-05 15:35,여유,14000,16000,49.5,50.5,2.1,4.8,10.2,12.1,13.4,20.2,20.0,17.2,67.2,32.8,N,2026-10-05 16:07
동대문역,POI024,2026-10-05 15:35,약간 붐빔,9000,9500,42.7,57.3,0.7,6.9,16.8,15.3,17.5,17.4,13.7,11.7,9.8,90.2,N,2026-10-05 16:07
뚝섬역,POI025,2026-10-05 15:35,약간 붐빔,12000,14000,47.2,52.8,1.5,5.3,25.0,23.5,16.8,13.3,8.7,5.7,44.6,55.4,N,2026-10-05 16:07
미아사거리역,POI026,2026-10-05 15:35,약간 붐빔,12000,14000,40.8,59.2,0.5,9.2,16.4,15.5,17.3,18.1,12.7,10.3,10.6,89.4,N,2026-10-05 16:07
발산역,POI027,2026-10-05 15:35,보통,8000,8500,46.4,53.6,0.5,8.1,17.9,21.9,20.7,15.0,9.2,6.8,16.5,83.5,N,2026-10-05 16:07
사당역,POI029,2026-10-05 15:35,여유,14000,16000,47.8,52.2,0.2,4.4,22.4,20.6,14.2,14.7,12.9,10.5,12.0,88.0,N,2026-10-05 16:07
삼각지역,POI030,2026-10-05 15:35,여유,2000,2500,49.7,50.3,1.8,4.1,20.0,23.1,18.5,15.0,10.3,7.2,35.2,64.8,N,2026-10-05 16:07
서울대입구역,POI031,2026-10-05 15:35,보통,12000,14000,48.8,51.2,0.2,4.4,39.6,20.5,11.7,11.2,7.2,5.1,15.2,84.8,N,2026-10-05 16:07
서울식물원·마곡나루역,POI032,2026-10-05 15:35,약간 붐빔,8500,9000,48.3,51.7,3.2,4.9,17.5,24.4,19.0,15.0,9.3,6.6,52.3,47.7,N,2026-10-05 16:07
서울역,POI033,2026-10-05 15:35,보통,18000,20000,45.6,54.4,0.9,3.0,15.8,21.9,20.7,19.4,11.1,7.1,36.6,63.4,N,2026-10-05 16:07
선릉역,POI034,2026-10-05 15:35,보통,42000,44000,50.7,49.3,1.3,6.6,15.9,22.5,20.6,16.3,9.9,6.9,50.5,49.5,N,2026-10-05 16:07
성신여대입구역,POI035,2026-10-05 15:35,여유,7000,7500,43.0,57.0,0.2,12.2,32.2,14.7,13.1,12.5,9.0,6.1,10.4,89.6,N,2026-10-05 16:07
수유역,POI036,2026-10-05 15:35,보통,12000,14000,47.1,52.9,0.6,8.6,22.3,15.7,14.6,16.6,12.5,8.9,18.6,81.4,N,2026-10-05 16:07
신논현역·논현역,POI037,2026-10-05 15:35,보통,10000,12000,47.9,52.1,1.0,4.3,21.5,24.4,19.1,14.8,8.5,6.3,46.3,53.7,N,2026-10-05 16:07
신도림역,POI038,2026-10-05 15:35,보통,8000,8500,46.5,53.5,3.0,5.7,15.3,17.8,15.7,15.9,14.6,11.9,47.3,52.7,N,2026-10-05 16:07
신림역,POI039,2026-10-05 15:35,보통,10000,12000,52.8,47.2,0.1,4.9,30.2,23.1,14.4,13.1,8.6,5.7,15.0,85.0,N,2026-10-05 16:07
신촌·이대역,POI040,2026-10-05 15:35,보통,32000,34000,41.5,58.5,1.2,7.7,39.6,15.4,11.0,11.2,7.8,6.0,39.1,60.9,N,2026-10-05 16:07
양재역,POI041,2026-10-05 15:35,보통,14000,16000,49.4,50.6,1.6,4.8,15.6,21.4,19.4,16.8,11.2,9.3,49.8,50.2,N,2026-10-05 16:07
역삼역,POI042,2026-10-05 15:35,보통,30000,32000,52.4,47.6,0.8,2.9,20.2,27.8,21.6,14.8,7.2,4.6,58.7,41.3,N,2026-10-05 16:07
연신내역,POI043,2026-10-05 15:35,여유,7000,7500,45.8,54.2,0.2,8.7,19.4,18.4,14.5,15.6,12.3,10.8,17.9,82.1,N,2026-10-05 16:07
오목교역·목동운동장,POI044,2026-10-05 15:35,여유,64000,66000,44.7,55.3,6.8,15.5,12.1,11.1,16.9,15.7,11.8,10.1,58.4,41.6,N,2026-10-05 16:07
왕십리역,POI045,2026-10-05 15:35,여유,18000,20000,47.4,52.6,3.0,8.6,23.3,13.8,12.4,14.6,12.6,11.9,52.0,48.0,N,2026-10-05 16:07
용산역,POI046,2026-10-05 15:35,붐빔,32000,34000,41.7,58.3,0.6,9.2,31.3,22.2,16.3,10.4,6.7,3.5,7.2,92.8,N,2026-10-05 16:07
이태원역,POI047,2026-10-05 15:35,여유,4000,4500,50.7,49.3,0.2,5.4,22.1,23.0,18.2,16.3,8.3,6.4,16.5,83.5,N,2026-10-05 16:07
장지역,POI048,2026-10-05 15:35,약간 붐빔,18000,20000,47.3,52.7,2.1,6.6,11.5,19.6,22.1,18.1,12.6,7.4,42.1,57.9,N,2026-10-05 16:07
장한평역,POI049,2026-10-05 15:35,여유,8500,9000,58.4,41.6,0.1,2.5,14.2,18.0,17.9,20.3,17.8,9.2,18.0,82.0,N,2026-10-05 16:07
천호역,POI050,2026-10-05 15:35,보통,10000,12000,41.8,58.2,0.2,6.5,19.1,18.3,17.8,15.8,12.7,9.5,11.6,88.4,N,2026-10-05 16:07
총신대입구(이수)역,POI051,2026-10-05 15:35,여유,12000,14000,45.4,54.6,0.3,7.1,19.5,19.2,16.0,15.0,12.0,11.0,11.7,88.3,N,2026-10-05 16:07
충정로역,POI052,2026-10-05 15:35,보통,7000,7500,48.0,52.0,1.8,5.0,14.8,17.9,18.3,19.1,12.6,10.4,59.9,40.1,N,2026-10-05 16:07
합정역,POI053,2026-10-05 15:35,보통,10000,12000,45.5,54.5,1.2,4.9,24.7,23.1,15.6,13.4,9.2,7.8,44.2,55.8,N,2026-10-05 16:07
혜화역,POI054,2026-10-05 15:35,붐빔,20000,22000,41.1,58.9,1.5,10.3,29.4,16.7,14.4,12.5,8.2,6.9,33.0,67.0,N,2026-10-05 16:07
홍대입구역(2호선),POI055,2026-10-05 15:35,약간 붐빔,22000,24000,41.3,58.7,0.7,13.3,35.5,19.6,12.7,9.2,5.2,3.7,28.9,71.1,N,2026-10-05 16:07
회기역,POI056,2026-10-05 15:35,여유,9000,9500,47.7,52.3,0.2,8.2,45.3,13.1,9.0,10.0,7.5,6.6,21.5,78.5,N,2026-10-05 16:07
가락시장,POI058,2026-10-05 15:35,여유,7000,7500,51.9,48.1,0.6,4.7,8.4,16.2,19.5,20.6,18.6,11.5,19.8,80.2,N,2026-10-05 16:07
가로수길,POI059,2026-10-05 15:35,보통,26000,28000,44.9,55.1,1.5,6.2,18.9,22.4,19.1,15.2,9.1,7.5,44.6,55.4,N,2026-10-05 16:07
광장(전통)시장,POI060,2026-10-05 15:35,붐빔,5000,5500,51.7,48.3,0.9,2.3,13.7,15.8,16.8,19.5,17.4,13.6,39.1,60.9,N,2026-10-05 16:07
김포공항,POI061,2026-10-05 15:35,여유,7000,7500,48.7,51.3,0.6,6.7,16.9,20.9,20.6,16.8,10.4,7.1,3.4,96.6,N,2026-10-05 16:07
노량진,POI063,2026-10-05 15:35,보통,22000,24000,52.4,47.6,1.2,6.2,32.2,17.8,11.6,12.1,10.0,9.0,37.4,62.6,N,2026-10-05 16:07
덕수궁길·정동길,POI064,2026-10-05 15:35,여유,4500,5000,45.3,54.7,0.9,6.3,15.2,21.4,21.1,18.0,10.6,6.5,41.4,58.6,N,2026-10-05 16:07
북촌한옥마을,POI066,2026-10-05 15:35,붐빔,18000,20000,44.4,55.6,1.1,6.3,21.7,20.4,19.1,16.7,9.1,5.6,25.3,74.7,N,2026-10-05 16:07
서촌,POI067,2026-10-05 15:35,약간 붐빔,14000,16000,44.8,55.2,2.0,8.4,18.2,18.8,17.1,16.6,10.4,8.5,47.7,52.3,N,2026-10-05 16:07
성수카페거리,POI068,2026-10-05 15:35,약간 붐빔,36000,38000,45.1,54.9,0.9,10.3,30.2,21.1,14.8,11.7,7.1,3.9,36.0,64.0,N,2026-10-05 16:07
쌍문역,POI070,2026-10-05 15:35,보통,6500,7000,47.3,52.7,0.3,5.5,16.6,16.9,15.9,18.7,14.2,11.8,25.0,75.0,N,2026-10-05 16:07
압구정로데오거리,POI071,2026-10-05 15:35,보통,28000,30000,44.2,55.8,1.7,4.0,21.0,24.0,19.1,14.6,8.9,6.8,49.5,50.5,N,2026-10-05 16:07
여의도,POI072,2026-10-05 15:35,보통,120000,125000,51.3,48.7,1.0,4.7,18.6,25.1,21.5,16.4,7.8,4.9,51.1,48.9,N,2026-10-05 16:07
연남동,POI073,2026-10-05 15:35,보통,10000,12000,41.9,58.1,1.1,7.5,29.9,22.2,14.1,11.5,7.2,6.6,39.4,60.6,N,2026-10-05 16:07
영등포 타임스퀘어,POI074,2026-10-05 15:35,붐빔,30000,32000,39.1,60.9,0.3,6.5,23.0,23.7,15.7,12.4,11.1,7.3,7.7,92.3,N,2026-10-05 16:07
용리단길,POI076,2026-10-05 15:35,약간 붐빔,6000,6500,51.8,48.2,2.6,3.5,20.6,23.3,19.7,15.1,9.0,6.3,52.5,47.5,N,2026-10-05 16:07
이태원 앤틱가구거리,POI077,2026-10-05 15:35,약간 붐빔,5000,5500,52.8,47.2,1.3,4.8,18.8,20.1,17.0,16.9,12.2,8.9,43.4,56.6,N,2026-10-05 16:07
인사동,POI078,2026-10-05 15:35,보통,22000,24000,49.4,50.6,1.1,4.0,16.8,19.5,20.1,17.9,12.1,8.6,36.8,63.2,N,2026-10-05 16:07
창동 신경제 중심지,POI079,2026-10-05 15:35,보통,36000,38000,46.4,53.6,0.3,9.6,16.2,17.3,17.6,17.2,13.2,8.5,15.2,84.8,N,2026-10-05 16:07
청담동 명품거리,POI080,2026-10-05 15:35,여유,5000,5500,44.3,55.7,0.1,3.6,24.7,26.3,20.1,14.2,7.0,4.0,28.2,71.8,N,2026-10-05 16:07
청량리 제기동 일대 전통시장,POI081,2026-10-05 15:35,보통,14000,16000,48.6,51.4,1.4,3.5,11.3,11.0,13.3,18.2,19.8,21.6,35.6,64.4,N,2026-10-05 16:07
해방촌·경리단길,POI082,2026-10-05 15:35,보통,5500,6000,43.2,56.8,0.3,5.6,32.1,22.5,14.5,11.1,6.6,7.3,17.0,83.0,N,2026-10-05 16:07
DDP(동대문디자인플라자),POI083,2026-10-05 15:35,보통,6000,6500,47.4,52.6,1.5,5.0,15.5,17.3,17.5,18.1,15.1,10.0,37.7,62.3,N,2026-10-05 16:07
DMC(디지털미디어시티),POI084,2026-10-05 15:35,여유,28000,30000,48.1,51.9,2.4,5.5,17.3,23.2,19.9,16.1,8.9,6.7,58.2,41.8,N,2026-10-05 16:07
강서한강공원,POI085,2026-10-05 15:35,여유,100,200,57.7,42.3,0.1,7.0,8.0,16.1,23.2,23.2,14.2,8.1,1.7,98.3,N,2026-10-05 16:07
고척돔,POI086,2026-10-05 15:35,여유,1000,1500,52.5,47.5,1.2,7.3,9.1,22.7,19.1,18.0,12.2,10.4,13.1,86.9,N,2026-10-05 16:07
광나루한강공원,POI087,2026-10-05 15:35,약간 붐빔,5500,6000,51.9,48.1,1.1,6.4,10.4,22.0,22.8,18.9,11.5,6.8,4.5,95.5,N,2026-10-05 16:07
광화문광장,POI088,2026-10-05 15:35,보통,8500,9000,46.7,53.3,1.1,5.6,18.4,22.9,23.1,15.6,8.6,4.8,24.1,75.9,N,2026-10-05 16:07
국립중앙박물관·용산가족공원,POI089,2026-10-05 15:35,약간 붐빔,3000,3500,45.0,55.0,5.9,8.4,15.0,18.4,18.6,14.5,11.3,8.0,26.3,73.7,N,2026-10-05 16:07
난지한강공원,POI090,2026-10-05 15:35,약간 붐빔,3500,4000,48.3,51.7,1.9,5.1,13.5,20.4,22.6,18.5,11.9,6.1,3.9,96.1,N,2026-10-05 16:07
남산공원,POI091,2026-10-05 15:35,보통,14000,16000,48.3,51.7,1.1,5.6,20.5,19.0,18.0,16.9,11.1,7.9,24.5,75.5,N,2026-10-05 16:07
노들섬,POI092,2026-10-05 15:35,붐빔,3000,3500,38.3,61.7,0.1,13.0,40.0,16.2,11.1,9.0,5.4,5.2,0.8,99.2,N,2026-10-05 16:07
뚝섬한강공원,POI093,2026-10-05 15:35,약간 붐빔,6500,7000,43.4,56.6,1.0,12.5,19.9,20.4,21.7,10.1,8.3,6.0,4.7,95.3,N,2026-10-05 16:07
망원한강공원,POI094,2026-10-05 15:35,보통,2000,2500,48.2,51.8,1.9,5.1,16.8,20.8,18.5,16.4,12.2,8.4,20.9,79.1,N,2026-10-05 16:07
반포한강공원,POI095,2026-10-05 15:35,여유,5000,5500,44.1,55.9,0.9,9.4,23.8,22.9,20.0,11.5,7.4,4.2,0.9,99.1,N,2026-10-05 16:07
북서울꿈의숲,POI096,2026-10-05 15:35,약간 붐빔,5500,6000,46.4,53.6,0.9,6.7,9.4,19.0,19.5,18.3,13.3,13.0,22.1,77.9,N,2026-10-05 16:07
서리풀공원·몽마르뜨공원,POI098,2026-10-05 15:35,여유,3500,4000,46.3,53.7,0.5,6.6,16.8,18.8,20.6,17.7,10.3,8.7,23.8,76.2,N,2026-10-05 16:07
서울대공원,POI100,2026-10-05 15:35,약간 붐빔,14000,16000,45.4,54.6,9.5,9.4,8.9,30.7,26.4,6.0,5.5,3.5,3.9,96.1,N,2026-10-05 16:07
서울숲공원,POI101,2026-10-05 15:35,약간 붐빔,6000,6500,45.5,54.5,1.2,6.3,15.5,22.8,21.9,15.2,10.8,6.3,13.5,86.5,N,2026-10-05 16:07
아차산,POI102,2026-10-05 15:35,붐빔,6000,6500,50.4,49.6,0.4,5.4,10.8,16.2,20.1,21.8,16.0,9.3,14.2,85.8,N,2026-10-05 16:07
양화한강공원,POI103,2026-10-05 15:35,보통,1000,1500,46.8,53.2,0.6,7.0,22.5,23.4,17.0,13.8,9.0,6.7,6.1,93.9,N,2026-10-05 16:07
어린이대공원,POI104,2026-10-05 15:35,붐빔,8000,8500,44.5,55.5,2.4,8.1,23.0,23.1,20.4,9.1,7.7,6.2,16.9,83.1,N,2026-10-05 16:07
여의도한강공원,POI105,2026-10-05 15:35,약간 붐빔,7500,8000,40.9,59.1,1.1,13.9,25.4,22.7,17.5,10.1,6.0,3.3,13.0,87.0,N,2026-10-05 16:07
월드컵공원,POI106,2026-10-05 15:35,붐빔,14000,16000,46.1,53.9,2.1,5.4,11.4,19.2,19.9,16.8,13.9,11.3,15.8,84.2,N,2026-10-05 16:07
응봉산,POI107,2026-10-05 15:35,보통,2500,3000,47.3,52.7,0.7,8.5,10.1,15.9,20.5,18.8,14.3,11.2,17.2,82.8,N,2026-10-05 16:07
이촌한강공원,POI108,2026-10-05 15:35,여유,3000,3500,48.1,51.9,0.7,6.0,20.0,21.2,20.8,16.0,8.8,6.5,5.7,94.3,N,2026-10-05 16:07
잠실종합운동장,POI109,2026-10-05 15:35,붐빔,16000,18000,43.8,56.2,1.4,13.5,29.8,21.7,19.1,9.5,3.3,1.7,4.2,95.8,N,2026-10-05 16:07
잠실한강공원,POI110,2026-10-05 15:35,약간 붐빔,3000,3500,47.9,52.1,1.2,9.9,14.1,20.4,25.8,15.7,7.5,5.4,4.4,95.6,N,2026-10-05 16:07
잠원한강공원,POI111,2026-10-05 15:35,약간 붐빔,3000,3500,44.6,55.4,0.9,5.7,16.2,21.7,24.9,16.6,8.8,5.4,2.9,97.1,N,2026-10-05 16:07
청계산,POI112,2026-10-05 15:35,여유,2000,2500,53.6,46.4,2.0,4.7,12.3,13.8,15.7,17.5,17.5,16.5,30.7,69.3,N,2026-10-05 16:07
북창동 먹자골목,POI114,2026-10-05 15:35,약간 붐빔,10000,12000,45.3,54.7,0.8,2.4,15.3,22.2,21.2,18.5,12.1,7.4,36.5,63.5,N,2026-10-05 16:07
남대문시장,POI115,2026-10-05 15:35,붐빔,20000,22000,40.8,59.2,1.0,2.3,13.3,22.3,21.2,18.3,13.2,8.4,32.3,67.7,N,2026-10-05 16:07
익선동,POI116,2026-10-05 15:35,보통,14000,16000,52.2,47.8,1.0,3.7,17.4,17.0,17.0,17.7,14.1,12.2,34.9,65.1,N,2026-10-05 16:07
신정네거리역,POI117,2026-10-05 15:35,여유,1500,2000,50.9,49.1,0.0,10.0,11.0,15.2,17.8,18.7,14.6,12.7,20.1,79.9,N,2026-10-05 16:07
잠실새내역,POI118,2026-10-05 15:35,여유,12000,14000,48.1,51.9,0.5,13.3,19.9,17.8,20.0,15.8,7.1,5.6,17.1,82.9,N,2026-10-05 16:07
잠실역,POI119,2026-10-05 15:35,붐빔,48000,50000,37.4,62.6,0.7,15.1,26.4,23.4,17.3,9.6,4.9,2.6,5.6,94.4,N,2026-10-05 16:07
잠실롯데타워·석촌호수,POI120,2026-10-05 15:35,붐빔,78000,80000,39.4,60.6,0.6,14.1,26.1,23.0,17.0,10.2,5.6,3.4,7.3,92.7,N,2026-10-05 16:07
송리단길·호수단길,POI121,2026-10-05 15:35,보통,8000,8500,41.1,58.9,0.2,6.9,26.9,25.1,15.3,12.3,7.9,5.4,17.1,82.9,N,2026-10-05 16:07
신촌 스타광장,POI122,2026-10-05 15:35,여유,3000,3500,40.0,60.0,0.5,9.9,44.3,16.9,9.9,8.8,5.8,4.0,22.1,77.9,N,2026-10-05 16:07
보라매공원,POI123,2026-10-05 15:35,약간 붐빔,4000,4500,46.9,53.1,2.6,6.1,13.7,16.8,16.3,16.8,13.3,14.3,39.7,60.3,N,2026-10-05 16:07
서대문독립공원,POI124,2026-10-05 15:35,여유,1000,1500,46.3,53.7,1.0,7.6,11.2,15.0,20.6,19.0,14.2,11.4,14.7,85.3,N,2026-10-05 16:07
안양천,POI125,2026-10-05 15:35,약간 붐빔,1500,2000,52.3,47.7,1.2,9.2,7.4,16.7,23.5,17.0,13.8,11.1,9.0,91.0,N,2026-10-05 16:07
여의서로,POI126,2026-10-05 15:35,여유,1000,1500,57.5,42.5,0.8,3.8,14.6,24.8,23.7,17.7,9.9,4.7,37.3,62.7,N,2026-10-05 16:07
올림픽공원,POI127,2026-10-05 15:35,약간 붐빔,14000,16000,44.4,55.6,0.5,12.4,19.3,19.6,16.9,13.1,10.0,8.1,6.6,93.4,N,2026-10-05 16:07
홍제폭포,POI128,2026-10-05 15:35,여유,300,400,44.7,55.3,3.1,7.6,11.0,11.0,13.2,17.2,16.8,20.1,64.4,35.6,N,2026-10-05 16:07
송현녹지광장,POI129,2026-10-05 15:35,붐빔,7000,7500,43.8,56.2,1.1,5.4,21.8,21.0,19.4,16.4,9.4,5.4,23.9,76.1,N,2026-10-05 16:07
시의회 앞,POI130,2026-10-05 15:35,보통,10000,12000,45.9,54.1,0.9,3.9,18.0,22.2,20.6,18.0,10.3,6.2,35.7,64.3,N,2026-10-05 16:07
강남 MICE 관광특구,POI001,2026-10-05 16:35,약간 붐빔,20000,22000,47.7,52.3,0.9,5.4,23.3,25.2,21.1,14.1,6.5,3.5,37.4,62.6,N,2026-10-05 17:07
동대문 관광특구,POI002,2026-10-05 16:35,보통,26000,28000,47.2,52.8,1.3,5.2,16.7,17.0,18.2,18.1,14.3,9.3,37.2,62.8,N,2026-10-05 17:07
명동 관광특구,POI003,2026-10-05 16:35,약간 붐빔,86000,88000,47.0,53.0,0.9,3.1,18.7,23.5,22.6,17.6,8.7,4.8,45.7,54.3,N,2026-10-05 17:07
이태원 관광특구,POI004,2026-10-05 16:35,여유,10000,12000,45.4,54.6,0.1,4.1,29.0,24.0,17.7,13.9,6.6,4.6,17.7,82.3,N,2026-10-05 17:07
잠실 관광특구,POI005,2026-10-05 16:35,붐빔,92000,94000,40.1,59.9,0.5,13.6,27.2,22.5,16.3,10.2,6.0,3.7,7.3,92.7,N,2026-10-05 17:07
종로·청계 관광특구,POI006,2026-10-05 16:35,약간 붐빔,40000,42000,50.6,49.4,1.0,4.0,17.7,18.9,19.0,17.7,12.8,8.9,38.6,61.4,N,2026-10-05 17:07
홍대 관광특구,POI007,2026-10-05 16:35,약간 붐빔,86000,88000,42.1,57.9,0.9,12.5,36.0,19.8,12.4,9.1,5.3,4.0,32.0,68.0,N,2026-10-05 17:07
경복궁,POI008,2026-10-05 16:35,약간 붐빔,2500,3000,43.6,56.4,2.3,6.4,22.1,21.4,20.1,15.5,8.0,4.2,21.1,78.9,N,2026-10-05 17:07
광화문·덕수궁,POI009,2026-10-05 16:35,보통,36000,38000,46.8,53.2,1.0,3.9,19.2,23.0,22.4,17.6,8.5,4.4,36.0,64.0,N,2026-10-05 17:07
보신각,POI010,2026-10-05 16:35,보통,16000,18000,52.7,47.3,0.8,2.6,18.3,24.1,24.0,17.3,8.2,4.6,51.5,48.5,N,2026-10-05 17:07
서울 암사동 유적,POI011,2026-10-05 16:35,여유,300,400,53.6,46.4,5.2,8.1,8.4,12.2,15.8,17.0,17.7,15.7,43.3,56.7,N,2026-10-05 17:07
창덕궁·종묘,POI012,2026-10-05 16:35,보통,12000,14000,48.8,51.2,0.6,4.4,21.5,18.5,16.8,17.6,12.2,8.4,29.5,70.5,N,2026-10-05 17:07
가산디지털단지역,POI013,2026-10-05 16:35,여유,14000,16000,51.0,49.0,0.3,4.2,18.3,22.2,20.0,17.7,12.1,5.3,15.0,85.0,N,2026-10-05 17:07
강남역,POI014,2026-10-05 16:35,약간 붐빔,68000,70000,48.1,51.9,1.0,6.1,27.2,25.0,18.3,12.5,5.9,3.9,47.7,52.3,N,2026-10-05 17:07
건대입구역,POI015,2026-10-05 16:35,약간 붐빔,28000,30000,46.3,53.7,1.7,8.6,30.1,15.9,12.4,12.8,10.1,8.3,42.3,57.7,N,2026-10-05 17:07
고덕역,POI016,2026-10-05 16:35,여유,3500,4000,51.2,48.8,0.8,30.2,11.2,9.7,18.4,14.1,9.9,5.7,15.2,84.8,N,2026-10-05 17:07
고속터미널역,POI017,2026-10-05 16:35,붐빔,32000,34000,33.7,66.3,0.2,7.3,23.8,20.9,17.9,16.1,8.7,5.2,6.8,93.2,N,2026-10-05 17:07
교대역,POI018,2026-10-05 16:35,여유,16000,18000,51.2,48.8,2.6,6.5,15.3,19.1,19.7,18.0,10.6,8.1,57.0,43.0,N,2026-10-05 17:07
구로디지털단지역,POI019,2026-10-05 16:35,여유,10000,12000,54.7,45.3,0.2,3.8,19.9,23.1,18.3,15.9,11.7,7.1,24.0,76.0,N,2026-10-05 17:07
구로역,POI020,2026-10-05 16:35,여유,2500,3000,49.6,50.4,0.1,8.7,16.1,14.8,16.3,18.5,12.7,12.7,7.9,92.1,N,2026-10-05 17:07
군자역,POI021,2026-10-05 16:35,여유,6500,7000,47.7,52.3,0.4,4.6,24.1,20.3,16.8,14.9,11.2,7.7,19.1,80.9,N,2026-10-05 17:07
대림역,POI023,2026-10-05 16:35,여유,14000,16000,49.4,50.6,2.1,5.0,10.1,12.1,13.4,20.2,20.1,17.0,68.1,31.9,N,2026-10-05 17:07
동대문역,POI024,2026-10-05 16:35,보통,8500,9000,43.1,56.9,0.6,7.0,19.3,16.1,15.9,16.5,14.4,10.3,10.4,89.6,N,2026-10-05 17:07
뚝섬역,POI025,2026-10-05 16:35,약간 붐빔,12000,14000,47.1,52.9,1.6,5.3,26.2,23.6,16.2,13.0,8.6,5.5,44.7,55.3,N,2026-10-05 17:07
미아사거리역,POI026,2026-10-05 16:35,보통,12000,14000,42.9,57.1,0.5,9.0,16.7,17.1,17.8,17.6,12.6,8.7,10.8,89.2,N,2026-10-05 17:07
발산역,POI027,2026-10-05 16:35,보통,8000,8500,47.7,52.3,0.5,8.6,18.8,22.8,20.8,14.1,8.8,5.7,16.1,83.9,N,2026-10-05 17:07
사당역,POI029,2026-10-05 16:35,여유,14000,16000,48.5,51.5,0.1,4.6,24.5,21.2,14.2,14.4,11.8,9.3,12.9,87.1,N,2026-10-05 17:07
삼각지역,POI030,2026-10-05 16:35,여유,2000,2500,50.7,49.3,1.8,4.6,21.0,22.5,17.8,15.2,10.4,6.6,35.3,64.7,N,2026-10-05 17:07
서울대입구역,POI031,2026-10-05 16:35,보통,12000,14000,48.0,52.0,0.1,5.5,38.7,20.9,11.8,11.4,6.7,4.8,15.1,84.9,N,2026-10-05 17:07
서울식물원·마곡나루역,POI032,2026-10-05 16:35,약간 붐빔,8000,8500,48.5,51.5,3.4,5.2,17.8,24.8,19.1,14.4,8.9,6.5,53.8,46.2,N,2026-10-05 17:07
서울역,POI033,2026-10-05 16:35,보통,16000,18000,47.5,52.5,1.0,3.6,16.6,21.8,20.8,19.4,10.4,6.4,38.4,61.6,N,2026-10-05 17:07
선릉역,POI034,2026-10-05 16:35,보통,42000,44000,50.7,49.3,1.4,7.2,16.3,22.7,20.6,16.2,9.3,6.2,50.8,49.2,N,2026-10-05 17:07
성신여대입구역,POI035,2026-10-05 16:35,여유,7000,7500,41.7,58.3,0.4,13.4,35.3,13.5,11.7,12.1,7.7,6.0,10.6,89.4,N,2026-10-05 17:07
수유역,POI036,2026-10-05 16:35,보통,12000,14000,48.1,51.9,0.5,7.8,23.3,15.0,15.1,17.1,12.1,9.1,18.6,81.4,N,2026-10-05 17:07
신논현역·논현역,POI037,2026-10-05 16:35,보통,10000,12000,48.0,52.0,1.0,4.4,22.8,24.1,19.3,14.3,8.1,6.1,45.6,54.4,N,2026-10-05 17:07
신도림역,POI038,2026-10-05 16:35,약간 붐빔,9000,9500,46.7,53.3,2.8,6.0,15.5,17.4,16.0,16.6,14.6,11.1,43.8,56.2,N,2026-10-05 17:07
신림역,POI039,2026-10-05 16:35,보통,12000,14000,53.8,46.2,0.3,5.7,28.9,24.9,15.0,12.4,7.7,5.1,14.3,85.7,N,2026-10-05 17:07
신촌·이대역,POI040,2026-10-05 16:35,보통,32000,34000,42.1,57.9,1.2,8.2,40.2,15.7,10.9,10.8,7.4,5.6,39.3,60.7,N,2026-10-05 17:07
양재역,POI041,2026-10-05 16:35,여유,14000,16000,50.0,50.0,1.6,4.9,15.6,21.3,19.8,17.1,11.0,8.7,50.8,49.2,N,2026-10-05 17:07
역삼역,POI042,2026-10-05 16:35,보통,30000,32000,52.1,47.9,0.9,3.1,20.5,27.7,21.6,14.7,7.0,4.5,59.5,40.5,N,2026-10-05 17:07
연신내역,POI043,2026-10-05 16:35,보통,8000,8500,46.5,53.5,0.3,9.3,21.8,17.5,15.0,16.2,11.5,8.2,16.9,83.1,N,2026-10-05 17:07
오목교역·목동운동장,POI044,2026-10-05 16:35,보통,66000,68000,45.2,54.8,6.9,17.7,11.8,10.7,16.7,15.4,11.3,9.6,58.4,41.6,N,2026-10-05 17:07
왕십리역,POI045,2026-10-05 16:35,여유,18000,20000,47.5,52.5,3.0,9.0,23.3,13.8,12.3,14.5,12.5,11.6,51.7,48.3,N,2026-10-05 17:07
용산역,POI046,2026-10-05 16:35,붐빔,30000,32000,41.1,58.9,0.5,8.6,33.0,22.7,16.0,10.7,5.6,3.0,7.0,93.0,N,2026-10-05 17:07
이태원역,POI047,2026-10-05 16:35,여유,3500,4000,50.7,49.3,0.1,4.5,24.0,22.5,18.1,17.0,7.9,6.0,16.9,83.1,N,2026-10-05 17:07
장지역,POI048,2026-10-05 16:35,보통,18000,20000,47.6,52.4,2.2,6.2,12.0,20.0,22.6,17.9,12.0,7.1,43.0,57.0,N,2026-10-05 17:07
장한평역,POI049,2026-10-05 16:35,여유,8000,8500,57.5,42.5,0.2,3.6,15.5,18.1,15.1,19.0,18.3,10.1,18.4,81.6,N,2026-10-05 17:07
천호역,POI050,2026-10-05 16:35,보통,10000,12000,43.2,56.8,0.3,6.5,20.4,19.2,17.3,15.0,12.5,8.9,11.8,88.2,N,2026-10-05 17:07
총신대입구(이수)역,POI051,2026-10-05 16:35,여유,12000,14000,47.7,52.3,0.5,7.9,19.6,19.2,16.1,14.9,11.5,10.4,12.6,87.4,N,2026-10-05 17:07
충정로역,POI052,2026-10-05 16:35,보통,7000,7500,47.9,52.1,1.8,5.3,15.1,18.0,18.2,19.1,12.5,10.1,60.2,39.8,N,2026-10-05 17:07
합정역,POI053,2026-10-05 16:35,보통,10000,12000,45.4,54.6,1.1,5.4,25.4,22.8,15.7,13.2,9.0,7.5,43.8,56.2,N,2026-10-05 17:07
혜화역,POI054,2026-10-05 16:35,붐빔,20000,22000,40.2,59.8,1.3,9.8,31.5,17.1,13.8,12.1,7.8,6.5,32.7,67.3,N,2026-10-05 17:07
홍대입구역(2호선),POI055,2026-10-05 16:35,붐빔,22000,24000,41.0,59.0,0.8,14.0,36.3,19.4,12.0,8.8,5.1,3.6,28.5,71.5,N,2026-10-05 17:07
회기역,POI056,2026-10-05 16:35,여유,9500,10000,48.6,51.4,0.1,8.7,44.2,13.4,9.2,11.1,7.0,6.4,21.2,78.8,N,2026-10-05 17:07
가락시장,POI058,2026-10-05 16:35,여유,7000,7500,55.0,45.0,0.4,5.1,7.7,16.9,20.7,21.5,18.1,9.7,18.8,81.2,N,2026-10-05 17:07
가로수길,POI059,2026-10-05 16:35,보통,26000,28000,45.1,54.9,1.6,6.8,19.6,22.1,18.7,15.1,8.9,7.2,45.2,54.8,N,2026-10-05 17:07
광장(전통)시장,POI060,2026-10-05 16:35,붐빔,5000,5500,51.6,48.4,0.9,3.0,14.9,16.0,17.2,19.2,16.9,11.9,39.7,60.3,N,2026-10-05 17:07
김포공항,POI061,2026-10-05 16:35,보통,7000,7500,49.1,50.9,0.6,7.4,18.3,21.1,18.6,16.6,10.5,6.8,3.0,97.0,N,2026-10-05 17:07
노량진,POI063,2026-10-05 16:35,보통,22000,24000,51.9,48.1,1.1,6.7,31.3,18.0,11.6,12.4,10.3,8.7,36.8,63.2,N,2026-10-05 17:07
덕수궁길·정동길,POI064,2026-10-05 16:35,여유,4000,4500,46.2,53.8,0.9,5.7,16.3,21.1,21.1,19.5,9.5,5.8,42.5,57.5,N,2026-10-05 17:07
북촌한옥마을,POI066,2026-10-05 16:35,약간 붐빔,16000,18000,44.8,55.2,1.1,5.9,23.3,20.9,19.0,15.7,8.7,5.5,26.6,73.4,N,2026-10-05 17:07
서촌,POI067,2026-10-05 16:35,보통,14000,16000,45.2,54.8,2.0,7.5,18.6,19.3,17.2,16.5,10.2,8.6,50.1,49.9,N,2026-10-05 17:07
성수카페거리,POI068,2026-10-05 16:35,약간 붐빔,36000,38000,44.6,55.4,1.0,9.9,32.0,21.5,13.9,11.3,6.7,3.7,36.7,63.3,N,2026-10-05 17:07
쌍문역,POI070,2026-10-05 16:35,약간 붐빔,6500,7000,47.5,52.5,0.3,5.3,16.0,16.0,18.0,19.2,13.9,11.2,25.0,75.0,N,2026-10-05 17:07
압구정로데오거리,POI071,2026-10-05 16:35,보통,28000,30000,44.3,55.7,1.8,4.4,21.3,23.6,19.0,14.5,8.7,6.7,50.5,49.5,N,2026-10-05 17:07
여의도,POI072,2026-10-05 16:35,보통,120000,125000,51.4,48.6,1.0,5.0,19.5,25.0,21.6,15.9,7.4,4.7,51.0,49.0,N,2026-10-05 17:07
연남동,POI073,2026-10-05 16:35,보통,10000,12000,42.1,57.9,1.1,7.4,31.0,21.8,13.5,11.3,7.1,6.7,40.0,60.0,N,2026-10-05 17:07
영등포 타임스퀘어,POI074,2026-10-05 16:35,붐빔,28000,30000,40.0,60.0,0.5,6.4,25.7,24.3,14.9,12.3,9.8,6.1,8.1,91.9,N,2026-10-05 17:07
용리단길,POI076,2026-10-05 16:35,약간 붐빔,6000,6500,51.8,48.2,2.3,3.6,21.5,23.5,19.5,14.8,8.7,6.0,52.8,47.2,N,2026-10-05 17:07
이태원 앤틱가구거리,POI077,2026-10-05 16:35,약간 붐빔,5000,5500,51.5,48.5,1.2,4.9,20.4,20.0,15.9,16.6,11.9,9.2,44.2,55.8,N,2026-10-05 17:07
인사동,POI078,2026-10-05 16:35,보통,20000,22000,50.0,50.0,1.0,3.5,18.4,20.3,20.4,17.7,11.2,7.6,38.1,61.9,N,2026-10-05 17:07
창동 신경제 중심지,POI079,2026-10-05 16:35,보통,36000,38000,46.7,53.3,0.5,10.8,16.5,17.1,17.1,17.4,12.9,7.8,15.3,84.7,N,2026-10-05 17:07
청담동 명품거리,POI080,2026-10-05 16:35,여유,4500,5000,44.6,55.4,0.0,4.0,25.0,27.2,21.4,12.4,6.2,3.7,30.3,69.7,N,2026-10-05 17:07
청량리 제기동 일대 전통시장,POI081,2026-10-05 16:35,보통,14000,16000,49.0,51.0,1.6,3.9,12.1,11.3,13.0,17.8,19.9,20.4,38.1,61.9,N,2026-10-05 17:07
해방촌·경리단길,POI082,2026-10-05 16:35,붐빔,6000,6500,43.7,56.3,0.3,7.0,32.4,21.8,15.0,9.8,7.5,6.3,16.5,83.5,N,2026-10-05 17:07
DDP(동대문디자인플라자),POI083,2026-10-05 16:35,보통,6000,6500,48.0,52.0,1.5,5.5,16.3,16.8,18.3,17.8,14.5,9.4,38.4,61.6,N,2026-10-05 17:07
DMC(디지털미디어시티),POI084,2026-10-05 16:35,여유,28000,30000,48.1,51.9,2.5,6.0,17.2,22.7,19.7,15.9,9.0,7.0,58.9,41.1,N,2026-10-05 17:07
강서한강공원,POI085,2026-10-05 16:35,여유,100,200,55.9,44.1,0.5,6.2,7.9,19.0,20.8,20.6,17.6,7.4,1.7,98.3,N,2026-10-05 17:07
고척돔,POI086,2026-10-05 16:35,여유,1000,1500,51.0,49.0,1.0,9.5,10.9,22.0,18.8,15.3,11.3,11.2,13.2,86.8,N,2026-10-05 17:07
광나루한강공원,POI087,2026-10-05 16:35,약간 붐빔,5000,5500,49.4,50.6,0.6,6.7,11.8,19.5,22.3,18.4,13.0,7.7,4.6,95.4,N,2026-10-05 17:07
광화문광장,POI088,2026-10-05 16:35,보통,8000,8500,44.4,55.6,1.2,5.0,19.9,23.3,22.3,16.5,7.8,3.8,24.7,75.3,N,2026-10-05 17:07
국립중앙박물관·용산가족공원,POI089,2026-10-05 16:35,약간 붐빔,3000,3500,45.3,54.7,5.4,7.9,16.3,19.6,17.4,13.8,11.3,8.4,28.5,71.5,N,2026-10-05 17:07
난지한강공원,POI090,2026-10-05 16:35,약간 붐빔,3500,4000,50.2,49.8,1.7,5.7,14.0,21.3,23.6,17.2,11.0,5.5,3.8,96.2,N,2026-10-05 17:07
남산공원,POI091,2026-10-05 16:35,보통,14000,16000,48.3,51.7,1.0,5.4,22.3,18.9,17.7,16.3,10.9,7.4,25.3,74.7,N,2026-10-05 17:07
노들섬,POI092,2026-10-05 16:35,붐빔,4000,4500,35.9,64.1,0.4,13.1,38.9,17.4,9.8,9.9,6.5,4.0,0.3,99.7,N,2026-10-05 17:07
뚝섬한강공원,POI093,2026-10-05 16:35,약간 붐빔,7000,7500,43.2,56.8,1.2,12.5,20.5,20.6,19.5,11.6,8.4,5.8,4.3,95.7,N,2026-10-05 17:07
망원한강공원,POI094,2026-10-05 16:35,약간 붐빔,2500,3000,49.0,51.0,1.7,4.8,18.8,19.7,18.1,16.6,12.3,8.0,20.4,79.6,N,2026-10-05 17:07
반포한강공원,POI095,2026-10-05 16:35,보통,6000,6500,44.6,55.4,0.5,12.5,25.4,19.5,19.3,12.4,7.4,3.0,0.8,99.2,N,2026-10-05 17:07
북서울꿈의숲,POI096,2026-10-05 16:35,약간 붐빔,6000,6500,47.4,52.6,0.8,6.6,8.8,17.9,20.4,19.2,13.2,13.2,23.2,76.8,N,2026-10-05 17:07
서리풀공원·몽마르뜨공원,POI098,2026-10-05 16:35,여유,3500,4000,47.4,52.6,0.5,7.3,16.9,17.9,21.5,16.8,10.4,8.8,24.4,75.6,N,2026-10-05 17:07
서울대공원,POI100,2026-10-05 16:35,약간 붐빔,12000,14000,46.0,54.0,10.2,8.8,9.7,30.5,26.8,6.1,5.0,2.9,4.2,95.8,N,2026-10-05 17:07
서울숲공원,POI101,2026-10-05 16:35,약간 붐빔,6000,6500,47.2,52.8,1.0,6.0,18.3,21.3,20.4,15.8,11.5,5.8,13.7,86.3,N,2026-10-05 17:07
아차산,POI102,2026-10-05 16:35,약간 붐빔,5500,6000,52.3,47.7,0.4,5.8,10.9,17.9,19.4,20.4,16.4,8.8,15.3,84.7,N,2026-10-05 17:07
양화한강공원,POI103,2026-10-05 16:35,보통,1000,1500,44.5,55.5,0.5,6.4,24.4,23.3,16.8,14.9,8.8,4.9,6.0,94.0,N,2026-10-05 17:07
어린이대공원,POI104,2026-10-05 16:35,약간 붐빔,7500,8000,44.9,55.1,2.4,8.0,24.4,22.3,20.0,9.4,7.5,6.0,18.4,81.6,N,2026-10-05 17:07
여의도한강공원,POI105,2026-10-05 16:35,약간 붐빔,8000,8500,41.7,58.3,0.9,15.1,27.7,21.8,17.1,9.8,4.8,2.8,12.3,87.7,N,2026-10-05 17:07
월드컵공원,POI106,2026-10-05 16:35,붐빔,12000,14000,46.7,53.3,2.1,5.9,11.7,20.6,21.3,15.9,12.9,9.7,17.2,82.8,N,2026-10-05 17:07
응봉산,POI107,2026-10-05 16:35,보통,3000,3500,49.6,50.4,0.6,7.9,11.0,15.8,20.0,19.6,14.9,10.1,17.5,82.5,N,2026-10-05 17:07
이촌한강공원,POI108,2026-10-05 16:35,보통,4000,4500,46.2,53.8,0.5,6.1,22.3,21.1,17.4,17.2,10.0,5.3,4.9,95.1,N,2026-10-05 17:07
잠실종합운동장,POI109,2026-10-05 16:35,붐빔,16000,18000,43.8,56.2,1.5,13.7,30.2,21.2,19.1,9.4,3.2,1.6,4.2,95.8,N,2026-10-05 17:07
잠실한강공원,POI110,2026-10-05 16:35,보통,3000,3500,48.6,51.4,1.0,9.8,16.5,21.1,23.1,14.5,8.2,5.9,4.2,95.8,N,2026-10-05 17:07
잠원한강공원,POI111,2026-10-05 16:35,약간 붐빔,3000,3500,50.6,49.4,0.7,7.5,16.0,21.7,21.9,18.3,9.7,4.2,2.8,97.2,N,2026-10-05 17:07
청계산,POI112,2026-10-05 16:35,여유,1500,2000,53.1,46.9,1.9,4.8,11.7,14.0,16.3,18.0,17.7,15.7,33.5,66.5,N,2026-10-05 17:07
북창동 먹자골목,POI114,2026-10-05 16:35,약간 붐빔,10000,12000,46.3,53.7,0.8,2.7,15.9,22.8,21.5,18.8,11.0,6.5,38.2,61.8,N,2026-10-05 17:07
남대문시장,POI115,2026-10-05 16:35,약간 붐빔,18000,20000,42.7,57.3,1.0,2.7,13.8,22.9,21.6,18.5,11.9,7.5,35.1,64.9,N,2026-10-05 17:07
익선동,POI116,2026-10-05 16:35,보통,12000,14000,51.8,48.2,0.9,3.7,19.0,17.8,17.0,17.7,13.3,10.7,34.6,65.4,N,2026-10-05 17:07
신정네거리역,POI117,2026-10-05 16:35,여유,1500,2000,51.0,49.0,0.4,9.8,11.5,12.9,17.2,22.1,14.1,12.0,20.8,79.2,N,2026-10-05 17:07
잠실새내역,POI118,2026-10-05 16:35,여유,12000,14000,50.0,50.0,0.4,13.8,19.1,18.4,19.9,15.7,7.2,5.4,18.1,81.9,N,2026-10-05 17:07
잠실역,POI119,2026-10-05 16:35,붐빔,48000,50000,37.5,62.5,0.6,13.9,29.3,23.9,16.3,9.2,4.5,2.2,5.6,94.4,N,2026-10-05 17:07
잠실롯데타워·석촌호수,POI120,2026-10-05 16:35,붐빔,78000,80000,39.1,60.9,0.6,13.8,28.6,23.1,16.0,9.6,5.2,3.1,7.4,92.6,N,2026-10-05 17:07
송리단길·호수단길,POI121,2026-10-05 16:35,보통,8000,8500,41.2,58.8,0.1,7.1,27.8,24.0,16.0,11.1,8.2,5.7,18.5,81.5,N,2026-10-05 17:07
신촌 스타광장,POI122,2026-10-05 16:35,여유,2500,3000,42.0,58.0,0.5,8.6,45.0,17.7,10.3,8.6,5.4,3.9,22.6,77.4,N,2026-10-05 17:07
보라매공원,POI123,2026-10-05 16:35,보통,4000,4500,46.9,53.1,2.9,6.9,13.4,16.6,16.6,16.9,13.4,13.4,42.1,57.9,N,2026-10-05 17:07
서대문독립공원,POI124,2026-10-05 16:35,여유,1000,1500,48.3,51.7,0.5,8.1,14.3,15.9,19.3,16.5,13.6,11.8,15.2,84.8,N,2026-10-05 17:07
안양천,POI125,2026-10-05 16:35,약간 붐빔,1500,2000,52.4,47.6,0.8,9.4,6.4,17.5,24.7,18.6,13.6,8.9,10.2,89.8,N,2026-10-05 17:07
여의서로,POI126,2026-10-05 16:35,여유,1000,1500,56.0,44.0,0.8,4.1,17.1,22.6,26.8,17.2,7.8,3.6,36.1,63.9,N,2026-10-05 17:07
올림픽공원,POI127,2026-10-05 16:35,약간 붐빔,14000,16000,45.6,54.4,0.3,12.3,19.8,19.1,18.3,13.0,9.8,7.4,6.7,93.3,N,2026-10-05 17:07
홍제폭포,POI128,2026-10-05 16:35,여유,300,400,45.2,54.8,3.4,7.8,10.8,10.9,13.0,17.3,16.7,20.1,65.9,34.1,N,2026-10-05 17:07
송현녹지광장,POI129,2026-10-05 16:35,약간 붐빔,6500,7000,44.5,55.5,1.1,4.7,23.1,21.1,19.7,16.1,9.0,5.3,25.0,75.0,N,2026-10-05 17:07
시의회 앞,POI130,2026-10-05 16:35,보통,10000,12000,46.7,53.3,0.9,3.7,19.5,22.4,21.3,18.2,9.1,5.0,37.0,63.0,N,2026-10-05 17:07
강남 MICE 관광특구,POI001,2026-10-05 17:35,보통,18000,20000,46.8,53.2,0.9,6.3,23.3,25.3,21.5,13.6,5.9,3.3,37.5,62.5,N,2026-10-05 18:07
동대문 관광특구,POI002,2026-10-05 17:35,보통,24000,26000,48.1,51.9,1.2,4.9,18.0,17.5,17.9,18.0,13.9,8.6,37.9,62.1,N,2026-10-05 18:07
명동 관광특구,POI003,2026-10-05 17:35,보통,70000,72000,46.5,53.5,0.8,3.6,21.3,23.4,22.4,16.7,7.9,3.9,41.1,58.9,N,2026-10-05 18:07
이태원 관광특구,POI004,2026-10-05 17:35,여유,9500,10000,46.8,53.2,0.3,3.8,32.9,23.8,16.2,11.6,6.8,4.7,16.5,83.5,N,2026-10-05 18:07
잠실 관광특구,POI005,2026-10-05 17:35,붐빔,88000,90000,40.9,59.1,0.5,14.4,28.6,22.1,16.0,9.5,5.6,3.3,7.5,92.5,N,2026-10-05 18:07
종로·청계 관광특구,POI006,2026-10-05 17:35,보통,34000,36000,50.2,49.8,0.8,4.4,21.0,19.3,18.1,16.5,12.2,7.6,33.4,66.6,N,2026-10-05 18:07
홍대 관광특구,POI007,2026-10-05 17:35,약간 붐빔,86000,88000,42.5,57.5,0.8,12.3,37.5,19.6,11.9,8.9,5.1,3.8,31.4,68.6,N,2026-10-05 18:07
경복궁,POI008,2026-10-05 17:35,보통,2000,2500,44.2,55.8,1.6,6.5,22.3,22.9,18.8,16.6,7.0,4.2,25.9,74.1,N,2026-10-05 18:07
광화문·덕수궁,POI009,2026-10-05 17:35,여유,30000,32000,46.7,53.3,0.9,4.3,21.3,23.5,21.7,16.7,7.9,3.6,32.7,67.3,N,2026-10-05 18:07
보신각,POI010,2026-10-05 17:35,보통,12000,14000,51.6,48.4,0.8,3.3,22.3,23.9,22.1,16.0,7.7,3.9,43.9,56.1,N,2026-10-05 18:07
서울 암사동 유적,POI011,2026-10-05 17:35,여유,300,400,54.0,46.0,4.6,6.5,8.2,12.5,16.4,17.8,18.5,15.4,46.1,53.9,N,2026-10-05 18:07
창덕궁·종묘,POI012,2026-10-05 17:35,보통,10000,12000,49.1,50.9,0.5,4.4,23.5,18.7,16.6,17.4,11.4,7.5,28.5,71.5,N,2026-10-05 18:07
가산디지털단지역,POI013,2026-10-05 17:35,여유,12000,14000,53.2,46.8,0.3,4.5,19.0,21.7,20.5,17.7,11.4,4.9,14.8,85.2,N,2026-10-05 18:07
강남역,POI014,2026-10-05 17:35,보통,60000,62000,47.6,52.4,0.9,7.0,29.8,24.7,17.4,11.5,5.4,3.4,42.1,57.9,N,2026-10-05 18:07
건대입구역,POI015,2026-10-05 17:35,약간 붐빔,28000,30000,46.5,53.5,1.7,8.5,31.5,16.5,12.1,12.4,9.5,7.8,41.3,58.7,N,2026-10-05 18:07
고덕역,POI016,2026-10-05 17:35,여유,3500,4000,49.4,50.6,0.9,33.7,11.8,9.1,18.2,12.9,8.7,4.7,13.8,86.2,N,2026-10-05 18:07
고속터미널역,POI017,2026-10-05 17:35,붐빔,30000,32000,34.7,65.3,0.1,7.9,26.6,20.6,16.8,16.0,7.9,4.0,7.1,92.9,N,2026-10-05 18:07
교대역,POI018,2026-10-05 17:35,여유,14000,16000,51.4,48.6,2.6,6.9,16.0,19.3,19.2,17.9,10.1,7.9,53.7,46.3,N,2026-10-05 18:07
구로디지털단지역,POI019,2026-10-05 17:35,여유,10000,12000,54.9,45.1,0.2,3.7,21.2,23.4,17.3,15.7,12.1,6.4,22.5,77.5,N,2026-10-05 18:07
구로역,POI020,2026-10-05 17:35,여유,2000,2500,47.8,52.2,0.1,7.5,18.7,18.2,18.1,16.0,12.6,8.7,9.6,90.4,N,2026-10-05 18:07
군자역,POI021,2026-10-05 17:35,보통,7000,7500,48.5,51.5,0.3,4.6,24.6,22.0,17.0,14.8,10.1,6.7,18.5,81.5,N,2026-10-05 18:07
대림역,POI023,2026-10-05 17:35,여유,14000,16000,49.7,50.3,2.1,4.9,10.4,12.4,13.5,20.3,20.0,16.4,68.3,31.7,N,2026-10-05 18:07
동대문역,POI024,2026-10-05 17:35,보통,6500,7000,44.1,55.9,0.5,8.1,22.4,15.3,15.6,15.4,14.0,8.7,10.6,89.4,N,2026-10-05 18:07
뚝섬역,POI025,2026-10-05 17:35,보통,10000,12000,46.1,53.9,1.2,5.8,27.7,22.8,16.3,12.9,8.1,5.2,37.9,62.1,N,2026-10-05 18:07
미아사거리역,POI026,2026-10-05 17:35,보통,12000,14000,43.4,56.6,0.4,9.8,16.5,16.5,17.6,17.5,13.1,8.5,10.4,89.6,N,2026-10-05 18:07
발산역,POI027,2026-10-05 17:35,보통,8000,8500,47.7,52.3,0.5,9.7,19.4,23.2,19.8,13.0,8.6,5.8,15.8,84.2,N,2026-10-05 18:07
사당역,POI029,2026-10-05 17:35,여유,14000,16000,49.4,50.6,0.3,5.9,25.4,21.0,13.6,14.0,11.3,8.5,11.9,88.1,N,2026-10-05 18:07
삼각지역,POI030,2026-10-05 17:35,여유,2000,2500,48.9,51.1,1.4,3.8,22.7,23.8,17.1,15.2,9.6,6.4,30.9,69.1,N,2026-10-05 18:07
서울대입구역,POI031,2026-10-05 17:35,보통,12000,14000,48.4,51.6,0.1,6.5,38.7,21.9,11.4,10.3,6.7,4.4,14.2,85.8,N,2026-10-05 18:07
서울식물원·마곡나루역,POI032,2026-10-05 17:35,보통,7000,7500,48.0,52.0,3.1,6.1,18.1,24.6,18.2,14.5,8.8,6.5,50.1,49.9,N,2026-10-05 18:07
서울역,POI033,2026-10-05 17:35,보통,14000,16000,49.4,50.6,1.0,3.6,17.8,22.4,21.0,18.9,9.5,5.9,42.4,57.6,N,2026-10-05 18:07
선릉역,POI034,2026-10-05 17:35,보통,38000,40000,50.8,49.2,1.6,8.2,16.9,22.5,20.5,15.9,8.6,5.9,49.9,50.1,N,2026-10-05 18:07
성신여대입구역,POI035,2026-10-05 17:35,보통,8000,8500,44.6,55.4,0.4,13.1,36.1,14.6,12.4,11.2,7.7,4.6,9.2,90.8,N,2026-10-05 18:07
수유역,POI036,2026-10-05 17:35,보통,12000,14000,47.6,52.4,0.4,7.8,24.0,16.9,13.8,16.8,12.1,8.3,18.3,81.7,N,2026-10-05 18:07
신논현역·논현역,POI037,2026-10-05 17:35,여유,10000,12000,48.4,51.6,0.9,4.7,23.1,24.3,19.7,13.9,7.7,5.7,42.0,58.0,N,2026-10-05 18:07
신도림역,POI038,2026-10-05 17:35,보통,7500,8000,47.3,52.7,2.8,7.1,17.9,17.5,15.4,15.2,13.9,10.2,42.9,57.1,N,2026-10-05 18:07
신림역,POI039,2026-10-05 17:35,보통,12000,14000,52.9,47.1,0.2,5.5,30.9,25.0,13.4,11.9,8.1,5.0,14.3,85.7,N,2026-10-05 18:07
신촌·이대역,POI040,2026-10-05 17:35,보통,32000,34000,42.5,57.5,1.1,8.6,42.2,15.9,10.3,10.2,6.7,5.0,36.7,63.3,N,2026-10-05 18:07
양재역,POI041,2026-10-05 17:35,여유,12000,14000,50.5,49.5,1.6,5.4,15.9,21.4,19.7,17.0,10.8,8.4,47.0,53.0,N,2026-10-05 18:07
역삼역,POI042,2026-10-05 17:35,보통,24000,26000,52.2,47.8,0.9,3.4,21.7,27.2,21.5,14.2,6.7,4.4,57.2,42.8,N,2026-10-05 18:07
연신내역,POI043,2026-10-05 17:35,보통,8000,8500,48.3,51.7,0.3,9.7,22.7,18.6,14.4,15.7,11.3,7.3,16.7,83.3,N,2026-10-05 18:07
오목교역·목동운동장,POI044,2026-10-05 17:35,보통,68000,70000,45.5,54.5,6.7,18.9,11.2,10.5,16.9,15.4,11.0,9.4,58.6,41.4,N,2026-10-05 18:07
왕십리역,POI045,2026-10-05 17:35,여유,18000,20000,47.8,52.2,3.0,8.6,23.5,14.4,12.7,14.7,12.1,11.0,51.1,48.9,N,2026-10-05 18:07
용산역,POI046,2026-10-05 17:35,붐빔,30000,32000,42.3,57.7,0.4,8.1,34.6,22.5,15.7,10.7,5.6,2.3,6.5,93.5,N,2026-10-05 18:07
이태원역,POI047,2026-10-05 17:35,여유,4000,4500,51.3,48.7,0.2,4.0,28.6,23.1,16.5,13.7,8.1,5.8,15.6,84.4,N,2026-10-05 18:07
장지역,POI048,2026-10-05 17:35,보통,16000,18000,48.1,51.9,2.2,5.8,12.3,20.8,22.6,17.7,11.4,7.2,43.7,56.3,N,2026-10-05 18:07
장한평역,POI049,2026-10-05 17:35,여유,8000,8500,57.1,42.9,0.1,2.3,16.3,19.6,17.1,18.0,17.2,9.1,17.2,82.8,N,2026-10-05 18:07
천호역,POI050,2026-10-05 17:35,보통,10000,12000,43.4,56.6,0.2,7.3,20.7,21.0,17.1,15.9,11.2,6.6,12.0,88.0,N,2026-10-05 18:07
총신대입구(이수)역,POI051,2026-10-05 17:35,여유,12000,14000,47.4,52.6,0.4,8.0,21.4,19.8,15.3,14.6,11.5,9.0,12.1,87.9,N,2026-10-05 18:07
충정로역,POI052,2026-10-05 17:35,보통,7000,7500,47.8,52.2,1.9,4.8,15.5,18.3,18.2,18.9,12.4,10.1,58.9,41.1,N,2026-10-05 18:07
합정역,POI053,2026-10-05 17:35,보통,10000,12000,45.1,54.9,1.1,5.4,27.7,23.2,14.7,12.3,8.6,7.0,41.3,58.7,N,2026-10-05 18:07
혜화역,POI054,2026-10-05 17:35,붐빔,20000,22000,38.8,61.2,1.1,9.5,34.2,18.2,13.2,11.2,7.0,5.6,28.5,71.5,N,2026-10-05 18:07
홍대입구역(2호선),POI055,2026-10-05 17:35,붐빔,22000,24000,41.4,58.6,0.7,13.6,37.9,19.2,11.7,8.5,4.8,3.5,28.1,71.9,N,2026-10-05 18:07
회기역,POI056,2026-10-05 17:35,여유,10000,12000,48.2,51.8,0.1,7.1,44.9,13.0,9.4,10.0,7.7,7.8,18.9,81.1,N,2026-10-05 18:07
가락시장,POI058,2026-10-05 17:35,여유,6500,7000,55.4,44.6,0.3,4.8,9.0,17.3,21.1,22.0,16.8,8.7,18.6,81.4,N,2026-10-05 18:07
가로수길,POI059,2026-10-05 17:35,보통,24000,26000,45.9,54.1,1.5,7.1,20.5,21.9,18.4,15.0,8.6,7.0,43.0,57.0,N,2026-10-05 18:07
광장(전통)시장,POI060,2026-10-05 17:35,약간 붐빔,4500,5000,51.6,48.4,0.9,3.2,16.9,16.6,16.8,19.2,15.9,10.4,38.5,61.5,N,2026-10-05 18:07
김포공항,POI061,2026-10-05 17:35,여유,7000,7500,47.2,52.8,0.3,6.0,19.4,21.7,19.4,16.9,11.1,5.2,3.2,96.8,N,2026-10-05 18:07
노량진,POI063,2026-10-05 17:35,보통,24000,26000,52.2,47.8,1.1,6.7,31.6,18.4,12.5,12.2,9.7,7.6,35.3,64.7,N,2026-10-05 18:07
덕수궁길·정동길,POI064,2026-10-05 17:35,여유,3000,3500,46.5,53.5,0.9,5.9,19.2,22.1,20.8,17.7,8.6,4.7,39.4,60.6,N,2026-10-05 18:07
북촌한옥마을,POI066,2026-10-05 17:35,보통,14000,16000,45.6,54.4,0.9,5.8,25.0,20.9,18.3,15.7,7.9,5.5,28.2,71.8,N,2026-10-05 18:07
서촌,POI067,2026-10-05 17:35,보통,14000,16000,45.7,54.3,1.9,6.8,18.8,19.6,17.1,16.6,10.1,9.0,52.9,47.1,N,2026-10-05 18:07
성수카페거리,POI068,2026-10-05 17:35,보통,32000,34000,43.0,57.0,0.9,11.0,34.7,20.3,13.4,10.2,6.0,3.4,32.5,67.5,N,2026-10-05 18:07
쌍문역,POI070,2026-10-05 17:35,약간 붐빔,7000,7500,48.4,51.6,0.4,6.1,16.8,17.5,16.6,18.7,13.9,10.0,24.9,75.1,N,2026-10-05 18:07
압구정로데오거리,POI071,2026-10-05 17:35,보통,26000,28000,44.9,55.1,1.7,4.5,22.6,23.5,19.0,13.8,8.3,6.5,48.7,51.3,N,2026-10-05 18:07
여의도,POI072,2026-10-05 17:35,여유,110000,115000,50.7,49.3,1.0,5.5,20.9,24.6,21.0,15.2,7.1,4.6,48.5,51.5,N,2026-10-05 18:07
연남동,POI073,2026-10-05 17:35,보통,10000,12000,42.4,57.6,1.1,7.3,32.1,21.8,13.3,10.7,7.1,6.6,39.6,60.4,N,2026-10-05 18:07
영등포 타임스퀘어,POI074,2026-10-05 17:35,붐빔,26000,28000,41.1,58.9,0.2,6.4,27.3,25.4,15.3,11.9,8.9,4.7,8.2,91.8,N,2026-10-05 18:07
용리단길,POI076,2026-10-05 17:35,약간 붐빔,5500,6000,51.8,48.2,2.2,3.5,22.8,23.5,18.9,14.6,8.5,5.9,51.9,48.1,N,2026-10-05 18:07
이태원 앤틱가구거리,POI077,2026-10-05 17:35,보통,4500,5000,49.8,50.2,1.4,4.7,22.5,21.1,15.6,14.5,11.2,9.1,43.3,56.7,N,2026-10-05 18:07
인사동,POI078,2026-10-05 17:35,보통,18000,20000,50.3,49.7,0.9,3.3,20.7,20.8,20.3,16.8,10.5,6.7,37.3,62.7,N,2026-10-05 18:07
창동 신경제 중심지,POI079,2026-10-05 17:35,보통,36000,38000,47.5,52.5,0.3,11.1,17.6,17.4,16.5,17.1,12.4,7.5,15.5,84.5,N,2026-10-05 18:07
청담동 명품거리,POI080,2026-10-05 17:35,여유,4000,4500,44.0,56.0,0.1,4.1,26.3,25.9,22.1,11.7,6.0,3.8,30.4,69.6,N,2026-10-05 18:07
청량리 제기동 일대 전통시장,POI081,2026-10-05 17:35,보통,12000,14000,48.9,51.1,1.9,4.1,13.4,12.3,13.9,17.8,18.7,17.8,42.3,57.7,N,2026-10-05 18:07
해방촌·경리단길,POI082,2026-10-05 17:35,붐빔,6000,6500,42.9,57.1,0.3,6.4,35.4,22.0,14.5,10.0,5.6,5.8,15.5,84.5,N,2026-10-05 18:07
DDP(동대문디자인플라자),POI083,2026-10-05 17:35,보통,5000,5500,48.6,51.4,1.4,5.2,17.7,17.0,18.1,18.0,14.1,8.6,37.4,62.6,N,2026-10-05 18:07
DMC(디지털미디어시티),POI084,2026-10-05 17:35,여유,28000,30000,47.9,52.1,2.6,6.1,17.2,22.5,19.7,16.1,9.0,6.8,58.1,41.9,N,2026-10-05 18:07
강서한강공원,POI085,2026-10-05 17:35,여유,100,200,55.5,44.5,0.6,5.5,10.5,16.5,22.2,24.9,13.6,6.3,1.2,98.8,N,2026-10-05 18:07
고척돔,POI086,2026-10-05 17:35,여유,900,1000,50.7,49.3,0.1,6.7,9.6,30.4,19.7,13.0,12.6,7.9,13.3,86.7,N,2026-10-05 18:07
광나루한강공원,POI087,2026-10-05 17:35,보통,4500,5000,50.4,49.6,0.8,5.8,12.7,19.6,23.3,19.1,12.5,6.2,5.6,94.4,N,2026-10-05 18:07
광화문광장,POI088,2026-10-05 17:35,여유,7000,7500,45.1,54.9,1.1,6.1,21.2,22.9,21.8,16.0,7.5,3.3,23.9,76.1,N,2026-10-05 18:07
국립중앙박물관·용산가족공원,POI089,2026-10-05 17:35,여유,2000,2500,46.2,53.8,4.2,6.9,18.5,20.6,18.6,13.5,10.0,7.7,29.3,70.7,N,2026-10-05 18:07
난지한강공원,POI090,2026-10-05 17:35,보통,3000,3500,50.9,49.1,1.9,4.7,15.7,23.5,21.1,17.0,11.3,4.8,4.8,95.2,N,2026-10-05 18:07
남산공원,POI091,2026-10-05 17:35,여유,12000,14000,48.2,51.8,1.0,5.7,24.5,19.3,17.9,14.7,10.3,6.6,26.2,73.8,N,2026-10-05 18:07
노들섬,POI092,2026-10-05 17:35,붐빔,5000,5500,38.4,61.6,0.4,14.9,42.2,17.5,10.4,7.2,4.7,2.8,0.4,99.6,N,2026-10-05 18:07
뚝섬한강공원,POI093,2026-10-05 17:35,보통,6000,6500,43.9,56.1,0.4,14.7,25.7,19.5,17.1,10.5,7.3,4.8,4.8,95.2,N,2026-10-05 18:07
망원한강공원,POI094,2026-10-05 17:35,약간 붐빔,2500,3000,50.2,49.8,2.1,5.4,20.2,20.7,16.5,15.7,11.6,7.8,24.2,75.8,N,2026-10-05 18:07
반포한강공원,POI095,2026-10-05 17:35,보통,6000,6500,43.7,56.3,0.5,14.0,26.9,20.2,17.4,10.6,6.8,3.4,0.8,99.2,N,2026-10-05 18:07
북서울꿈의숲,POI096,2026-10-05 17:35,보통,5500,6000,47.4,52.6,0.7,6.7,8.3,16.6,19.9,19.8,14.3,13.7,26.7,73.3,N,2026-10-05 18:07
서리풀공원·몽마르뜨공원,POI098,2026-10-05 17:35,여유,3500,4000,48.6,51.4,0.5,6.7,16.3,17.9,21.5,17.4,10.4,9.3,24.8,75.2,N,2026-10-05 18:07
서울대공원,POI100,2026-10-05 17:35,약간 붐빔,10000,12000,45.6,54.4,10.7,9.1,10.3,29.3,27.7,5.7,4.7,2.4,4.9,95.1,N,2026-10-05 18:07
서울숲공원,POI101,2026-10-05 17:35,보통,5000,5500,47.0,53.0,1.1,6.3,19.5,23.1,18.9,15.8,10.1,5.1,15.3,84.7,N,2026-10-05 18:07
아차산,POI102,2026-10-05 17:35,여유,5000,5500,50.6,49.4,0.2,4.6,12.5,18.0,19.4,20.8,14.8,9.7,18.3,81.7,N,2026-10-05 18:07
양화한강공원,POI103,2026-10-05 17:35,보통,1000,1500,45.1,54.9,0.4,7.7,25.7,25.6,15.9,11.8,8.8,4.1,6.8,93.2,N,2026-10-05 18:07
어린이대공원,POI104,2026-10-05 17:35,보통,6000,6500,46.8,53.2,2.3,8.3,27.2,20.5,17.6,9.4,7.8,6.7,23.8,76.2,N,2026-10-05 18:07
여의도한강공원,POI105,2026-10-05 17:35,보통,7500,8000,42.9,57.1,1.0,16.3,31.1,20.6,15.3,8.6,4.6,2.5,13.4,86.6,N,2026-10-05 18:07
월드컵공원,POI106,2026-10-05 17:35,보통,10000,12000,48.2,51.8,2.7,6.2,13.7,20.6,19.9,16.1,11.9,8.8,23.0,77.0,N,2026-10-05 18:07
응봉산,POI107,2026-10-05 17:35,여유,2500,3000,48.9,51.1,0.9,6.6,10.3,17.0,22.1,20.2,13.0,9.8,20.5,79.5,N,2026-10-05 18:07
이촌한강공원,POI108,2026-10-05 17:35,여유,3000,3500,47.2,52.8,0.5,9.3,22.3,19.3,19.4,13.7,10.2,5.3,5.8,94.2,N,2026-10-05 18:07
잠실종합운동장,POI109,2026-10-05 17:35,붐빔,14000,16000,43.5,56.5,1.6,13.6,29.3,20.6,20.2,9.8,3.3,1.7,4.8,95.2,N,2026-10-05 18:07
잠실한강공원,POI110,2026-10-05 17:35,보통,3000,3500,46.4,53.6,0.7,10.0,16.8,19.6,23.3,17.1,7.6,5.0,4.1,95.9,N,2026-10-05 18:07
잠원한강공원,POI111,2026-10-05 17:35,약간 붐빔,3000,3500,49.1,50.9,1.1,7.7,19.2,21.2,20.6,16.3,9.3,4.7,2.8,97.2,N,2026-10-05 18:07
청계산,POI112,2026-10-05 17:35,여유,2000,2500,54.0,46.0,1.9,4.6,13.6,15.8,17.0,17.7,16.0,13.4,31.3,68.7,N,2026-10-05 18:07
북창동 먹자골목,POI114,2026-10-05 17:35,보통,9500,10000,48.0,52.0,0.8,2.4,17.4,23.2,22.2,18.7,10.0,5.2,42.5,57.5,N,2026-10-05 18:07
남대문시장,POI115,2026-10-05 17:35,약간 붐빔,14000,16000,45.7,54.3,0.9,2.5,15.5,23.1,22.4,18.7,10.7,6.1,40.0,60.0,N,2026-10-05 18:07
익선동,POI116,2026-10-05 17:35,보통,12000,14000,51.1,48.9,0.5,4.3,25.2,17.6,15.6,15.3,12.1,9.4,23.5,76.5,N,2026-10-05 18:07
신정네거리역,POI117,2026-10-05 17:35,여유,1500,2000,51.9,48.1,0.2,10.6,12.1,14.8,17.9,19.3,12.6,12.4,18.9,81.1,N,2026-10-05 18:07
잠실새내역,POI118,2026-10-05 17:35,보통,12000,14000,49.6,50.4,0.5,13.4,19.6,18.4,20.7,15.2,6.9,5.3,17.1,82.9,N,2026-10-05 18:07
잠실역,POI119,2026-10-05 17:35,붐빔,44000,46000,38.2,61.8,0.6,15.3,30.0,23.3,16.4,8.4,4.1,1.8,5.5,94.5,N,2026-10-05 18:07
잠실롯데타워·석촌호수,POI120,2026-10-05 17:35,붐빔,76000,78000,40.1,59.9,0.5,14.7,29.7,23.0,15.8,8.9,4.8,2.6,7.4,92.6,N,2026-10-05 18:07
송리단길·호수단길,POI121,2026-10-05 17:35,보통,8000,8500,45.0,55.0,0.2,7.8,29.7,23.6,15.3,10.2,8.0,5.2,18.0,82.0,N,2026-10-05 18:07
신촌 스타광장,POI122,2026-10-05 17:35,여유,3000,3500,43.2,56.8,0.5,10.2,45.6,16.9,9.2,8.7,5.1,3.8,23.9,76.1,N,2026-10-05 18:07
보라매공원,POI123,2026-10-05 17:35,보통,4000,4500,47.8,52.2,2.4,7.2,14.0,18.3,16.7,16.5,13.1,11.9,35.1,64.9,N,2026-10-05 18:07
서대문독립공원,POI124,2026-10-05 17:35,여유,1000,1500,51.8,48.2,0.7,7.3,15.1,13.7,19.0,17.9,15.0,11.3,16.6,83.4,N,2026-10-05 18:07
안양천,POI125,2026-10-05 17:35,약간 붐빔,1500,2000,53.8,46.2,0.5,9.7,7.9,18.4,22.3,20.3,12.3,8.6,10.1,89.9,N,2026-10-05 18:07
여의서로,POI126,2026-10-05 17:35,여유,1000,1500,57.4,42.6,1.1,4.1,17.0,24.3,24.3,16.9,8.2,4.2,43.4,56.6,N,2026-10-05 18:07
올림픽공원,POI127,2026-10-05 17:35,보통,12000,14000,45.7,54.3,0.4,12.1,22.1,17.0,16.9,13.4,10.1,8.0,8.1,91.9,N,2026-10-05 18:07
홍제폭포,POI128,2026-10-05 17:35,여유,300,400,45.7,54.3,3.5,7.5,11.0,11.2,13.1,17.1,16.8,19.9,68.0,32.0,N,2026-10-05 18:07
송현녹지광장,POI129,2026-10-05 17:35,약간 붐빔,6000,6500,45.1,54.9,1.0,5.2,23.9,22.0,19.3,15.3,8.2,5.1,27.4,72.6,N,2026-10-05 18:07
시의회 앞,POI130,2026-10-05 17:35,여유,8500,9000,45.8,54.2,0.9,4.0,23.1,23.0,20.5,16.7,8.0,3.9,32.8,67.2,N,2026-10-05 18:07
신논현역·논현역,POI037,2026-10-05 17:40,보통,10000,12000,47.9,52.1,0.9,4.7,23.4,24.6,19.0,14.0,7.6,5.8,41.6,58.4,N,2026-10-05 18:07
신도림역,POI038,2026-10-05 17:40,보통,8000,8500,47.0,53.0,2.8,6.7,17.2,17.3,15.7,15.9,14.2,10.3,42.0,58.0,N,2026-10-05 18:07
신림역,POI039,2026-10-05 17:40,보통,12000,14000,53.7,46.3,0.2,5.6,31.4,25.4,13.6,12.0,7.2,4.7,14.3,85.7,N,2026-10-05 18:07
신촌·이대역,POI040,2026-10-05 17:40,보통,32000,34000,42.4,57.6,1.1,8.6,42.1,15.8,10.5,10.3,6.7,5.0,36.2,63.8,N,2026-10-05 18:07
양재역,POI041,2026-10-05 17:40,여유,12000,14000,51.1,48.9,1.7,5.3,16.1,21.0,19.3,17.2,10.9,8.5,47.4,52.6,N,2026-10-05 18:07
역삼역,POI042,2026-10-05 17:40,보통,24000,26000,52.3,47.7,0.9,3.5,21.7,27.4,21.2,14.2,6.7,4.4,56.6,43.4,N,2026-10-05 18:07
연신내역,POI043,2026-10-05 17:40,보통,7500,8000,49.1,50.9,0.3,9.2,23.1,18.9,14.4,15.8,11.0,7.3,16.8,83.2,N,2026-10-05 18:07
오목교역·목동운동장,POI044,2026-10-05 17:40,보통,68000,70000,45.5,54.5,6.6,19.0,11.1,10.5,16.8,15.5,11.0,9.4,58.5,41.5,N,2026-10-05 18:07
왕십리역,POI045,2026-10-05 17:40,보통,18000,20000,47.8,52.2,3.0,8.5,23.4,14.2,12.7,14.8,12.3,11.2,50.7,49.3,N,2026-10-05 18:07
용산역,POI046,2026-10-05 17:40,붐빔,30000,32000,43.1,56.9,0.6,8.4,35.0,22.7,15.3,10.4,5.6,2.1,6.6,93.4,N,2026-10-05 18:07
이태원역,POI047,2026-10-05 17:40,여유,4000,4500,50.1,49.9,0.5,5.4,28.1,23.0,15.8,14.3,7.6,5.3,15.0,85.0,N,2026-10-05 18:07
장지역,POI048,2026-10-05 17:40,보통,16000,18000,48.2,51.8,2.3,5.6,12.5,20.6,22.1,18.0,11.8,7.1,44.1,55.9,N,2026-10-05 18:07
장한평역,POI049,2026-10-05 17:40,여유,8000,8500,56.6,43.4,0.4,2.4,16.8,18.6,18.2,17.6,17.3,8.7,18.1,81.9,N,2026-10-05 18:07
천호역,POI050,2026-10-05 17:40,보통,10000,12000,43.7,56.3,0.1,6.8,21.1,20.5,18.0,16.1,10.6,6.6,12.2,87.8,N,2026-10-05 18:07
총신대입구(이수)역,POI051,2026-10-05 17:40,여유,12000,14000,47.7,52.3,0.4,7.1,22.0,19.5,15.5,14.7,11.7,9.0,12.1,87.9,N,2026-10-05 18:07
충정로역,POI052,2026-10-05 17:40,보통,7000,7500,47.8,52.2,1.9,4.8,15.3,18.3,18.0,18.8,12.5,10.3,58.8,41.2,N,2026-10-05 18:07
합정역,POI053,2026-10-05 17:40,보통,10000,12000,45.8,54.2,1.1,5.4,27.9,23.2,14.3,12.5,8.6,7.1,41.3,58.7,N,2026-10-05 18:07
혜화역,POI054,2026-10-05 17:40,붐빔,20000,22000,38.8,61.2,1.1,9.8,34.1,18.2,13.2,11.1,7.0,5.6,28.1,71.9,N,2026-10-05 18:07
홍대입구역(2호선),POI055,2026-10-05 17:40,붐빔,22000,24000,41.6,58.4,0.7,13.5,37.7,19.1,11.8,8.7,4.9,3.6,28.2,71.8,N,2026-10-05 18:07
회기역,POI056,2026-10-05 17:40,여유,10000,12000,48.6,51.4,0.1,7.1,48.1,13.0,9.3,9.1,6.7,6.6,20.6,79.4,N,2026-10-05 18:07
가락시장,POI058,2026-10-05 17:40,여유,7000,7500,54.9,45.1,0.4,5.4,9.4,16.6,21.4,21.6,16.7,8.5,18.1,81.9,N,2026-10-05 18:07
가로수길,POI059,2026-10-05 17:40,보통,24000,26000,46.1,53.9,1.5,7.4,20.2,21.8,18.3,15.1,8.5,7.2,43.3,56.7,N,2026-10-05 18:07
광장(전통)시장,POI060,2026-10-05 17:40,약간 붐빔,4500,5000,52.0,48.0,0.8,3.1,17.3,16.6,16.7,19.0,15.9,10.7,38.1,61.9,N,2026-10-05 18:07
김포공항,POI061,2026-10-05 17:40,여유,7000,7500,48.1,51.9,0.8,6.0,20.1,21.7,18.3,17.1,11.0,5.0,3.1,96.9,N,2026-10-05 18:07
노량진,POI063,2026-10-05 17:40,보통,24000,26000,52.2,47.8,1.1,6.7,31.3,18.4,12.3,12.4,10.0,7.9,34.9,65.1,N,2026-10-05 18:07
덕수궁길·정동길,POI064,2026-10-05 17:40,여유,3000,3500,46.2,53.8,0.9,6.1,18.8,22.2,20.5,18.0,8.5,5.0,38.2,61.8,N,2026-10-05 18:07
북촌한옥마을,POI066,2026-10-05 17:40,보통,14000,16000,46.5,53.5,0.9,5.8,25.3,20.7,17.8,15.9,7.9,5.7,28.5,71.5,N,2026-10-05 18:07
서촌,POI067,2026-10-05 17:40,보통,14000,16000,45.8,54.2,1.9,6.8,18.7,19.5,17.2,16.6,10.1,9.1,52.9,47.1,N,2026-10-05 18:07
성수카페거리,POI068,2026-10-05 17:40,보통,32000,34000,43.5,56.5,0.8,11.0,34.7,20.7,13.1,10.0,6.1,3.4,32.5,67.5,N,2026-10-05 18:07
쌍문역,POI070,2026-10-05 17:40,약간 붐빔,7000,7500,48.2,51.8,0.4,6.3,15.7,16.8,17.0,19.6,13.7,10.6,24.1,75.9,N,2026-10-05 18:07
압구정로데오거리,POI071,2026-10-05 17:40,보통,26000,28000,44.6,55.4,1.7,4.4,22.2,23.5,19.1,13.8,8.4,6.6,48.7,51.3,N,2026-10-05 18:07
여의도,POI072,2026-10-05 17:40,여유,105000,110000,50.8,49.2,1.0,5.6,20.8,24.6,20.7,15.3,7.2,4.7,48.2,51.8,N,2026-10-05 18:07
연남동,POI073,2026-10-05 17:40,보통,10000,12000,42.3,57.7,1.0,7.3,31.9,21.6,13.4,10.9,7.1,6.7,39.2,60.8,N,2026-10-05 18:07
영등포 타임스퀘어,POI074,2026-10-05 17:40,붐빔,28000,30000,41.2,58.8,0.2,6.5,27.6,25.1,15.2,11.4,9.0,5.0,8.1,91.9,N,2026-10-05 18:07
용리단길,POI076,2026-10-05 17:40,약간 붐빔,6000,6500,51.7,48.3,2.2,3.6,22.8,23.4,18.7,14.6,8.6,6.0,51.4,48.6,N,2026-10-05 18:07
이태원 앤틱가구거리,POI077,2026-10-05 17:40,보통,4500,5000,49.5,50.5,1.5,4.6,22.3,20.9,15.9,14.4,11.3,9.3,42.6,57.4,N,2026-10-05 18:07
인사동,POI078,2026-10-05 17:40,보통,18000,20000,50.5,49.5,0.8,3.3,20.6,20.9,19.9,17.0,10.8,6.8,37.4,62.6,N,2026-10-05 18:07
창동 신경제 중심지,POI079,2026-10-05 17:40,보통,36000,38000,47.2,52.8,0.4,10.5,17.9,17.2,16.8,17.3,12.1,7.6,15.2,84.8,N,2026-10-05 18:07
청담동 명품거리,POI080,2026-10-05 17:40,여유,4000,4500,43.1,56.9,0.0,4.5,26.4,26.3,20.7,11.7,6.1,4.3,29.5,70.5,N,2026-10-05 18:07
청량리 제기동 일대 전통시장,POI081,2026-10-05 17:40,보통,12000,14000,49.3,50.7,2.0,4.1,13.4,12.7,13.9,17.6,18.5,17.9,42.4,57.6,N,2026-10-05 18:07
해방촌·경리단길,POI082,2026-10-05 17:40,붐빔,6000,6500,43.1,56.9,0.1,6.2,34.7,21.9,14.0,10.3,6.4,6.5,15.4,84.6,N,2026-10-05 18:07
DDP(동대문디자인플라자),POI083,2026-10-05 17:40,여유,5000,5500,48.5,51.5,1.4,5.3,17.4,17.2,17.6,17.9,14.5,8.8,38.0,62.0,N,2026-10-05 18:07
DMC(디지털미디어시티),POI084,2026-10-05 17:40,여유,28000,30000,47.9,52.1,2.6,6.0,17.5,22.5,19.6,16.1,9.0,6.9,57.8,42.2,N,2026-10-05 18:07
강서한강공원,POI085,2026-10-05 17:40,여유,100,200,55.6,44.4,1.0,4.1,9.8,16.8,21.9,23.0,17.5,5.9,0.9,99.1,N,2026-10-05 18:07
고척돔,POI086,2026-10-05 17:40,여유,1000,1500,50.5,49.5,0.5,8.1,11.9,26.6,18.7,14.6,12.7,6.9,13.3,86.7,N,2026-10-05 18:07
광나루한강공원,POI087,2026-10-05 17:40,약간 붐빔,5000,5500,51.8,48.2,0.9,7.7,11.9,19.4,22.2,18.2,13.0,6.7,5.3,94.7,N,2026-10-05 18:07
광화문광장,POI088,2026-10-05 17:40,여유,7000,7500,45.4,54.6,1.0,5.6,21.4,23.9,21.6,15.8,7.4,3.4,25.2,74.8,N,2026-10-05 18:07
국립중앙박물관·용산가족공원,POI089,2026-10-05 17:40,여유,2000,2500,46.5,53.5,3.9,7.5,17.7,20.4,18.7,13.4,10.6,7.9,30.1,69.9,N,2026-10-05 18:07
난지한강공원,POI090,2026-10-05 17:40,보통,3000,3500,50.5,49.5,1.9,5.4,17.1,23.1,20.5,15.8,11.7,4.5,4.8,95.2,N,2026-10-05 18:07
남산공원,POI091,2026-10-05 17:40,여유,12000,14000,48.6,51.4,1.1,5.8,24.5,19.4,17.8,15.0,9.9,6.6,26.7,73.3,N,2026-10-05 18:07
노들섬,POI092,2026-10-05 17:40,붐빔,4500,5000,37.5,62.5,0.5,15.1,42.0,15.9,10.7,7.7,5.3,2.9,0.3,99.7,N,2026-10-05 18:07
뚝섬한강공원,POI093,2026-10-05 17:40,보통,6000,6500,43.8,56.2,0.6,15.1,26.4,20.4,15.3,9.8,7.5,4.8,5.3,94.7,N,2026-10-05 18:07
망원한강공원,POI094,2026-10-05 17:40,약간 붐빔,2000,2500,50.5,49.5,2.3,5.5,20.2,20.0,16.5,15.7,11.8,7.9,24.7,75.3,N,2026-10-05 18:07
반포한강공원,POI095,2026-10-05 17:40,보통,6000,6500,45.0,55.0,0.5,12.1,29.6,19.7,14.4,12.4,8.2,3.1,0.9,99.1,N,2026-10-05 18:07
북서울꿈의숲,POI096,2026-10-05 17:40,보통,5500,6000,46.2,53.8,0.8,6.6,8.8,17.4,19.1,19.8,14.1,13.3,26.0,74.0,N,2026-10-05 18:07
서리풀공원·몽마르뜨공원,POI098,2026-10-05 17:40,여유,3500,4000,48.7,51.3,0.4,7.2,16.9,18.3,20.7,17.8,9.9,8.8,24.0,76.0,N,2026-10-05 18:07
서울대공원,POI100,2026-10-05 17:40,약간 붐빔,10000,12000,45.8,54.2,11.0,9.3,10.4,28.5,27.6,6.0,4.8,2.4,5.1,94.9,N,2026-10-05 18:07
서울숲공원,POI101,2026-10-05 17:40,보통,5000,5500,47.7,52.3,1.3,6.5,19.8,22.9,19.6,15.2,9.6,5.1,15.7,84.3,N,2026-10-05 18:07
아차산,POI102,2026-10-05 17:40,여유,5000,5500,49.5,50.5,0.4,6.2,11.9,17.8,18.8,21.1,14.1,9.7,19.6,80.4,N,2026-10-05 18:07
양화한강공원,POI103,2026-10-05 17:40,보통,1000,1500,46.0,54.0,0.5,6.9,26.7,23.4,17.6,12.2,8.6,4.0,6.6,93.4,N,2026-10-05 18:07
어린이대공원,POI104,2026-10-05 17:40,보통,6000,6500,47.1,52.9,2.2,8.5,27.3,20.0,17.5,9.6,8.2,6.8,24.2,75.8,N,2026-10-05 18:07
여의도한강공원,POI105,2026-10-05 17:40,보통,7500,8000,42.9,57.1,1.0,17.5,31.1,20.1,14.8,8.4,4.6,2.5,13.3,86.7,N,2026-10-05 18:07
월드컵공원,POI106,2026-10-05 17:40,보통,10000,12000,48.1,51.9,2.8,6.5,14.3,20.2,19.0,16.2,12.2,8.8,23.3,76.7,N,2026-10-05 18:07
응봉산,POI107,2026-10-05 17:40,보통,2500,3000,47.5,52.5,0.8,8.9,10.7,16.4,20.3,18.3,14.2,10.4,19.7,80.3,N,2026-10-05 18:07
이촌한강공원,POI108,2026-10-05 17:40,여유,3000,3500,48.8,51.2,0.8,8.3,23.4,18.2,20.9,14.2,9.4,4.9,5.9,94.1,N,2026-10-05 18:07
잠실종합운동장,POI109,2026-10-05 17:40,붐빔,12000,14000,43.7,56.3,2.0,12.9,29.1,20.2,20.1,10.3,3.5,1.9,5.7,94.3,N,2026-10-05 18:07
잠실한강공원,POI110,2026-10-05 17:40,보통,3000,3500,47.2,52.8,1.0,10.6,17.6,19.0,22.0,15.2,9.1,5.6,4.8,95.2,N,2026-10-05 18:07
잠원한강공원,POI111,2026-10-05 17:40,약간 붐빔,3000,3500,46.8,53.2,0.6,6.9,17.7,19.5,21.9,18.1,10.0,5.3,3.1,96.9,N,2026-10-05 18:07
청계산,POI112,2026-10-05 17:40,여유,2000,2500,54.0,46.0,1.9,4.5,13.3,15.8,17.1,18.1,16.0,13.5,30.5,69.5,N,2026-10-05 18:07
북창동 먹자골목,POI114,2026-10-05 17:40,보통,9500,10000,48.1,51.9,0.8,2.4,17.5,22.8,22.0,19.0,10.3,5.2,42.1,57.9,N,2026-10-05 18:07
남대문시장,POI115,2026-10-05 17:40,약간 붐빔,14000,16000,45.8,54.2,1.0,2.4,15.9,23.3,21.9,18.7,10.9,6.0,40.1,59.9,N,2026-10-05 18:07
익선동,POI116,2026-10-05 17:40,보통,12000,14000,51.1,48.9,0.6,4.5,24.8,17.7,15.3,15.6,12.3,9.2,23.1,76.9,N,2026-10-05 18:07
신정네거리역,POI117,2026-10-05 17:40,여유,1500,2000,52.4,47.6,0.4,12.2,12.2,15.7,15.3,19.1,15.1,10.0,19.3,80.7,N,2026-10-05 18:07
잠실새내역,POI118,2026-10-05 17:40,보통,12000,14000,49.8,50.2,0.6,12.7,20.3,17.9,21.4,15.6,6.7,4.7,17.4,82.6,N,2026-10-05 18:07
잠실역,POI119,2026-10-05 17:40,붐빔,44000,46000,37.9,62.1,0.7,14.9,29.7,23.4,17.0,8.3,4.1,1.8,5.6,94.4,N,2026-10-05 18:07
잠실롯데타워·석촌호수,POI120,2026-10-05 17:40,붐빔,74000,76000,39.9,60.1,0.5,14.3,29.8,22.9,15.9,8.9,5.0,2.6,7.4,92.6,N,2026-10-05 18:07
송리단길·호수단길,POI121,2026-10-05 17:40,보통,8000,8500,45.4,54.6,0.2,8.3,28.6,24.0,14.1,10.5,8.8,5.5,17.6,82.4,N,2026-10-05 18:07
신촌 스타광장,POI122,2026-10-05 17:40,보통,3000,3500,42.0,58.0,0.5,9.3,46.3,17.1,9.5,8.4,5.3,3.6,23.4,76.6,N,2026-10-05 18:07
보라매공원,POI123,2026-10-05 17:40,보통,3500,4000,47.8,52.2,2.4,6.7,14.4,18.6,16.3,16.5,13.0,12.1,35.5,64.5,N,2026-10-05 18:07
서대문독립공원,POI124,2026-10-05 17:40,여유,900,1000,51.1,48.9,0.4,6.4,13.5,14.7,18.3,18.0,15.5,13.4,17.0,83.0,N,2026-10-05 18:07
안양천,POI125,2026-10-05 17:40,약간 붐빔,1500,2000,51.0,49.0,0.7,9.5,9.0,17.8,21.8,20.6,12.2,8.2,11.3,88.7,N,2026-10-05 18:07
여의서로,POI126,2026-10-05 17:40,여유,1000,1500,56.6,43.4,0.9,3.8,16.9,24.3,24.1,16.8,8.5,4.7,44.6,55.4,N,2026-10-05 18:07
올림픽공원,POI127,2026-10-05 17:40,보통,12000,14000,44.7,55.3,0.3,12.3,21.6,16.4,18.3,13.2,9.7,8.2,8.0,92.0,N,2026-10-05 18:07
홍제폭포,POI128,2026-10-05 17:40,여유,300,400,45.9,54.1,3.5,7.4,10.8,11.1,13.2,17.4,16.8,19.8,68.0,32.0,N,2026-10-05 18:07
송현녹지광장,POI129,2026-10-05 17:40,약간 붐빔,5500,6000,46.0,54.0,1.0,4.7,24.4,22.1,18.6,15.6,8.4,5.2,27.6,72.4,N,2026-10-05 18:07
시의회 앞,POI130,2026-10-05 17:40,여유,8500,9000,46.0,54.0,0.9,4.1,22.5,22.9,21.2,16.3,8.0,3.9,32.4,67.6,N,2026-10-05 18:07
